السنة ميلادي,السنة هجري,الإدارة العامة,اسم المدرسة,السلطة,المرحلة ,جنس المدرسة
2025,1446,الرياض,ابتدائية ابراج المعرفة العالمية,عالمي وأجنبي,المرحلة الإبتدائية,بنين
2025,1446,الرياض,ابتدائية ابراج المعرفة العالمية,عالمي وأجنبي,المرحلة الإبتدائية,بنات
2025,1446,الرياض,ابتدائية ابن خلدون العالمية - المنار,عالمي وأجنبي,المرحلة الإبتدائية,بنين
2025,1446,الرياض,ابتدائية ابن خلدون العالمية - الياسمين -,عالمي وأجنبي,المرحلة الإبتدائية,بنين
2025,1446,الرياض,ابتدائية ابن خلدون العالمية -عرقه,عالمي وأجنبي,المرحلة الإبتدائية,بنات
2025,1446,الرياض,ابتدائية ابن خلدون العالمية (المنار),عالمي وأجنبي,المرحلة الإبتدائية,بنات
2025,1446,الرياض,ابتدائية ابن خلدون العالمية الياسمين,عالمي وأجنبي,المرحلة الإبتدائية,بنات
2025,1446,الرياض,ابتدائية ابن خلدون العالمية عرقة,عالمي وأجنبي,المرحلة الإبتدائية,بنين
2025,1446,الرياض,ابتدائية ابن رشد الجزيرة التعليمية (عالمي),عالمي وأجنبي,المرحلة الإبتدائية,بنين
2025,1446,الرياض,ابتدائية ابن رشد الجزيرة العالمية,عالمي وأجنبي,المرحلة الإبتدائية,بنات
2025,1446,الرياض,ابتدائية ابن رشد المهدية العالمية,عالمي وأجنبي,المرحلة الإبتدائية,بنات
2025,1446,الرياض,ابتدائية ابن رشد النموذجية العالمية,عالمي وأجنبي,المرحلة الإبتدائية,بنات
2025,1446,الرياض,ابتدائية ابن رشد النموذجية للتعليم العالمية - بنين,عالمي وأجنبي,المرحلة الإبتدائية,بنين
2025,1446,الرياض,ابتدائية ابن رشد الياسمين العالمية,عالمي وأجنبي,المرحلة الإبتدائية,بنين
2025,1446,الرياض,ابتدائية ابن رشد الياسمين العالميه,عالمي وأجنبي,المرحلة الإبتدائية,بنات
2025,1446,الرياض,ابتدائية ابن رشد قرطبة العالمية,عالمي وأجنبي,المرحلة الإبتدائية,بنين
2025,1446,الرياض,ابتدائية ابن رشد قرطبة العالمية المونسيه,عالمي وأجنبي,المرحلة الإبتدائية,بنات
2025,1446,الرياض,ابتدائية ابن رشد قرطبة برنامج دولي,عالمي وأجنبي,المرحلة الإبتدائية,بنات
2025,1446,الرياض,ابتدائية ابناء النبلاء العالمية,عالمي وأجنبي,المرحلة الإبتدائية,بنات
2025,1446,الرياض,ابتدائية اتقان التربية المونسية دبلوما امريكي,عالمي وأجنبي,المرحلة الإبتدائية,بنات
2025,1446,الرياض,ابتدائية اجيال الثريا العالمية*,عالمي وأجنبي,المرحلة الإبتدائية,بنات
2025,1446,الرياض,ابتدائية اجيال العالم للتعليم العالمية ملحقة,عالمي وأجنبي,المرحلة الإبتدائية,بنات
2025,1446,الرياض,ابتدائية ارتال التأسيسية العالمية العليا,عالمي وأجنبي,المرحلة الإبتدائية,بنات
2025,1446,الرياض,ابتدائية اس اي كي الرياض العالمية,عالمي وأجنبي,المرحلة الإبتدائية,بنين
2025,1446,الرياض,ابتدائية اس اي كي الرياض العالمية,عالمي وأجنبي,المرحلة الإبتدائية,بنات
2025,1446,الرياض,ابتدائية اضواء الهداية العالمية,عالمي وأجنبي,المرحلة الإبتدائية,بنين
2025,1446,الرياض,ابتدائية اضواء الهداية العالمية,عالمي وأجنبي,المرحلة الإبتدائية,بنات
2025,1446,الرياض,ابتدائية اطلس العالمية,عالمي وأجنبي,المرحلة الإبتدائية,بنات
2025,1446,الرياض,ابتدائية اطياب العالمية,عالمي وأجنبي,المرحلة الإبتدائية,بنات
2025,1446,الرياض,ابتدائية إعمار الزمردة العالمية,عالمي وأجنبي,المرحلة الإبتدائية,بنات
2025,1446,الرياض,ابتدائية افاق المنصورة دبلومة امريكية,عالمي وأجنبي,المرحلة الإبتدائية,بنات
2025,1446,الرياض,ابتدائية الابتكارية / المسار المصري,عالمي وأجنبي,المرحلة الإبتدائية,بنين
2025,1446,الرياض,ابتدائية الابتكارية اشبيليا برنامج دولي,عالمي وأجنبي,المرحلة الإبتدائية,بنات
2025,1446,الرياض,ابتدائية الابتكارية المسار مصري,عالمي وأجنبي,المرحلة الإبتدائية,بنات
2025,1446,الرياض,ابتدائية الابتكارية دبلوما امريكي (اشبيليا),عالمي وأجنبي,المرحلة الإبتدائية,بنين
2025,1446,الرياض,ابتدائية الإبداع العالمية (عرقة),عالمي وأجنبي,المرحلة الإبتدائية,بنات
2025,1446,الرياض,ابتدائية الاثير برنامج دولي,عالمي وأجنبي,المرحلة الإبتدائية,بنات
2025,1446,الرياض,ابتدائية الاثير مسار مصري,عالمي وأجنبي,المرحلة الإبتدائية,بنات
2025,1446,الرياض,ابتدائية الاثيوبية العالمية,عالمي وأجنبي,المرحلة الإبتدائية,بنين
2025,1446,الرياض,ابتدائية الارتيرية العالمية,عالمي وأجنبي,المرحلة الإبتدائية,بنين
2025,1446,الرياض,ابتدائية الارقم دبلوما امريكي*,عالمي وأجنبي,المرحلة الإبتدائية,بنات
2025,1446,الرياض,ابتدائية الآفاق العالمية,عالمي وأجنبي,المرحلة الإبتدائية,بنات
2025,1446,الرياض,ابتدائية الافق العالمية,عالمي وأجنبي,المرحلة الإبتدائية,بنين
2025,1446,الرياض,ابتدائية الافق العالمية,عالمي وأجنبي,المرحلة الإبتدائية,بنات
2025,1446,الرياض,ابتدائية الالسن العالمية,عالمي وأجنبي,المرحلة الإبتدائية,بنين
2025,1446,الرياض,ابتدائية الالسن العالمية,عالمي وأجنبي,المرحلة الإبتدائية,بنات
2025,1446,الرياض,ابتدائية الالسن مسار مصري,عالمي وأجنبي,المرحلة الإبتدائية,بنين
2025,1446,الرياض,ابتدائية الالسن مسار مصري,عالمي وأجنبي,المرحلة الإبتدائية,بنات
2025,1446,الرياض,ابتدائية الالف العالمية,عالمي وأجنبي,المرحلة الإبتدائية,بنين
2025,1446,الرياض,ابتدائية الالف العالمية,عالمي وأجنبي,المرحلة الإبتدائية,بنات
2025,1446,الرياض,ابتدائية الألمانية العالمية,عالمي وأجنبي,المرحلة الإبتدائية,بنين
2025,1446,الرياض,ابتدائية الأماكن الثانية العالمية-العزيزية,عالمي وأجنبي,المرحلة الإبتدائية,بنات
2025,1446,الرياض,ابتدائية الامجاد العالمية,عالمي وأجنبي,المرحلة الإبتدائية,بنات
2025,1446,الرياض,ابتدائية الأمجاد العالمية,عالمي وأجنبي,المرحلة الإبتدائية,بنين
2025,1446,الرياض,ابتدائية الأمريكية العالمية,عالمي وأجنبي,المرحلة الإبتدائية,بنين
2025,1446,الرياض,ابتدائية الأوائل الأهلية قسم الدبلوما الأمريكية,عالمي وأجنبي,المرحلة الإبتدائية,بنات
2025,1446,الرياض,ابتدائية الأوزون العالمية,عالمي وأجنبي,المرحلة الإبتدائية,بنات
2025,1446,الرياض,ابتدائية الأوزون العالمية / أمريكي,عالمي وأجنبي,المرحلة الإبتدائية,بنين
2025,1446,الرياض,ابتدائية الباكستانية العالمية,عالمي وأجنبي,المرحلة الإبتدائية,بنين
2025,1446,الرياض,ابتدائية الباكستانية العالمية / أردو,عالمي وأجنبي,المرحلة الإبتدائية,بنين
2025,1446,الرياض,ابتدائية البراعة العالمية*,عالمي وأجنبي,المرحلة الإبتدائية,بنات
2025,1446,الرياض,ابتدائية البريطانية العالمية,عالمي وأجنبي,المرحلة الإبتدائية,بنين
2025,1446,الرياض,ابتدائية البريطانية العالمية (السفارات),عالمي وأجنبي,المرحلة الإبتدائية,بنين
2025,1446,الرياض,ابتدائية البنجلاديشية العالمية,عالمي وأجنبي,المرحلة الإبتدائية,بنين
2025,1446,الرياض,ابتدائية البنجلاديشية العالمية / أردو,عالمي وأجنبي,المرحلة الإبتدائية,بنين
2025,1446,الرياض,ابتدائية التحدي الأولى العالمية,عالمي وأجنبي,المرحلة الإبتدائية,بنات
2025,1446,الرياض,ابتدائية التحدي العالمية,عالمي وأجنبي,المرحلة الإبتدائية,بنات
2025,1446,الرياض,ابتدائية التربية (دبلوما أمريكي),عالمي وأجنبي,المرحلة الإبتدائية,بنات
2025,1446,الرياض,ابتدائية التربية الإسلامية (دبلوم امريكي),عالمي وأجنبي,المرحلة الإبتدائية,بنات
2025,1446,الرياض,ابتدائية التربية الاسلامية دبلوم أمريكي,عالمي وأجنبي,المرحلة الإبتدائية,بنين
2025,1446,الرياض,ابتدائية التربية الرقمية -برنامج دولي,عالمي وأجنبي,المرحلة الإبتدائية,بنات
2025,1446,الرياض,ابتدائية التربية العالمية,عالمي وأجنبي,المرحلة الإبتدائية,بنين
2025,1446,الرياض,ابتدائية التربية العالمية,عالمي وأجنبي,المرحلة الإبتدائية,بنات
2025,1446,الرياض,ابتدائية التربية العالمية (العارض),عالمي وأجنبي,المرحلة الإبتدائية,بنين
2025,1446,الرياض,ابتدائية التربية العالمية (العارض),عالمي وأجنبي,المرحلة الإبتدائية,بنات
2025,1446,الرياض,ابتدائية التربية العالمية (القيروان),عالمي وأجنبي,المرحلة الإبتدائية,بنات
2025,1446,الرياض,ابتدائية التربية العصرية العالمية,عالمي وأجنبي,المرحلة الإبتدائية,بنات
2025,1446,الرياض,ابتدائية التربية النموذجية - برنامج دولي - النزهة,عالمي وأجنبي,المرحلة الإبتدائية,بنين
2025,1446,الرياض,ابتدائية التربية النموذجية  برنامج دولي امريكي (الروابي),عالمي وأجنبي,المرحلة الإبتدائية,بنات
2025,1446,الرياض,ابتدائية التربية النموذجية الأهلية (قرطبة2) برنامج دولي,عالمي وأجنبي,المرحلة الإبتدائية,بنين
2025,1446,الرياض,ابتدائية التربية النموذجية القيروان برنامج دولي,عالمي وأجنبي,المرحلة الإبتدائية,بنين
2025,1446,الرياض,ابتدائية التربية النموذجية القيروان برنامج دولي,عالمي وأجنبي,المرحلة الإبتدائية,بنات
2025,1446,الرياض,ابتدائية التربية النموذجية النزهة برنامج دولي,عالمي وأجنبي,المرحلة الإبتدائية,بنات
2025,1446,الرياض,ابتدائية التربية النموذجية برنامج دولي الروابي,عالمي وأجنبي,المرحلة الإبتدائية,بنين
2025,1446,الرياض,ابتدائية التربية النموذجية(قرطبة) برنامج دولي,عالمي وأجنبي,المرحلة الإبتدائية,بنات
2025,1446,الرياض,ابتدائية التربية والمعرفة العالمية,عالمي وأجنبي,المرحلة الإبتدائية,بنات
2025,1446,الرياض,ابتدائية التربية والمهارات العالمية,عالمي وأجنبي,المرحلة الإبتدائية,بنين
2025,1446,الرياض,ابتدائية التربية والمهارات العالمية,عالمي وأجنبي,المرحلة الإبتدائية,بنات
2025,1446,الرياض,ابتدائية التركية العالمية,عالمي وأجنبي,المرحلة الإبتدائية,بنين
2025,1446,الرياض,ابتدائية التضامن / المسار المصري,عالمي وأجنبي,المرحلة الإبتدائية,بنين
2025,1446,الرياض,ابتدائية التضامن العالمية,عالمي وأجنبي,المرحلة الإبتدائية,بنين
2025,1446,الرياض,ابتدائية التضامن العالمية,عالمي وأجنبي,المرحلة الإبتدائية,بنات
2025,1446,الرياض,ابتدائية التضامن المسار المصري,عالمي وأجنبي,المرحلة الإبتدائية,بنات
2025,1446,الرياض,ابتدائية التعلم الذكي - برنامج دولي -,عالمي وأجنبي,المرحلة الإبتدائية,بنات
2025,1446,الرياض,ابتدائية التعلم الذكي الأهلية (برنامج دولي),عالمي وأجنبي,المرحلة الإبتدائية,بنين
2025,1446,الرياض,ابتدائية التعليم المتطور العالمية,عالمي وأجنبي,المرحلة الإبتدائية,بنين
2025,1446,الرياض,ابتدائية التعليم المتطور العالمية.,عالمي وأجنبي,المرحلة الإبتدائية,بنات
2025,1446,الرياض,ابتدائية الثقافة الرقمية - القسم الدولى,عالمي وأجنبي,المرحلة الإبتدائية,بنين
2025,1446,الرياض,ابتدائية الثقافة الرقمية - القسم الدولى,عالمي وأجنبي,المرحلة الإبتدائية,بنات
2025,1446,الرياض,ابتدائية الجامعة الاهلية (دبلوما امريكي),عالمي وأجنبي,المرحلة الإبتدائية,بنات
2025,1446,الرياض,ابتدائية الجامعة التطبيقية العالمية,عالمي وأجنبي,المرحلة الإبتدائية,بنين
2025,1446,الرياض,ابتدائية الجامعة التطبيقية العالمية,عالمي وأجنبي,المرحلة الإبتدائية,بنات
2025,1446,الرياض,ابتدائية الجامعة الدولية,عالمي وأجنبي,المرحلة الإبتدائية,بنين
2025,1446,الرياض,ابتدائية الجودة برنامج دولي,عالمي وأجنبي,المرحلة الإبتدائية,بنين
2025,1446,الرياض,ابتدائية الجودة برنامج دولي,عالمي وأجنبي,المرحلة الإبتدائية,بنات
2025,1446,الرياض,ابتدائية الجودة مسار مصري,عالمي وأجنبي,المرحلة الإبتدائية,بنين
2025,1446,الرياض,ابتدائية الجودة مسار مصري,عالمي وأجنبي,المرحلة الإبتدائية,بنات
2025,1446,الرياض,ابتدائية الجيل الجديد العالمية,عالمي وأجنبي,المرحلة الإبتدائية,بنين
2025,1446,الرياض,ابتدائية الجيل الجديد العالمية,عالمي وأجنبي,المرحلة الإبتدائية,بنات
2025,1446,الرياض,ابتدائية الجيل الواعد العالمية,عالمي وأجنبي,المرحلة الإبتدائية,بنات
2025,1446,الرياض,ابتدائية الحديثة العالمية,عالمي وأجنبي,المرحلة الإبتدائية,بنين
2025,1446,الرياض,ابتدائية الحديثة العالمية,عالمي وأجنبي,المرحلة الإبتدائية,بنات
2025,1446,الرياض,ابتدائية الحصان العالمية-بريطاني,عالمي وأجنبي,المرحلة الإبتدائية,بنات
2025,1446,الرياض,ابتدائية الحصان العالمية -بريطاني,عالمي وأجنبي,المرحلة الإبتدائية,بنين
2025,1446,الرياض,ابتدائية الحصان النموذجية العالمية,عالمي وأجنبي,المرحلة الإبتدائية,بنين
2025,1446,الرياض,ابتدائية الحصان النموذجية العالمية,عالمي وأجنبي,المرحلة الإبتدائية,بنات
2025,1446,الرياض,ابتدائية الحياة المضيئة العالمية,عالمي وأجنبي,المرحلة الإبتدائية,بنات
2025,1446,الرياض,ابتدائية الحياة المضيئة العالمية (المسار المصري),عالمي وأجنبي,المرحلة الإبتدائية,بنات
2025,1446,الرياض,ابتدائية الدانة العالمية,عالمي وأجنبي,المرحلة الإبتدائية,بنات
2025,1446,الرياض,ابتدائية الدانة العالمية / فلبيني,عالمي وأجنبي,المرحلة الإبتدائية,بنين
2025,1446,الرياض,ابتدائية الدينهام العالمية,عالمي وأجنبي,المرحلة الإبتدائية,بنات
2025,1446,الرياض,ابتدائية الراية دبلوما,عالمي وأجنبي,المرحلة الإبتدائية,بنات
2025,1446,الرياض,ابتدائية الرائد العالمية,عالمي وأجنبي,المرحلة الإبتدائية,بنات
2025,1446,الرياض,ابتدائية الرائد العالميه,عالمي وأجنبي,المرحلة الإبتدائية,بنين
2025,1446,الرياض,ابتدائية الرسالة العالمية,عالمي وأجنبي,المرحلة الإبتدائية,بنين
2025,1446,الرياض,ابتدائية الرسالة العالمية السليمانية,عالمي وأجنبي,المرحلة الإبتدائية,بنات
2025,1446,الرياض,ابتدائية الرسالة العالمية ـالوزارات,عالمي وأجنبي,المرحلة الإبتدائية,بنات
2025,1446,الرياض,ابتدائية الرسالة العالمية مسار مصري,عالمي وأجنبي,المرحلة الإبتدائية,بنات
2025,1446,الرياض,ابتدائية الرقي الاهلية دبلوما امريكي,عالمي وأجنبي,المرحلة الإبتدائية,بنين
2025,1446,الرياض,ابتدائية الرمال العالمية,عالمي وأجنبي,المرحلة الإبتدائية,بنين
2025,1446,الرياض,ابتدائية الرمال العالمية,عالمي وأجنبي,المرحلة الإبتدائية,بنات
2025,1446,الرياض,ابتدائية الرواد -فرع اشبيليا-مسار مصري,عالمي وأجنبي,المرحلة الإبتدائية,بنات
2025,1446,الرياض,ابتدائية الرواد الأهلية - اشبيليا - مسار مصري,عالمي وأجنبي,المرحلة الإبتدائية,بنين
2025,1446,الرياض,ابتدائية الرواد الروابي  الأهلية دبلوما امريكية,عالمي وأجنبي,المرحلة الإبتدائية,بنات
2025,1446,الرياض,ابتدائية الرواد العالمية,عالمي وأجنبي,المرحلة الإبتدائية,بنين
2025,1446,الرياض,ابتدائية الرواد المنصورة الأهلية - دبلوما امريكية,عالمي وأجنبي,المرحلة الإبتدائية,بنات
2025,1446,الرياض,ابتدائية الرؤية الجديدة (الوادي),عالمي وأجنبي,المرحلة الإبتدائية,بنين
2025,1446,الرياض,ابتدائية الرؤية الجديدة العالمية,عالمي وأجنبي,المرحلة الإبتدائية,بنات
2025,1446,الرياض,ابتدائية الرؤية الجديدة العالمية (المنار),عالمي وأجنبي,المرحلة الإبتدائية,بنين
2025,1446,الرياض,ابتدائية الرؤية الجديدة( الوادي),عالمي وأجنبي,المرحلة الإبتدائية,بنات
2025,1446,الرياض,ابتدائية الريادة التعليمية العالمية,عالمي وأجنبي,المرحلة الإبتدائية,بنات
2025,1446,الرياض,ابتدائية الريادة النموذجية برنامج دولي,عالمي وأجنبي,المرحلة الإبتدائية,بنات
2025,1446,الرياض,ابتدائية الرياض (مسار دولي أمريكي),عالمي وأجنبي,المرحلة الإبتدائية,بنات
2025,1446,الرياض,ابتدائية الرياض العالمية (حطين),عالمي وأجنبي,المرحلة الإبتدائية,بنين
2025,1446,الرياض,ابتدائية الرياض العالمية (حطين),عالمي وأجنبي,المرحلة الإبتدائية,بنات
2025,1446,الرياض,ابتدائية الرياض برنامج دولي,عالمي وأجنبي,المرحلة الإبتدائية,بنين
2025,1446,الرياض,ابتدائية الزمير العالمية - بنات,عالمي وأجنبي,المرحلة الإبتدائية,بنات
2025,1446,الرياض,ابتدائية الزهور دبلوما امريكي,عالمي وأجنبي,المرحلة الإبتدائية,بنات
2025,1446,الرياض,ابتدائية السعودية ( دبلوما امريكي ),عالمي وأجنبي,المرحلة الإبتدائية,بنات
2025,1446,الرياض,ابتدائية السعودية دبلوم أمريكي,عالمي وأجنبي,المرحلة الإبتدائية,بنين
2025,1446,الرياض,ابتدائية السكب العالمية,عالمي وأجنبي,المرحلة الإبتدائية,بنين
2025,1446,الرياض,ابتدائية السكب العالمية,عالمي وأجنبي,المرحلة الإبتدائية,بنات
2025,1446,الرياض,ابتدائية السليمانية العالمية,عالمي وأجنبي,المرحلة الإبتدائية,بنات
2025,1446,الرياض,ابتدائية السليمانية العالمية / فرنسي,عالمي وأجنبي,المرحلة الإبتدائية,بنين
2025,1446,الرياض,ابتدائية السمو العالمية,عالمي وأجنبي,المرحلة الإبتدائية,بنات
2025,1446,الرياض,ابتدائية السيرلانكية العالمية,عالمي وأجنبي,المرحلة الإبتدائية,بنين
2025,1446,الرياض,ابتدائية الشاملة العالمية,عالمي وأجنبي,المرحلة الإبتدائية,بنين
2025,1446,الرياض,ابتدائية الشاملة العالمية,عالمي وأجنبي,المرحلة الإبتدائية,بنات
2025,1446,الرياض,ابتدائية الشرق الأوسط الجديدة العالمية / الهندي,عالمي وأجنبي,المرحلة الإبتدائية,بنين
2025,1446,الرياض,ابتدائية الشرق الاوسط الجديدة العالمية / هندي,عالمي وأجنبي,المرحلة الإبتدائية,بنات
2025,1446,الرياض,ابتدائية الشرق الاوسط الحديثة العالمية / هندي,عالمي وأجنبي,المرحلة الإبتدائية,بنات
2025,1446,الرياض,ابتدائية الشرق الاوسط العالمية,عالمي وأجنبي,المرحلة الإبتدائية,بنات
2025,1446,الرياض,ابتدائية الشرق الأوسط العالمية / بريطاني,عالمي وأجنبي,المرحلة الإبتدائية,بنين
2025,1446,الرياض,ابتدائية الشرق الاوسط العالمية أشبيليا,عالمي وأجنبي,المرحلة الإبتدائية,بنين
2025,1446,الرياض,ابتدائية الشرق الاوسط العالميه اشبيليا,عالمي وأجنبي,المرحلة الإبتدائية,بنات
2025,1446,الرياض,ابتدائية الصحافة العالمية,عالمي وأجنبي,المرحلة الإبتدائية,بنات
2025,1446,الرياض,ابتدائية الصقر العالمية,عالمي وأجنبي,المرحلة الإبتدائية,بنات
2025,1446,الرياض,ابتدائية الصقر العالمية / امريكي,عالمي وأجنبي,المرحلة الإبتدائية,بنين
2025,1446,الرياض,ابتدائية العرب العالمية الوشم,عالمي وأجنبي,المرحلة الإبتدائية,بنين
2025,1446,الرياض,ابتدائية العرب الوشم العالمية,عالمي وأجنبي,المرحلة الإبتدائية,بنات
2025,1446,الرياض,ابتدائية العرفان العالمية*,عالمي وأجنبي,المرحلة الإبتدائية,بنات
2025,1446,الرياض,ابتدائية العروبة العالمية,عالمي وأجنبي,المرحلة الإبتدائية,بنين
2025,1446,الرياض,ابتدائية العروبة العالمية,عالمي وأجنبي,المرحلة الإبتدائية,بنات
2025,1446,الرياض,ابتدائية العلا العربية الدبلوما الأمريكية,عالمي وأجنبي,المرحلة الإبتدائية,بنات
2025,1446,الرياض,ابتدائية العلم العالمية,عالمي وأجنبي,المرحلة الإبتدائية,بنين
2025,1446,الرياض,ابتدائية العلم العالمية,عالمي وأجنبي,المرحلة الإبتدائية,بنات
2025,1446,الرياض,ابتدائية العلمين العالمية,عالمي وأجنبي,المرحلة الإبتدائية,بنين
2025,1446,الرياض,ابتدائية العلمين العالمية,عالمي وأجنبي,المرحلة الإبتدائية,بنات
2025,1446,الرياض,ابتدائية العليا الأهلية دبلوما امريكي,عالمي وأجنبي,المرحلة الإبتدائية,بنين
2025,1446,الرياض,ابتدائية العليا العالمية,عالمي وأجنبي,المرحلة الإبتدائية,بنات
2025,1446,الرياض,ابتدائية العليا العالمية /هندي,عالمي وأجنبي,المرحلة الإبتدائية,بنين
2025,1446,الرياض,ابتدائية العليا برنامج دولي,عالمي وأجنبي,المرحلة الإبتدائية,بنات
2025,1446,الرياض,ابتدائية العناية العالمية ( النرجس ),عالمي وأجنبي,المرحلة الإبتدائية,بنات
2025,1446,الرياض,ابتدائية الغينية العالمية,عالمي وأجنبي,المرحلة الإبتدائية,بنين
2025,1446,الرياض,ابتدائية الفارابي العالمية / أمريكي,عالمي وأجنبي,المرحلة الإبتدائية,بنين
2025,1446,الرياض,ابتدائية الفارابي العالمية/أمريكي,عالمي وأجنبي,المرحلة الإبتدائية,بنات
2025,1446,الرياض,ابتدائية الفارس العالمية,عالمي وأجنبي,المرحلة الإبتدائية,بنات
2025,1446,الرياض,ابتدائية الفانوس العالمية,عالمي وأجنبي,المرحلة الإبتدائية,بنات
2025,1446,الرياض,ابتدائية الفرسان الأهلية ( مسار دوبلوما أمريكي),عالمي وأجنبي,المرحلة الإبتدائية,بنات
2025,1446,الرياض,ابتدائية الفرسان العالمية,عالمي وأجنبي,المرحلة الإبتدائية,بنات
2025,1446,الرياض,ابتدائية الفرسان العالمية / أمريكي,عالمي وأجنبي,المرحلة الإبتدائية,بنين
2025,1446,الرياض,ابتدائية الفرسان العالمية الثالثة,عالمي وأجنبي,المرحلة الإبتدائية,بنين
2025,1446,الرياض,ابتدائية الفرسان العالمية الثالثة,عالمي وأجنبي,المرحلة الإبتدائية,بنات
2025,1446,الرياض,ابتدائية الفرنسية العالمية,عالمي وأجنبي,المرحلة الإبتدائية,بنين
2025,1446,الرياض,ابتدائية الفلبينية الأولي العالمية,عالمي وأجنبي,المرحلة الإبتدائية,بنين
2025,1446,الرياض,ابتدائية الفلبينية العالمية الثانية,عالمي وأجنبي,المرحلة الإبتدائية,بنين
2025,1446,الرياض,ابتدائية القلم العالمية,عالمي وأجنبي,المرحلة الإبتدائية,بنات
2025,1446,الرياض,ابتدائية القيادة العالمية,عالمي وأجنبي,المرحلة الإبتدائية,بنين
2025,1446,الرياض,ابتدائية القيادة العالمية,عالمي وأجنبي,المرحلة الإبتدائية,بنات
2025,1446,الرياض,ابتدائية الكثبان العالمية,عالمي وأجنبي,المرحلة الإبتدائية,بنات
2025,1446,الرياض,ابتدائية الكورية العالمية,عالمي وأجنبي,المرحلة الإبتدائية,بنين
2025,1446,الرياض,ابتدائية المتقدمة ( برنامج دولى امريكي ) - العقيق -,عالمي وأجنبي,المرحلة الإبتدائية,بنات
2025,1446,الرياض,ابتدائية المتقدمة الأهلية دبلوما أمريكية- العارض,عالمي وأجنبي,المرحلة الإبتدائية,بنين
2025,1446,الرياض,ابتدائية المتقدمة العارض - دبلوما أمريكية,عالمي وأجنبي,المرحلة الإبتدائية,بنات
2025,1446,الرياض,ابتدائية المتقدمة العالمية - المصيف,عالمي وأجنبي,المرحلة الإبتدائية,بنات
2025,1446,الرياض,ابتدائية المتقدمة العالمية - النرجس,عالمي وأجنبي,المرحلة الإبتدائية,بنين
2025,1446,الرياض,ابتدائية المتقدمة العالمية - النزهة,عالمي وأجنبي,المرحلة الإبتدائية,بنين
2025,1446,الرياض,ابتدائية المتقدمة العالمية - النهضة,عالمي وأجنبي,المرحلة الإبتدائية,بنين
2025,1446,الرياض,ابتدائية المتقدمة العالمية - عليشة,عالمي وأجنبي,المرحلة الإبتدائية,بنات
2025,1446,الرياض,ابتدائية المتقدمة العالمية  - النزهة,عالمي وأجنبي,المرحلة الإبتدائية,بنات
2025,1446,الرياض,ابتدائية المتقدمة العالمية الملقا,عالمي وأجنبي,المرحلة الإبتدائية,بنات
2025,1446,الرياض,ابتدائية المتقدمة العالمية فرع النهضة,عالمي وأجنبي,المرحلة الإبتدائية,بنات
2025,1446,الرياض,ابتدائية المتقدمة الملقا دبلوما امريكية,عالمي وأجنبي,المرحلة الإبتدائية,بنات
2025,1446,الرياض,ابتدائية المتقدمة النرجس العالميه,عالمي وأجنبي,المرحلة الإبتدائية,بنات
2025,1446,الرياض,ابتدائية المتقدمة دبلوم أمريكي,عالمي وأجنبي,المرحلة الإبتدائية,بنين
2025,1446,الرياض,ابتدائية المجد الاهلية- برنامج دولي,عالمي وأجنبي,المرحلة الإبتدائية,بنات
2025,1446,الرياض,ابتدائية المجد نمار برنامج دولي,عالمي وأجنبي,المرحلة الإبتدائية,بنين
2025,1446,الرياض,ابتدائية المدرسة الهندية العالمية,عالمي وأجنبي,المرحلة الإبتدائية,بنات
2025,1446,الرياض,ابتدائية المدرسة الهندية العالمية للبنين,عالمي وأجنبي,المرحلة الإبتدائية,بنين
2025,1446,الرياض,ابتدائية المدينة الأكاديمية برنامج دولي,عالمي وأجنبي,المرحلة الإبتدائية,بنين
2025,1446,الرياض,ابتدائية المدينة الأكاديمية برنامج دولي,عالمي وأجنبي,المرحلة الإبتدائية,بنات
2025,1446,الرياض,ابتدائية المدينة الأكاديمية برنامج فرنسي,عالمي وأجنبي,المرحلة الإبتدائية,بنات
2025,1446,الرياض,ابتدائية المدينة العالمية,عالمي وأجنبي,المرحلة الإبتدائية,بنات
2025,1446,الرياض,ابتدائية المسار العالمية,عالمي وأجنبي,المرحلة الإبتدائية,بنين
2025,1446,الرياض,ابتدائية المسار العالمية,عالمي وأجنبي,المرحلة الإبتدائية,بنات
2025,1446,الرياض,ابتدائية المستوى الأول العالمية,عالمي وأجنبي,المرحلة الإبتدائية,بنات
2025,1446,الرياض,إبتدائية المطورون العالمية,عالمي وأجنبي,المرحلة الإبتدائية,بنات
2025,1446,الرياض,ابتدائية المطورون العالمية,عالمي وأجنبي,المرحلة الإبتدائية,بنين
2025,1446,الرياض,ابتدائية المطورون برنامج دولي,عالمي وأجنبي,المرحلة الإبتدائية,بنات
2025,1446,الرياض,ابتدائية المطورون بكلوريا دولية,عالمي وأجنبي,المرحلة الإبتدائية,بنين
2025,1446,الرياض,ابتدائية المعرفة المتجددة العالمية,عالمي وأجنبي,المرحلة الإبتدائية,بنات
2025,1446,الرياض,ابتدائية الملك فيصل العالمية,عالمي وأجنبي,المرحلة الإبتدائية,بنين
2025,1446,الرياض,ابتدائية الملك فيصل العالمية,عالمي وأجنبي,المرحلة الإبتدائية,بنات
2025,1446,الرياض,ابتدائية المملكة العالمية,عالمي وأجنبي,المرحلة الإبتدائية,بنات
2025,1446,الرياض,ابتدائية المملكة العالمية/ امريكي,عالمي وأجنبي,المرحلة الإبتدائية,بنين
2025,1446,الرياض,ابتدائية المنهاج / المسار المصري,عالمي وأجنبي,المرحلة الإبتدائية,بنين
2025,1446,الرياض,ابتدائية المنهاج مسار مصري,عالمي وأجنبي,المرحلة الإبتدائية,بنات
2025,1446,الرياض,ابتدائية المنهل ( برنامج دولي امريكي ) التعاون,عالمي وأجنبي,المرحلة الإبتدائية,بنات
2025,1446,الرياض,ابتدائية المنهل / دبلوم امريكي - التعاون,عالمي وأجنبي,المرحلة الإبتدائية,بنين
2025,1446,الرياض,ابتدائية المنهل / دبلوم أمريكي (المربع),عالمي وأجنبي,المرحلة الإبتدائية,بنين
2025,1446,الرياض,ابتدائية المنهل الاهلية ( برنامج دولي امريكي ) المربع,عالمي وأجنبي,المرحلة الإبتدائية,بنات
2025,1446,الرياض,ابتدائية النبلاء (دبلوما امريكي),عالمي وأجنبي,المرحلة الإبتدائية,بنات
2025,1446,الرياض,ابتدائية النبلاء الاهلية -مسار مصري,عالمي وأجنبي,المرحلة الإبتدائية,بنين
2025,1446,الرياض,ابتدائية النجوم الأولى العالمية,عالمي وأجنبي,المرحلة الإبتدائية,بنات
2025,1446,الرياض,ابتدائية النجوم الاولى العالمية,عالمي وأجنبي,المرحلة الإبتدائية,بنين
2025,1446,الرياض,ابتدائية النجوم الذهبية العالمية,عالمي وأجنبي,المرحلة الإبتدائية,بنات
2025,1446,الرياض,ابتدائية النخبة العالمية - فلبيني -,عالمي وأجنبي,المرحلة الإبتدائية,بنات
2025,1446,الرياض,ابتدائية النخبة العالمية / فلبيني,عالمي وأجنبي,المرحلة الإبتدائية,بنين
2025,1446,الرياض,ابتدائية النسيم التعليمية العالمية*,عالمي وأجنبي,المرحلة الإبتدائية,بنات
2025,1446,الرياض,ابتدائية النصر  العالمية,عالمي وأجنبي,المرحلة الإبتدائية,بنين
2025,1446,الرياض,ابتدائية النصر العالمية,عالمي وأجنبي,المرحلة الإبتدائية,بنات
2025,1446,الرياض,ابتدائية النهضة العالمية,عالمي وأجنبي,المرحلة الإبتدائية,بنين
2025,1446,الرياض,ابتدائية النهضة العالمية,عالمي وأجنبي,المرحلة الإبتدائية,بنات
2025,1446,الرياض,ابتدائية النور العالمية,عالمي وأجنبي,المرحلة الإبتدائية,بنات
2025,1446,الرياض,ابتدائية النور العالميه,عالمي وأجنبي,المرحلة الإبتدائية,بنين
2025,1446,الرياض,ابتدائية الهدى الاهلية -مسار مصري,عالمي وأجنبي,المرحلة الإبتدائية,بنين
2025,1446,الرياض,ابتدائية الهلال الجديد العالمية.,عالمي وأجنبي,المرحلة الإبتدائية,بنات
2025,1446,الرياض,ابتدائية الهندية العالمية,عالمي وأجنبي,المرحلة الإبتدائية,بنين
2025,1446,الرياض,ابتدائية الهندية العالمية /العامه,عالمي وأجنبي,المرحلة الإبتدائية,بنين
2025,1446,الرياض,ابتدائية اليابانية العالمية,عالمي وأجنبي,المرحلة الإبتدائية,بنين
2025,1446,الرياض,ابتدائية الياسمين العالمية,عالمي وأجنبي,المرحلة الإبتدائية,بنات
2025,1446,الرياض,ابتدائية الياسمين العالمية / هندي,عالمي وأجنبي,المرحلة الإبتدائية,بنين
2025,1446,الرياض,ابتدائية الينبوع العالمية -بريطاني,عالمي وأجنبي,المرحلة الإبتدائية,بنات
2025,1446,الرياض,ابتدائية الينبوع العالمية فرنسي,عالمي وأجنبي,المرحلة الإبتدائية,بنات
2025,1446,الرياض,ابتدائية أمجاد قرطبة - دبلوما,عالمي وأجنبي,المرحلة الإبتدائية,بنين
2025,1446,الرياض,ابتدائية أمجاد قرطبة برنامج دولي,عالمي وأجنبي,المرحلة الإبتدائية,بنات
2025,1446,الرياض,ابتدائية أمنية العلوم العالمية,عالمي وأجنبي,المرحلة الإبتدائية,بنات
2025,1446,الرياض,ابتدائية أمنية العلوم العالمية( مسار مصري ),عالمي وأجنبي,المرحلة الإبتدائية,بنات
2025,1446,الرياض,ابتدائية أنوار التعليم العالمية,عالمي وأجنبي,المرحلة الإبتدائية,بنات
2025,1446,الرياض,ابتدائية أنوار المجد    العالمية,عالمي وأجنبي,المرحلة الإبتدائية,بنين
2025,1446,الرياض,ابتدائية أنوار المجد  العالمية,عالمي وأجنبي,المرحلة الإبتدائية,بنات
2025,1446,الرياض,ابتدائية أنوار المجد  العالمية فرع ام الحمام,عالمي وأجنبي,المرحلة الإبتدائية,بنات
2025,1446,الرياض,ابتدائية بدايتي الأولى المسار الأمريكي,عالمي وأجنبي,المرحلة الإبتدائية,بنات
2025,1446,الرياض,ابتدائية براعم رواد الخليج العالمية الياسمين,عالمي وأجنبي,المرحلة الإبتدائية,بنات
2025,1446,الرياض,ابتدائية بسمة العنود العالمية*,عالمي وأجنبي,المرحلة الإبتدائية,بنات
2025,1446,الرياض,ابتدائية بهجة العلم العالمية,عالمي وأجنبي,المرحلة الإبتدائية,بنات
2025,1446,الرياض,ابتدائية بوابة العلم العالمية,عالمي وأجنبي,المرحلة الإبتدائية,بنين
2025,1446,الرياض,ابتدائية بوابة العلم العالمية -الروضة,عالمي وأجنبي,المرحلة الإبتدائية,بنات
2025,1446,الرياض,ابتدائية بيتشهول الرياض العالمية,عالمي وأجنبي,المرحلة الإبتدائية,بنات
2025,1446,الرياض,ابتدائية تاج الرياض العالمية,عالمي وأجنبي,المرحلة الإبتدائية,بنين
2025,1446,الرياض,ابتدائية تاج الرياض العالمية,عالمي وأجنبي,المرحلة الإبتدائية,بنات
2025,1446,الرياض,ابتدائية تعلم العالمية,عالمي وأجنبي,المرحلة الإبتدائية,بنات
2025,1446,الرياض,ابتدائية جاد العالمية (أمريكي),عالمي وأجنبي,المرحلة الإبتدائية,بنات
2025,1446,الرياض,ابتدائية جسور المعرفة العالمية,عالمي وأجنبي,المرحلة الإبتدائية,بنات
2025,1446,الرياض,ابتدائية جنى دان العالمية,عالمي وأجنبي,المرحلة الإبتدائية,بنات
2025,1446,الرياض,ابتدائية جواهر التربية العالمية*,عالمي وأجنبي,المرحلة الإبتدائية,بنات
2025,1446,الرياض,ابتدائية جواهر الرياض العالمية,عالمي وأجنبي,المرحلة الإبتدائية,بنين
2025,1446,الرياض,ابتدائية جواهر الرياض العالمية- مسار السوداني,عالمي وأجنبي,المرحلة الإبتدائية,بنين
2025,1446,الرياض,ابتدائية جواهر الرياض العالمية الثالثة,عالمي وأجنبي,المرحلة الإبتدائية,بنات
2025,1446,الرياض,ابتدائية جواهر الرياض العالمية الثالثة مسار سوداني,عالمي وأجنبي,المرحلة الإبتدائية,بنات
2025,1446,الرياض,ابتدائية جواهر الرياض العالمية الثانية,عالمي وأجنبي,المرحلة الإبتدائية,بنات
2025,1446,الرياض,ابتدائية جواهر الرياض العالمية الثانية / أمريكي,عالمي وأجنبي,المرحلة الإبتدائية,بنين
2025,1446,الرياض,ابتدائية جيل الصفا العالمية *,عالمي وأجنبي,المرحلة الإبتدائية,بنات
2025,1446,الرياض,ابتدائية جيل المجد العالمية,عالمي وأجنبي,المرحلة الإبتدائية,بنات
2025,1446,الرياض,ابتدائية جيل المجد العالميه,عالمي وأجنبي,المرحلة الإبتدائية,بنين
2025,1446,الرياض,ابتدائية جيل المستقبل العالمية,عالمي وأجنبي,المرحلة الإبتدائية,بنات
2025,1446,الرياض,ابتدائية جيل المستقبل العالمية / فلبيني,عالمي وأجنبي,المرحلة الإبتدائية,بنين
2025,1446,الرياض,ابتدائية حديقة الطفل * العالمية,عالمي وأجنبي,المرحلة الإبتدائية,بنات
2025,1446,الرياض,ابتدائية خالد العالمية,عالمي وأجنبي,المرحلة الإبتدائية,بنين
2025,1446,الرياض,ابتدائية خالد العالمية,عالمي وأجنبي,المرحلة الإبتدائية,بنات
2025,1446,الرياض,ابتدائية خط العلم العالمية,عالمي وأجنبي,المرحلة الإبتدائية,بنات
2025,1446,الرياض,ابتدائية دار البراءة دبلوما امريكي,عالمي وأجنبي,المرحلة الإبتدائية,بنات
2025,1446,الرياض,ابتدائية دار البراءه دبلوما امريكي,عالمي وأجنبي,المرحلة الإبتدائية,بنين
2025,1446,الرياض,ابتدائية دار الحكمة  العالمية,عالمي وأجنبي,المرحلة الإبتدائية,بنين
2025,1446,الرياض,ابتدائية دار الحكمه العالمية,عالمي وأجنبي,المرحلة الإبتدائية,بنات
2025,1446,الرياض,ابتدائية دار السلام الأهلية برنامج دولي,عالمي وأجنبي,المرحلة الإبتدائية,بنين
2025,1446,الرياض,ابتدائية دار السلام الأهلية برنامج دولي,عالمي وأجنبي,المرحلة الإبتدائية,بنات
2025,1446,الرياض,ابتدائية دار الشويفات العالمية,عالمي وأجنبي,المرحلة الإبتدائية,بنات
2025,1446,الرياض,ابتدائية دار الصفوة الأهلية - مسار مصري,عالمي وأجنبي,المرحلة الإبتدائية,بنين
2025,1446,الرياض,ابتدائية دار الصفوة الأهلية -مسار مصري-,عالمي وأجنبي,المرحلة الإبتدائية,بنات
2025,1446,الرياض,ابتدائية دار العلوم العالمية,عالمي وأجنبي,المرحلة الإبتدائية,بنات
2025,1446,الرياض,ابتدائية دار القلم  بنات دبلوما امريكي,عالمي وأجنبي,المرحلة الإبتدائية,بنات
2025,1446,الرياض,ابتدائية دار اللغات العالمية,عالمي وأجنبي,المرحلة الإبتدائية,بنات
2025,1446,الرياض,ابتدائية دار المعارف العالمية,عالمي وأجنبي,المرحلة الإبتدائية,بنات
2025,1446,الرياض,ابتدائية دارة السلام العالمية,عالمي وأجنبي,المرحلة الإبتدائية,بنات
2025,1446,الرياض,ابتدائية دارة السلام العالمية / هندي,عالمي وأجنبي,المرحلة الإبتدائية,بنين
2025,1446,الرياض,ابتدائية دانة العلوم العالمية,عالمي وأجنبي,المرحلة الإبتدائية,بنات
2025,1446,الرياض,ابتدائية داوون هاوس الرياض للتعليم,عالمي وأجنبي,المرحلة الإبتدائية,بنات
2025,1446,الرياض,ابتدائية دريم العالمية,عالمي وأجنبي,المرحلة الإبتدائية,بنات
2025,1446,الرياض,ابتدائية دلتا العالمية,عالمي وأجنبي,المرحلة الإبتدائية,بنات
2025,1446,الرياض,ابتدائية دلتا العالمية / أمريكي,عالمي وأجنبي,المرحلة الإبتدائية,بنين
2025,1446,الرياض,ابتدائية دلتا مسار مصري,عالمي وأجنبي,المرحلة الإبتدائية,بنين
2025,1446,الرياض,ابتدائية دلتا مسار مصري,عالمي وأجنبي,المرحلة الإبتدائية,بنات
2025,1446,الرياض,ابتدائية دنيا الاجيال العالمية,عالمي وأجنبي,المرحلة الإبتدائية,بنات
2025,1446,الرياض,ابتدائية دنيا الأجيال العالمية بنين,عالمي وأجنبي,المرحلة الإبتدائية,بنين
2025,1446,الرياض,ابتدائية دور الكتاب العالمية *,عالمي وأجنبي,المرحلة الإبتدائية,بنات
2025,1446,الرياض,ابتدائية دوم العالمية,عالمي وأجنبي,المرحلة الإبتدائية,بنين
2025,1446,الرياض,ابتدائية دوم العالمية -الملقا,عالمي وأجنبي,المرحلة الإبتدائية,بنات
2025,1446,الرياض,ابتدائية دوم العالمية (المصيف),عالمي وأجنبي,المرحلة الإبتدائية,بنات
2025,1446,الرياض,ابتدائية دوم العالمية _ الملقا,عالمي وأجنبي,المرحلة الإبتدائية,بنين
2025,1446,الرياض,ابتدائية دينا العالمية,عالمي وأجنبي,المرحلة الإبتدائية,بنات
2025,1446,الرياض,ابتدائية دينا العالمية / فرنسي,عالمي وأجنبي,المرحلة الإبتدائية,بنين
2025,1446,الرياض,ابتدائية راية الابداع العالمية,عالمي وأجنبي,المرحلة الإبتدائية,بنات
2025,1446,الرياض,ابتدائية رحاب المعرفة دبلوما امريكي,عالمي وأجنبي,المرحلة الإبتدائية,بنات
2025,1446,الرياض,ابتدائية رحاب المعرفة مسار مصري,عالمي وأجنبي,المرحلة الإبتدائية,بنين
2025,1446,الرياض,ابتدائية رحاب المعرفة مسار مصري,عالمي وأجنبي,المرحلة الإبتدائية,بنات
2025,1446,الرياض,ابتدائية رسالة الهدى العالمية,عالمي وأجنبي,المرحلة الإبتدائية,بنين
2025,1446,الرياض,ابتدائية رواد  الجامعة مسار بريطاني,عالمي وأجنبي,المرحلة الإبتدائية,بنين
2025,1446,الرياض,ابتدائية رواد الإرشاد العالمية,عالمي وأجنبي,المرحلة الإبتدائية,بنات
2025,1446,الرياض,ابتدائية رواد الأعمال العالمية,عالمي وأجنبي,المرحلة الإبتدائية,بنات
2025,1446,الرياض,ابتدائية رواد الامراء (دبلومة امريكي),عالمي وأجنبي,المرحلة الإبتدائية,بنات
2025,1446,الرياض,ابتدائية رواد التجديد  العالمية,عالمي وأجنبي,المرحلة الإبتدائية,بنات
2025,1446,الرياض,ابتدائية رواد التجديد العالمية,عالمي وأجنبي,المرحلة الإبتدائية,بنين
2025,1446,الرياض,ابتدائية رواد الخليج العالمية,عالمي وأجنبي,المرحلة الإبتدائية,بنين
2025,1446,الرياض,ابتدائية رواد الخليج العالمية المغرزات,عالمي وأجنبي,المرحلة الإبتدائية,بنات
2025,1446,الرياض,ابتدائية رواد الخليج العالمية الملقا,عالمي وأجنبي,المرحلة الإبتدائية,بنات
2025,1446,الرياض,ابتدائية رواد بلوم العالمية,عالمي وأجنبي,المرحلة الإبتدائية,بنات
2025,1446,الرياض,ابتدائية رواد بلوم المسار المصري,عالمي وأجنبي,المرحلة الإبتدائية,بنات
2025,1446,الرياض,ابتدائية رواد نجد العالمية,عالمي وأجنبي,المرحلة الإبتدائية,بنات
2025,1446,الرياض,ابتدائية روافد العالمية,عالمي وأجنبي,المرحلة الإبتدائية,بنات
2025,1446,الرياض,ابتدائية رويالي العالمية,عالمي وأجنبي,المرحلة الإبتدائية,بنات
2025,1446,الرياض,ابتدائية رؤية المجتمع العالمية,عالمي وأجنبي,المرحلة الإبتدائية,بنات
2025,1446,الرياض,ابتدائية رياض نجد (برنامج دولي),عالمي وأجنبي,المرحلة الإبتدائية,بنات
2025,1446,الرياض,ابتدائية رياض نجد العالمية /  دبلوم أمريكي,عالمي وأجنبي,المرحلة الإبتدائية,بنين
2025,1446,الرياض,ابتدائية ريجات جرمر  العالمية,عالمي وأجنبي,المرحلة الإبتدائية,بنين
2025,1446,الرياض,ابتدائية ريجات جرمر  العالمية,عالمي وأجنبي,المرحلة الإبتدائية,بنات
2025,1446,الرياض,ابتدائية ريما الثانية العالمية,عالمي وأجنبي,المرحلة الإبتدائية,بنات
2025,1446,الرياض,ابتدائية ريما العالمية,عالمي وأجنبي,المرحلة الإبتدائية,بنين
2025,1446,الرياض,ابتدائية ريما العالمية,عالمي وأجنبي,المرحلة الإبتدائية,بنات
2025,1446,الرياض,ابتدائية سحاب العلم العالمية,عالمي وأجنبي,المرحلة الإبتدائية,بنات
2025,1446,الرياض,ابتدائية سرايا الأطفال العالمية*,عالمي وأجنبي,المرحلة الإبتدائية,بنات
2025,1446,الرياض,ابتدائية سعود العالمية,عالمي وأجنبي,المرحلة الإبتدائية,بنين
2025,1446,الرياض,ابتدائية سعود العالمية,عالمي وأجنبي,المرحلة الإبتدائية,بنات
2025,1446,الرياض,ابتدائية سما التعليم العالمية*,عالمي وأجنبي,المرحلة الإبتدائية,بنات
2025,1446,الرياض,ابتدائية سما الرياض العالمية,عالمي وأجنبي,المرحلة الإبتدائية,بنات
2025,1446,الرياض,ابتدائية شبه الجزيرة - مسار سوداني -,عالمي وأجنبي,المرحلة الإبتدائية,بنين
2025,1446,الرياض,ابتدائية شبه الجزيرة - مسار سوداني -,عالمي وأجنبي,المرحلة الإبتدائية,بنات
2025,1446,الرياض,ابتدائية شجرة العلم العالمية,عالمي وأجنبي,المرحلة الإبتدائية,بنات
2025,1446,الرياض,ابتدائية شركة الرواد العالمية,عالمي وأجنبي,المرحلة الإبتدائية,بنات
2025,1446,الرياض,ابتدائية شروق الشمس العالمية,عالمي وأجنبي,المرحلة الإبتدائية,بنين
2025,1446,الرياض,ابتدائية شروق الشمس العالمية,عالمي وأجنبي,المرحلة الإبتدائية,بنات
2025,1446,الرياض,ابتدائية شعاع العليا العالمية,عالمي وأجنبي,المرحلة الإبتدائية,بنين
2025,1446,الرياض,ابتدائية صرح المميزون الاهلية برنامج دولي,عالمي وأجنبي,المرحلة الإبتدائية,بنات
2025,1446,الرياض,ابتدائية صغار الغد العالمية,عالمي وأجنبي,المرحلة الإبتدائية,بنات
2025,1446,الرياض,ابتدائية صناع العلم العالمية,عالمي وأجنبي,المرحلة الإبتدائية,بنات
2025,1446,الرياض,ابتدائية صنوان العالمية,عالمي وأجنبي,المرحلة الإبتدائية,بنين
2025,1446,الرياض,ابتدائية صنوان العالمية,عالمي وأجنبي,المرحلة الإبتدائية,بنات
2025,1446,الرياض,ابتدائية طلائع النور العالمية,عالمي وأجنبي,المرحلة الإبتدائية,بنين
2025,1446,الرياض,ابتدائية طلائع النور العالمية,عالمي وأجنبي,المرحلة الإبتدائية,بنات
2025,1446,الرياض,ابتدائية عالم الإبداع العالمية - الياسمين*,عالمي وأجنبي,المرحلة الإبتدائية,بنات
2025,1446,الرياض,ابتدائية عبدالعزيز العالمية (الوادي) سابس,عالمي وأجنبي,المرحلة الإبتدائية,بنين
2025,1446,الرياض,ابتدائية عبدالعزيز العالمية (الوادي) سابس,عالمي وأجنبي,المرحلة الإبتدائية,بنات
2025,1446,الرياض,ابتدائية عبدالعزيز العالمية (سابس),عالمي وأجنبي,المرحلة الإبتدائية,بنين
2025,1446,الرياض,ابتدائية عبدالعزيز العالمية / سابس,عالمي وأجنبي,المرحلة الإبتدائية,بنات
2025,1446,الرياض,ابتدائية عصر التربية العالمية - الشفا,عالمي وأجنبي,المرحلة الإبتدائية,بنات
2025,1446,الرياض,ابتدائية غانا العالمية,عالمي وأجنبي,المرحلة الإبتدائية,بنين
2025,1446,الرياض,ابتدائية غراس الاخلاق - دبلوما أمريكي,عالمي وأجنبي,المرحلة الإبتدائية,بنات
2025,1446,الرياض,ابتدائية فواق العالمية*,عالمي وأجنبي,المرحلة الإبتدائية,بنات
2025,1446,الرياض,ابتدائية قافلة العلم العالمية,عالمي وأجنبي,المرحلة الإبتدائية,بنات
2025,1446,الرياض,ابتدائية قلعة العلم العالمية,عالمي وأجنبي,المرحلة الإبتدائية,بنين
2025,1446,الرياض,ابتدائية قلعة العلم العالمية,عالمي وأجنبي,المرحلة الإبتدائية,بنات
2025,1446,الرياض,ابتدائية قمم الحياة العالمية,عالمي وأجنبي,المرحلة الإبتدائية,بنين
2025,1446,الرياض,ابتدائية قمم الحياة العالمية,عالمي وأجنبي,المرحلة الإبتدائية,بنات
2025,1446,الرياض,ابتدائية قوس قزح العالمية,عالمي وأجنبي,المرحلة الإبتدائية,بنين
2025,1446,الرياض,ابتدائية قوس قزح العالمية,عالمي وأجنبي,المرحلة الإبتدائية,بنات
2025,1446,الرياض,ابتدائية كاف النموذجية العالمية,عالمي وأجنبي,المرحلة الإبتدائية,بنات
2025,1446,الرياض,ابتدائية كواكب العالمية,عالمي وأجنبي,المرحلة الإبتدائية,بنين
2025,1446,الرياض,ابتدائية كواكب العالمية*,عالمي وأجنبي,المرحلة الإبتدائية,بنات
2025,1446,الرياض,ابتدائية كون العالمية,عالمي وأجنبي,المرحلة الإبتدائية,بنات
2025,1446,الرياض,ابتدائية كينجز كوليج الرياض العالمية,عالمي وأجنبي,المرحلة الإبتدائية,بنات
2025,1446,الرياض,ابتدائية لنضيء عقولنا*,عالمي وأجنبي,المرحلة الإبتدائية,بنات
2025,1446,الرياض,ابتدائية ماسة العلم العالمية,عالمي وأجنبي,المرحلة الإبتدائية,بنات
2025,1446,الرياض,ابتدائية مبدعون المستقبل العالمية*,عالمي وأجنبي,المرحلة الإبتدائية,بنات
2025,1446,الرياض,ابتدائية مدينة العلوم العالمية,عالمي وأجنبي,المرحلة الإبتدائية,بنين
2025,1446,الرياض,ابتدائية مدينة العلوم العالمية,عالمي وأجنبي,المرحلة الإبتدائية,بنات
2025,1446,الرياض,ابتدائية مراحل التعلم العالمية*,عالمي وأجنبي,المرحلة الإبتدائية,بنات
2025,1446,الرياض,ابتدائية مستقبل القادة العالمية أمريكي,عالمي وأجنبي,المرحلة الإبتدائية,بنات
2025,1446,الرياض,ابتدائية مستقبل القادة مسار مصري,عالمي وأجنبي,المرحلة الإبتدائية,بنات
2025,1446,الرياض,ابتدائية مسك        العالمية,عالمي وأجنبي,المرحلة الإبتدائية,بنات
2025,1446,الرياض,ابتدائية مسك العالمية,عالمي وأجنبي,المرحلة الإبتدائية,بنين
2025,1446,الرياض,ابتدائية مشكاة العلم العالمية ( الملقا ),عالمي وأجنبي,المرحلة الإبتدائية,بنات
2025,1446,الرياض,ابتدائية مشكاة العلم العالمية *النرجس,عالمي وأجنبي,المرحلة الإبتدائية,بنات
2025,1446,الرياض,ابتدائية معارف المستقبل العالمية*,عالمي وأجنبي,المرحلة الإبتدائية,بنات
2025,1446,الرياض,ابتدائية منار الشمس العالمية,عالمي وأجنبي,المرحلة الإبتدائية,بنات
2025,1446,الرياض,ابتدائية منار الشمس العالمية / امريكي,عالمي وأجنبي,المرحلة الإبتدائية,بنين
2025,1446,الرياض,ابتدائية منار الشمس العالمية الملز,عالمي وأجنبي,المرحلة الإبتدائية,بنين
2025,1446,الرياض,ابتدائية منار الشمس العالمية الملز,عالمي وأجنبي,المرحلة الإبتدائية,بنات
2025,1446,الرياض,ابتدائية منار الشمس مسار مصري الملز,عالمي وأجنبي,المرحلة الإبتدائية,بنين
2025,1446,الرياض,ابتدائية منار الشمس مسار مصري الملز,عالمي وأجنبي,المرحلة الإبتدائية,بنات
2025,1446,الرياض,ابتدائية منارات الخليج العالمية,عالمي وأجنبي,المرحلة الإبتدائية,بنات
2025,1446,الرياض,ابتدائية منارات الرياض العالمية,عالمي وأجنبي,المرحلة الإبتدائية,بنات
2025,1446,الرياض,ابتدائية منارات الرياض العالمية / أمريكي,عالمي وأجنبي,المرحلة الإبتدائية,بنين
2025,1446,الرياض,ابتدائية منارات الرياض العالميه ( صعوبات تعلم - توحد),عالمي وأجنبي,المرحلة الإبتدائية,بنات
2025,1446,الرياض,ابتدائية مناهج الابداع العالمية,عالمي وأجنبي,المرحلة الإبتدائية,بنات
2025,1446,الرياض,ابتدائية مناهل الجيل العالمية,عالمي وأجنبي,المرحلة الإبتدائية,بنات
2025,1446,الرياض,ابتدائية مناهل الغد العالمية,عالمي وأجنبي,المرحلة الإبتدائية,بنات
2025,1446,الرياض,ابتدائية منزل الفراشات العالمية,عالمي وأجنبي,المرحلة الإبتدائية,بنات
2025,1446,الرياض,ابتدائية مهارات التعليم العالميه*,عالمي وأجنبي,المرحلة الإبتدائية,بنات
2025,1446,الرياض,ابتدائية موسوعة العلوم الأهلية- دبلوما,عالمي وأجنبي,المرحلة الإبتدائية,بنات
2025,1446,الرياض,ابتدائية مياس العالمية,عالمي وأجنبي,المرحلة الإبتدائية,بنات
2025,1446,الرياض,ابتدائية مياسين المعرفة العالمية*,عالمي وأجنبي,المرحلة الإبتدائية,بنات
2025,1446,الرياض,ابتدائية مينا للتعليم  العالمية-قرطبة,عالمي وأجنبي,المرحلة الإبتدائية,بنات
2025,1446,الرياض,ابتدائية مينا للتعليم العالمية,عالمي وأجنبي,المرحلة الإبتدائية,بنين
2025,1446,الرياض,ابتدائية مينا للتعليم العالمية -النخيل,عالمي وأجنبي,المرحلة الإبتدائية,بنات
2025,1446,الرياض,ابتدائية نافذة العلوم العالمية*,عالمي وأجنبي,المرحلة الإبتدائية,بنات
2025,1446,الرياض,ابتدائية نافذة المستقبل العالمية,عالمي وأجنبي,المرحلة الإبتدائية,بنين
2025,1446,الرياض,ابتدائية نافذة المستقبل العالمية,عالمي وأجنبي,المرحلة الإبتدائية,بنات
2025,1446,الرياض,ابتدائية نافذة النجاح العالمية,عالمي وأجنبي,المرحلة الإبتدائية,بنات
2025,1446,الرياض,ابتدائية نافذة النجاح العالمية / أمريكي,عالمي وأجنبي,المرحلة الإبتدائية,بنين
2025,1446,الرياض,ابتدائية نافذة النجاح العالمية2,عالمي وأجنبي,المرحلة الإبتدائية,بنات
2025,1446,الرياض,ابتدائية نبراس العلوم (برنامج دولي),عالمي وأجنبي,المرحلة الإبتدائية,بنات
2025,1446,الرياض,ابتدائية نجد الأهلية - برنامج دولي,عالمي وأجنبي,المرحلة الإبتدائية,بنات
2025,1446,الرياض,ابتدائية نجد الأهلية / برنامج دولي,عالمي وأجنبي,المرحلة الإبتدائية,بنين
2025,1446,الرياض,ابتدائية نجمة الألفية العالمية,عالمي وأجنبي,المرحلة الإبتدائية,بنات
2025,1446,الرياض,ابتدائية نخبة المستقبل العالمية,عالمي وأجنبي,المرحلة الإبتدائية,بنات
2025,1446,الرياض,ابتدائية ندوة الشرق دبلوما امريكية,عالمي وأجنبي,المرحلة الإبتدائية,بنين
2025,1446,الرياض,ابتدائية نوابغ الرياض العالمية,عالمي وأجنبي,المرحلة الإبتدائية,بنات
2025,1446,الرياض,ابتدائية نوابغ العلم العالمية,عالمي وأجنبي,المرحلة الإبتدائية,بنات
2025,1446,الرياض,ابتدائية نور المعارف العالمية,عالمي وأجنبي,المرحلة الإبتدائية,بنات
2025,1446,الرياض,ابتدائية نور المعارف العالمية / أمريكي,عالمي وأجنبي,المرحلة الإبتدائية,بنين
2025,1446,الرياض,ابتدائية نوره العالمية*,عالمي وأجنبي,المرحلة الإبتدائية,بنات
2025,1446,الرياض,ابتدائية نيار الأهليه مسار دولي,عالمي وأجنبي,المرحلة الإبتدائية,بنات
2025,1446,الرياض,ابتدائية نيار دبلوما أمريكي,عالمي وأجنبي,المرحلة الإبتدائية,بنين
2025,1446,الرياض,ابتدائية نيوم دبلوما امريكي,عالمي وأجنبي,المرحلة الإبتدائية,بنات
2025,1446,الرياض,ابتدائية هنا لنكبر العالمية,عالمي وأجنبي,المرحلة الإبتدائية,بنات
2025,1446,الرياض,ابتدائية واحة الأبناء العالمية *,عالمي وأجنبي,المرحلة الإبتدائية,بنات
2025,1446,الرياض,ابتدائية واحة الألسن العالمية,عالمي وأجنبي,المرحلة الإبتدائية,بنين
2025,1446,الرياض,ابتدائية واحة الألسن العالمية-,عالمي وأجنبي,المرحلة الإبتدائية,بنات
2025,1446,الرياض,ابتدائية واحة العلا العالمية-,عالمي وأجنبي,المرحلة الإبتدائية,بنات
2025,1446,الرياض,ابتدائية واحة العلم العالمية - النفل,عالمي وأجنبي,المرحلة الإبتدائية,بنات
2025,1446,الرياض,ابتدائية واحة العلم العالمية (العليا),عالمي وأجنبي,المرحلة الإبتدائية,بنات
2025,1446,الرياض,ابتدائية واحة العلوم العالمية,عالمي وأجنبي,المرحلة الإبتدائية,بنين
2025,1446,الرياض,ابتدائية واحة العلوم العالمية,عالمي وأجنبي,المرحلة الإبتدائية,بنات
2025,1446,الرياض,ابتدائية واحة النخيل العالمية,عالمي وأجنبي,المرحلة الإبتدائية,بنين
2025,1446,الرياض,ابتدائية واحة النخيل العالمية(فلبيني),عالمي وأجنبي,المرحلة الإبتدائية,بنات
2025,1446,الرياض,ابتدائية وان وورلد انترناشيونال سكول العالمية,عالمي وأجنبي,المرحلة الإبتدائية,بنات
2025,1446,الرياض,ابتدائية يارا العالمية,عالمي وأجنبي,المرحلة الإبتدائية,بنين
2025,1446,الرياض,ابتدائية يارا العالمية - المنهج الهندي,عالمي وأجنبي,المرحلة الإبتدائية,بنات
2025,1446,الرياض,الروضة الهندية,عالمي وأجنبي,رياض الأطفال,بنات
2025,1446,الرياض,ثانوية ابراج المعرفة العالمية,عالمي وأجنبي,المرحلة الثانوية,بنين
2025,1446,الرياض,ثانوية ابراج المعرفة العالمية,عالمي وأجنبي,المرحلة الثانوية,بنات
2025,1446,الرياض,ثانوية ابن خلدون العالمية-الياسمين,عالمي وأجنبي,المرحلة الثانوية,بنات
2025,1446,الرياض,ثانوية ابن خلدون العالمية - المنار,عالمي وأجنبي,المرحلة الثانوية,بنين
2025,1446,الرياض,ثانوية ابن خلدون العالمية - الياسمين -,عالمي وأجنبي,المرحلة الثانوية,بنين
2025,1446,الرياض,ثانوية ابن خلدون العالمية - عرقه,عالمي وأجنبي,المرحلة الثانوية,بنات
2025,1446,الرياض,ثانوية ابن خلدون العالمية / أمريكي,عالمي وأجنبي,المرحلة الثانوية,بنين
2025,1446,الرياض,ثانوية ابن خلدون العالمية /المنار,عالمي وأجنبي,المرحلة الثانوية,بنات
2025,1446,الرياض,ثانوية ابن رشد الجزيرة التعليمية (عالمي),عالمي وأجنبي,المرحلة الثانوية,بنين
2025,1446,الرياض,ثانوية ابن رشد الجزيرة العالمية,عالمي وأجنبي,المرحلة الثانوية,بنات
2025,1446,الرياض,ثانوية ابن رشد النموذجية العالمية,عالمي وأجنبي,المرحلة الثانوية,بنات
2025,1446,الرياض,ثانوية ابن رشد النموذجية للتعليم العالمية - بنين,عالمي وأجنبي,المرحلة الثانوية,بنين
2025,1446,الرياض,ثانوية ابن رشد الياسمين العالمية,عالمي وأجنبي,المرحلة الثانوية,بنين
2025,1446,الرياض,ثانوية ابن رشد الياسمين العالمية,عالمي وأجنبي,المرحلة الثانوية,بنات
2025,1446,الرياض,ثانوية ابن رشد قرطبة العالمية,عالمي وأجنبي,المرحلة الثانوية,بنين
2025,1446,الرياض,ثانوية ابن رشد قرطبة برنامج دولي,عالمي وأجنبي,المرحلة الثانوية,بنات
2025,1446,الرياض,ثانوية أضواء الهداية  العالمية,عالمي وأجنبي,المرحلة الثانوية,بنين
2025,1446,الرياض,ثانوية أضواء الهداية العالمية,عالمي وأجنبي,المرحلة الثانوية,بنات
2025,1446,الرياض,ثانوية الابتكارية /  المسار المصري,عالمي وأجنبي,المرحلة الثانوية,بنين
2025,1446,الرياض,ثانوية الإبتكارية دبلومة أمريكية ( إشبيليا ),عالمي وأجنبي,المرحلة الثانوية,بنين
2025,1446,الرياض,ثانوية الابتكاريه  ( المسار المصري ),عالمي وأجنبي,المرحلة الثانوية,بنات
2025,1446,الرياض,ثانوية الأثير العالمية,عالمي وأجنبي,المرحلة الثانوية,بنات
2025,1446,الرياض,ثانوية الأثيوبية العالمية,عالمي وأجنبي,المرحلة الثانوية,بنين
2025,1446,الرياض,ثانوية الأرتيرية العالمية,عالمي وأجنبي,المرحلة الثانوية,بنين
2025,1446,الرياض,ثانوية الآفاق العالمية,عالمي وأجنبي,المرحلة الثانوية,بنات
2025,1446,الرياض,ثانوية الافق العالمية,عالمي وأجنبي,المرحلة الثانوية,بنين
2025,1446,الرياض,ثانوية الأفق العالمية,عالمي وأجنبي,المرحلة الثانوية,بنات
2025,1446,الرياض,ثانوية الالسن العالمية,عالمي وأجنبي,المرحلة الثانوية,بنات
2025,1446,الرياض,ثانوية الألسن العالمية,عالمي وأجنبي,المرحلة الثانوية,بنين
2025,1446,الرياض,ثانوية الألسن مسار مصري,عالمي وأجنبي,المرحلة الثانوية,بنين
2025,1446,الرياض,ثانوية الألسن مسار مصري,عالمي وأجنبي,المرحلة الثانوية,بنات
2025,1446,الرياض,ثانوية الألمانية العالمية,عالمي وأجنبي,المرحلة الثانوية,بنين
2025,1446,الرياض,ثانوية الأمجاد العالمية,عالمي وأجنبي,المرحلة الثانوية,بنين
2025,1446,الرياض,ثانوية الأمجاد العالمية,عالمي وأجنبي,المرحلة الثانوية,بنات
2025,1446,الرياض,ثانوية الأمريكية العالمية,عالمي وأجنبي,المرحلة الثانوية,بنين
2025,1446,الرياض,ثانوية الاوائل الاهلية دبلوما امريكي,عالمي وأجنبي,المرحلة الثانوية,بنات
2025,1446,الرياض,ثانوية الأوزون العالمية,عالمي وأجنبي,المرحلة الثانوية,بنين
2025,1446,الرياض,ثانوية الأوزون العالميه,عالمي وأجنبي,المرحلة الثانوية,بنات
2025,1446,الرياض,ثانوية الباكستانية العالمية,عالمي وأجنبي,المرحلة الثانوية,بنين
2025,1446,الرياض,ثانوية الباكستانية العالمية / أردو,عالمي وأجنبي,المرحلة الثانوية,بنين
2025,1446,الرياض,ثانوية البريطانية العالمية,عالمي وأجنبي,المرحلة الثانوية,بنين
2025,1446,الرياض,ثانوية البريطانية العالمية (السفارات),عالمي وأجنبي,المرحلة الثانوية,بنين
2025,1446,الرياض,ثانوية البنجلاديشية العالمية,عالمي وأجنبي,المرحلة الثانوية,بنين
2025,1446,الرياض,ثانوية البنجلاديشية العالمية / أردو,عالمي وأجنبي,المرحلة الثانوية,بنين
2025,1446,الرياض,ثانوية التحدي الأولى العالمية,عالمي وأجنبي,المرحلة الثانوية,بنات
2025,1446,الرياض,ثانوية التربية الإسلامية (الدبلوم الأمريكي),عالمي وأجنبي,المرحلة الثانوية,بنات
2025,1446,الرياض,ثانوية التربية الاسلامية دبلوما امريكي,عالمي وأجنبي,المرحلة الثانوية,بنين
2025,1446,الرياض,ثانوية التربية العالمية  (العارض),عالمي وأجنبي,المرحلة الثانوية,بنين
2025,1446,الرياض,ثانوية التربية العالمية (العارض),عالمي وأجنبي,المرحلة الثانوية,بنات
2025,1446,الرياض,ثانوية التربية النموذجية الروابي برنامج دولي,عالمي وأجنبي,المرحلة الثانوية,بنات
2025,1446,الرياض,ثانوية التربية النموذجية القيروان برنامج دولي,عالمي وأجنبي,المرحلة الثانوية,بنين
2025,1446,الرياض,ثانوية التربية النموذجية القيروان برنامج دولي,عالمي وأجنبي,المرحلة الثانوية,بنات
2025,1446,الرياض,ثانوية التربية النموذجية برنامج دولي الروابي,عالمي وأجنبي,المرحلة الثانوية,بنين
2025,1446,الرياض,ثانوية التربية والمهارات العالمية,عالمي وأجنبي,المرحلة الثانوية,بنات
2025,1446,الرياض,ثانوية التركية العالمية,عالمي وأجنبي,المرحلة الثانوية,بنين
2025,1446,الرياض,ثانوية التضامن / المسار المصري,عالمي وأجنبي,المرحلة الثانوية,بنين
2025,1446,الرياض,ثانوية التضامن العالمية,عالمي وأجنبي,المرحلة الثانوية,بنين
2025,1446,الرياض,ثانوية التضامن العالمية,عالمي وأجنبي,المرحلة الثانوية,بنات
2025,1446,الرياض,ثانوية التضامن العالمية / مسار مصري,عالمي وأجنبي,المرحلة الثانوية,بنات
2025,1446,الرياض,ثانوية التعلم الذكي الأهلية (برنامج دولي ),عالمي وأجنبي,المرحلة الثانوية,بنين
2025,1446,الرياض,ثانوية التعلم الذكي برنامج دولي,عالمي وأجنبي,المرحلة الثانوية,بنات
2025,1446,الرياض,ثانوية التعليم المتطور العالمية,عالمي وأجنبي,المرحلة الثانوية,بنين
2025,1446,الرياض,ثانوية التعليم المتطور العالمية,عالمي وأجنبي,المرحلة الثانوية,بنات
2025,1446,الرياض,ثانوية الثقافة الرقمية - القسم الدولى,عالمي وأجنبي,المرحلة الثانوية,بنين
2025,1446,الرياض,ثانوية الثقافة الرقمية - القسم الدولى,عالمي وأجنبي,المرحلة الثانوية,بنات
2025,1446,الرياض,ثانوية الجامعة التطبيقية العالمية,عالمي وأجنبي,المرحلة الثانوية,بنين
2025,1446,الرياض,ثانوية الجامعة التطبيقية العالمية-,عالمي وأجنبي,المرحلة الثانوية,بنات
2025,1446,الرياض,ثانوية الجامعة الدولية,عالمي وأجنبي,المرحلة الثانوية,بنين
2025,1446,الرياض,ثانوية الجودة الاهلية برنامج دولي,عالمي وأجنبي,المرحلة الثانوية,بنين
2025,1446,الرياض,ثانوية الجودة برنامج دولي,عالمي وأجنبي,المرحلة الثانوية,بنات
2025,1446,الرياض,ثانوية الجيل الجديد العالمية,عالمي وأجنبي,المرحلة الثانوية,بنين
2025,1446,الرياض,ثانوية الجيل الجديد العالمية,عالمي وأجنبي,المرحلة الثانوية,بنات
2025,1446,الرياض,ثانوية الحصان العالمية-بريطاني,عالمي وأجنبي,المرحلة الثانوية,بنات
2025,1446,الرياض,ثانوية الحصان العالمية (امريكي),عالمي وأجنبي,المرحلة الثانوية,بنين
2025,1446,الرياض,ثانوية الحصان النموذجية العالميـة,عالمي وأجنبي,المرحلة الثانوية,بنين
2025,1446,الرياض,ثانوية الحصان النموذجية العالميــة,عالمي وأجنبي,المرحلة الثانوية,بنات
2025,1446,الرياض,ثانوية الحياة المضيئة العالمية,عالمي وأجنبي,المرحلة الثانوية,بنات
2025,1446,الرياض,ثانوية الدانة العالمية,عالمي وأجنبي,المرحلة الثانوية,بنات
2025,1446,الرياض,ثانوية الرائد العالمية,عالمي وأجنبي,المرحلة الثانوية,بنات
2025,1446,الرياض,ثانوية الرائد العالميه,عالمي وأجنبي,المرحلة الثانوية,بنين
2025,1446,الرياض,ثانوية الرسالة العالمية,عالمي وأجنبي,المرحلة الثانوية,بنين
2025,1446,الرياض,ثانوية الرسالة العالمية السليمانية,عالمي وأجنبي,المرحلة الثانوية,بنات
2025,1446,الرياض,ثانوية الرسالة العالمية الوزارات,عالمي وأجنبي,المرحلة الثانوية,بنات
2025,1446,الرياض,ثانوية الرمال العالمية,عالمي وأجنبي,المرحلة الثانوية,بنات
2025,1446,الرياض,ثانوية الرواد  العالمية,عالمي وأجنبي,المرحلة الثانوية,بنين
2025,1446,الرياض,ثانوية الرواد الأهلية - اشبيليا - مسار مصري,عالمي وأجنبي,المرحلة الثانوية,بنين
2025,1446,الرياض,ثانوية الرواد العالمية,عالمي وأجنبي,المرحلة الثانوية,بنات
2025,1446,الرياض,ثانوية الرؤية الجديدة (الوادي),عالمي وأجنبي,المرحلة الثانوية,بنين
2025,1446,الرياض,ثانوية الرؤية الجديدة العالمية ( الوادي ),عالمي وأجنبي,المرحلة الثانوية,بنات
2025,1446,الرياض,ثانوية الرؤية الجديدة العالميه,عالمي وأجنبي,المرحلة الثانوية,بنات
2025,1446,الرياض,ثانوية الرؤية الجديدة العالميه (المنار),عالمي وأجنبي,المرحلة الثانوية,بنين
2025,1446,الرياض,ثانوية الرياض الأهلية (برنامج دولي),عالمي وأجنبي,المرحلة الثانوية,بنات
2025,1446,الرياض,ثانوية الرياض العالمية/ دبلوما امريكية,عالمي وأجنبي,المرحلة الثانوية,بنين
2025,1446,الرياض,ثانوية السعودية الأهلية (دبلوم امريكي),عالمي وأجنبي,المرحلة الثانوية,بنين
2025,1446,الرياض,ثانوية السليمانية العالمية,عالمي وأجنبي,المرحلة الثانوية,بنات
2025,1446,الرياض,ثانوية السليمانية العالمية / فرنسي,عالمي وأجنبي,المرحلة الثانوية,بنين
2025,1446,الرياض,ثانوية السيرلانكية العالمية,عالمي وأجنبي,المرحلة الثانوية,بنين
2025,1446,الرياض,ثانوية الشاملة العالمية,عالمي وأجنبي,المرحلة الثانوية,بنين
2025,1446,الرياض,ثانوية الشاملة العالمية,عالمي وأجنبي,المرحلة الثانوية,بنات
2025,1446,الرياض,ثانوية الشرق  الاوسط العالمية -المروج,عالمي وأجنبي,المرحلة الثانوية,بنين
2025,1446,الرياض,ثانوية الشرق الأوسط الجديدة العالمية / الهندي,عالمي وأجنبي,المرحلة الثانوية,بنين
2025,1446,الرياض,ثانوية الشرق الاوسط الجديدة العالمية / هندي,عالمي وأجنبي,المرحلة الثانوية,بنات
2025,1446,الرياض,ثانوية الشرق الأوسط الحديثة العالمية / هندي,عالمي وأجنبي,المرحلة الثانوية,بنين
2025,1446,الرياض,ثانوية الشرق الاوسط الحديثة العالمية / هندي,عالمي وأجنبي,المرحلة الثانوية,بنات
2025,1446,الرياض,ثانوية الشرق الاوسط العالمية -اشبيليا,عالمي وأجنبي,المرحلة الثانوية,بنات
2025,1446,الرياض,ثانوية الشرق الاوسط العالمية أشبيليا,عالمي وأجنبي,المرحلة الثانوية,بنين
2025,1446,الرياض,ثانوية الشرق الاوسط العالمية المروج,عالمي وأجنبي,المرحلة الثانوية,بنات
2025,1446,الرياض,ثانوية الصحافة العالمية,عالمي وأجنبي,المرحلة الثانوية,بنات
2025,1446,الرياض,ثانوية الصقر العالمية,عالمي وأجنبي,المرحلة الثانوية,بنات
2025,1446,الرياض,ثانوية العرب الوشم العالمية,عالمي وأجنبي,المرحلة الثانوية,بنات
2025,1446,الرياض,ثانوية العروبة العالمية,عالمي وأجنبي,المرحلة الثانوية,بنين
2025,1446,الرياض,ثانوية العروبة العالميه,عالمي وأجنبي,المرحلة الثانوية,بنات
2025,1446,الرياض,ثانوية العلم العالمية,عالمي وأجنبي,المرحلة الثانوية,بنين
2025,1446,الرياض,ثانوية العلم العالمية,عالمي وأجنبي,المرحلة الثانوية,بنات
2025,1446,الرياض,ثانوية العلمين العالمية,عالمي وأجنبي,المرحلة الثانوية,بنين
2025,1446,الرياض,ثانوية العلمين العالمية,عالمي وأجنبي,المرحلة الثانوية,بنات
2025,1446,الرياض,ثانوية العليا العالمية,عالمي وأجنبي,المرحلة الثانوية,بنات
2025,1446,الرياض,ثانوية العليا العالمية /هندي,عالمي وأجنبي,المرحلة الثانوية,بنين
2025,1446,الرياض,ثانوية الفارابي العالمية - بنات,عالمي وأجنبي,المرحلة الثانوية,بنات
2025,1446,الرياض,ثانوية الفارابي العالمية - بنين,عالمي وأجنبي,المرحلة الثانوية,بنين
2025,1446,الرياض,ثانوية الفارس  العالمية,عالمي وأجنبي,المرحلة الثانوية,بنين
2025,1446,الرياض,ثانوية الفارس العالمية,عالمي وأجنبي,المرحلة الثانوية,بنات
2025,1446,الرياض,ثانوية الفرسان العالمية,عالمي وأجنبي,المرحلة الثانوية,بنات
2025,1446,الرياض,ثانوية الفرسان العالمية/ أمريكي,عالمي وأجنبي,المرحلة الثانوية,بنين
2025,1446,الرياض,ثانوية الفرنسية العالمية,عالمي وأجنبي,المرحلة الثانوية,بنين
2025,1446,الرياض,ثانوية الفلبينية الأولى العالمية,عالمي وأجنبي,المرحلة الثانوية,بنين
2025,1446,الرياض,ثانوية الفلبينية العالمية الثانية,عالمي وأجنبي,المرحلة الثانوية,بنين
2025,1446,الرياض,ثانوية المتقدمة  العالمية - النهضة,عالمي وأجنبي,المرحلة الثانوية,بنات
2025,1446,الرياض,ثانوية المتقدمة العالمية - النرجس (بنين),عالمي وأجنبي,المرحلة الثانوية,بنين
2025,1446,الرياض,ثانوية المتقدمة العالمية - النزهة,عالمي وأجنبي,المرحلة الثانوية,بنين
2025,1446,الرياض,ثانوية المتقدمة العالمية النزهة,عالمي وأجنبي,المرحلة الثانوية,بنات
2025,1446,الرياض,ثانوية المتقدمة العالمية النهضة,عالمي وأجنبي,المرحلة الثانوية,بنين
2025,1446,الرياض,ثانوية المتقدمة العالمية فرع النرجس,عالمي وأجنبي,المرحلة الثانوية,بنات
2025,1446,الرياض,ثانوية المتقدمة دبلوم امريكي,عالمي وأجنبي,المرحلة الثانوية,بنين
2025,1446,الرياض,ثانوية المتقدمة دبلومه امريكيه - العقيق -,عالمي وأجنبي,المرحلة الثانوية,بنات
2025,1446,الرياض,ثانوية المجد نمار برنامج دولي,عالمي وأجنبي,المرحلة الثانوية,بنين
2025,1446,الرياض,ثانوية المدينة الاكاديمية -المسار الفرنسي,عالمي وأجنبي,المرحلة الثانوية,بنين
2025,1446,الرياض,ثانوية المدينة الأكاديمية برنامج دولي,عالمي وأجنبي,المرحلة الثانوية,بنين
2025,1446,الرياض,ثانوية المدينة الأكاديمية برنامج دولي,عالمي وأجنبي,المرحلة الثانوية,بنات
2025,1446,الرياض,ثانوية المدينة الاكاديمية فرنسي,عالمي وأجنبي,المرحلة الثانوية,بنات
2025,1446,الرياض,ثانوية المسار العالمية,عالمي وأجنبي,المرحلة الثانوية,بنين
2025,1446,الرياض,ثانوية المسار العالمية,عالمي وأجنبي,المرحلة الثانوية,بنات
2025,1446,الرياض,ثانوية المطورون العالمية,عالمي وأجنبي,المرحلة الثانوية,بنات
2025,1446,الرياض,ثانوية الملك فيصل العالمية,عالمي وأجنبي,المرحلة الثانوية,بنين
2025,1446,الرياض,ثانوية الملك فيصل العالمية,عالمي وأجنبي,المرحلة الثانوية,بنات
2025,1446,الرياض,ثانوية المملكة العالمية,عالمي وأجنبي,المرحلة الثانوية,بنات
2025,1446,الرياض,ثانوية المملكة العالمية _امريكي,عالمي وأجنبي,المرحلة الثانوية,بنين
2025,1446,الرياض,ثانوية المنهاج / المسار المصري,عالمي وأجنبي,المرحلة الثانوية,بنين
2025,1446,الرياض,ثانوية المنهاج/ مسار مصري,عالمي وأجنبي,المرحلة الثانوية,بنات
2025,1446,الرياض,ثانوية المنهل الأهلية (التعاون) للبرنامج الأمريكي,عالمي وأجنبي,المرحلة الثانوية,بنين
2025,1446,الرياض,ثانوية المنهل دبلوما امريكي ( التعاون ),عالمي وأجنبي,المرحلة الثانوية,بنات
2025,1446,الرياض,ثانوية النخبة العالمية,عالمي وأجنبي,المرحلة الثانوية,بنين
2025,1446,الرياض,ثانوية النخبة العالمية - فلبيني -,عالمي وأجنبي,المرحلة الثانوية,بنات
2025,1446,الرياض,ثانوية النصر العالمية,عالمي وأجنبي,المرحلة الثانوية,بنين
2025,1446,الرياض,ثانوية النصر العالميه,عالمي وأجنبي,المرحلة الثانوية,بنات
2025,1446,الرياض,ثانوية النور العالمية,عالمي وأجنبي,المرحلة الثانوية,بنات
2025,1446,الرياض,ثانوية النور العالميه,عالمي وأجنبي,المرحلة الثانوية,بنين
2025,1446,الرياض,ثانوية الهندية العالمية,عالمي وأجنبي,المرحلة الثانوية,بنين
2025,1446,الرياض,ثانوية الهندية العالمية / العامه,عالمي وأجنبي,المرحلة الثانوية,بنين
2025,1446,الرياض,ثانوية الياسمين العالمية,عالمي وأجنبي,المرحلة الثانوية,بنات
2025,1446,الرياض,ثانوية الياسمين العالمية / هندي,عالمي وأجنبي,المرحلة الثانوية,بنين
2025,1446,الرياض,ثانوية الينبوع -منهج فرنسي,عالمي وأجنبي,المرحلة الثانوية,بنات
2025,1446,الرياض,ثانوية بيتش هول العالمية- بنات,عالمي وأجنبي,المرحلة الثانوية,بنات
2025,1446,الرياض,ثانوية بيتشهول الرياض - بنين,عالمي وأجنبي,المرحلة الثانوية,بنين
2025,1446,الرياض,ثانوية تاج الرياض العالمية,عالمي وأجنبي,المرحلة الثانوية,بنين
2025,1446,الرياض,ثانوية تاج الرياض العالمية,عالمي وأجنبي,المرحلة الثانوية,بنات
2025,1446,الرياض,ثانـوية جاد العالمية,عالمي وأجنبي,المرحلة الثانوية,بنات
2025,1446,الرياض,ثانوية جواهر الرياض العالمية,عالمي وأجنبي,المرحلة الثانوية,بنين
2025,1446,الرياض,ثانوية جواهر الرياض العالمية- مسار السوداني,عالمي وأجنبي,المرحلة الثانوية,بنين
2025,1446,الرياض,ثانوية جواهر الرياض العالمية الثالثة,عالمي وأجنبي,المرحلة الثانوية,بنات
2025,1446,الرياض,ثانوية جواهر الرياض العالمية الثالثة مسار سوداني,عالمي وأجنبي,المرحلة الثانوية,بنات
2025,1446,الرياض,ثانوية جواهر الرياض العالمية الثانية / أمريكي,عالمي وأجنبي,المرحلة الثانوية,بنين
2025,1446,الرياض,ثانوية جيل المستقبل العالمية,عالمي وأجنبي,المرحلة الثانوية,بنات
2025,1446,الرياض,ثانوية جيل المستقبل العالمية / فلبيني,عالمي وأجنبي,المرحلة الثانوية,بنين
2025,1446,الرياض,ثانوية خالد العالمية,عالمي وأجنبي,المرحلة الثانوية,بنين
2025,1446,الرياض,ثانوية خالد العالمية,عالمي وأجنبي,المرحلة الثانوية,بنات
2025,1446,الرياض,ثانوية دار  العلوم العالمية,عالمي وأجنبي,المرحلة الثانوية,بنات
2025,1446,الرياض,ثانوية دار السلام الأهلية برنامج دولي,عالمي وأجنبي,المرحلة الثانوية,بنين
2025,1446,الرياض,ثانوية دار السلام الأهلية برنامج دولي,عالمي وأجنبي,المرحلة الثانوية,بنات
2025,1446,الرياض,ثانوية دار الصفوة الأهلية - مسار مصري,عالمي وأجنبي,المرحلة الثانوية,بنين
2025,1446,الرياض,ثانوية دار العلوم العالمية,عالمي وأجنبي,المرحلة الثانوية,بنين
2025,1446,الرياض,ثانوية دارة السلام العالمية,عالمي وأجنبي,المرحلة الثانوية,بنات
2025,1446,الرياض,ثانوية دارة السلام العالمية / هندي,عالمي وأجنبي,المرحلة الثانوية,بنين
2025,1446,الرياض,ثانوية داوون هاوس الرياض للتعليم,عالمي وأجنبي,المرحلة الثانوية,بنات
2025,1446,الرياض,ثانوية دلتا العالمية,عالمي وأجنبي,المرحلة الثانوية,بنات
2025,1446,الرياض,ثانوية دلتا العالمية / أمريكي,عالمي وأجنبي,المرحلة الثانوية,بنين
2025,1446,الرياض,ثانوية دلتا مسار مصري,عالمي وأجنبي,المرحلة الثانوية,بنات
2025,1446,الرياض,ثانوية دنيا الأجيال العالمية,عالمي وأجنبي,المرحلة الثانوية,بنين
2025,1446,الرياض,ثانوية دنيا الاجيال العالميه بنات,عالمي وأجنبي,المرحلة الثانوية,بنات
2025,1446,الرياض,ثانوية دوم العالمية,عالمي وأجنبي,المرحلة الثانوية,بنين
2025,1446,الرياض,ثانوية دوم العالمية ( المصيف ),عالمي وأجنبي,المرحلة الثانوية,بنات
2025,1446,الرياض,ثانوية دوم العالمية _ الملقا,عالمي وأجنبي,المرحلة الثانوية,بنين
2025,1446,الرياض,ثانوية دوم العالمية الملقا,عالمي وأجنبي,المرحلة الثانوية,بنات
2025,1446,الرياض,ثانوية دينا العالمية,عالمي وأجنبي,المرحلة الثانوية,بنات
2025,1446,الرياض,ثانوية دينا العالمية - فرنسي *,عالمي وأجنبي,المرحلة الثانوية,بنين
2025,1446,الرياض,ثانوية رحاب المعرفة - مسار مصري,عالمي وأجنبي,المرحلة الثانوية,بنات
2025,1446,الرياض,ثانوية رحاب المعرفة مسار مصري,عالمي وأجنبي,المرحلة الثانوية,بنين
2025,1446,الرياض,ثانوية رسالة الهدى العالمية,عالمي وأجنبي,المرحلة الثانوية,بنين
2025,1446,الرياض,ثانوية رواد الخليج  العالمية,عالمي وأجنبي,المرحلة الثانوية,بنين
2025,1446,الرياض,ثانوية رواد الخليج العالمية المغرزات,عالمي وأجنبي,المرحلة الثانوية,بنات
2025,1446,الرياض,ثانوية رؤية المجتمع العالمية,عالمي وأجنبي,المرحلة الثانوية,بنات
2025,1446,الرياض,ثانوية رياض نجد ( برنمج دولي ),عالمي وأجنبي,المرحلة الثانوية,بنات
2025,1446,الرياض,ثانوية رياض نجد العالمية / دبلوم أمريكي,عالمي وأجنبي,المرحلة الثانوية,بنين
2025,1446,الرياض,ثانوية ريجات جرمر العالمية,عالمي وأجنبي,المرحلة الثانوية,بنين
2025,1446,الرياض,ثانوية ريجات جرمر العالمية,عالمي وأجنبي,المرحلة الثانوية,بنات
2025,1446,الرياض,ثانوية سعود  العالمية,عالمي وأجنبي,المرحلة الثانوية,بنات
2025,1446,الرياض,ثانوية سعود العالمية,عالمي وأجنبي,المرحلة الثانوية,بنين
2025,1446,الرياض,ثانوية شبه الجزيرة - مسار سوداني -,عالمي وأجنبي,المرحلة الثانوية,بنات
2025,1446,الرياض,ثانوية شعاع العليا العالمية,عالمي وأجنبي,المرحلة الثانوية,بنين
2025,1446,الرياض,ثانوية صناع العلم العالمية,عالمي وأجنبي,المرحلة الثانوية,بنات
2025,1446,الرياض,ثانوية صنوان العالمية,عالمي وأجنبي,المرحلة الثانوية,بنين
2025,1446,الرياض,ثانوية صنوان العالمية-,عالمي وأجنبي,المرحلة الثانوية,بنات
2025,1446,الرياض,ثانوية عبدالعزيز العالمية (سابس),عالمي وأجنبي,المرحلة الثانوية,بنين
2025,1446,الرياض,ثانوية عبدالعزيز العالمية / سابس,عالمي وأجنبي,المرحلة الثانوية,بنات
2025,1446,الرياض,ثانوية غانا العالمية,عالمي وأجنبي,المرحلة الثانوية,بنين
2025,1446,الرياض,ثانوية قمم الحياة العالمية,عالمي وأجنبي,المرحلة الثانوية,بنين
2025,1446,الرياض,ثانوية قمم الحياة العالمية,عالمي وأجنبي,المرحلة الثانوية,بنات
2025,1446,الرياض,ثانوية كاف النموذجية العالمية,عالمي وأجنبي,المرحلة الثانوية,بنات
2025,1446,الرياض,ثانوية مدينة العلوم العالمية,عالمي وأجنبي,المرحلة الثانوية,بنين
2025,1446,الرياض,ثانوية مدينة العلوم العالميه,عالمي وأجنبي,المرحلة الثانوية,بنات
2025,1446,الرياض,ثانوية مسار مصري  دلتا,عالمي وأجنبي,المرحلة الثانوية,بنين
2025,1446,الرياض,ثانوية مسك العالمية,عالمي وأجنبي,المرحلة الثانوية,بنين
2025,1446,الرياض,ثانوية مسك العالمية,عالمي وأجنبي,المرحلة الثانوية,بنات
2025,1446,الرياض,ثانوية منار الشمس العالمية,عالمي وأجنبي,المرحلة الثانوية,بنات
2025,1446,الرياض,ثانوية منار الشمس العالمية / امريكي,عالمي وأجنبي,المرحلة الثانوية,بنين
2025,1446,الرياض,ثانوية منار الشمس العالمية الملز,عالمي وأجنبي,المرحلة الثانوية,بنين
2025,1446,الرياض,ثانوية منار الشمس العالمية فرع الملز,عالمي وأجنبي,المرحلة الثانوية,بنات
2025,1446,الرياض,ثانوية منارات الرياض العالمية,عالمي وأجنبي,المرحلة الثانوية,بنات
2025,1446,الرياض,ثانوية منارات الرياض العالمية / أمريكي,عالمي وأجنبي,المرحلة الثانوية,بنين
2025,1446,الرياض,ثانوية موسوعة العلوم - دبلوما أمريكي,عالمي وأجنبي,المرحلة الثانوية,بنات
2025,1446,الرياض,ثانوية نافذة المستقبل  العالمية,عالمي وأجنبي,المرحلة الثانوية,بنات
2025,1446,الرياض,ثانوية نافذة المستقبل العالمية,عالمي وأجنبي,المرحلة الثانوية,بنين
2025,1446,الرياض,ثانوية نافذة النجاح العالمية,عالمي وأجنبي,المرحلة الثانوية,بنين
2025,1446,الرياض,ثانوية نافذة النجاح العالمية المنصورة,عالمي وأجنبي,المرحلة الثانوية,بنات
2025,1446,الرياض,ثانوية نجد الأهلية - برنامج دولي,عالمي وأجنبي,المرحلة الثانوية,بنين
2025,1446,الرياض,ثانوية نجد الأهلية / برنامج دولي,عالمي وأجنبي,المرحلة الثانوية,بنات
2025,1446,الرياض,ثانوية نجمة الالفية العالمية,عالمي وأجنبي,المرحلة الثانوية,بنات
2025,1446,الرياض,ثانوية نوابغ العلم العالمية,عالمي وأجنبي,المرحلة الثانوية,بنات
2025,1446,الرياض,ثانوية نور المعارف العالمية,عالمي وأجنبي,المرحلة الثانوية,بنات
2025,1446,الرياض,ثانوية نور المعارف العالمية / أمريكي,عالمي وأجنبي,المرحلة الثانوية,بنين
2025,1446,الرياض,ثانوية نيار دبلوم أمريكي,عالمي وأجنبي,المرحلة الثانوية,بنين
2025,1446,الرياض,ثانوية نيار مسار دولي,عالمي وأجنبي,المرحلة الثانوية,بنات
2025,1446,الرياض,ثانوية واحة الالسن العالمية,عالمي وأجنبي,المرحلة الثانوية,بنات
2025,1446,الرياض,ثانوية واحة الألسن العالمية,عالمي وأجنبي,المرحلة الثانوية,بنين
2025,1446,الرياض,ثانوية واحة العلم العالمية الأهلية - النفل,عالمي وأجنبي,المرحلة الثانوية,بنات
2025,1446,الرياض,ثانوية واحة النخيل العالمية,عالمي وأجنبي,المرحلة الثانوية,بنين
2025,1446,الرياض,ثانوية واحة النخيل العالمية(فلبيني),عالمي وأجنبي,المرحلة الثانوية,بنات
2025,1446,الرياض,ثانوية يارا العالمية,عالمي وأجنبي,المرحلة الثانوية,بنين
2025,1446,الرياض,ثانوية يارا العالمية - المنهج الهندي,عالمي وأجنبي,المرحلة الثانوية,بنات
2025,1446,الرياض,رواد الجامعة مسار بريطاني,عالمي وأجنبي,المرحلة الإبتدائية,بنات
2025,1446,الرياض,روضة أبراج المعرفة العالمية,عالمي وأجنبي,رياض الأطفال,بنات
2025,1446,الرياض,روضة ابن خلدون العالمية -عرقه,عالمي وأجنبي,رياض الأطفال,بنات
2025,1446,الرياض,روضة ابن خلدون العالمية (المنار),عالمي وأجنبي,رياض الأطفال,بنات
2025,1446,الرياض,روضة ابن خلدون العالمية الياسمين,عالمي وأجنبي,رياض الأطفال,بنات
2025,1446,الرياض,روضة ابن رشد الجزيرة التعليمية العالمية,عالمي وأجنبي,رياض الأطفال,بنات
2025,1446,الرياض,روضة ابن رشد المهدية العالمية,عالمي وأجنبي,رياض الأطفال,بنات
2025,1446,الرياض,روضة ابن رشد النموذجية للتعليم العالمية,عالمي وأجنبي,رياض الأطفال,بنات
2025,1446,الرياض,روضة ابن رشد الياسمين العالمية,عالمي وأجنبي,رياض الأطفال,بنات
2025,1446,الرياض,روضة ابن رشد قرطبة التعليمية - برنامج دولي,عالمي وأجنبي,رياض الأطفال,بنات
2025,1446,الرياض,روضة ابن رشد قرطبة المونسيه العالمية,عالمي وأجنبي,رياض الأطفال,بنات
2025,1446,الرياض,روضة ابناء النبلاء العالمية,عالمي وأجنبي,رياض الأطفال,بنات
2025,1446,الرياض,روضة اتحاد التحضير العالمية,عالمي وأجنبي,رياض الأطفال,بنات
2025,1446,الرياض,روضة إتقان التربية -المونسية - دبلوما أمريكي,عالمي وأجنبي,رياض الأطفال,بنات
2025,1446,الرياض,روضة أجيال الثريا العالمية,عالمي وأجنبي,رياض الأطفال,بنات
2025,1446,الرياض,روضة اجيال العالم للتعليم العالمية,عالمي وأجنبي,رياض الأطفال,بنات
2025,1446,الرياض,روضة ارتال التاسيسية العالمية ( السفارات),عالمي وأجنبي,رياض الأطفال,بنات
2025,1446,الرياض,روضة ارتال التأسيسية العالمية (العليا),عالمي وأجنبي,رياض الأطفال,بنات
2025,1446,الرياض,روضة اس اي كي الرياض العالمية,عالمي وأجنبي,رياض الأطفال,بنات
2025,1446,الرياض,روضة اضواء الافاق العالمية,عالمي وأجنبي,رياض الأطفال,بنات
2025,1446,الرياض,روضة أضواء الهداية العالمية,عالمي وأجنبي,رياض الأطفال,بنات
2025,1446,الرياض,روضة اطلس العالمية,عالمي وأجنبي,رياض الأطفال,بنات
2025,1446,الرياض,روضة أطياب العالمية,عالمي وأجنبي,رياض الأطفال,بنات
2025,1446,الرياض,روضة إعمار الزمردة العالمية,عالمي وأجنبي,رياض الأطفال,بنات
2025,1446,الرياض,روضة افاق المنصورة دبلومة امريكية,عالمي وأجنبي,رياض الأطفال,بنات
2025,1446,الرياض,روضة اكاديمية الصغار العالمية,عالمي وأجنبي,رياض الأطفال,بنات
2025,1446,الرياض,روضة الابتكارية - مسار مصري,عالمي وأجنبي,رياض الأطفال,بنات
2025,1446,الرياض,روضة الابتكارية اشبيليا برنامج دولي,عالمي وأجنبي,رياض الأطفال,بنات
2025,1446,الرياض,روضة الإبداع العالمية (عرقة),عالمي وأجنبي,رياض الأطفال,بنات
2025,1446,الرياض,روضة الأثير الأهلية - برنامج دولي,عالمي وأجنبي,رياض الأطفال,بنات
2025,1446,الرياض,روضة الأثير مسار مصري,عالمي وأجنبي,رياض الأطفال,بنات
2025,1446,الرياض,روضة الأرقم دبلوما امريكي,عالمي وأجنبي,رياض الأطفال,بنات
2025,1446,الرياض,روضة الآفاق العالمية,عالمي وأجنبي,رياض الأطفال,بنات
2025,1446,الرياض,روضة الأفق العالمية,عالمي وأجنبي,رياض الأطفال,بنات
2025,1446,الرياض,روضة الألسن العالمية,عالمي وأجنبي,رياض الأطفال,بنات
2025,1446,الرياض,روضة الألف العالمية,عالمي وأجنبي,رياض الأطفال,بنات
2025,1446,الرياض,روضة الألمانية العالمية,عالمي وأجنبي,رياض الأطفال,بنات
2025,1446,الرياض,روضة الأماكن العالمية العزيزية,عالمي وأجنبي,رياض الأطفال,بنات
2025,1446,الرياض,روضة الامجاد العالمية,عالمي وأجنبي,رياض الأطفال,بنات
2025,1446,الرياض,روضة الأوائل الأهلية - مسار دولي,عالمي وأجنبي,رياض الأطفال,بنات
2025,1446,الرياض,روضة الأوزون العالمية,عالمي وأجنبي,رياض الأطفال,بنات
2025,1446,الرياض,روضة البراعة العالمية,عالمي وأجنبي,رياض الأطفال,بنات
2025,1446,الرياض,روضة التحدي الأولى العالمية,عالمي وأجنبي,رياض الأطفال,بنات
2025,1446,الرياض,روضة التحدي العالمية,عالمي وأجنبي,رياض الأطفال,بنات
2025,1446,الرياض,روضة التربية الرقمية برنامج دولي,عالمي وأجنبي,رياض الأطفال,بنات
2025,1446,الرياض,روضة التربية العالمية,عالمي وأجنبي,رياض الأطفال,بنات
2025,1446,الرياض,روضة التربية العالمية (العارض),عالمي وأجنبي,رياض الأطفال,بنات
2025,1446,الرياض,روضة التربية العالمية القيروان,عالمي وأجنبي,رياض الأطفال,بنات
2025,1446,الرياض,روضة التربية العصرية العالمية,عالمي وأجنبي,رياض الأطفال,بنات
2025,1446,الرياض,روضة التربية النموذجية  برنامج دولي امريكي (الروابي),عالمي وأجنبي,رياض الأطفال,بنات
2025,1446,الرياض,روضة التربية النموذجية (النزهة) برنامج دولي,عالمي وأجنبي,رياض الأطفال,بنات
2025,1446,الرياض,روضة التربية النموذجية (قرطبة) برنامج دولي,عالمي وأجنبي,رياض الأطفال,بنات
2025,1446,الرياض,روضة التربية النموذجية القيروان برنامج دولي,عالمي وأجنبي,رياض الأطفال,بنات
2025,1446,الرياض,روضة التربية والمعرفة العالمية,عالمي وأجنبي,رياض الأطفال,بنات
2025,1446,الرياض,روضة التربية والمهارات العالمية,عالمي وأجنبي,رياض الأطفال,بنات
2025,1446,الرياض,روضة التضامن العالمية,عالمي وأجنبي,رياض الأطفال,بنات
2025,1446,الرياض,روضة التضامن/مسار مصري,عالمي وأجنبي,رياض الأطفال,بنات
2025,1446,الرياض,روضة التعلم الذكي دبلوما,عالمي وأجنبي,رياض الأطفال,بنات
2025,1446,الرياض,روضة التعليم المتطور العالمية,عالمي وأجنبي,رياض الأطفال,بنات
2025,1446,الرياض,روضة الثقافة الرقمية - القسم الدولى,عالمي وأجنبي,رياض الأطفال,بنات
2025,1446,الرياض,روضة الجامعة (دبلوما امريكي),عالمي وأجنبي,رياض الأطفال,بنات
2025,1446,الرياض,روضة الجامعة التطبيقة العالمية,عالمي وأجنبي,رياض الأطفال,بنات
2025,1446,الرياض,روضة الجودة برنامج دولي,عالمي وأجنبي,رياض الأطفال,بنات
2025,1446,الرياض,روضة الجودة مسار مصري,عالمي وأجنبي,رياض الأطفال,بنات
2025,1446,الرياض,روضة الجيل الجديد العالمية,عالمي وأجنبي,رياض الأطفال,بنات
2025,1446,الرياض,روضة الحديثة العالمية,عالمي وأجنبي,رياض الأطفال,بنات
2025,1446,الرياض,روضة الحصان العالمية-بريطاني,عالمي وأجنبي,رياض الأطفال,بنات
2025,1446,الرياض,روضة الحصان النموذجية العالمية,عالمي وأجنبي,رياض الأطفال,بنات
2025,1446,الرياض,روضة الدانة العالمية,عالمي وأجنبي,رياض الأطفال,بنات
2025,1446,الرياض,روضة الدينهام العالمية,عالمي وأجنبي,رياض الأطفال,بنات
2025,1446,الرياض,روضة الراية دبلوما,عالمي وأجنبي,رياض الأطفال,بنات
2025,1446,الرياض,روضة الرائد العالمية,عالمي وأجنبي,رياض الأطفال,بنات
2025,1446,الرياض,روضة الرسالة العالمية ( الوزارت),عالمي وأجنبي,رياض الأطفال,بنات
2025,1446,الرياض,روضة الرسالة العالمية السليمانيه,عالمي وأجنبي,رياض الأطفال,بنات
2025,1446,الرياض,روضة الرسالة مسار مصري,عالمي وأجنبي,رياض الأطفال,بنات
2025,1446,الرياض,روضة الرمال العالمية,عالمي وأجنبي,رياض الأطفال,بنات
2025,1446,الرياض,روضة الرواد الروابي  الأهلية للدبلوما الأمريكية -,عالمي وأجنبي,رياض الأطفال,بنات
2025,1446,الرياض,روضة الرواد العالمية,عالمي وأجنبي,رياض الأطفال,بنات
2025,1446,الرياض,روضة الرواد المنصورة  الأهلية للدبلوما الأمريكية,عالمي وأجنبي,رياض الأطفال,بنات
2025,1446,الرياض,روضة الرؤية الجديدة ( الوادي ),عالمي وأجنبي,رياض الأطفال,بنات
2025,1446,الرياض,روضة الرؤية الجديدة العالمية,عالمي وأجنبي,رياض الأطفال,بنات
2025,1446,الرياض,روضة الريادة التعليمية العالمية,عالمي وأجنبي,رياض الأطفال,بنات
2025,1446,الرياض,روضة الريادة النموذجية العالمية,عالمي وأجنبي,رياض الأطفال,بنات
2025,1446,الرياض,روضة الرياض العالمية (حطين),عالمي وأجنبي,رياض الأطفال,بنات
2025,1446,الرياض,روضة الرياض دبلوما امريكي,عالمي وأجنبي,رياض الأطفال,بنات
2025,1446,الرياض,روضة الزمير العالمية,عالمي وأجنبي,رياض الأطفال,بنات
2025,1446,الرياض,روضة الزهور الاهلية دبلوما امريكية,عالمي وأجنبي,رياض الأطفال,بنات
2025,1446,الرياض,روضة السعودية ( دبلوما امريكية ),عالمي وأجنبي,رياض الأطفال,بنات
2025,1446,الرياض,روضة السكب العالمية,عالمي وأجنبي,رياض الأطفال,بنات
2025,1446,الرياض,روضة السمو العالمية,عالمي وأجنبي,رياض الأطفال,بنات
2025,1446,الرياض,روضة الشاملة العالمية,عالمي وأجنبي,رياض الأطفال,بنات
2025,1446,الرياض,روضة الشرق  الاوسط  العالمية,عالمي وأجنبي,رياض الأطفال,بنات
2025,1446,الرياض,روضة الشرق الاوسط الحديثة العالمية / هندي,عالمي وأجنبي,رياض الأطفال,بنات
2025,1446,الرياض,روضة الشرق الاوسط العالمية اشبيليا,عالمي وأجنبي,رياض الأطفال,بنات
2025,1446,الرياض,روضة الصحافة العالمية,عالمي وأجنبي,رياض الأطفال,بنات
2025,1446,الرياض,روضة الصدارة برنامج دولي,عالمي وأجنبي,رياض الأطفال,بنات
2025,1446,الرياض,روضة الصقر العالمية,عالمي وأجنبي,رياض الأطفال,بنات
2025,1446,الرياض,روضة العرب الوشم العالمية,عالمي وأجنبي,رياض الأطفال,بنات
2025,1446,الرياض,روضة العرفان العالمية - أمريكي,عالمي وأجنبي,رياض الأطفال,بنات
2025,1446,الرياض,روضة العروبة العالمية,عالمي وأجنبي,رياض الأطفال,بنات
2025,1446,الرياض,روضة العلا العربية الدبلوما الأمريكية,عالمي وأجنبي,رياض الأطفال,بنات
2025,1446,الرياض,روضة العلم العالمية,عالمي وأجنبي,رياض الأطفال,بنات
2025,1446,الرياض,روضة العلمين العالمية,عالمي وأجنبي,رياض الأطفال,بنات
2025,1446,الرياض,روضة العليا  العالمية,عالمي وأجنبي,رياض الأطفال,بنات
2025,1446,الرياض,روضة العليا الأهلية برنامج دولي,عالمي وأجنبي,رياض الأطفال,بنات
2025,1446,الرياض,روضة العناية العالمية ( النرجس ),عالمي وأجنبي,رياض الأطفال,بنات
2025,1446,الرياض,روضة الفارابي العالمية,عالمي وأجنبي,رياض الأطفال,بنات
2025,1446,الرياض,روضة الفارس العالمية-1,عالمي وأجنبي,رياض الأطفال,بنات
2025,1446,الرياض,روضة الفانوس العالمية,عالمي وأجنبي,رياض الأطفال,بنات
2025,1446,الرياض,روضة الفرسان الأهلية ( مسار دوبلوما أمريكي ),عالمي وأجنبي,رياض الأطفال,بنات
2025,1446,الرياض,روضة الفرسان العالمية الثالثة,عالمي وأجنبي,رياض الأطفال,بنات
2025,1446,الرياض,روضة الفرسان العالميه,عالمي وأجنبي,رياض الأطفال,بنات
2025,1446,الرياض,روضة القلم العالمية,عالمي وأجنبي,رياض الأطفال,بنات
2025,1446,الرياض,روضة القيادة العالمية,عالمي وأجنبي,رياض الأطفال,بنات
2025,1446,الرياض,روضة المتقدمة ( برنامج دولى امريكي ) -العقيق -,عالمي وأجنبي,رياض الأطفال,بنات
2025,1446,الرياض,روضة المتقدمة العارض -دبلوما أمريكي,عالمي وأجنبي,رياض الأطفال,بنات
2025,1446,الرياض,روضة المتقدمة العالمية - المصيف,عالمي وأجنبي,رياض الأطفال,بنات
2025,1446,الرياض,روضة المتقدمة العالمية - النزهة,عالمي وأجنبي,رياض الأطفال,بنات
2025,1446,الرياض,روضة المتقدمة العالمية - النهضة -,عالمي وأجنبي,رياض الأطفال,بنات
2025,1446,الرياض,روضة المتقدمة العالمية - عليشة,عالمي وأجنبي,رياض الأطفال,بنات
2025,1446,الرياض,روضة المتقدمة العالمية الملقا,عالمي وأجنبي,رياض الأطفال,بنات
2025,1446,الرياض,روضة المتقدمة العالمية فرع النرجس,عالمي وأجنبي,رياض الأطفال,بنات
2025,1446,الرياض,روضة المتقدمة الملقا دبلوما امريكي,عالمي وأجنبي,رياض الأطفال,بنات
2025,1446,الرياض,روضة المجد برنامج دولي,عالمي وأجنبي,رياض الأطفال,بنات
2025,1446,الرياض,روضة المجد نمار برنامج دولي,عالمي وأجنبي,رياض الأطفال,بنات
2025,1446,الرياض,روضة المجلس التعليمي العالمية,عالمي وأجنبي,رياض الأطفال,بنات
2025,1446,الرياض,روضة المدينة الاكاديمية  برنامج دولي,عالمي وأجنبي,رياض الأطفال,بنات
2025,1446,الرياض,روضة المدينة الاكاديمية المسار الفرنسي,عالمي وأجنبي,رياض الأطفال,بنات
2025,1446,الرياض,روضة المدينة العالمية,عالمي وأجنبي,رياض الأطفال,بنات
2025,1446,الرياض,روضة المسار العالمية,عالمي وأجنبي,رياض الأطفال,بنات
2025,1446,الرياض,روضة المستوى الأول العالمية,عالمي وأجنبي,رياض الأطفال,بنات
2025,1446,الرياض,روضة المطورون الأهليه برنامج دولي,عالمي وأجنبي,رياض الأطفال,بنات
2025,1446,الرياض,روضة المطورون العالمية,عالمي وأجنبي,رياض الأطفال,بنات
2025,1446,الرياض,روضة المعرفة المتجددة الاهلية برنامج دولي,عالمي وأجنبي,رياض الأطفال,بنات
2025,1446,الرياض,روضة الملك فيصل العالمية,عالمي وأجنبي,رياض الأطفال,بنات
2025,1446,الرياض,روضة المملكة العالمية,عالمي وأجنبي,رياض الأطفال,بنات
2025,1446,الرياض,روضة المميزون برنامج دولي,عالمي وأجنبي,رياض الأطفال,بنات
2025,1446,الرياض,روضة المنهاج للمسار المصري,عالمي وأجنبي,رياض الأطفال,بنات
2025,1446,الرياض,روضة المنهل الاهلية  ( برنامج دولي امريكي ) المربع,عالمي وأجنبي,رياض الأطفال,بنات
2025,1446,الرياض,روضة المنهل الأهلية ( برنامج دولي ) التعاون,عالمي وأجنبي,رياض الأطفال,بنات
2025,1446,الرياض,روضة النبلاء (دبلوما امريكية),عالمي وأجنبي,رياض الأطفال,بنات
2025,1446,الرياض,روضة النجوم الأولى العالمية,عالمي وأجنبي,رياض الأطفال,بنات
2025,1446,الرياض,روضة النجوم الذهبية العالمية,عالمي وأجنبي,رياض الأطفال,بنات
2025,1446,الرياض,روضة النخبة العالمية - فلبيني -,عالمي وأجنبي,رياض الأطفال,بنات
2025,1446,الرياض,روضة النسر الذكي العالمية,عالمي وأجنبي,رياض الأطفال,بنات
2025,1446,الرياض,روضة النسيم التعليمية العالمية,عالمي وأجنبي,رياض الأطفال,بنات
2025,1446,الرياض,روضة النصر العالمية,عالمي وأجنبي,رياض الأطفال,بنات
2025,1446,الرياض,روضة النهضة العالمية,عالمي وأجنبي,رياض الأطفال,بنات
2025,1446,الرياض,روضة النور العالمية,عالمي وأجنبي,رياض الأطفال,بنات
2025,1446,الرياض,روضة الهلال الجديد العالمية..,عالمي وأجنبي,رياض الأطفال,بنات
2025,1446,الرياض,روضة الياسمين العالمية,عالمي وأجنبي,رياض الأطفال,بنات
2025,1446,الرياض,روضة الينبوع العالمية - منهج بريطاني,عالمي وأجنبي,رياض الأطفال,بنات
2025,1446,الرياض,روضة الينبوع العالمية - منهج فرنسي,عالمي وأجنبي,رياض الأطفال,بنات
2025,1446,الرياض,روضة أمجاد قرطبة برنامج دولي,عالمي وأجنبي,رياض الأطفال,بنات
2025,1446,الرياض,روضة أمنية العلوم ( مسار مصري,عالمي وأجنبي,رياض الأطفال,بنات
2025,1446,الرياض,روضة أمنية العلوم العالمية,عالمي وأجنبي,رياض الأطفال,بنات
2025,1446,الرياض,روضة أنوار التعليم العالمية,عالمي وأجنبي,رياض الأطفال,بنات
2025,1446,الرياض,روضة أنوار المجد العالمية,عالمي وأجنبي,رياض الأطفال,بنات
2025,1446,الرياض,روضة انوار المجد العالمية ام الحمام,عالمي وأجنبي,رياض الأطفال,بنات
2025,1446,الرياض,روضة بدايتي الأولى المسار الأمريكي,عالمي وأجنبي,رياض الأطفال,بنات
2025,1446,الرياض,روضة براعم الريادةالعالمية,عالمي وأجنبي,رياض الأطفال,بنات
2025,1446,الرياض,روضة براعم رواد الخليج العالمية ( الياسمين ),عالمي وأجنبي,رياض الأطفال,بنات
2025,1446,الرياض,روضة براعم رواد الخليج العالمية الملقا,عالمي وأجنبي,رياض الأطفال,بنات
2025,1446,الرياض,روضة بسمة العنود العالمية,عالمي وأجنبي,رياض الأطفال,بنات
2025,1446,الرياض,روضة بهجة العلم العالمية,عالمي وأجنبي,رياض الأطفال,بنات
2025,1446,الرياض,روضة بوابة العلم العالمية الثانية,عالمي وأجنبي,رياض الأطفال,بنات
2025,1446,الرياض,روضة بيتشهول الرياض العالمية,عالمي وأجنبي,رياض الأطفال,بنات
2025,1446,الرياض,روضة بيتي اللطيف العالمية,عالمي وأجنبي,رياض الأطفال,بنات
2025,1446,الرياض,روضة تاج الرياض العالمية,عالمي وأجنبي,رياض الأطفال,بنات
2025,1446,الرياض,روضة تعلم العالمية,عالمي وأجنبي,رياض الأطفال,بنات
2025,1446,الرياض,روضة جاد العالمية,عالمي وأجنبي,رياض الأطفال,بنات
2025,1446,الرياض,روضة جسور المعرفة العالمية,عالمي وأجنبي,رياض الأطفال,بنات
2025,1446,الرياض,روضة جنى دان العالمية,عالمي وأجنبي,رياض الأطفال,بنات
2025,1446,الرياض,روضة جنى دان العالمية - فرع السلام,عالمي وأجنبي,رياض الأطفال,بنات
2025,1446,الرياض,روضة جواهر التربية العالمية,عالمي وأجنبي,رياض الأطفال,بنات
2025,1446,الرياض,روضة جواهر الرياض العالمية الثالثة,عالمي وأجنبي,رياض الأطفال,بنات
2025,1446,الرياض,روضة جواهر الرياض العالمية الثالثة مسار سوداني,عالمي وأجنبي,رياض الأطفال,بنات
2025,1446,الرياض,روضة جواهر الرياض العالمية الثانية,عالمي وأجنبي,رياض الأطفال,بنات
2025,1446,الرياض,روضة جيل الصفا العالمية,عالمي وأجنبي,رياض الأطفال,بنات
2025,1446,الرياض,روضة جيل المجد العالمية,عالمي وأجنبي,رياض الأطفال,بنات
2025,1446,الرياض,روضة جيل المستقبل العالمية فلبيني,عالمي وأجنبي,رياض الأطفال,بنات
2025,1446,الرياض,روضة حديقة الطفل العالمية,عالمي وأجنبي,رياض الأطفال,بنات
2025,1446,الرياض,روضة خالد العالمية,عالمي وأجنبي,رياض الأطفال,بنات
2025,1446,الرياض,روضة خط العلم العالمية,عالمي وأجنبي,رياض الأطفال,بنات
2025,1446,الرياض,روضة دار البراءة دبلوما امريكي,عالمي وأجنبي,رياض الأطفال,بنات
2025,1446,الرياض,روضة دار الحكمة العالمية,عالمي وأجنبي,رياض الأطفال,بنات
2025,1446,الرياض,روضة دار السلام الأهلية برنامج دولي,عالمي وأجنبي,رياض الأطفال,بنات
2025,1446,الرياض,روضة دار الشويفات العالمية,عالمي وأجنبي,رياض الأطفال,بنات
2025,1446,الرياض,روضة دار الصفوة مسار مصري,عالمي وأجنبي,رياض الأطفال,بنات
2025,1446,الرياض,روضة دار العلوم العالمية,عالمي وأجنبي,رياض الأطفال,بنات
2025,1446,الرياض,روضة دار القلم دبلوما امريكي,عالمي وأجنبي,رياض الأطفال,بنات
2025,1446,الرياض,روضة دار اللغات العالمية,عالمي وأجنبي,رياض الأطفال,بنات
2025,1446,الرياض,روضة دار المعارف العالمية,عالمي وأجنبي,رياض الأطفال,بنات
2025,1446,الرياض,روضة دارة السلام العالمية,عالمي وأجنبي,رياض الأطفال,بنات
2025,1446,الرياض,روضة داوون هاوس الرياض للتعليم العالمية,عالمي وأجنبي,رياض الأطفال,بنات
2025,1446,الرياض,روضة دريم العالمية,عالمي وأجنبي,رياض الأطفال,بنات
2025,1446,الرياض,روضة دلتا العالمية,عالمي وأجنبي,رياض الأطفال,بنات
2025,1446,الرياض,روضة دلتا مسار مصري,عالمي وأجنبي,رياض الأطفال,بنات
2025,1446,الرياض,روضة دنيا الاجيال العالمية,عالمي وأجنبي,رياض الأطفال,بنات
2025,1446,الرياض,روضة دور الكتاب العالمية,عالمي وأجنبي,رياض الأطفال,بنات
2025,1446,الرياض,روضة دوم العالمية,عالمي وأجنبي,رياض الأطفال,بنات
2025,1446,الرياض,روضة دوم العالمية الملقا,عالمي وأجنبي,رياض الأطفال,بنات
2025,1446,الرياض,روضة دينا العالمية,عالمي وأجنبي,رياض الأطفال,بنات
2025,1446,الرياض,روضة راية الابداع العالمية,عالمي وأجنبي,رياض الأطفال,بنات
2025,1446,الرياض,روضة رحاب المعرفة دبلوما امريكي,عالمي وأجنبي,رياض الأطفال,بنات
2025,1446,الرياض,روضة رحاب المعرفة مسار مصري,عالمي وأجنبي,رياض الأطفال,بنات
2025,1446,الرياض,روضة رواد اشبيليا  مسار مصري,عالمي وأجنبي,رياض الأطفال,بنات
2025,1446,الرياض,روضة رواد الإرشاد العالمية,عالمي وأجنبي,رياض الأطفال,بنات
2025,1446,الرياض,روضة رواد الاعمال العالمية,عالمي وأجنبي,رياض الأطفال,بنات
2025,1446,الرياض,روضة رواد الامراء العالمية(دبلوما امريكي),عالمي وأجنبي,رياض الأطفال,بنات
2025,1446,الرياض,روضة رواد التجديد العالمية,عالمي وأجنبي,رياض الأطفال,بنات
2025,1446,الرياض,روضة رواد الجامعة مسار بريطاني,عالمي وأجنبي,رياض الأطفال,بنات
2025,1446,الرياض,روضة رواد الخليج العالمية - المغرزات,عالمي وأجنبي,رياض الأطفال,بنات
2025,1446,الرياض,روضة رواد بلوم  العالمية,عالمي وأجنبي,رياض الأطفال,بنات
2025,1446,الرياض,روضة رواد بلوم المسار المصري,عالمي وأجنبي,رياض الأطفال,بنات
2025,1446,الرياض,روضة رواد نجد العالمية,عالمي وأجنبي,رياض الأطفال,بنات
2025,1446,الرياض,روضة رويالي العالمية,عالمي وأجنبي,رياض الأطفال,بنات
2025,1446,الرياض,روضة رؤية المجتمع العالمية,عالمي وأجنبي,رياض الأطفال,بنات
2025,1446,الرياض,روضة رياض نجد العالمية مسار دولي أمريكي,عالمي وأجنبي,رياض الأطفال,بنات
2025,1446,الرياض,روضة ريما الثانيه العالمية,عالمي وأجنبي,رياض الأطفال,بنات
2025,1446,الرياض,روضة ريما العالمية المنار,عالمي وأجنبي,رياض الأطفال,بنات
2025,1446,الرياض,روضة سحاب العلم العالمية,عالمي وأجنبي,رياض الأطفال,بنات
2025,1446,الرياض,روضة سرايا الأطفال العالميه,عالمي وأجنبي,رياض الأطفال,بنات
2025,1446,الرياض,روضة سعود العالمية,عالمي وأجنبي,رياض الأطفال,بنات
2025,1446,الرياض,روضة سما التعليم العالمية,عالمي وأجنبي,رياض الأطفال,بنات
2025,1446,الرياض,روضة سما الرياض العالمية,عالمي وأجنبي,رياض الأطفال,بنات
2025,1446,الرياض,روضة شجرة العلم العالمية,عالمي وأجنبي,رياض الأطفال,بنات
2025,1446,الرياض,روضة شروق الشمس العالمية,عالمي وأجنبي,رياض الأطفال,بنات
2025,1446,الرياض,روضة صناع العلم العالمية,عالمي وأجنبي,رياض الأطفال,بنات
2025,1446,الرياض,روضة صنوان العالمية,عالمي وأجنبي,رياض الأطفال,بنات
2025,1446,الرياض,روضة طلائع النور العالمية-,عالمي وأجنبي,رياض الأطفال,بنات
2025,1446,الرياض,روضة عالم الإبداع العالمية-الياسمين,عالمي وأجنبي,رياض الأطفال,بنات
2025,1446,الرياض,روضة عبدالعزيز العالمية (الوادي) سابس,عالمي وأجنبي,رياض الأطفال,بنات
2025,1446,الرياض,روضة عبدالعزيز العالمية / سابس,عالمي وأجنبي,رياض الأطفال,بنات
2025,1446,الرياض,روضة عصر التربية العالمية - الشفا,عالمي وأجنبي,رياض الأطفال,بنات
2025,1446,الرياض,روضة علوم الارتقاء دبلوما,عالمي وأجنبي,رياض الأطفال,بنات
2025,1446,الرياض,روضة غراس الاخلاق دبلوما امريكي,عالمي وأجنبي,رياض الأطفال,بنات
2025,1446,الرياض,روضة فواق العالمية,عالمي وأجنبي,رياض الأطفال,بنات
2025,1446,الرياض,روضة قافلة العلم العالمية,عالمي وأجنبي,رياض الأطفال,بنات
2025,1446,الرياض,روضة قلعة العلم العالمية,عالمي وأجنبي,رياض الأطفال,بنات
2025,1446,الرياض,روضة قمم الحياة العالمية,عالمي وأجنبي,رياض الأطفال,بنات
2025,1446,الرياض,روضة قوس قزح العالمية,عالمي وأجنبي,رياض الأطفال,بنات
2025,1446,الرياض,روضة كاف النموذجية العالمية,عالمي وأجنبي,رياض الأطفال,بنات
2025,1446,الرياض,روضة كواكب العالمية,عالمي وأجنبي,رياض الأطفال,بنات
2025,1446,الرياض,روضة كون العالمية,عالمي وأجنبي,رياض الأطفال,بنات
2025,1446,الرياض,روضة كينجز كوليج الرياض العالمية,عالمي وأجنبي,رياض الأطفال,بنات
2025,1446,الرياض,روضة لنضيء عقولنا**,عالمي وأجنبي,رياض الأطفال,بنات
2025,1446,الرياض,روضة ماسة العلم العالمية,عالمي وأجنبي,رياض الأطفال,بنات
2025,1446,الرياض,روضة مبدعون المستقبل العالمية,عالمي وأجنبي,رياض الأطفال,بنات
2025,1446,الرياض,روضة مدارس روافد العالمية,عالمي وأجنبي,رياض الأطفال,بنات
2025,1446,الرياض,روضة مدينة العلوم العالمية,عالمي وأجنبي,رياض الأطفال,بنات
2025,1446,الرياض,روضة مراحل التعلم العالمية (الملقا),عالمي وأجنبي,رياض الأطفال,بنات
2025,1446,الرياض,روضة مستقبل القادة العالمية,عالمي وأجنبي,رياض الأطفال,بنات
2025,1446,الرياض,روضة مسك العالمية,عالمي وأجنبي,رياض الأطفال,بنات
2025,1446,الرياض,روضة مشكاة العلم العالمية ( الملقا),عالمي وأجنبي,رياض الأطفال,بنات
2025,1446,الرياض,روضة مشكاة العلم العالمية النرجس,عالمي وأجنبي,رياض الأطفال,بنات
2025,1446,الرياض,روضة معارف المستقبل العالمية,عالمي وأجنبي,رياض الأطفال,بنات
2025,1446,الرياض,روضة منار الشمس العالمية,عالمي وأجنبي,رياض الأطفال,بنات
2025,1446,الرياض,روضة منار الشمس العالمية الملز,عالمي وأجنبي,رياض الأطفال,بنات
2025,1446,الرياض,روضة منار الشمس مسار مصري الملز,عالمي وأجنبي,رياض الأطفال,بنات
2025,1446,الرياض,روضة منارات الخليج العالمية,عالمي وأجنبي,رياض الأطفال,بنات
2025,1446,الرياض,روضة منارات الرياض العالمية,عالمي وأجنبي,رياض الأطفال,بنات
2025,1446,الرياض,روضة مناهج الابداع العالمية,عالمي وأجنبي,رياض الأطفال,بنات
2025,1446,الرياض,روضة مناهل الجيل العالمية,عالمي وأجنبي,رياض الأطفال,بنات
2025,1446,الرياض,روضة مناهل الغد العالمية,عالمي وأجنبي,رياض الأطفال,بنات
2025,1446,الرياض,روضة منزل الفراشات العالمية,عالمي وأجنبي,رياض الأطفال,بنات
2025,1446,الرياض,روضة مهارات التعليم العالمية,عالمي وأجنبي,رياض الأطفال,بنات
2025,1446,الرياض,روضة موسوعة العلوم الأهلية - دبلوما,عالمي وأجنبي,رياض الأطفال,بنات
2025,1446,الرياض,روضة مياس العالمية,عالمي وأجنبي,رياض الأطفال,بنات
2025,1446,الرياض,روضة مياسين المعرفة العالمية,عالمي وأجنبي,رياض الأطفال,بنات
2025,1446,الرياض,روضة مينا للتعليم العالمية-قرطبة,عالمي وأجنبي,رياض الأطفال,بنات
2025,1446,الرياض,روضة مينا للتعليم العالمية النخيل,عالمي وأجنبي,رياض الأطفال,بنات
2025,1446,الرياض,روضة نافذة العلوم العالمية,عالمي وأجنبي,رياض الأطفال,بنات
2025,1446,الرياض,روضة نافذة المستقبل العالمية,عالمي وأجنبي,رياض الأطفال,بنات
2025,1446,الرياض,روضة نافذة النجاح العالمية,عالمي وأجنبي,رياض الأطفال,بنات
2025,1446,الرياض,روضة نافذة النجاح العالمية 2,عالمي وأجنبي,رياض الأطفال,بنات
2025,1446,الرياض,روضة نبراس العلوم (برنامج دولي),عالمي وأجنبي,رياض الأطفال,بنات
2025,1446,الرياض,روضة نجد الأهلية / برنامج دولي,عالمي وأجنبي,رياض الأطفال,بنات
2025,1446,الرياض,روضة نجمة الألفية العالمية,عالمي وأجنبي,رياض الأطفال,بنات
2025,1446,الرياض,روضة نخبة المستقبل العالمية,عالمي وأجنبي,رياض الأطفال,بنات
2025,1446,الرياض,روضة نوابغ الرياض العالمية,عالمي وأجنبي,رياض الأطفال,بنات
2025,1446,الرياض,روضة نوابغ العلم العالمية,عالمي وأجنبي,رياض الأطفال,بنات
2025,1446,الرياض,روضة نور المعارف العالمية,عالمي وأجنبي,رياض الأطفال,بنات
2025,1446,الرياض,روضة نوره العالمية,عالمي وأجنبي,رياض الأطفال,بنات
2025,1446,الرياض,روضة نيار الأهليه مسار دولي,عالمي وأجنبي,رياض الأطفال,بنات
2025,1446,الرياض,روضة نيوم دبلوما امريكي,عالمي وأجنبي,رياض الأطفال,بنات
2025,1446,الرياض,روضة هنا لنكبر العالمية,عالمي وأجنبي,رياض الأطفال,بنات
2025,1446,الرياض,روضة واحة الأبناء العالمية,عالمي وأجنبي,رياض الأطفال,بنات
2025,1446,الرياض,روضة واحة الألسن العالمية,عالمي وأجنبي,رياض الأطفال,بنات
2025,1446,الرياض,روضة واحة العلا العالمية,عالمي وأجنبي,رياض الأطفال,بنات
2025,1446,الرياض,روضة واحة العلم العالمية- النفل,عالمي وأجنبي,رياض الأطفال,بنات
2025,1446,الرياض,روضة واحة العلم العالمية (العليا),عالمي وأجنبي,رياض الأطفال,بنات
2025,1446,الرياض,روضة واحة العلوم العالمية,عالمي وأجنبي,رياض الأطفال,بنات
2025,1446,الرياض,روضة واحة النخيل العالمية(فلبيني),عالمي وأجنبي,رياض الأطفال,بنات
2025,1446,الرياض,روضة وسائل الشروق العالمية,عالمي وأجنبي,رياض الأطفال,بنات
2025,1446,الرياض,روضة ون ورلد العالمية,عالمي وأجنبي,رياض الأطفال,بنات
2025,1446,الرياض,روضة يارا العالمية - المنهج الهندي,عالمي وأجنبي,رياض الأطفال,بنات
2025,1446,الرياض,متوسطة ابراج المعرفة العالمية,عالمي وأجنبي,المرحلة المتوسطة,بنين
2025,1446,الرياض,متوسطة ابراج المعرفة العالمية,عالمي وأجنبي,المرحلة المتوسطة,بنات
2025,1446,الرياض,متوسطة ابن خلدون العالمية - المنار,عالمي وأجنبي,المرحلة المتوسطة,بنين
2025,1446,الرياض,متوسطة ابن خلدون العالمية - الياسمين -,عالمي وأجنبي,المرحلة المتوسطة,بنين
2025,1446,الرياض,متوسطة ابن خلدون العالمية - عرقه -,عالمي وأجنبي,المرحلة المتوسطة,بنات
2025,1446,الرياض,متوسطة ابن خلدون العالمية  - المنار,عالمي وأجنبي,المرحلة المتوسطة,بنات
2025,1446,الرياض,متوسطة ابن خلدون العالمية /  أمريكي,عالمي وأجنبي,المرحلة المتوسطة,بنين
2025,1446,الرياض,متوسطة ابن خلدون الياسمين العالمية,عالمي وأجنبي,المرحلة المتوسطة,بنات
2025,1446,الرياض,متوسطة ابن رشد الجزيرة التعليمية (عالمي),عالمي وأجنبي,المرحلة المتوسطة,بنين
2025,1446,الرياض,متوسطة ابن رشد الجزيرة العالمية,عالمي وأجنبي,المرحلة المتوسطة,بنات
2025,1446,الرياض,متوسطة ابن رشد العالمية _قرطبة,عالمي وأجنبي,المرحلة المتوسطة,بنين
2025,1446,الرياض,متوسطة ابن رشد المهدية التعليمية,عالمي وأجنبي,المرحلة المتوسطة,بنات
2025,1446,الرياض,متوسطة ابن رشد النموذجية العالمية,عالمي وأجنبي,المرحلة المتوسطة,بنات
2025,1446,الرياض,متوسطة ابن رشد النموذجية للتعليم العالمية - بنين,عالمي وأجنبي,المرحلة المتوسطة,بنين
2025,1446,الرياض,متوسطة ابن رشد الياسمين العالمية,عالمي وأجنبي,المرحلة المتوسطة,بنين
2025,1446,الرياض,متوسطة ابن رشد الياسمين العالمية,عالمي وأجنبي,المرحلة المتوسطة,بنات
2025,1446,الرياض,متوسطة ابن رشد قرطبة برنامج دولي,عالمي وأجنبي,المرحلة المتوسطة,بنات
2025,1446,الرياض,متوسطة اس اي كي الرياض العالمية,عالمي وأجنبي,المرحلة المتوسطة,بنين
2025,1446,الرياض,متوسطة اس اي كي الرياض العالمية,عالمي وأجنبي,المرحلة المتوسطة,بنات
2025,1446,الرياض,متوسطة أضواء الهداية  العالمية,عالمي وأجنبي,المرحلة المتوسطة,بنين
2025,1446,الرياض,متوسطة أضواء الهداية العالمية,عالمي وأجنبي,المرحلة المتوسطة,بنات
2025,1446,الرياض,متوسطة الابتكارية / المسار المصري,عالمي وأجنبي,المرحلة المتوسطة,بنين
2025,1446,الرياض,متوسطة الابتكارية المسار المصري,عالمي وأجنبي,المرحلة المتوسطة,بنات
2025,1446,الرياض,متوسطة الابتكارية دبلوم امريكي اشبيليا,عالمي وأجنبي,المرحلة المتوسطة,بنات
2025,1446,الرياض,متوسطة الابتكارية دبلوم امريكي فرع اشبيليا,عالمي وأجنبي,المرحلة المتوسطة,بنين
2025,1446,الرياض,متوسطة الأثير الأهلية - برنامج دولي,عالمي وأجنبي,المرحلة المتوسطة,بنات
2025,1446,الرياض,متوسطة الأثير الأهلية - مسار مصري,عالمي وأجنبي,المرحلة المتوسطة,بنات
2025,1446,الرياض,متوسطة الأثيوبية العالمية,عالمي وأجنبي,المرحلة المتوسطة,بنين
2025,1446,الرياض,متوسطة الأرتيرية العالمية,عالمي وأجنبي,المرحلة المتوسطة,بنين
2025,1446,الرياض,متوسطة الآفاق العالمية,عالمي وأجنبي,المرحلة المتوسطة,بنات
2025,1446,الرياض,متوسطة الافق العالمية,عالمي وأجنبي,المرحلة المتوسطة,بنين
2025,1446,الرياض,متوسطة الأفق العالمية,عالمي وأجنبي,المرحلة المتوسطة,بنات
2025,1446,الرياض,متوسطة الألسن العالمية,عالمي وأجنبي,المرحلة المتوسطة,بنين
2025,1446,الرياض,متوسطة الالسن العالمية,عالمي وأجنبي,المرحلة المتوسطة,بنات
2025,1446,الرياض,متوسطة الالسن مسار مصري,عالمي وأجنبي,المرحلة المتوسطة,بنات
2025,1446,الرياض,متوسطة الألسن مسار مصري1,عالمي وأجنبي,المرحلة المتوسطة,بنين
2025,1446,الرياض,متوسطة الألف العالمية,عالمي وأجنبي,المرحلة المتوسطة,بنات
2025,1446,الرياض,متوسطة الألف العالمية *,عالمي وأجنبي,المرحلة المتوسطة,بنين
2025,1446,الرياض,متوسطة الألمانية العالمية,عالمي وأجنبي,المرحلة المتوسطة,بنين
2025,1446,الرياض,متوسطة الأماكن الثانية العالمية ( العزيزية)*,عالمي وأجنبي,المرحلة المتوسطة,بنات
2025,1446,الرياض,متوسطة الامجاد العالمية,عالمي وأجنبي,المرحلة المتوسطة,بنات
2025,1446,الرياض,متوسطة الأمجاد العالمية,عالمي وأجنبي,المرحلة المتوسطة,بنين
2025,1446,الرياض,متوسطة الأمريكية العالمية,عالمي وأجنبي,المرحلة المتوسطة,بنين
2025,1446,الرياض,متوسطة الأوائل الأهلية قسم الدبلوما الأمريكية,عالمي وأجنبي,المرحلة المتوسطة,بنات
2025,1446,الرياض,متوسطة الأوزون العالمية / أمريكي,عالمي وأجنبي,المرحلة المتوسطة,بنين
2025,1446,الرياض,"متوسطة الأوزون العالمية""",عالمي وأجنبي,المرحلة المتوسطة,بنات
2025,1446,الرياض,متوسطة الباكستانية العالمية,عالمي وأجنبي,المرحلة المتوسطة,بنين
2025,1446,الرياض,متوسطة الباكستانية العالمية / أردو,عالمي وأجنبي,المرحلة المتوسطة,بنين
2025,1446,الرياض,متوسطة البريطانية العالمية,عالمي وأجنبي,المرحلة المتوسطة,بنين
2025,1446,الرياض,متوسطة البريطانية العالمية (فرع حي السفارات),عالمي وأجنبي,المرحلة المتوسطة,بنين
2025,1446,الرياض,متوسطة البنجلاديشية العالمية,عالمي وأجنبي,المرحلة المتوسطة,بنين
2025,1446,الرياض,متوسطة البنجلاديشية العالمية / أردو,عالمي وأجنبي,المرحلة المتوسطة,بنين
2025,1446,الرياض,متوسطة التحدي الأولى العالمية,عالمي وأجنبي,المرحلة المتوسطة,بنات
2025,1446,الرياض,متوسطة التربية الإسلامية (دبلوم أمريكي),عالمي وأجنبي,المرحلة المتوسطة,بنات
2025,1446,الرياض,متوسطة التربية الاسلامية دبلوم أمريكي,عالمي وأجنبي,المرحلة المتوسطة,بنين
2025,1446,الرياض,متوسطة التربية العالمية,عالمي وأجنبي,المرحلة المتوسطة,بنات
2025,1446,الرياض,متوسطة التربية العالمية  (العارض),عالمي وأجنبي,المرحلة المتوسطة,بنين
2025,1446,الرياض,متوسطة التربية العالمية (العارض),عالمي وأجنبي,المرحلة المتوسطة,بنات
2025,1446,الرياض,متوسطة التربية العصرية العالمية,عالمي وأجنبي,المرحلة المتوسطة,بنات
2025,1446,الرياض,متوسطة التربية النموذجية - برنامج دولي - النزهة,عالمي وأجنبي,المرحلة المتوسطة,بنين
2025,1446,الرياض,متوسطة التربية النموذجية (القيروان) برنامج دولي,عالمي وأجنبي,المرحلة المتوسطة,بنات
2025,1446,الرياض,متوسطة التربية النموذجية الأهلية (قرطبة2) برنامج دولي,عالمي وأجنبي,المرحلة المتوسطة,بنين
2025,1446,الرياض,متوسطة التربية النموذجية الروابي برنامج دولي,عالمي وأجنبي,المرحلة المتوسطة,بنين
2025,1446,الرياض,متوسطة التربية النموذجية الروابي برنامج دولي,عالمي وأجنبي,المرحلة المتوسطة,بنات
2025,1446,الرياض,متوسطة التربية النموذجية القيروان برنامج دولي,عالمي وأجنبي,المرحلة المتوسطة,بنين
2025,1446,الرياض,متوسطة التربية النموذجية النزهة,عالمي وأجنبي,المرحلة المتوسطة,بنات
2025,1446,الرياض,متوسطة التربية النموذجيةقرطبة1 برنامج دولي,عالمي وأجنبي,المرحلة المتوسطة,بنات
2025,1446,الرياض,متوسطة التربية والمهارات العالمية,عالمي وأجنبي,المرحلة المتوسطة,بنات
2025,1446,الرياض,متوسطة التركية العالمية,عالمي وأجنبي,المرحلة المتوسطة,بنين
2025,1446,الرياض,متوسطة التضامن / المسار المصري,عالمي وأجنبي,المرحلة المتوسطة,بنين
2025,1446,الرياض,متوسطة التضامن العالمية,عالمي وأجنبي,المرحلة المتوسطة,بنين
2025,1446,الرياض,متوسطة التضامن العالميه,عالمي وأجنبي,المرحلة المتوسطة,بنات
2025,1446,الرياض,متوسطة التضامن مسار مصري,عالمي وأجنبي,المرحلة المتوسطة,بنات
2025,1446,الرياض,متوسطة التعلم الذكي الأهلية (برنامج دولي ),عالمي وأجنبي,المرحلة المتوسطة,بنين
2025,1446,الرياض,متوسطة التعلم الذكي برنامج دولي,عالمي وأجنبي,المرحلة المتوسطة,بنات
2025,1446,الرياض,متوسطة التعليم المتطور العالمية,عالمي وأجنبي,المرحلة المتوسطة,بنات
2025,1446,الرياض,متوسطة التعليم المتطور العالمية.,عالمي وأجنبي,المرحلة المتوسطة,بنين
2025,1446,الرياض,متوسطة الثقافة الرقمية برنامج دولي,عالمي وأجنبي,المرحلة المتوسطة,بنين
2025,1446,الرياض,متوسطة الثقافة الرقمية مسار دولي,عالمي وأجنبي,المرحلة المتوسطة,بنات
2025,1446,الرياض,متوسطة الجامعة التطبيقية العالمية,عالمي وأجنبي,المرحلة المتوسطة,بنين
2025,1446,الرياض,متوسطة الجامعة التطبيقية العالمية,عالمي وأجنبي,المرحلة المتوسطة,بنات
2025,1446,الرياض,متوسطة الجامعة الدولية,عالمي وأجنبي,المرحلة المتوسطة,بنين
2025,1446,الرياض,متوسطة الجامعة العالمية للبنات,عالمي وأجنبي,المرحلة المتوسطة,بنات
2025,1446,الرياض,متوسطة الجودة برنامج دولي,عالمي وأجنبي,المرحلة المتوسطة,بنين
2025,1446,الرياض,متوسطة الجودة برنامج دولي,عالمي وأجنبي,المرحلة المتوسطة,بنات
2025,1446,الرياض,متوسطة الجودة مسار مصري,عالمي وأجنبي,المرحلة المتوسطة,بنين
2025,1446,الرياض,متوسطة الجودة مسار مصري,عالمي وأجنبي,المرحلة المتوسطة,بنات
2025,1446,الرياض,متوسطة الجيل الأهلية - الدبلوما الأمريكية,عالمي وأجنبي,المرحلة المتوسطة,بنين
2025,1446,الرياض,متوسطة الجيل الجديد العالمية,عالمي وأجنبي,المرحلة المتوسطة,بنين
2025,1446,الرياض,متوسطة الجيل الجديد العالمية,عالمي وأجنبي,المرحلة المتوسطة,بنات
2025,1446,الرياض,متوسطة الحديثة العالمية,عالمي وأجنبي,المرحلة المتوسطة,بنين
2025,1446,الرياض,متوسطة الحديثة العالمية هندي,عالمي وأجنبي,المرحلة المتوسطة,بنات
2025,1446,الرياض,متوسطة الحصان العالمية-بريطاني,عالمي وأجنبي,المرحلة المتوسطة,بنات
2025,1446,الرياض,متوسطة الحصان العالمية بريطاني,عالمي وأجنبي,المرحلة المتوسطة,بنين
2025,1446,الرياض,متوسطة الحصان النموذجية العالمية,عالمي وأجنبي,المرحلة المتوسطة,بنين
2025,1446,الرياض,متوسطة الحصان النموذجية العالميــة,عالمي وأجنبي,المرحلة المتوسطة,بنات
2025,1446,الرياض,متوسطة الحياة المضيئة  ( قسم المسار المصري ),عالمي وأجنبي,المرحلة المتوسطة,بنات
2025,1446,الرياض,متوسطة الحياة المضيئة العالمية,عالمي وأجنبي,المرحلة المتوسطة,بنات
2025,1446,الرياض,متوسطة الدانة العالمية,عالمي وأجنبي,المرحلة المتوسطة,بنات
2025,1446,الرياض,متوسطة الدانة العالمية / فلبيني,عالمي وأجنبي,المرحلة المتوسطة,بنين
2025,1446,الرياض,متوسطة الراية دبلوم,عالمي وأجنبي,المرحلة المتوسطة,بنات
2025,1446,الرياض,متوسطة الرائد العالمية,عالمي وأجنبي,المرحلة المتوسطة,بنين
2025,1446,الرياض,متوسطة الرائد العالمية,عالمي وأجنبي,المرحلة المتوسطة,بنات
2025,1446,الرياض,متوسطة الرسالة العالمية,عالمي وأجنبي,المرحلة المتوسطة,بنين
2025,1446,الرياض,متوسطة الرسالة العالمية السليمانية,عالمي وأجنبي,المرحلة المتوسطة,بنات
2025,1446,الرياض,متوسطة الرسالة العالمية الوزارات,عالمي وأجنبي,المرحلة المتوسطة,بنات
2025,1446,الرياض,متوسطة الرسالة العالمية مسار مصري,عالمي وأجنبي,المرحلة المتوسطة,بنات
2025,1446,الرياض,متوسطة الرمال العالمية,عالمي وأجنبي,المرحلة المتوسطة,بنين
2025,1446,الرياض,متوسطة الرمال العالمية,عالمي وأجنبي,المرحلة المتوسطة,بنات
2025,1446,الرياض,متوسطة الرواد-فرع اشبيليا-مسار مصري,عالمي وأجنبي,المرحلة المتوسطة,بنات
2025,1446,الرياض,متوسطة الرواد الأهلية - اشبيليا - مسار مصري,عالمي وأجنبي,المرحلة المتوسطة,بنين
2025,1446,الرياض,متوسطة الرواد العالمية,عالمي وأجنبي,المرحلة المتوسطة,بنين
2025,1446,الرياض,متوسطة الرؤية الجديدة ( الوادي ),عالمي وأجنبي,المرحلة المتوسطة,بنات
2025,1446,الرياض,متوسطة الرؤية الجديدة ( الوادي),عالمي وأجنبي,المرحلة المتوسطة,بنين
2025,1446,الرياض,متوسطة الرؤية الجديدة العالمية,عالمي وأجنبي,المرحلة المتوسطة,بنات
2025,1446,الرياض,متوسطة الرؤية الجديدة العالميه (المنار),عالمي وأجنبي,المرحلة المتوسطة,بنين
2025,1446,الرياض,متوسطة الريادة التعليمية العالمية,عالمي وأجنبي,المرحلة المتوسطة,بنات
2025,1446,الرياض,متوسطة الريادة النموذجية دبلوما امريكي,عالمي وأجنبي,المرحلة المتوسطة,بنات
2025,1446,الرياض,متوسطة الرياض الأهلية (برنامج دولي),عالمي وأجنبي,المرحلة المتوسطة,بنات
2025,1446,الرياض,متوسطة الرياض العالمية (حطين),عالمي وأجنبي,المرحلة المتوسطة,بنين
2025,1446,الرياض,متوسطة الرياض العالمية (حطين),عالمي وأجنبي,المرحلة المتوسطة,بنات
2025,1446,الرياض,متوسطة الرياض دبلوم أمريكي,عالمي وأجنبي,المرحلة المتوسطة,بنين
2025,1446,الرياض,متوسطة الزمير العالمية - بنات,عالمي وأجنبي,المرحلة المتوسطة,بنات
2025,1446,الرياض,متوسطة السعودية (دبلومة امريكية ),عالمي وأجنبي,المرحلة المتوسطة,بنات
2025,1446,الرياض,متوسطة السعودية /دبلوم أمريكي,عالمي وأجنبي,المرحلة المتوسطة,بنين
2025,1446,الرياض,متوسطة السكب العالمية,عالمي وأجنبي,المرحلة المتوسطة,بنين
2025,1446,الرياض,متوسطة السكب العالمية,عالمي وأجنبي,المرحلة المتوسطة,بنات
2025,1446,الرياض,متوسطة السليمانية العالمية,عالمي وأجنبي,المرحلة المتوسطة,بنات
2025,1446,الرياض,متوسطة السليمانية العالمية / فرنسي,عالمي وأجنبي,المرحلة المتوسطة,بنين
2025,1446,الرياض,متوسطة السيرلانكية العالمية,عالمي وأجنبي,المرحلة المتوسطة,بنين
2025,1446,الرياض,متوسطة الشاملة العالمية,عالمي وأجنبي,المرحلة المتوسطة,بنين
2025,1446,الرياض,متوسطة الشاملة العالمية,عالمي وأجنبي,المرحلة المتوسطة,بنات
2025,1446,الرياض,متوسطة الشرق الأوسط الجديدة العالمية / الهندي,عالمي وأجنبي,المرحلة المتوسطة,بنين
2025,1446,الرياض,متوسطة الشرق الاوسط الجديدة العالمية / هندي,عالمي وأجنبي,المرحلة المتوسطة,بنات
2025,1446,الرياض,متوسطة الشرق الأوسط الحديثة  العالمية / هندي,عالمي وأجنبي,المرحلة المتوسطة,بنين
2025,1446,الرياض,متوسطة الشرق الاوسط الحديثة العالمية / هندي,عالمي وأجنبي,المرحلة المتوسطة,بنات
2025,1446,الرياض,متوسطة الشرق الاوسط العالمية,عالمي وأجنبي,المرحلة المتوسطة,بنات
2025,1446,الرياض,متوسطة الشرق الأوسط العالمية / بريطاني,عالمي وأجنبي,المرحلة المتوسطة,بنين
2025,1446,الرياض,متوسطة الشرق الاوسط العالمية اشبيليا,عالمي وأجنبي,المرحلة المتوسطة,بنين
2025,1446,الرياض,متوسطة الشرق الاوسط العالمية اشبيليا,عالمي وأجنبي,المرحلة المتوسطة,بنات
2025,1446,الرياض,متوسطة الصحافة العالمية,عالمي وأجنبي,المرحلة المتوسطة,بنات
2025,1446,الرياض,متوسطة الصقر العالمية,عالمي وأجنبي,المرحلة المتوسطة,بنات
2025,1446,الرياض,متوسطة الصقر العالمية / امريكي,عالمي وأجنبي,المرحلة المتوسطة,بنين
2025,1446,الرياض,متوسطة العرب العالمية الوشم,عالمي وأجنبي,المرحلة المتوسطة,بنين
2025,1446,الرياض,متوسطة العرب الوشم العالمية,عالمي وأجنبي,المرحلة المتوسطة,بنات
2025,1446,الرياض,متوسطة العروبة العالمية,عالمي وأجنبي,المرحلة المتوسطة,بنين
2025,1446,الرياض,متوسطة العروبة العالمية,عالمي وأجنبي,المرحلة المتوسطة,بنات
2025,1446,الرياض,متوسطة العلم العالمية,عالمي وأجنبي,المرحلة المتوسطة,بنات
2025,1446,الرياض,متوسطة العلم العالمية / أمريكي,عالمي وأجنبي,المرحلة المتوسطة,بنين
2025,1446,الرياض,متوسطة العلمين العالمية,عالمي وأجنبي,المرحلة المتوسطة,بنين
2025,1446,الرياض,متوسطة العلمين العالمية,عالمي وأجنبي,المرحلة المتوسطة,بنات
2025,1446,الرياض,متوسطة العليا الاهلية دبلوما امريكي,عالمي وأجنبي,المرحلة المتوسطة,بنين
2025,1446,الرياض,متوسطة العليا العالمية,عالمي وأجنبي,المرحلة المتوسطة,بنات
2025,1446,الرياض,متوسطة العليا العالمية /هندي,عالمي وأجنبي,المرحلة المتوسطة,بنين
2025,1446,الرياض,متوسطة العليا دبلوما امريكي,عالمي وأجنبي,المرحلة المتوسطة,بنات
2025,1446,الرياض,متوسطة الغينية العالمية,عالمي وأجنبي,المرحلة المتوسطة,بنين
2025,1446,الرياض,متوسطة الفارابي العالمية / أمريكي,عالمي وأجنبي,المرحلة المتوسطة,بنين
2025,1446,الرياض,متوسطة الفارابي العالمية/ أمريكي,عالمي وأجنبي,المرحلة المتوسطة,بنات
2025,1446,الرياض,متوسطة الفارس العالمية,عالمي وأجنبي,المرحلة المتوسطة,بنين
2025,1446,الرياض,متوسطة الفارس العالمية,عالمي وأجنبي,المرحلة المتوسطة,بنات
2025,1446,الرياض,متوسطة الفانوس العالمية,عالمي وأجنبي,المرحلة المتوسطة,بنات
2025,1446,الرياض,متوسطة الفانوس العالمية قسم البنين,عالمي وأجنبي,المرحلة المتوسطة,بنين
2025,1446,الرياض,متوسطة الفرسان العالمية,عالمي وأجنبي,المرحلة المتوسطة,بنات
2025,1446,الرياض,متوسطة الفرسان العالمية / أمريكي,عالمي وأجنبي,المرحلة المتوسطة,بنين
2025,1446,الرياض,متوسطة الفرسان العالمية الثالثة,عالمي وأجنبي,المرحلة المتوسطة,بنين
2025,1446,الرياض,متوسطة الفرسان العالمية الثالثة,عالمي وأجنبي,المرحلة المتوسطة,بنات
2025,1446,الرياض,متوسطة الفرنسية العالمية,عالمي وأجنبي,المرحلة المتوسطة,بنين
2025,1446,الرياض,متوسطة الفلبينية الأولى العالمية,عالمي وأجنبي,المرحلة المتوسطة,بنين
2025,1446,الرياض,متوسطة الفلبينية العالمية الثانية,عالمي وأجنبي,المرحلة المتوسطة,بنين
2025,1446,الرياض,متوسطة القيادة العالمية,عالمي وأجنبي,المرحلة المتوسطة,بنين
2025,1446,الرياض,متوسطة القيادة العالمية,عالمي وأجنبي,المرحلة المتوسطة,بنات
2025,1446,الرياض,متوسطة المتقدمة ( برنامج دولي امريكي )- العقيق -,عالمي وأجنبي,المرحلة المتوسطة,بنات
2025,1446,الرياض,متوسطة المتقدمة / دبلوم أمريكي,عالمي وأجنبي,المرحلة المتوسطة,بنين
2025,1446,الرياض,متوسطة المتقدمة العالمية - النرجس (بنين),عالمي وأجنبي,المرحلة المتوسطة,بنين
2025,1446,الرياض,متوسطة المتقدمة العالمية - النزهة,عالمي وأجنبي,المرحلة المتوسطة,بنين
2025,1446,الرياض,متوسطة المتقدمة العالمية - النزهة,عالمي وأجنبي,المرحلة المتوسطة,بنات
2025,1446,الرياض,متوسطة المتقدمة العالمية - النهضة,عالمي وأجنبي,المرحلة المتوسطة,بنين
2025,1446,الرياض,متوسطة المتقدمة العالمية -النهضة,عالمي وأجنبي,المرحلة المتوسطة,بنات
2025,1446,الرياض,متوسطة المتقدمة العالمية المصيف,عالمي وأجنبي,المرحلة المتوسطة,بنات
2025,1446,الرياض,متوسطة المتقدمة العالمية الملقا2,عالمي وأجنبي,المرحلة المتوسطة,بنات
2025,1446,الرياض,متوسطة المتقدمة العالمية فرع النرجس,عالمي وأجنبي,المرحلة المتوسطة,بنات
2025,1446,الرياض,متوسطة المجد الأهلية فرع نمار برنامج دولي,عالمي وأجنبي,المرحلة المتوسطة,بنين
2025,1446,الرياض,متوسطة المجد برنامج دولي,عالمي وأجنبي,المرحلة المتوسطة,بنات
2025,1446,الرياض,متوسطة المدرسة الهندية العالمية,عالمي وأجنبي,المرحلة المتوسطة,بنين
2025,1446,الرياض,متوسطة المدينة الإكاديمية المسار الفرنسي,عالمي وأجنبي,المرحلة المتوسطة,بنات
2025,1446,الرياض,متوسطة المدينة الأكاديمية برنامج دولي,عالمي وأجنبي,المرحلة المتوسطة,بنين
2025,1446,الرياض,متوسطة المدينة الأكاديمية برنامج دولي,عالمي وأجنبي,المرحلة المتوسطة,بنات
2025,1446,الرياض,متوسطة المدينة الأكاديمية برنامج فرنسي,عالمي وأجنبي,المرحلة المتوسطة,بنين
2025,1446,الرياض,متوسطة المدينة العالمية,عالمي وأجنبي,المرحلة المتوسطة,بنات
2025,1446,الرياض,متوسطة المسار العالمية,عالمي وأجنبي,المرحلة المتوسطة,بنين
2025,1446,الرياض,متوسطة المسار العالمية,عالمي وأجنبي,المرحلة المتوسطة,بنات
2025,1446,الرياض,متوسطة المطورون العالمية,عالمي وأجنبي,المرحلة المتوسطة,بنات
2025,1446,الرياض,متوسطة المطورون العالميه,عالمي وأجنبي,المرحلة المتوسطة,بنين
2025,1446,الرياض,متوسطة المطورون دبلوما امريكي,عالمي وأجنبي,المرحلة المتوسطة,بنين
2025,1446,الرياض,متوسطة المعرفة المتجددة الاهلية برنامج دولي,عالمي وأجنبي,المرحلة المتوسطة,بنين
2025,1446,الرياض,متوسطة المعرفة المتجددة دبلوما امريكي,عالمي وأجنبي,المرحلة المتوسطة,بنات
2025,1446,الرياض,متوسطة الملك فيصل العالمية,عالمي وأجنبي,المرحلة المتوسطة,بنين
2025,1446,الرياض,متوسطة الملك فيصل العالمية,عالمي وأجنبي,المرحلة المتوسطة,بنات
2025,1446,الرياض,متوسطة المملكة العالمية,عالمي وأجنبي,المرحلة المتوسطة,بنات
2025,1446,الرياض,متوسطة المملكة العالمية / امريكي,عالمي وأجنبي,المرحلة المتوسطة,بنين
2025,1446,الرياض,متوسطة المنهاج / المسار المصري,عالمي وأجنبي,المرحلة المتوسطة,بنين
2025,1446,الرياض,متوسطة المنهاج مسار مصري,عالمي وأجنبي,المرحلة المتوسطة,بنات
2025,1446,الرياض,متوسطة المنهل التعاون برنامج دولي,عالمي وأجنبي,المرحلة المتوسطة,بنات
2025,1446,الرياض,متوسطة المنهل المربع برنامج دولي,عالمي وأجنبي,المرحلة المتوسطة,بنات
2025,1446,الرياض,متوسطة المنهل دبلوم أمريكي المربع,عالمي وأجنبي,المرحلة المتوسطة,بنين
2025,1446,الرياض,متوسطة المنهل/ دبلوم امريكي - التعاون,عالمي وأجنبي,المرحلة المتوسطة,بنين
2025,1446,الرياض,متوسطة النبلاء الاهلية -مسار مصري,عالمي وأجنبي,المرحلة المتوسطة,بنين
2025,1446,الرياض,متوسطة النخبة العالمية,عالمي وأجنبي,المرحلة المتوسطة,بنين
2025,1446,الرياض,متوسطة النخبة العالمية - فلبيني -,عالمي وأجنبي,المرحلة المتوسطة,بنات
2025,1446,الرياض,متوسطة النصر  العالمية,عالمي وأجنبي,المرحلة المتوسطة,بنين
2025,1446,الرياض,متوسطة النصر العالميه,عالمي وأجنبي,المرحلة المتوسطة,بنات
2025,1446,الرياض,متوسطة النهضة العالمية,عالمي وأجنبي,المرحلة المتوسطة,بنين
2025,1446,الرياض,متوسطة النهضة العالمية,عالمي وأجنبي,المرحلة المتوسطة,بنات
2025,1446,الرياض,متوسطة النور العالمية,عالمي وأجنبي,المرحلة المتوسطة,بنين
2025,1446,الرياض,متوسطة النور العالمية,عالمي وأجنبي,المرحلة المتوسطة,بنات
2025,1446,الرياض,متوسطة الهدى الاهلية -مسار مصري,عالمي وأجنبي,المرحلة المتوسطة,بنين
2025,1446,الرياض,متوسطة الهندية العالمية,عالمي وأجنبي,المرحلة المتوسطة,بنين
2025,1446,الرياض,متوسطة الهندية العالمية / العامه,عالمي وأجنبي,المرحلة المتوسطة,بنين
2025,1446,الرياض,متوسطة الهندية العالمية بالمجمعة,عالمي وأجنبي,المرحلة المتوسطة,بنات
2025,1446,الرياض,متوسطة الياسمين العالمية,عالمي وأجنبي,المرحلة المتوسطة,بنات
2025,1446,الرياض,متوسطة الياسمين العالمية /هندي,عالمي وأجنبي,المرحلة المتوسطة,بنين
2025,1446,الرياض,متوسطة الينبوع العالميه فرنسي ملحقة,عالمي وأجنبي,المرحلة المتوسطة,بنات
2025,1446,الرياض,متوسطة أمجاد قرطبة - دبلوما,عالمي وأجنبي,المرحلة المتوسطة,بنين
2025,1446,الرياض,متوسطة امجاد قرطبة برنامج دولي,عالمي وأجنبي,المرحلة المتوسطة,بنات
2025,1446,الرياض,متوسطة أمنية العلوم (مصري),عالمي وأجنبي,المرحلة المتوسطة,بنات
2025,1446,الرياض,متوسطة أنوار التعليم العالمية*,عالمي وأجنبي,المرحلة المتوسطة,بنات
2025,1446,الرياض,متوسطة أنوار المجد     العالمية,عالمي وأجنبي,المرحلة المتوسطة,بنين
2025,1446,الرياض,متوسطة أنوار المجد العالمية,عالمي وأجنبي,المرحلة المتوسطة,بنات
2025,1446,الرياض,متوسطة بوابة العلم العالمية,عالمي وأجنبي,المرحلة المتوسطة,بنين
2025,1446,الرياض,متوسطة بوابة العلم العالمية-الروضة,عالمي وأجنبي,المرحلة المتوسطة,بنات
2025,1446,الرياض,متوسطة بيتشهول الرياض,عالمي وأجنبي,المرحلة المتوسطة,بنات
2025,1446,الرياض,متوسطة بيتشهول الرياض العالمية,عالمي وأجنبي,المرحلة المتوسطة,بنين
2025,1446,الرياض,متوسطة تاج الرباض العالمية,عالمي وأجنبي,المرحلة المتوسطة,بنات
2025,1446,الرياض,متوسطة تاج الرياض العالمية,عالمي وأجنبي,المرحلة المتوسطة,بنين
2025,1446,الرياض,متوسطة جاد العالمية*(أمريكي),عالمي وأجنبي,المرحلة المتوسطة,بنات
2025,1446,الرياض,متوسطة جسور المعرفة العالمية,عالمي وأجنبي,المرحلة المتوسطة,بنات
2025,1446,الرياض,متوسطة جنى دان العالمية *,عالمي وأجنبي,المرحلة المتوسطة,بنات
2025,1446,الرياض,متوسطة جواهر الرياض العالمية,عالمي وأجنبي,المرحلة المتوسطة,بنين
2025,1446,الرياض,متوسطة جواهر الرياض العالمية- مسار السوداني,عالمي وأجنبي,المرحلة المتوسطة,بنين
2025,1446,الرياض,متوسطة جواهر الرياض العالمية الثالثة,عالمي وأجنبي,المرحلة المتوسطة,بنات
2025,1446,الرياض,متوسطة جواهر الرياض العالمية الثالثة مسار سوداني,عالمي وأجنبي,المرحلة المتوسطة,بنات
2025,1446,الرياض,متوسطة جواهر الرياض العالمية الثانية,عالمي وأجنبي,المرحلة المتوسطة,بنات
2025,1446,الرياض,متوسطة جواهر الرياض العالمية الثانية / أمريكي,عالمي وأجنبي,المرحلة المتوسطة,بنين
2025,1446,الرياض,متوسطة جيل المجد العالمية,عالمي وأجنبي,المرحلة المتوسطة,بنات
2025,1446,الرياض,متوسطة جيل المستقبل العالمية,عالمي وأجنبي,المرحلة المتوسطة,بنات
2025,1446,الرياض,متوسطة جيل المستقبل العالمية / فلبيني,عالمي وأجنبي,المرحلة المتوسطة,بنين
2025,1446,الرياض,متوسطة خالد العالمية,عالمي وأجنبي,المرحلة المتوسطة,بنين
2025,1446,الرياض,متوسطة خالد العالمية,عالمي وأجنبي,المرحلة المتوسطة,بنات
2025,1446,الرياض,متوسطة خط العلم العالمية,عالمي وأجنبي,المرحلة المتوسطة,بنات
2025,1446,الرياض,متوسطة دار  الحكمة العالمية,عالمي وأجنبي,المرحلة المتوسطة,بنين
2025,1446,الرياض,متوسطة دار  العلوم  العالمية,عالمي وأجنبي,المرحلة المتوسطة,بنات
2025,1446,الرياض,متوسطة دار البراءة دبلوما امريكي,عالمي وأجنبي,المرحلة المتوسطة,بنات
2025,1446,الرياض,متوسطة دار البراءه دبلوما امريكي,عالمي وأجنبي,المرحلة المتوسطة,بنين
2025,1446,الرياض,متوسطة دار الحكمة العالميه,عالمي وأجنبي,المرحلة المتوسطة,بنات
2025,1446,الرياض,متوسطة دار السلام الاهلية برنامج دولي,عالمي وأجنبي,المرحلة المتوسطة,بنات
2025,1446,الرياض,متوسطة دار السلام برنامج دولي,عالمي وأجنبي,المرحلة المتوسطة,بنين
2025,1446,الرياض,متوسطة دار الصفوة الأهلية - مسار مصري,عالمي وأجنبي,المرحلة المتوسطة,بنين
2025,1446,الرياض,متوسطة دار الصفوة الأهلية -مسار مصري -,عالمي وأجنبي,المرحلة المتوسطة,بنات
2025,1446,الرياض,متوسطة دار العلوم العالمية,عالمي وأجنبي,المرحلة المتوسطة,بنين
2025,1446,الرياض,متوسطة دار اللغات العالمية,عالمي وأجنبي,المرحلة المتوسطة,بنات
2025,1446,الرياض,متوسطة دارة السلام العالمية,عالمي وأجنبي,المرحلة المتوسطة,بنات
2025,1446,الرياض,متوسطة دارة السلام العالمية / هندي,عالمي وأجنبي,المرحلة المتوسطة,بنين
2025,1446,الرياض,متوسطة داون هاوس العالمية),عالمي وأجنبي,المرحلة المتوسطة,بنات
2025,1446,الرياض,متوسطة دريم العالمية,عالمي وأجنبي,المرحلة المتوسطة,بنات
2025,1446,الرياض,متوسطة دلتا العالمية,عالمي وأجنبي,المرحلة المتوسطة,بنات
2025,1446,الرياض,متوسطة دلتا العالمية / أمريكي,عالمي وأجنبي,المرحلة المتوسطة,بنين
2025,1446,الرياض,متوسطة دلتا مسار مصري,عالمي وأجنبي,المرحلة المتوسطة,بنين
2025,1446,الرياض,متوسطة دلتا مسار مصري,عالمي وأجنبي,المرحلة المتوسطة,بنات
2025,1446,الرياض,متوسطة دنيا الأجيال العالمية,عالمي وأجنبي,المرحلة المتوسطة,بنات
2025,1446,الرياض,متوسطة دنيا الاجيال العالمية بنين,عالمي وأجنبي,المرحلة المتوسطة,بنين
2025,1446,الرياض,متوسطة دوم العالمية,عالمي وأجنبي,المرحلة المتوسطة,بنين
2025,1446,الرياض,متوسطة دوم العالمية الملقا,عالمي وأجنبي,المرحلة المتوسطة,بنين
2025,1446,الرياض,متوسطة دوم العالمية الملقا,عالمي وأجنبي,المرحلة المتوسطة,بنات
2025,1446,الرياض,متوسطة دوم العالمية( المصيف ),عالمي وأجنبي,المرحلة المتوسطة,بنات
2025,1446,الرياض,متوسطة دينا العالمية,عالمي وأجنبي,المرحلة المتوسطة,بنات
2025,1446,الرياض,متوسطة دينا العالمية / فرنسي,عالمي وأجنبي,المرحلة المتوسطة,بنين
2025,1446,الرياض,متوسطة رحاب المعرفة دبلوما امريكي,عالمي وأجنبي,المرحلة المتوسطة,بنين
2025,1446,الرياض,متوسطة رحاب المعرفة دبلوما امريكي,عالمي وأجنبي,المرحلة المتوسطة,بنات
2025,1446,الرياض,متوسطة رحاب المعرفة مسار مصري,عالمي وأجنبي,المرحلة المتوسطة,بنين
2025,1446,الرياض,متوسطة رحاب المعرفة مسار مصري,عالمي وأجنبي,المرحلة المتوسطة,بنات
2025,1446,الرياض,متوسطة رسالة الهدى العالمية,عالمي وأجنبي,المرحلة المتوسطة,بنين
2025,1446,الرياض,متوسطة رواد الارشاد العالمية,عالمي وأجنبي,المرحلة المتوسطة,بنات
2025,1446,الرياض,متوسطة رواد التجديد  العالمية,عالمي وأجنبي,المرحلة المتوسطة,بنات
2025,1446,الرياض,متوسطة رواد التجديد العالميه,عالمي وأجنبي,المرحلة المتوسطة,بنين
2025,1446,الرياض,متوسطة رواد الجامعة مسار بريطاني,عالمي وأجنبي,المرحلة المتوسطة,بنين
2025,1446,الرياض,متوسطة رواد الجامعة مسار بريطاني,عالمي وأجنبي,المرحلة المتوسطة,بنات
2025,1446,الرياض,متوسطة رواد الخليج العالمية,عالمي وأجنبي,المرحلة المتوسطة,بنين
2025,1446,الرياض,متوسطة رواد الخليج العالمية المغرزات,عالمي وأجنبي,المرحلة المتوسطة,بنات
2025,1446,الرياض,متوسطة رواد بلوم العالمية,عالمي وأجنبي,المرحلة المتوسطة,بنات
2025,1446,الرياض,متوسطة رواد بلوم العالمية بنين,عالمي وأجنبي,المرحلة المتوسطة,بنين
2025,1446,الرياض,متوسطة رواد بلوم المسار المصري,عالمي وأجنبي,المرحلة المتوسطة,بنات
2025,1446,الرياض,متوسطة رويالي العالمية,عالمي وأجنبي,المرحلة المتوسطة,بنات
2025,1446,الرياض,متوسطة رؤية المجتمع العالمية,عالمي وأجنبي,المرحلة المتوسطة,بنات
2025,1446,الرياض,متوسطة رياض نجد (برنامج دولي ),عالمي وأجنبي,المرحلة المتوسطة,بنات
2025,1446,الرياض,متوسطة رياض نجد العالمية / دبلوم أمريكي,عالمي وأجنبي,المرحلة المتوسطة,بنين
2025,1446,الرياض,متوسطة ريجات جرمر  العالمية,عالمي وأجنبي,المرحلة المتوسطة,بنين
2025,1446,الرياض,متوسطة ريجات جرمر  العالمية,عالمي وأجنبي,المرحلة المتوسطة,بنات
2025,1446,الرياض,متوسطة ريما العالمية,عالمي وأجنبي,المرحلة المتوسطة,بنين
2025,1446,الرياض,متوسطة ريما العالمية الثانية*,عالمي وأجنبي,المرحلة المتوسطة,بنات
2025,1446,الرياض,متوسطة ريما العالميه*,عالمي وأجنبي,المرحلة المتوسطة,بنات
2025,1446,الرياض,متوسطة سعود العالمية,عالمي وأجنبي,المرحلة المتوسطة,بنين
2025,1446,الرياض,متوسطة سعود العالمية,عالمي وأجنبي,المرحلة المتوسطة,بنات
2025,1446,الرياض,متوسطة سما الرياض العالمية,عالمي وأجنبي,المرحلة المتوسطة,بنات
2025,1446,الرياض,متوسطة شبه الجزيرة - مسار سوداني -,عالمي وأجنبي,المرحلة المتوسطة,بنين
2025,1446,الرياض,متوسطة شبه الجزيرة - مسار سوداني -,عالمي وأجنبي,المرحلة المتوسطة,بنات
2025,1446,الرياض,متوسطة شركة الرواد العالمية,عالمي وأجنبي,المرحلة المتوسطة,بنات
2025,1446,الرياض,متوسطة شروق الشمس العالمية,عالمي وأجنبي,المرحلة المتوسطة,بنين
2025,1446,الرياض,متوسطة شروق الشمس العالمية,عالمي وأجنبي,المرحلة المتوسطة,بنات
2025,1446,الرياض,متوسطة شعاع العليا العالمية,عالمي وأجنبي,المرحلة المتوسطة,بنين
2025,1446,الرياض,متوسطة صناع العلم العالمية,عالمي وأجنبي,المرحلة المتوسطة,بنات
2025,1446,الرياض,متوسطة صنوان العالمية,عالمي وأجنبي,المرحلة المتوسطة,بنين
2025,1446,الرياض,متوسطة صنوان العالمية-,عالمي وأجنبي,المرحلة المتوسطة,بنات
2025,1446,الرياض,متوسطة طلائع النور العالمية,عالمي وأجنبي,المرحلة المتوسطة,بنين
2025,1446,الرياض,متوسطة طلائع النور العالمية,عالمي وأجنبي,المرحلة المتوسطة,بنات
2025,1446,الرياض,متوسطة عبدالعزيز العالمية (الوادي) سابس,عالمي وأجنبي,المرحلة المتوسطة,بنين
2025,1446,الرياض,متوسطة عبدالعزيز العالمية (الوادي) سابس,عالمي وأجنبي,المرحلة المتوسطة,بنات
2025,1446,الرياض,متوسطة عبدالعزيز العالمية (سابس),عالمي وأجنبي,المرحلة المتوسطة,بنين
2025,1446,الرياض,متوسطة عبدالعزيز العالمية / سابس,عالمي وأجنبي,المرحلة المتوسطة,بنات
2025,1446,الرياض,متوسطة عصر التربية العالمية -الشفا*,عالمي وأجنبي,المرحلة المتوسطة,بنات
2025,1446,الرياض,متوسطة غانا العالمية,عالمي وأجنبي,المرحلة المتوسطة,بنين
2025,1446,الرياض,متوسطة قلعة العلم  العالمية,عالمي وأجنبي,المرحلة المتوسطة,بنات
2025,1446,الرياض,متوسطة قلعة العلم العالمية,عالمي وأجنبي,المرحلة المتوسطة,بنين
2025,1446,الرياض,متوسطة قمم الحياة العالمية,عالمي وأجنبي,المرحلة المتوسطة,بنين
2025,1446,الرياض,متوسطة قمم الحياة العالمية,عالمي وأجنبي,المرحلة المتوسطة,بنات
2025,1446,الرياض,متوسطة قوس قزح العالمية,عالمي وأجنبي,المرحلة المتوسطة,بنين
2025,1446,الرياض,متوسطة قوس قزح العالمية,عالمي وأجنبي,المرحلة المتوسطة,بنات
2025,1446,الرياض,متوسطة كاف النموذجية العالمية,عالمي وأجنبي,المرحلة المتوسطة,بنات
2025,1446,الرياض,متوسطة كواكب العالمية,عالمي وأجنبي,المرحلة المتوسطة,بنين
2025,1446,الرياض,متوسطة كواكب العالمية,عالمي وأجنبي,المرحلة المتوسطة,بنات
2025,1446,الرياض,متوسطة كون العالمية,عالمي وأجنبي,المرحلة المتوسطة,بنات
2025,1446,الرياض,متوسطة للترحيل,عالمي وأجنبي,المرحلة المتوسطة,بنات
2025,1446,الرياض,متوسطة ماسة العلم العالمية,عالمي وأجنبي,المرحلة المتوسطة,بنات
2025,1446,الرياض,متوسطة مدينة العلوم العالمية,عالمي وأجنبي,المرحلة المتوسطة,بنين
2025,1446,الرياض,متوسطة مدينة العلوم العالمية,عالمي وأجنبي,المرحلة المتوسطة,بنات
2025,1446,الرياض,متوسطة مستقبل القادة العالمية,عالمي وأجنبي,المرحلة المتوسطة,بنات
2025,1446,الرياض,متوسطة مستقبل القادة العالمية مسار مصري,عالمي وأجنبي,المرحلة المتوسطة,بنات
2025,1446,الرياض,متوسطة مسك العالمية,عالمي وأجنبي,المرحلة المتوسطة,بنين
2025,1446,الرياض,متوسطة مسك العالمية,عالمي وأجنبي,المرحلة المتوسطة,بنات
2025,1446,الرياض,متوسطة منار الشمس العالمية,عالمي وأجنبي,المرحلة المتوسطة,بنات
2025,1446,الرياض,متوسطة منار الشمس العالمية / امريكي,عالمي وأجنبي,المرحلة المتوسطة,بنين
2025,1446,الرياض,متوسطة منار الشمس العالمية الملز,عالمي وأجنبي,المرحلة المتوسطة,بنات
2025,1446,الرياض,متوسطة منار الشمس العالمية جرير,عالمي وأجنبي,المرحلة المتوسطة,بنين
2025,1446,الرياض,متوسطة منار الشمس الملز مسار مصري,عالمي وأجنبي,المرحلة المتوسطة,بنات
2025,1446,الرياض,متوسطة منار الشمس مسار مصري الملز,عالمي وأجنبي,المرحلة المتوسطة,بنين
2025,1446,الرياض,متوسطة منارات الرياض العالمية,عالمي وأجنبي,المرحلة المتوسطة,بنات
2025,1446,الرياض,متوسطة منارات الرياض العالمية / أمريكي,عالمي وأجنبي,المرحلة المتوسطة,بنين
2025,1446,الرياض,متوسطة موسوعة العلوم الأهلية - دبلوما,عالمي وأجنبي,المرحلة المتوسطة,بنات
2025,1446,الرياض,متوسطة مياس العالمية ملحقة,عالمي وأجنبي,المرحلة المتوسطة,بنات
2025,1446,الرياض,متوسطة مينا التعليم العالمية,عالمي وأجنبي,المرحلة المتوسطة,بنين
2025,1446,الرياض,متوسطة مينا للتعليم العالمية -قرطبة,عالمي وأجنبي,المرحلة المتوسطة,بنات
2025,1446,الرياض,متوسطة نافذة المستقبل العالمية,عالمي وأجنبي,المرحلة المتوسطة,بنين
2025,1446,الرياض,متوسطة نافذة المستقبل العالمية,عالمي وأجنبي,المرحلة المتوسطة,بنات
2025,1446,الرياض,متوسطة نافذة النجاح العالمية,عالمي وأجنبي,المرحلة المتوسطة,بنات
2025,1446,الرياض,متوسطة نافذة النجاح العالمية *,عالمي وأجنبي,المرحلة المتوسطة,بنين
2025,1446,الرياض,متوسطة نجد الأهلية / (برنامج دولي),عالمي وأجنبي,المرحلة المتوسطة,بنين
2025,1446,الرياض,متوسطة نجد الأهلية / برنامج دولي,عالمي وأجنبي,المرحلة المتوسطة,بنات
2025,1446,الرياض,متوسطة نجمة الألفية العالمية,عالمي وأجنبي,المرحلة المتوسطة,بنات
2025,1446,الرياض,متوسطة نخبة المستقبل العالمية,عالمي وأجنبي,المرحلة المتوسطة,بنات
2025,1446,الرياض,متوسطة نوابغ الرياض العالمية*,عالمي وأجنبي,المرحلة المتوسطة,بنات
2025,1446,الرياض,متوسطة نوابغ العلم العالمية,عالمي وأجنبي,المرحلة المتوسطة,بنات
2025,1446,الرياض,متوسطة نور المعارف العالمية,عالمي وأجنبي,المرحلة المتوسطة,بنات
2025,1446,الرياض,متوسطة نور المعارف العالمية / أمريكي,عالمي وأجنبي,المرحلة المتوسطة,بنين
2025,1446,الرياض,متوسطة نيار الاهليه مسار دولي,عالمي وأجنبي,المرحلة المتوسطة,بنات
2025,1446,الرياض,متوسطة نيار التعليمي دبلوما امريكي,عالمي وأجنبي,المرحلة المتوسطة,بنين
2025,1446,الرياض,متوسطة واحة الالسن العالمية,عالمي وأجنبي,المرحلة المتوسطة,بنين
2025,1446,الرياض,متوسطة واحة الالسن العالمية,عالمي وأجنبي,المرحلة المتوسطة,بنات
2025,1446,الرياض,متوسطة واحة العلم العالمية- النفل,عالمي وأجنبي,المرحلة المتوسطة,بنات
2025,1446,الرياض,متوسطة واحة العلم العالمية -العليا,عالمي وأجنبي,المرحلة المتوسطة,بنات
2025,1446,الرياض,متوسطة واحة النخيل العالمية,عالمي وأجنبي,المرحلة المتوسطة,بنين
2025,1446,الرياض,متوسطة واحة النخيل العالمية(فلبيني),عالمي وأجنبي,المرحلة المتوسطة,بنات
2025,1446,الرياض,متوسطة وان وورلد انترناشيونال سكول,عالمي وأجنبي,المرحلة المتوسطة,بنات
2025,1446,الرياض,متوسطة يارا العالمية,عالمي وأجنبي,المرحلة المتوسطة,بنين
2025,1446,الرياض,متوسطة يارا العالمية - المنهج الهندي,عالمي وأجنبي,المرحلة المتوسطة,بنات
2025,1446,الرياض,مدرسة ابتدائية الفانوس العالمية,عالمي وأجنبي,المرحلة الإبتدائية,بنين
2025,1446,مكة المكرمة,ابتدائية أجيال الوفاء الاهليه - المسار الدولي,عالمي وأجنبي,المرحلة الإبتدائية,بنات
2025,1446,مكة المكرمة,ابتدائية اقرأ الأهلية (القسم الباكستاني),عالمي وأجنبي,المرحلة الإبتدائية,بنات
2025,1446,مكة المكرمة,ابتدائية اقرأ الباكستانية النزهة,عالمي وأجنبي,المرحلة الإبتدائية,بنين
2025,1446,مكة المكرمة,إبتدائية البتول الأهلية ( القسم البريطاني ),عالمي وأجنبي,المرحلة الإبتدائية,بنات
2025,1446,مكة المكرمة,ابتدائية البتول الأهلية (القسم الأمريكي) حي الفيحاء,عالمي وأجنبي,المرحلة الإبتدائية,بنات
2025,1446,مكة المكرمة,ابتدائية البتول الدولية بمكة المكرمة (القسم الأمريكي) فرع الخالدية2,عالمي وأجنبي,المرحلة الإبتدائية,بنات
2025,1446,مكة المكرمة,ابتدائية البتول الدولية فرع الخالدية 1,عالمي وأجنبي,المرحلة الإبتدائية,بنات
2025,1446,مكة المكرمة,ابتدائية البرهان ( منهج دولي ),عالمي وأجنبي,المرحلة الإبتدائية,بنات
2025,1446,مكة المكرمة,ابتدائية العلم النافع ( المسار المصري ),عالمي وأجنبي,المرحلة الإبتدائية,بنين
2025,1446,مكة المكرمة,ابتدائية العلم النافع الأهلية (القسم المصري),عالمي وأجنبي,المرحلة الإبتدائية,بنات
2025,1446,مكة المكرمة,ابتدائية الفرسان المكية - تعليم عام دوبلوما أمريكي,عالمي وأجنبي,المرحلة الإبتدائية,بنين
2025,1446,مكة المكرمة,ابتدائية الفرقان الاهلية (المنهج الامريكي),عالمي وأجنبي,المرحلة الإبتدائية,بنين
2025,1446,مكة المكرمة,ابتدائية الفضل بن العباس  ( المسار المصري ),عالمي وأجنبي,المرحلة الإبتدائية,بنين
2025,1446,مكة المكرمة,ابتدائية المدارس الانجليزية العالمية,عالمي وأجنبي,المرحلة الإبتدائية,بنات
2025,1446,مكة المكرمة,ابتدائية جيل الابداع - المنهج الأمريكي,عالمي وأجنبي,المرحلة الإبتدائية,بنين
2025,1446,مكة المكرمة,ابتدائية رؤية الغد ( امريكي ),عالمي وأجنبي,المرحلة الإبتدائية,بنات
2025,1446,مكة المكرمة,ابتدائية صروح التربية الأهلية (المسار الهندي),عالمي وأجنبي,المرحلة الإبتدائية,بنات
2025,1446,مكة المكرمة,ابتدائية صقل المواهب العالمية الهندية,عالمي وأجنبي,المرحلة الإبتدائية,بنين
2025,1446,مكة المكرمة,ابتدائية طلائع العلم الإندونيسي,عالمي وأجنبي,المرحلة الإبتدائية,بنات
2025,1446,مكة المكرمة,ابتدائية طلائع العلم الأهلية ( الإندونيسي),عالمي وأجنبي,المرحلة الإبتدائية,بنين
2025,1446,مكة المكرمة,ابتدائية عبدالرحمن فقيه ( المنهج الامريكي ),عالمي وأجنبي,المرحلة الإبتدائية,بنات
2025,1446,مكة المكرمة,ابتدائية عبدالرحمن فقيه المسار الدولي,عالمي وأجنبي,المرحلة الإبتدائية,بنين
2025,1446,مكة المكرمة,ابتدائية مدارس منارة الفضل  الأجنبية (القسم الهندي),عالمي وأجنبي,المرحلة الإبتدائية,بنات
2025,1446,مكة المكرمة,ابتدائية مدرسة تأسيس القادة العالمية,عالمي وأجنبي,المرحلة الإبتدائية,بنات
2025,1446,مكة المكرمة,ابتدائية منارة الفضل القسم الهندي,عالمي وأجنبي,المرحلة الإبتدائية,بنين
2025,1446,مكة المكرمة,الاندلس الأهلية بنات (الدبلوما الامريكية) مكة المكرمة,عالمي وأجنبي,المرحلة الإبتدائية,بنات
2025,1446,مكة المكرمة,الاندلس الأهلية رياض الاطفال بنات (الدبلوما الامريكية) مكة المكرمة,عالمي وأجنبي,رياض الأطفال,بنات
2025,1446,مكة المكرمة,الاندلس العالمية بنين (الدبلوما الامريكية) مكة المكرمة,عالمي وأجنبي,المرحلة الإبتدائية,بنين
2025,1446,مكة المكرمة,ثانوية أجيال الوفاء دبلوما دولي,عالمي وأجنبي,المرحلة الثانوية,بنات
2025,1446,مكة المكرمة,ثانوية اقرأ الباكستانية النزهة,عالمي وأجنبي,المرحلة الثانوية,بنين
2025,1446,مكة المكرمة,ثانوية البتول الدولية  فرع الخالدية1,عالمي وأجنبي,المرحلة الثانوية,بنات
2025,1446,مكة المكرمة,ثانوية العلم النافع ( مسار مصري بنين ),عالمي وأجنبي,المرحلة الثانوية,بنين
2025,1446,مكة المكرمة,ثانوية العلم النافع الأهلية (القسم المصري),عالمي وأجنبي,المرحلة الثانوية,بنات
2025,1446,مكة المكرمة,ثانوية الفرقان الأهلية - القسم الأمريكي,عالمي وأجنبي,المرحلة الثانوية,بنين
2025,1446,مكة المكرمة,ثانوية الفضل بن العباس ( المسار المصري ),عالمي وأجنبي,المرحلة الثانوية,بنين
2025,1446,مكة المكرمة,ثانوية جيل الابداع - المنهج الأمريكي,عالمي وأجنبي,المرحلة الثانوية,بنين
2025,1446,مكة المكرمة,ثانوية طلائع العلم الإندونيسي,عالمي وأجنبي,المرحلة الثانوية,بنات
2025,1446,مكة المكرمة,ثانوية طلائع العلم الأهلية ( الإندونيسي),عالمي وأجنبي,المرحلة الثانوية,بنين
2025,1446,مكة المكرمة,ثانوية عبدالرحمن فقيه بنات - مسار دولي,عالمي وأجنبي,المرحلة الثانوية,بنات
2025,1446,مكة المكرمة,ثانوية عبدالرحمن فقيه مسار دولي,عالمي وأجنبي,المرحلة الثانوية,بنين
2025,1446,مكة المكرمة,ثانوية منارة الفضل (القسم الهندي بنين ),عالمي وأجنبي,المرحلة الثانوية,بنين
2025,1446,مكة المكرمة,روضة أجيال الوفاء الاهلية - المسار الدولي,عالمي وأجنبي,رياض الأطفال,بنات
2025,1446,مكة المكرمة,روضة اقرأ الأهلية بمكة المكرمة (القسم الباكستاني),عالمي وأجنبي,رياض الأطفال,بنات
2025,1446,مكة المكرمة,روضة البتول الأهلية (القسم الأمريكي) حي الفيحاء,عالمي وأجنبي,رياض الأطفال,بنات
2025,1446,مكة المكرمة,روضة البتول الدولية بمكة المكرمة (القسم الأمريكي) فرع الخالدية2,عالمي وأجنبي,رياض الأطفال,بنات
2025,1446,مكة المكرمة,روضة العلم النافع للمسار المصري,عالمي وأجنبي,رياض الأطفال,بنات
2025,1446,مكة المكرمة,روضة المدارس الانجليزية العالمية,عالمي وأجنبي,رياض الأطفال,بنات
2025,1446,مكة المكرمة,روضة رواد العلم مسار عالمي,عالمي وأجنبي,رياض الأطفال,بنات
2025,1446,مكة المكرمة,روضة رؤية الغد ( امريكي ),عالمي وأجنبي,رياض الأطفال,بنات
2025,1446,مكة المكرمة,روضة صروح التربية الأهلية (المسار الهندي),عالمي وأجنبي,رياض الأطفال,بنات
2025,1446,مكة المكرمة,روضة عبدالرحمن فقيه ( المنهج الامريكي ),عالمي وأجنبي,رياض الأطفال,بنات
2025,1446,مكة المكرمة,روضة مدارس منارة الفضل الأجنبية ( القسم الهندي),عالمي وأجنبي,رياض الأطفال,بنات
2025,1446,مكة المكرمة,روضة مدرسة تأسيس القادة العالمية,عالمي وأجنبي,رياض الأطفال,بنات
2025,1446,مكة المكرمة,روضة مسيرتي التعليمية المنهج الأمريكي,عالمي وأجنبي,رياض الأطفال,بنات
2025,1446,مكة المكرمة,شعاع المعرفة الابتدائية المسار الدولي,عالمي وأجنبي,المرحلة الإبتدائية,بنين
2025,1446,مكة المكرمة,شعاع المعرفة الابتدائية المسار المصري,عالمي وأجنبي,المرحلة الإبتدائية,بنين
2025,1446,مكة المكرمة,شعاع المعرفة الثانوية المسار المصري,عالمي وأجنبي,المرحلة الثانوية,بنين
2025,1446,مكة المكرمة,صقل المواهب العالمية ابتدائي بنات,عالمي وأجنبي,المرحلة الإبتدائية,بنات
2025,1446,مكة المكرمة,صقل المواهب لرياض الأطفال عالمي,عالمي وأجنبي,رياض الأطفال,بنات
2025,1446,مكة المكرمة,متوسطة أجيال الوفاء مسار - دولي,عالمي وأجنبي,المرحلة المتوسطة,بنات
2025,1446,مكة المكرمة,متوسطة اقرأ الأهلية (القسم الباكستاني),عالمي وأجنبي,المرحلة المتوسطة,بنات
2025,1446,مكة المكرمة,متوسطة اقرأ الباكستانية النزهة,عالمي وأجنبي,المرحلة المتوسطة,بنين
2025,1446,مكة المكرمة,متوسطة الأندلس العالمية بنين (الدبلوما الأمريكية),عالمي وأجنبي,المرحلة المتوسطة,بنين
2025,1446,مكة المكرمة,متوسطة البتول الدولية  فرع الخالدية1,عالمي وأجنبي,المرحلة المتوسطة,بنات
2025,1446,مكة المكرمة,متوسطة الدرة العالمية,عالمي وأجنبي,المرحلة المتوسطة,بنات
2025,1446,مكة المكرمة,متوسطة العلم النافع ( المسار المصري ),عالمي وأجنبي,المرحلة المتوسطة,بنين
2025,1446,مكة المكرمة,متوسطة العلم النافع الأهلية (القسم المصري),عالمي وأجنبي,المرحلة المتوسطة,بنات
2025,1446,مكة المكرمة,متوسطة الفرسان الأهلية بنين مسار دولي,عالمي وأجنبي,المرحلة المتوسطة,بنين
2025,1446,مكة المكرمة,متوسطة الفرقان الأهلية (المنهج الأمريكي),عالمي وأجنبي,المرحلة المتوسطة,بنين
2025,1446,مكة المكرمة,متوسطة الفضل بن العباس ( المسار المصري ),عالمي وأجنبي,المرحلة المتوسطة,بنين
2025,1446,مكة المكرمة,متوسطة المدارس الانجليزية العالمية,عالمي وأجنبي,المرحلة المتوسطة,بنات
2025,1446,مكة المكرمة,متوسطة تأسيس القادة العالمية,عالمي وأجنبي,المرحلة المتوسطة,بنات
2025,1446,مكة المكرمة,متوسطة جيل الابداع - المنهج الأمريكي,عالمي وأجنبي,المرحلة المتوسطة,بنين
2025,1446,مكة المكرمة,متوسطة صروح التربية الأهلية (المسار الهندي),عالمي وأجنبي,المرحلة المتوسطة,بنات
2025,1446,مكة المكرمة,متوسطة صقل المواهب الهندية العالمية,عالمي وأجنبي,المرحلة المتوسطة,بنين
2025,1446,مكة المكرمة,متوسطة طلائع العلم الإندونيسي,عالمي وأجنبي,المرحلة المتوسطة,بنات
2025,1446,مكة المكرمة,متوسطة طلائع العلم الأهلية (الإندونيسي),عالمي وأجنبي,المرحلة المتوسطة,بنين
2025,1446,مكة المكرمة,متوسطة عبدالرحمن فقيه النموذجية المسار الدولي,عالمي وأجنبي,المرحلة المتوسطة,بنين
2025,1446,مكة المكرمة,متوسطة عبدالرحمن فقيه للبنات( المنهج الامريكي ),عالمي وأجنبي,المرحلة المتوسطة,بنات
2025,1446,مكة المكرمة,متوسطة مدارس منارة الفضل الأجنبية ( القسم الهندي),عالمي وأجنبي,المرحلة المتوسطة,بنات
2025,1446,مكة المكرمة,متوسطة منارة الفضل القسم الهندي,عالمي وأجنبي,المرحلة المتوسطة,بنين
2025,1446,مكة المكرمة,مدارس الدرة الرائدة -العالمية ( ابتدائيه ),عالمي وأجنبي,المرحلة الإبتدائية,بنات
2025,1446,مكة المكرمة,مدارس الدرة الرائده العالميه روضه,عالمي وأجنبي,رياض الأطفال,بنات
2025,1446,مكة المكرمة,مدارس اوائل العلم الابتدائية العالمية,عالمي وأجنبي,المرحلة الإبتدائية,بنات
2025,1446,مكة المكرمة,مدارس اوائل العلم العالمية,عالمي وأجنبي,رياض الأطفال,بنات
2025,1446,مكة المكرمة,مدارس شعاع المعرفة الأهلية القسم المصري  المرحلة اعدادي,عالمي وأجنبي,المرحلة المتوسطة,بنين
2025,1446,مكة المكرمة,مدرسة مسيرتي التعليمية المنهج الامريكي,عالمي وأجنبي,المرحلة الإبتدائية,بنات
2025,1446,جدة,ابتدائية  مدارس المكتشف العالمية,عالمي وأجنبي,المرحلة الإبتدائية,بنين
2025,1446,جدة,ابتدائية اكاديمية الحسن العالمية تربية خاصة,عالمي وأجنبي,المرحلة الإبتدائية,بنات
2025,1446,جدة,ابتدائية الاتحاد العالمية,عالمي وأجنبي,المرحلة الإبتدائية,بنين
2025,1446,جدة,ابتدائية الأندلس العالمية - بنات,عالمي وأجنبي,المرحلة الإبتدائية,بنات
2025,1446,جدة,ابتدائية الأندلس العالمية – (بنات) اسناد بنين ( للطفولة المبكرة),عالمي وأجنبي,المرحلة الإبتدائية,بنات
2025,1446,جدة,ابتدائية الأندلس العالمية بنات - الفيحاء,عالمي وأجنبي,المرحلة الإبتدائية,بنات
2025,1446,جدة,ابتدائية الأندلس العالمية بنين - الفيحاء,عالمي وأجنبي,المرحلة الإبتدائية,بنين
2025,1446,جدة,ابتدائية البساط الأخضر العالمية,عالمي وأجنبي,المرحلة الإبتدائية,بنات
2025,1446,جدة,ابتدائية الفخامة العالمية,عالمي وأجنبي,المرحلة الإبتدائية,بنات
2025,1446,جدة,ابتدائية الكون العالمية,عالمي وأجنبي,المرحلة الإبتدائية,بنات
2025,1446,جدة,ابتدائية المبدعون الأوائل العالمية,عالمي وأجنبي,المرحلة الإبتدائية,بنات
2025,1446,جدة,ابتدائية المعرفة العالمية,عالمي وأجنبي,المرحلة الإبتدائية,بنات
2025,1446,جدة,ابتدائية النبلاء العالمية,عالمي وأجنبي,المرحلة الإبتدائية,بنات
2025,1446,جدة,ابتدائية أنجال الفكر [ مسار مصري ],عالمي وأجنبي,المرحلة الإبتدائية,بنين
2025,1446,جدة,ابتدائية بيتي الصغير - مسار دولي,عالمي وأجنبي,المرحلة الإبتدائية,بنات
2025,1446,جدة,ابتدائية جدة الخاصة العالمية,عالمي وأجنبي,المرحلة الإبتدائية,بنات
2025,1446,جدة,ابتدائية جيل الندي العالمية(صفوف ملحقه),عالمي وأجنبي,المرحلة الإبتدائية,بنات
2025,1446,جدة,إبتدائية دار جنى العالمية بنات,عالمي وأجنبي,المرحلة الإبتدائية,بنات
2025,1446,جدة,إبتدائية دار جنى العالمية بنين,عالمي وأجنبي,المرحلة الإبتدائية,بنين
2025,1446,جدة,ابتدائية مدارس العرب العالمية,عالمي وأجنبي,المرحلة الإبتدائية,بنات
2025,1446,جدة,ابتدائية مدارس الفرات العالمية طالبات,عالمي وأجنبي,المرحلة الإبتدائية,بنات
2025,1446,جدة,ابتدائية مدارس الفرات العالمية طلاب,عالمي وأجنبي,المرحلة الإبتدائية,بنين
2025,1446,جدة,ابتدائية مدارس المكتشف العالمية,عالمي وأجنبي,المرحلة الإبتدائية,بنات
2025,1446,جدة,ابتدائية مدارس المكتشف العالمية المحدودة ( فرع الداون تاون ),عالمي وأجنبي,المرحلة الإبتدائية,بنين
2025,1446,جدة,ابتدائية مدارس المكتشف العالميه المحدودة قسم التربية الخاصة,عالمي وأجنبي,المرحلة الإبتدائية,بنات
2025,1446,جدة,ابتدائيه مدارس المكتشف العالمية المحدودة قسم التربية الخاصة,عالمي وأجنبي,المرحلة الإبتدائية,بنين
2025,1446,جدة,أبحر الابتدائية العالمية,عالمي وأجنبي,المرحلة الإبتدائية,بنات
2025,1446,جدة,أبحر المتوسطة العالمية,عالمي وأجنبي,المرحلة المتوسطة,بنات
2025,1446,جدة,أجول العالمية الابتدائية,عالمي وأجنبي,المرحلة الإبتدائية,بنات
2025,1446,جدة,أجول العالمية لرياض الأطفال,عالمي وأجنبي,رياض الأطفال,بنات
2025,1446,جدة,أروى الدولية لرياض الأطفال,عالمي وأجنبي,رياض الأطفال,بنات
2025,1446,جدة,اشبيليا الابتدائية العالمية,عالمي وأجنبي,المرحلة الإبتدائية,بنين
2025,1446,جدة,اشبيليا الابتدائية العالمية بنات,عالمي وأجنبي,المرحلة الإبتدائية,بنات
2025,1446,جدة,اشبيليا المتوسطة العالمية,عالمي وأجنبي,المرحلة المتوسطة,بنين
2025,1446,جدة,اشبيليا المتوسطة العالمية بنات,عالمي وأجنبي,المرحلة المتوسطة,بنات
2025,1446,جدة,أكاديمية الحسن الابتدائية العالمية,عالمي وأجنبي,المرحلة الإبتدائية,بنات
2025,1446,جدة,اكاديمية العالم-رياض اطفال,عالمي وأجنبي,رياض الأطفال,بنات
2025,1446,جدة,اكاديمية العالم الابتدائية العالمية,عالمي وأجنبي,المرحلة الإبتدائية,بنين
2025,1446,جدة,اكاديمية العالم الثانوية العالمية,عالمي وأجنبي,المرحلة الثانوية,بنين
2025,1446,جدة,اكاديمية العالم المتوسطة العالمية,عالمي وأجنبي,المرحلة المتوسطة,بنين
2025,1446,جدة,اكاديمية المعارف الإبتدائية الأهلية ( مسار مصري ),عالمي وأجنبي,المرحلة الإبتدائية,بنات
2025,1446,جدة,اكاديمية المعارف الثانوية الأهية ( مسار مصري ),عالمي وأجنبي,المرحلة الثانوية,بنات
2025,1446,جدة,اكاديمية المعارف المتوسطة الأهلية ( مسار مصري ),عالمي وأجنبي,المرحلة المتوسطة,بنات
2025,1446,جدة,أكاديمية جدة الابتدائية العالمية للبنات,عالمي وأجنبي,المرحلة الإبتدائية,بنات
2025,1446,جدة,أكاديمية جدة الثانوية العالمية,عالمي وأجنبي,المرحلة الثانوية,بنين
2025,1446,جدة,أكاديمية جدة الثانوية العالمية للبنات,عالمي وأجنبي,المرحلة الثانوية,بنات
2025,1446,جدة,أكاديمية جدة العالمية - روضة,عالمي وأجنبي,رياض الأطفال,بنات
2025,1446,جدة,أكاديمية جدة المتوسطة العالمية للبنات,عالمي وأجنبي,المرحلة المتوسطة,بنات
2025,1446,جدة,أكاديمية جدة المتوسطة العالمية للبنين,عالمي وأجنبي,المرحلة المتوسطة,بنين
2025,1446,جدة,أكاديمية عالم جدة- المرحلة الابتدائية,عالمي وأجنبي,المرحلة الإبتدائية,بنات
2025,1446,جدة,أكاديمية عالم جدة الثانوية,عالمي وأجنبي,المرحلة الثانوية,بنات
2025,1446,جدة,أكاديمية عالم جدة العالمية لرياض الأطفال,عالمي وأجنبي,رياض الأطفال,بنات
2025,1446,جدة,اكاديمية عالم جدة المتوسطة,عالمي وأجنبي,المرحلة المتوسطة,بنات
2025,1446,جدة,أكاديمية لغات جده  الابتدائية بنات العالمية,عالمي وأجنبي,المرحلة الإبتدائية,بنات
2025,1446,جدة,أكاديمية لغات جده المتوسطة العالمية بنات,عالمي وأجنبي,المرحلة المتوسطة,بنات
2025,1446,جدة,أكاديمية ن الابتدائية العالمية,عالمي وأجنبي,المرحلة الإبتدائية,بنين
2025,1446,جدة,أكاديمية ن الابتدائية العالمية,عالمي وأجنبي,المرحلة الإبتدائية,بنات
2025,1446,جدة,أكاديمية ن العالمية المتوسطة,عالمي وأجنبي,المرحلة المتوسطة,بنين
2025,1446,جدة,اكاديمية ن العالمية المتوسطة,عالمي وأجنبي,المرحلة المتوسطة,بنات
2025,1446,جدة,اكاديمية ن العالمية لرياض الأطفال,عالمي وأجنبي,رياض الأطفال,بنات
2025,1446,جدة,اكاديمية ن للتربية الخاصة (ابتدائي),عالمي وأجنبي,المرحلة الإبتدائية,بنين
2025,1446,جدة,اكاديمية ن للتربية الخاصة (متوسط),عالمي وأجنبي,المرحلة المتوسطة,بنين
2025,1446,جدة,أكاديمية نهضة العالمية -  متوسط بنين,عالمي وأجنبي,المرحلة المتوسطة,بنين
2025,1446,جدة,أكاديمية نهضة العالمية - متوسط بنات,عالمي وأجنبي,المرحلة المتوسطة,بنات
2025,1446,جدة,اكاديمية نهضة العالمية ابتدائي,عالمي وأجنبي,المرحلة الإبتدائية,بنات
2025,1446,جدة,أكاديمية نهضة العالمية رياض أطفال,عالمي وأجنبي,رياض الأطفال,بنات
2025,1446,جدة,أكاديمية نهضة العالميه ابتدائي,عالمي وأجنبي,المرحلة الإبتدائية,بنين
2025,1446,جدة,أكاديمية وعد الابتدائية العالمية,عالمي وأجنبي,المرحلة الإبتدائية,بنين
2025,1446,جدة,أكاديمية وعد الثانوية العالمية,عالمي وأجنبي,المرحلة الثانوية,بنين
2025,1446,جدة,اكاديمية وعد العالمية الابتدائية,عالمي وأجنبي,المرحلة الإبتدائية,بنات
2025,1446,جدة,أكاديمية وعد العالمية الثانوية,عالمي وأجنبي,المرحلة الثانوية,بنات
2025,1446,جدة,أكاديمية وعد العالمية لرياض الأطفال,عالمي وأجنبي,رياض الأطفال,بنات
2025,1446,جدة,أكاديمية وعد المتوسطة العالمية,عالمي وأجنبي,المرحلة المتوسطة,بنين
2025,1446,جدة,اكاديمية وعد المتوسطة العالمية,عالمي وأجنبي,المرحلة المتوسطة,بنات
2025,1446,جدة,الإبداع الإبتدائية الأهلية /  ( مسار دولي ),عالمي وأجنبي,المرحلة الإبتدائية,بنات
2025,1446,جدة,الإبداع الثانوية الأهلية / مسار دولي,عالمي وأجنبي,المرحلة الثانوية,بنات
2025,1446,جدة,الابداع المتوسطة الأهلية ( مسار دولي ),عالمي وأجنبي,المرحلة المتوسطة,بنات
2025,1446,جدة,الإتحاد الابتدائية العالمية,عالمي وأجنبي,المرحلة الإبتدائية,بنات
2025,1446,جدة,الإتحاد الثانوية العالمية,عالمي وأجنبي,المرحلة الثانوية,بنات
2025,1446,جدة,الإتحاد العالمية لرياض الأطفال,عالمي وأجنبي,رياض الأطفال,بنات
2025,1446,جدة,الإتحاد المتوسطة العالمية,عالمي وأجنبي,المرحلة المتوسطة,بنات
2025,1446,جدة,الأجيال المتطورة الابتدائية العالمية,عالمي وأجنبي,المرحلة الإبتدائية,بنين
2025,1446,جدة,الأجيال المتطورة الابتدائية العالمية,عالمي وأجنبي,المرحلة الإبتدائية,بنات
2025,1446,جدة,الأجيال المتطورة الثانوية العالمية,عالمي وأجنبي,المرحلة الثانوية,بنات
2025,1446,جدة,الاجيال المتطورة الثانوية العالمية,عالمي وأجنبي,المرحلة الثانوية,بنين
2025,1446,جدة,الأجيال المتطورة المتوسطة العالمية,عالمي وأجنبي,المرحلة المتوسطة,بنين
2025,1446,جدة,الأجيال المتطورة المتوسطة العالمية,عالمي وأجنبي,المرحلة المتوسطة,بنات
2025,1446,جدة,الأجيال المتطورة لرياض الأطفال العالمية,عالمي وأجنبي,رياض الأطفال,بنات
2025,1446,جدة,الاخاء الابتدائية  الأهلية - مسار دولي,عالمي وأجنبي,المرحلة الإبتدائية,بنين
2025,1446,جدة,الاخاء الإبتدائية الأهلية   مسار دولي,عالمي وأجنبي,المرحلة الإبتدائية,بنات
2025,1446,جدة,الاخاء الأهلية لرياض الأطفال ( مسار دولي ),عالمي وأجنبي,رياض الأطفال,بنات
2025,1446,جدة,الإخاء الثانوية الأهلية - المسار الدولي,عالمي وأجنبي,المرحلة الثانوية,بنين
2025,1446,جدة,الاخاء المتوسطة الأهلية - مسار دولي,عالمي وأجنبي,المرحلة المتوسطة,بنين
2025,1446,جدة,الاستبرق الابتدائية العالمية,عالمي وأجنبي,المرحلة الإبتدائية,بنات
2025,1446,جدة,الاستبرق العالمية لرياض الأطفال,عالمي وأجنبي,رياض الأطفال,بنات
2025,1446,جدة,الآفاق الابتدائية العالمية,عالمي وأجنبي,المرحلة الإبتدائية,بنين
2025,1446,جدة,الأفاق العالمية لرياض الأطفال,عالمي وأجنبي,رياض الأطفال,بنات
2025,1446,جدة,الآفاق المتوسطة العالمية,عالمي وأجنبي,المرحلة المتوسطة,بنين
2025,1446,جدة,الأفكار الابتدائية العالمية بنات,عالمي وأجنبي,المرحلة الإبتدائية,بنات
2025,1446,جدة,الأفكار العالمية لرياض الأطفال,عالمي وأجنبي,رياض الأطفال,بنات
2025,1446,جدة,الأفكار المتوسطة العالمية بنات,عالمي وأجنبي,المرحلة المتوسطة,بنات
2025,1446,جدة,الاقصى الابتدائية  مسار دولي,عالمي وأجنبي,المرحلة الإبتدائية,بنين
2025,1446,جدة,الأقصى الإبتدائية الأهلية  ( مسار دولي ),عالمي وأجنبي,المرحلة الإبتدائية,بنات
2025,1446,جدة,الاقصى الثانوية دولي بنات,عالمي وأجنبي,المرحلة الثانوية,بنات
2025,1446,جدة,الأقصى العالمية لرياض الأطفال,عالمي وأجنبي,رياض الأطفال,بنات
2025,1446,جدة,الاقصى المتوسطة الاهلية  - مسار دولي,عالمي وأجنبي,المرحلة المتوسطة,بنين
2025,1446,جدة,الأقصى المتوسطة الأهلية مسار دولى بنات صفوف ملحقة,عالمي وأجنبي,المرحلة المتوسطة,بنات
2025,1446,جدة,الامم الابتدائية العالمية,عالمي وأجنبي,المرحلة الإبتدائية,بنين
2025,1446,جدة,الأمم الابتدائية العالمية,عالمي وأجنبي,المرحلة الإبتدائية,بنات
2025,1446,جدة,الأمم العالمية لرياض الأطفال,عالمي وأجنبي,رياض الأطفال,بنات
2025,1446,جدة,الامم المتوسطة العالمية,عالمي وأجنبي,المرحلة المتوسطة,بنين
2025,1446,جدة,الأمم المتوسطة العالمية,عالمي وأجنبي,المرحلة المتوسطة,بنات
2025,1446,جدة,الأنجال الابتدائية  مسار دولي,عالمي وأجنبي,المرحلة الإبتدائية,بنين
2025,1446,جدة,الأنجال الثانوية الأهلية مسار دولي,عالمي وأجنبي,المرحلة الثانوية,بنين
2025,1446,جدة,الأنجال المتوسطة  مسار دولي,عالمي وأجنبي,المرحلة المتوسطة,بنين
2025,1446,جدة,الأندلس  المتوسطة - المسار المصري,عالمي وأجنبي,المرحلة المتوسطة,بنين
2025,1446,جدة,الأندلس الأبتدائية - المسار المصري,عالمي وأجنبي,المرحلة الإبتدائية,بنين
2025,1446,جدة,الأندلس الإبتدائية الأهلية ( مسار مصري ),عالمي وأجنبي,المرحلة الإبتدائية,بنات
2025,1446,جدة,الأندلس الابتدائية العالمية,عالمي وأجنبي,المرحلة الإبتدائية,بنين
2025,1446,جدة,الأندلس الابتدائية العالمية - الشاطئ,عالمي وأجنبي,المرحلة الإبتدائية,بنين
2025,1446,جدة,الأندلس الإبتدائية العالمية - الشاطئ,عالمي وأجنبي,المرحلة الإبتدائية,بنات
2025,1446,جدة,الأندلس الأهلية المتوسطة ( مسار مصري ),عالمي وأجنبي,المرحلة المتوسطة,بنات
2025,1446,جدة,الأندلس الثانوية - المسار المصري,عالمي وأجنبي,المرحلة الثانوية,بنين
2025,1446,جدة,الاندلس الثانوية العالمية,عالمي وأجنبي,المرحلة الثانوية,بنين
2025,1446,جدة,الأندلس العالمية الثانوية - الشاطئ,عالمي وأجنبي,المرحلة الثانوية,بنين
2025,1446,جدة,الأندلس العالمية لرياض الأطفال,عالمي وأجنبي,رياض الأطفال,بنات
2025,1446,جدة,الأندلس العالمية لرياض الأطفال - الشاطئ,عالمي وأجنبي,رياض الأطفال,بنات
2025,1446,جدة,الأندلس المتوسطة العالمية,عالمي وأجنبي,المرحلة المتوسطة,بنين
2025,1446,جدة,الأندلس المتوسطة العالمية - الشاطئ,عالمي وأجنبي,المرحلة المتوسطة,بنين
2025,1446,جدة,الأندلس لرياض الأطفال(مسار دولي),عالمي وأجنبي,رياض الأطفال,بنات
2025,1446,جدة,الأنهار الدولية للتعليم,عالمي وأجنبي,المرحلة الإبتدائية,بنات
2025,1446,جدة,الانهار الدولية للتعليم,عالمي وأجنبي,المرحلة المتوسطة,بنات
2025,1446,جدة,الأنهار العالمية لرياض الأطفال,عالمي وأجنبي,رياض الأطفال,بنات
2025,1446,جدة,الباكستانية العالمية لرياض الاطفال(اردو),عالمي وأجنبي,رياض الأطفال,بنات
2025,1446,جدة,البحر الأحمرالمتوسطة العالمية,عالمي وأجنبي,المرحلة المتوسطة,بنين
2025,1446,جدة,البراعم الخاصة الإبتدائية الأهلية  ( مسار دولي ),عالمي وأجنبي,المرحلة الإبتدائية,بنات
2025,1446,جدة,البراعم الخاصة الأهلية لرياض الأطفال ( مسار دولي ),عالمي وأجنبي,رياض الأطفال,بنات
2025,1446,جدة,البساط الأخضر العالمية لرياض الأطفال,عالمي وأجنبي,رياض الأطفال,بنات
2025,1446,جدة,البناء الابتدائية العالمية,عالمي وأجنبي,المرحلة الإبتدائية,بنات
2025,1446,جدة,البناء العالمية لرياض الأطفال,عالمي وأجنبي,رياض الأطفال,بنات
2025,1446,جدة,البيان الثانوية الأهلية ( مسار دولي ),عالمي وأجنبي,المرحلة الثانوية,بنات
2025,1446,جدة,البيان النموذجية المتوسطة الأهلية ( مسار دولي ),عالمي وأجنبي,المرحلة المتوسطة,بنات
2025,1446,جدة,التركية العالمية,عالمي وأجنبي,رياض الأطفال,بنات
2025,1446,جدة,التعاون الابتدائية _ مسار دولي,عالمي وأجنبي,المرحلة الإبتدائية,بنين
2025,1446,جدة,التعلم داخل المرح العالمية,عالمي وأجنبي,رياض الأطفال,بنات
2025,1446,جدة,التعليم المبتكر الابتدائية العالمية,عالمي وأجنبي,المرحلة الإبتدائية,بنات
2025,1446,جدة,التعليم المبتكر العالمية لرياض الأطفال,عالمي وأجنبي,رياض الأطفال,بنات
2025,1446,جدة,التقدم الرائدة  المتوسطة الأهلية ( مسار مصري ),عالمي وأجنبي,المرحلة المتوسطة,بنات
2025,1446,جدة,التقدم الرائدة الإبتدائية الأهلية ( مسار مصري ),عالمي وأجنبي,المرحلة الإبتدائية,بنات
2025,1446,جدة,التقدم الرائدة الثانوية الأهلية ( مسار مصري ),عالمي وأجنبي,المرحلة الثانوية,بنات
2025,1446,جدة,الجيل الآتي الابتدائية العالمية,عالمي وأجنبي,المرحلة الإبتدائية,بنات
2025,1446,جدة,الجيل الآتي العالمية لرياض الأطفال,عالمي وأجنبي,رياض الأطفال,بنات
2025,1446,جدة,الحجاز الابتدائية العالمية,عالمي وأجنبي,المرحلة الإبتدائية,بنات
2025,1446,جدة,الحجاز الابتدائية العالميه,عالمي وأجنبي,المرحلة الإبتدائية,بنين
2025,1446,جدة,الحجاز العالمية لرياض الأطفال,عالمي وأجنبي,رياض الأطفال,بنات
2025,1446,جدة,الحجاز المتوسطة العالمية,عالمي وأجنبي,المرحلة المتوسطة,بنات
2025,1446,جدة,الحجاز المتوسطة العالميه,عالمي وأجنبي,المرحلة المتوسطة,بنين
2025,1446,جدة,الحكماء الابتدائية العالمية,عالمي وأجنبي,المرحلة الإبتدائية,بنات
2025,1446,جدة,الحكماء العالمية الثانوية.,عالمي وأجنبي,المرحلة الثانوية,بنين
2025,1446,جدة,الحكماء العالمية لرياض الأطفال,عالمي وأجنبي,رياض الأطفال,بنات
2025,1446,جدة,الحكماء المتوسطة العالمية,عالمي وأجنبي,المرحلة المتوسطة,بنات
2025,1446,جدة,الحكماء المتوسطة العالمية.,عالمي وأجنبي,المرحلة المتوسطة,بنين
2025,1446,جدة,الحمراء المميزة الثانوية العالمية,عالمي وأجنبي,المرحلة الثانوية,بنات
2025,1446,جدة,الحمراء المميزة العالمية الإبتدائية (تربية خاصه ),عالمي وأجنبي,المرحلة الإبتدائية,بنات
2025,1446,جدة,الحمراء المميزة العالمية المتوسطة (صعوبات تعلم ),عالمي وأجنبي,المرحلة المتوسطة,بنات
2025,1446,جدة,الحمراء المميزة العالمية لرياض الأطفال,عالمي وأجنبي,رياض الأطفال,بنات
2025,1446,جدة,الحمراء المميزة المتوسطة العالمية,عالمي وأجنبي,المرحلة المتوسطة,بنات
2025,1446,جدة,الدرة الابتدائية العالمية,عالمي وأجنبي,المرحلة الإبتدائية,بنات
2025,1446,جدة,الدرة الثانوية العالمية,عالمي وأجنبي,المرحلة الثانوية,بنات
2025,1446,جدة,الدرة المتوسطة العالمية,عالمي وأجنبي,المرحلة المتوسطة,بنين
2025,1446,جدة,الدرة المتوسطة العالمية,عالمي وأجنبي,المرحلة المتوسطة,بنات
2025,1446,جدة,الدعاء الابتدائية العالمية-بنين,عالمي وأجنبي,المرحلة الإبتدائية,بنين
2025,1446,جدة,الدعاء العالمية لرياض الأطفال,عالمي وأجنبي,رياض الأطفال,بنات
2025,1446,جدة,الدعاء المتوسطة العالمية,عالمي وأجنبي,المرحلة المتوسطة,بنين
2025,1446,جدة,الدوائر الملونة النموذجية العالمية,عالمي وأجنبي,المرحلة الإبتدائية,بنات
2025,1446,جدة,الروابي الخضراء الابتدائية العالمية,عالمي وأجنبي,المرحلة الإبتدائية,بنين
2025,1446,جدة,الروابي الخضراء الابتدائية العالمية.,عالمي وأجنبي,المرحلة الإبتدائية,بنات
2025,1446,جدة,الروابي الخضراء الثانوية العالمية,عالمي وأجنبي,المرحلة الثانوية,بنات
2025,1446,جدة,الروابي الخضراء العالمية الثانوية,عالمي وأجنبي,المرحلة الثانوية,بنين
2025,1446,جدة,الروابي الخضراء العالمية لرياض الأطفال,عالمي وأجنبي,رياض الأطفال,بنات
2025,1446,جدة,الروابي الخضراء المتوسطة العالمية,عالمي وأجنبي,المرحلة المتوسطة,بنين
2025,1446,جدة,الروابي الخضراء المتوسطة العالمية.,عالمي وأجنبي,المرحلة المتوسطة,بنات
2025,1446,جدة,الشعاع الابتدائية العالمية,عالمي وأجنبي,المرحلة الإبتدائية,بنات
2025,1446,جدة,الشعاع العالمية الابتدائية,عالمي وأجنبي,المرحلة الإبتدائية,بنين
2025,1446,جدة,الشعاع العالمية لرياض الأطفال,عالمي وأجنبي,رياض الأطفال,بنات
2025,1446,جدة,الشيماء العالمية لرياض الأطفال,عالمي وأجنبي,رياض الأطفال,بنات
2025,1446,جدة,العرب المتوسطة العالمية,عالمي وأجنبي,المرحلة المتوسطة,بنات
2025,1446,جدة,الفائزين الابتدائية العالمية,عالمي وأجنبي,المرحلة الإبتدائية,بنات
2025,1446,جدة,الفائزين العالمية لرياض الأطفال,عالمي وأجنبي,رياض الأطفال,بنات
2025,1446,جدة,الفائزين المتوسطة العالمية,عالمي وأجنبي,المرحلة المتوسطة,بنات
2025,1446,جدة,الفخامة العالمية لرياض الأطفال,عالمي وأجنبي,رياض الأطفال,بنات
2025,1446,جدة,الفرات النموذجية الإبتدائية الأهلية  ( مسار دولي ),عالمي وأجنبي,المرحلة الإبتدائية,بنات
2025,1446,جدة,الفرات النموذجية الأهلية لرياض الأطفال ( مسار دولي ),عالمي وأجنبي,رياض الأطفال,بنات
2025,1446,جدة,الفلاح الابتدائية العالمية,عالمي وأجنبي,المرحلة الإبتدائية,بنين
2025,1446,جدة,الفلاح الابتدائية العالمية,عالمي وأجنبي,المرحلة الإبتدائية,بنات
2025,1446,جدة,الفلاح الثانوية العالمية,عالمي وأجنبي,المرحلة الثانوية,بنات
2025,1446,جدة,الفلاح العالمية الثانوية,عالمي وأجنبي,المرحلة الثانوية,بنين
2025,1446,جدة,الفلاح العالمية لرياض الأطفال,عالمي وأجنبي,رياض الأطفال,بنات
2025,1446,جدة,الفلاح المتوسطة العالمية,عالمي وأجنبي,المرحلة المتوسطة,بنين
2025,1446,جدة,الفلاح المتوسطة العالمية,عالمي وأجنبي,المرحلة المتوسطة,بنات
2025,1446,جدة,الفلبينية العالميه (رياض اطفال),عالمي وأجنبي,رياض الأطفال,بنات
2025,1446,جدة,الفيصل الابتدائية,عالمي وأجنبي,المرحلة الإبتدائية,بنات
2025,1446,جدة,الفيصل الابتدائية العالمية,عالمي وأجنبي,المرحلة الإبتدائية,بنين
2025,1446,جدة,الفيصل المتوسطة العالمية,عالمي وأجنبي,المرحلة المتوسطة,بنين
2025,1446,جدة,الفيصل المتوسطة العالمية بنات,عالمي وأجنبي,المرحلة المتوسطة,بنات
2025,1446,جدة,الفيصلية الابتدائية الأهليه ( مسار دولي),عالمي وأجنبي,المرحلة الإبتدائية,بنين
2025,1446,جدة,الفيصلية الأهلية الثانوية للبنين المسار الدولي,عالمي وأجنبي,المرحلة الثانوية,بنين
2025,1446,جدة,الفيصلية الثانوية مسار مصري دولى بنين,عالمي وأجنبي,المرحلة الثانوية,بنين
2025,1446,جدة,الفيصلية المتوسطة الاهلية للبنين  ( مسار دولي ),عالمي وأجنبي,المرحلة المتوسطة,بنين
2025,1446,جدة,الفيصلية المتوسطة مسار مصري دولى بنين,عالمي وأجنبي,المرحلة المتوسطة,بنين
2025,1446,جدة,الفيصليه الابتدائيه مسار مصري دولي بنين,عالمي وأجنبي,المرحلة الإبتدائية,بنين
2025,1446,جدة,القمم الخضراء الابتدائية العالمية,عالمي وأجنبي,المرحلة الإبتدائية,بنات
2025,1446,جدة,القمم الخضراء المتوسطة العالمية,عالمي وأجنبي,المرحلة المتوسطة,بنات
2025,1446,جدة,الكوثر الابتدائية العالمية,عالمي وأجنبي,المرحلة الإبتدائية,بنين
2025,1446,جدة,الكوثر العالمية لرياض الأطفال,عالمي وأجنبي,رياض الأطفال,بنات
2025,1446,جدة,الكوثر المتوسطة العالمية,عالمي وأجنبي,المرحلة المتوسطة,بنين
2025,1446,جدة,الكوثر المتوسطةالعالمية,عالمي وأجنبي,المرحلة المتوسطة,بنات
2025,1446,جدة,الكورنيش الابتدائية العالمية,عالمي وأجنبي,المرحلة الإبتدائية,بنين
2025,1446,جدة,الكورنيش الابتدائية العالمية بنات,عالمي وأجنبي,المرحلة الإبتدائية,بنات
2025,1446,جدة,الكورنيش العالمية الثانوية,عالمي وأجنبي,المرحلة الثانوية,بنين
2025,1446,جدة,الكورنيش المتوسطة العالمية,عالمي وأجنبي,المرحلة المتوسطة,بنين
2025,1446,جدة,الكون الابتدائية العالمية,عالمي وأجنبي,المرحلة الإبتدائية,بنين
2025,1446,جدة,الكون العالمية الثانوية,عالمي وأجنبي,المرحلة الثانوية,بنين
2025,1446,جدة,الكون العالمية لرياض الأطفال,عالمي وأجنبي,رياض الأطفال,بنات
2025,1446,جدة,الكون المتوسطة العالمية,عالمي وأجنبي,المرحلة المتوسطة,بنين
2025,1446,جدة,الكون المطوره الابتدائية العالمية,عالمي وأجنبي,المرحلة الإبتدائية,بنات
2025,1446,جدة,الكون المطوره الابتدائية العالمية بنين,عالمي وأجنبي,المرحلة الإبتدائية,بنين
2025,1446,جدة,الكون المطوره العالمية الثانوية بنين,عالمي وأجنبي,المرحلة الثانوية,بنين
2025,1446,جدة,الكون المطوره العالمية لرياض الأطفال,عالمي وأجنبي,رياض الأطفال,بنات
2025,1446,جدة,الكون المطوره المتوسطة العالمية,عالمي وأجنبي,المرحلة المتوسطة,بنات
2025,1446,جدة,الكون المطوره المتوسطة العالمية بنين,عالمي وأجنبي,المرحلة المتوسطة,بنين
2025,1446,جدة,المبدعون الابتدائية العالمية,عالمي وأجنبي,المرحلة الإبتدائية,بنات
2025,1446,جدة,المبدعون الإبتدائية العالمية,عالمي وأجنبي,المرحلة الإبتدائية,بنين
2025,1446,جدة,المبدعون الأوائل العالمية لرياض الأطفال,عالمي وأجنبي,رياض الأطفال,بنات
2025,1446,جدة,المبدعون العالمية لرياض الأطفال,عالمي وأجنبي,رياض الأطفال,بنات
2025,1446,جدة,المبدعون العالميه المتوسطة,عالمي وأجنبي,المرحلة المتوسطة,بنين
2025,1446,جدة,المحيط الابتدائية العالمية,عالمي وأجنبي,المرحلة الإبتدائية,بنات
2025,1446,جدة,المحيط العالمية لرياض الأطفال,عالمي وأجنبي,رياض الأطفال,بنات
2025,1446,جدة,المحيط المتوسطة العالمية,عالمي وأجنبي,المرحلة المتوسطة,بنات
2025,1446,جدة,المدرسة  الاثيوبية الثانوية العالمية,عالمي وأجنبي,المرحلة الثانوية,بنين
2025,1446,جدة,المدرسة  الارترية الابتدائية العالمية,عالمي وأجنبي,المرحلة الإبتدائية,بنين
2025,1446,جدة,المدرسة  الارترية العالمية الثانوية,عالمي وأجنبي,المرحلة الثانوية,بنين
2025,1446,جدة,المدرسة  الارترية المتوسطة العالمية,عالمي وأجنبي,المرحلة المتوسطة,بنين
2025,1446,جدة,المدرسة الاثيوبية الابتدائية العالمية,عالمي وأجنبي,المرحلة الإبتدائية,بنين
2025,1446,جدة,المدرسة الاثيوبية المتوسطة العالمية,عالمي وأجنبي,المرحلة المتوسطة,بنين
2025,1446,جدة,المدرسة الألمانية  الاجنبية لرياض أطفال,عالمي وأجنبي,رياض الأطفال,بنات
2025,1446,جدة,المدرسة الالمانية الابتدائية الاجنبية,عالمي وأجنبي,المرحلة الإبتدائية,بنين
2025,1446,جدة,المدرسة الالمانية الثانوية الأجنبية,عالمي وأجنبي,المرحلة الثانوية,بنين
2025,1446,جدة,المدرسة الالمانية المتوسطة الأجنبية,عالمي وأجنبي,المرحلة المتوسطة,بنين
2025,1446,جدة,المدرسة الأمريكية الابتدائية العالمية,عالمي وأجنبي,المرحلة الإبتدائية,بنين
2025,1446,جدة,المدرسة الأمريكية العالمية الثانوية,عالمي وأجنبي,المرحلة الثانوية,بنين
2025,1446,جدة,المدرسة الأمريكية المتوسطة العالمية,عالمي وأجنبي,المرحلة المتوسطة,بنين
2025,1446,جدة,المدرسة الاندونيسية الأجنبية الابتدائية,عالمي وأجنبي,المرحلة الإبتدائية,بنين
2025,1446,جدة,المدرسة الاندونيسية الأجنبية الثانوية,عالمي وأجنبي,المرحلة الثانوية,بنين
2025,1446,جدة,المدرسة الاندونيسية الأجنبية المتوسطة,عالمي وأجنبي,المرحلة المتوسطة,بنين
2025,1446,جدة,المدرسة الايطالية الابتدائية العالمية,عالمي وأجنبي,المرحلة الإبتدائية,بنين
2025,1446,جدة,المدرسة الإيطالية العالمية - الروضة,عالمي وأجنبي,رياض الأطفال,بنات
2025,1446,جدة,المدرسة الايطالية المتوسطة العالمية,عالمي وأجنبي,المرحلة المتوسطة,بنين
2025,1446,جدة,المدرسة الباكستانية الابتدائية العالمية,عالمي وأجنبي,المرحلة الإبتدائية,بنين
2025,1446,جدة,المدرسة الباكستانية الابتدائية العالمية - القسم الانجليزي,عالمي وأجنبي,المرحلة الإبتدائية,بنين
2025,1446,جدة,المدرسة الباكستانية العالمية الثانوية,عالمي وأجنبي,المرحلة الثانوية,بنين
2025,1446,جدة,المدرسة الباكستانية العالمية القسم الانجليزي (رياض اطفال),عالمي وأجنبي,رياض الأطفال,بنات
2025,1446,جدة,المدرسة الباكستانية العالمية القسم الانجليزي الثانوية,عالمي وأجنبي,المرحلة الثانوية,بنين
2025,1446,جدة,المدرسة الباكستانية العالمية القسم الانجليزي المتوسطة,عالمي وأجنبي,المرحلة المتوسطة,بنين
2025,1446,جدة,المدرسة الباكستانية المتوسطة العالمية,عالمي وأجنبي,المرحلة المتوسطة,بنين
2025,1446,جدة,المدرسة البريطانية الابتدائية العالمية,عالمي وأجنبي,المرحلة الإبتدائية,بنين
2025,1446,جدة,المدرسة البريطانية العالمية الثانوية,عالمي وأجنبي,المرحلة الثانوية,بنين
2025,1446,جدة,المدرسة البريطانية العالمية لرياض الاطفال,عالمي وأجنبي,رياض الأطفال,بنات
2025,1446,جدة,المدرسة البريطانية المتوسطة العالمية,عالمي وأجنبي,المرحلة المتوسطة,بنين
2025,1446,جدة,المدرسة البريطانية الهولندية الابتدائية العالمية,عالمي وأجنبي,المرحلة الإبتدائية,بنين
2025,1446,جدة,المدرسة البريطانية الهولندية العالمية الثانوية,عالمي وأجنبي,المرحلة الثانوية,بنين
2025,1446,جدة,المدرسة البريطانية الهولندية المتوسطة العالمية,عالمي وأجنبي,المرحلة المتوسطة,بنين
2025,1446,جدة,المدرسة البنغلاديشية (الانجليزية) العالمية الثانوية,عالمي وأجنبي,المرحلة الثانوية,بنين
2025,1446,جدة,المدرسة البنغلاديشية الابتدائية العالمية (الانجليزية),عالمي وأجنبي,المرحلة الإبتدائية,بنين
2025,1446,جدة,المدرسة البنغلاديشية العالمية الابتدائية,عالمي وأجنبي,المرحلة الإبتدائية,بنين
2025,1446,جدة,المدرسة البنغلاديشية العالمية الثانوية,عالمي وأجنبي,المرحلة الثانوية,بنين
2025,1446,جدة,المدرسة البنغلاديشية المتوسطة العالمية,عالمي وأجنبي,المرحلة المتوسطة,بنين
2025,1446,جدة,المدرسة البنغلاديشية المتوسطة العالمية  (الانجليزية),عالمي وأجنبي,المرحلة المتوسطة,بنين
2025,1446,جدة,المدرسة التركية العالمية الابتدائية,عالمي وأجنبي,المرحلة الإبتدائية,بنين
2025,1446,جدة,المدرسة التركية العالمية الثانوية,عالمي وأجنبي,المرحلة الثانوية,بنين
2025,1446,جدة,المدرسة التركية المتوسطة العالمية,عالمي وأجنبي,المرحلة المتوسطة,بنين
2025,1446,جدة,المدرسة التشادية العالمية الثانوية,عالمي وأجنبي,المرحلة الثانوية,بنين
2025,1446,جدة,المدرسة التشادية المتوسطة العالمية,عالمي وأجنبي,المرحلة المتوسطة,بنين
2025,1446,جدة,المدرسة السنغالية الابتدائية العالمية,عالمي وأجنبي,المرحلة الإبتدائية,بنين
2025,1446,جدة,المدرسة السنغالية العالمية الثانوية,عالمي وأجنبي,المرحلة الثانوية,بنين
2025,1446,جدة,المدرسة السنغالية المتوسطة العالمية,عالمي وأجنبي,المرحلة المتوسطة,بنين
2025,1446,جدة,المدرسة السيرلانكية الابتدائية العالمية,عالمي وأجنبي,المرحلة الإبتدائية,بنين
2025,1446,جدة,المدرسة السيرلانكية العالمية (رياض اطفال),عالمي وأجنبي,رياض الأطفال,بنات
2025,1446,جدة,المدرسة السيرلانكية العالمية الثانوية,عالمي وأجنبي,المرحلة الثانوية,بنين
2025,1446,جدة,المدرسة السيرلانكية المتوسطة العالمية,عالمي وأجنبي,المرحلة المتوسطة,بنين
2025,1446,جدة,المدرسة الغينية الابتدائية العالمية,عالمي وأجنبي,المرحلة الإبتدائية,بنين
2025,1446,جدة,المدرسة الغينية العالمية الثانوية بجدة,عالمي وأجنبي,المرحلة الثانوية,بنين
2025,1446,جدة,المدرسة الفرنسية االابتدائية العالمية,عالمي وأجنبي,المرحلة الإبتدائية,بنين
2025,1446,جدة,المدرسة الفرنسية الثانوية العالمية,عالمي وأجنبي,المرحلة الثانوية,بنين
2025,1446,جدة,المدرسة الفرنسية العالمية لرياض الاطفال بجده,عالمي وأجنبي,رياض الأطفال,بنات
2025,1446,جدة,المدرسة الفرنسية المتوسطة العالمية,عالمي وأجنبي,المرحلة المتوسطة,بنين
2025,1446,جدة,المدرسة الفلبينية الابتدائية العالمية,عالمي وأجنبي,المرحلة الإبتدائية,بنين
2025,1446,جدة,المدرسة الفلبينية الثانوية العالمية,عالمي وأجنبي,المرحلة الثانوية,بنين
2025,1446,جدة,المدرسة الفلبينية المتوسطة العالمية,عالمي وأجنبي,المرحلة المتوسطة,بنين
2025,1446,جدة,المدرسة الكورية الأجنبية رياض أطفال,عالمي وأجنبي,رياض الأطفال,بنات
2025,1446,جدة,المدرسة الهندية الابتدائية العالمية,عالمي وأجنبي,المرحلة الإبتدائية,بنين
2025,1446,جدة,المدرسة الهندية العالمية الثانوية,عالمي وأجنبي,المرحلة الثانوية,بنين
2025,1446,جدة,المدرسة الهندية المتوسطة العالمية,عالمي وأجنبي,المرحلة المتوسطة,بنين
2025,1446,جدة,المدرسة اليابانية الابتدائية الاجنبية,عالمي وأجنبي,المرحلة الإبتدائية,بنين
2025,1446,جدة,المرام الابتدائية العالمية,عالمي وأجنبي,المرحلة الإبتدائية,بنين
2025,1446,جدة,المرجان الابتدائية العالمية.,عالمي وأجنبي,المرحلة الإبتدائية,بنين
2025,1446,جدة,المرجان الابتدائية العالمية.,عالمي وأجنبي,المرحلة الإبتدائية,بنات
2025,1446,جدة,المرجان الثانوية العالمية,عالمي وأجنبي,المرحلة الثانوية,بنات
2025,1446,جدة,المرجان العالمية الثانوية.,عالمي وأجنبي,المرحلة الثانوية,بنين
2025,1446,جدة,المرجان العالمية مرحلة رياض الاطفال فرع المرجان,عالمي وأجنبي,رياض الأطفال,بنات
2025,1446,جدة,المرجان المتوسطة العالمية.,عالمي وأجنبي,المرحلة المتوسطة,بنين
2025,1446,جدة,المرجان المتوسطة العالمية.,عالمي وأجنبي,المرحلة المتوسطة,بنات
2025,1446,جدة,المستقبل المشرق العالمية لرياض الأطفال,عالمي وأجنبي,رياض الأطفال,بنات
2025,1446,جدة,المشرق الابتدائية  المسار المصري,عالمي وأجنبي,المرحلة الإبتدائية,بنين
2025,1446,جدة,المشرق الثانوية  المسار المصري,عالمي وأجنبي,المرحلة الثانوية,بنين
2025,1446,جدة,المشرق المتوسطة  المسار المصري,عالمي وأجنبي,المرحلة المتوسطة,بنين
2025,1446,جدة,المعرفة العالمية الثانوية,عالمي وأجنبي,المرحلة الثانوية,بنين
2025,1446,جدة,المعرفة العالمية المتوسطة,عالمي وأجنبي,المرحلة المتوسطة,بنين
2025,1446,جدة,المقاصد الابتدائية العالمية,عالمي وأجنبي,المرحلة الإبتدائية,بنات
2025,1446,جدة,المقاصد العالمية لرياض الأطفال,عالمي وأجنبي,رياض الأطفال,بنات
2025,1446,جدة,المقاصد المتوسطة العالمية,عالمي وأجنبي,المرحلة المتوسطة,بنات
2025,1446,جدة,المكتشف العالمية الابتدائية (تربية خاصة),عالمي وأجنبي,المرحلة الإبتدائية,بنين
2025,1446,جدة,المكتشف العالمية المتوسطة (تربية خاصة),عالمي وأجنبي,المرحلة المتوسطة,بنين
2025,1446,جدة,المكتشف العالمية لرياض الأطفال,عالمي وأجنبي,رياض الأطفال,بنات
2025,1446,جدة,المكتشف النموذجيه الابتدائية العالمية,عالمي وأجنبي,المرحلة الإبتدائية,بنات
2025,1446,جدة,المكتشف النموذجيه المتوسطة العالمية,عالمي وأجنبي,المرحلة المتوسطة,بنات
2025,1446,جدة,المنارات الابتدائية العالمية,عالمي وأجنبي,المرحلة الإبتدائية,بنات
2025,1446,جدة,المنارات العالمية لرياض الأطفال,عالمي وأجنبي,رياض الأطفال,بنات
2025,1446,جدة,المنارات المتوسطة العالمية,عالمي وأجنبي,المرحلة المتوسطة,بنات
2025,1446,جدة,الموارد الابتدائية العالمية,عالمي وأجنبي,المرحلة الإبتدائية,بنين
2025,1446,جدة,الموارد الرائدة الابتدائية العالمية,عالمي وأجنبي,المرحلة الإبتدائية,بنات
2025,1446,جدة,الموارد الرائدة الثانوية العالمية,عالمي وأجنبي,المرحلة الثانوية,بنات
2025,1446,جدة,الموارد الرائدة العالمية الثانوية,عالمي وأجنبي,المرحلة الثانوية,بنين
2025,1446,جدة,الموارد الرائدة العالمية المتوسطة,عالمي وأجنبي,المرحلة المتوسطة,بنين
2025,1446,جدة,الموارد الرائدة العالمية المتوسطة,عالمي وأجنبي,المرحلة المتوسطة,بنات
2025,1446,جدة,الموارد الرائدة العالمية لرياض الأطفال,عالمي وأجنبي,رياض الأطفال,بنات
2025,1446,جدة,النبلاء العالمية الابتدائية,عالمي وأجنبي,المرحلة الإبتدائية,بنين
2025,1446,جدة,النبلاء العالمية الثانوية,عالمي وأجنبي,المرحلة الثانوية,بنين
2025,1446,جدة,النبلاء العالمية لرياض الأطفال,عالمي وأجنبي,رياض الأطفال,بنات
2025,1446,جدة,النصر الابتدائية  مسار دولي,عالمي وأجنبي,المرحلة الإبتدائية,بنين
2025,1446,جدة,النصر الثانوية مسار دولي,عالمي وأجنبي,المرحلة الثانوية,بنين
2025,1446,جدة,النصر المتوسطة  مسار دولي,عالمي وأجنبي,المرحلة المتوسطة,بنين
2025,1446,جدة,النورس الابتدائية العالمية,عالمي وأجنبي,المرحلة الإبتدائية,بنين
2025,1446,جدة,النورس الابتدائية العالمية,عالمي وأجنبي,المرحلة الإبتدائية,بنات
2025,1446,جدة,النورس الثانوية العالمية,عالمي وأجنبي,المرحلة الثانوية,بنات
2025,1446,جدة,النورس العالمية الثانوية,عالمي وأجنبي,المرحلة الثانوية,بنين
2025,1446,جدة,النورس العالمية لرياض الأطفال,عالمي وأجنبي,رياض الأطفال,بنات
2025,1446,جدة,النورس المتوسطة العالمية,عالمي وأجنبي,المرحلة المتوسطة,بنين
2025,1446,جدة,الواحة الابتدائية العالمية بنات,عالمي وأجنبي,المرحلة الإبتدائية,بنات
2025,1446,جدة,الواحة الابتدائية العالمية بنين,عالمي وأجنبي,المرحلة الإبتدائية,بنين
2025,1446,جدة,الواحة الثانوية العالمية,عالمي وأجنبي,المرحلة الثانوية,بنات
2025,1446,جدة,الواحة العالمية الثانوية,عالمي وأجنبي,المرحلة الثانوية,بنين
2025,1446,جدة,الواحة العالمية لرياض الأطفال,عالمي وأجنبي,رياض الأطفال,بنات
2025,1446,جدة,الواحة المتوسطة العالمية بنات,عالمي وأجنبي,المرحلة المتوسطة,بنات
2025,1446,جدة,الواحة المتوسطة العالمية بنين,عالمي وأجنبي,المرحلة المتوسطة,بنين
2025,1446,جدة,الوادي الابتدائية العالمية,عالمي وأجنبي,المرحلة الإبتدائية,بنات
2025,1446,جدة,الوادي الثانوية العالمية,عالمي وأجنبي,المرحلة الثانوية,بنات
2025,1446,جدة,الوادي العالمية الثانوية,عالمي وأجنبي,المرحلة الثانوية,بنين
2025,1446,جدة,الوادي العالمية لرياض الأطفال,عالمي وأجنبي,رياض الأطفال,بنات
2025,1446,جدة,الوادي المتوسطة العالمية,عالمي وأجنبي,المرحلة المتوسطة,بنين
2025,1446,جدة,الوادي المتوسطة العالمية,عالمي وأجنبي,المرحلة المتوسطة,بنات
2025,1446,جدة,الورود الجديدة الابتدائية العالمية,عالمي وأجنبي,المرحلة الإبتدائية,بنات
2025,1446,جدة,الورود الجديدة الثانوية العالمية,عالمي وأجنبي,المرحلة الثانوية,بنات
2025,1446,جدة,الورود الجديدة العالمية الثانوية,عالمي وأجنبي,المرحلة الثانوية,بنين
2025,1446,جدة,الورود الجديدة العالمية المتوسطة,عالمي وأجنبي,المرحلة المتوسطة,بنين
2025,1446,جدة,الورود الجديدة العالمية لرياض الأطفال,عالمي وأجنبي,رياض الأطفال,بنات
2025,1446,جدة,الورود الجديدة المتوسطة العالمية,عالمي وأجنبي,المرحلة المتوسطة,بنات
2025,1446,جدة,الولاء الذهبي الأهلية,عالمي وأجنبي,رياض الأطفال,بنات
2025,1446,جدة,أهداب الابتدائية العالمية,عالمي وأجنبي,المرحلة الإبتدائية,بنين
2025,1446,جدة,اهداب الابتدائية العالمية,عالمي وأجنبي,المرحلة الإبتدائية,بنات
2025,1446,جدة,اهداب العالمية لرياض الأطفال,عالمي وأجنبي,رياض الأطفال,بنات
2025,1446,جدة,اهداب المتوسطة العالمية,عالمي وأجنبي,المرحلة المتوسطة,بنات
2025,1446,جدة,أهداب المتوسطة العالمية,عالمي وأجنبي,المرحلة المتوسطة,بنين
2025,1446,جدة,باحة الأطفال الابتدائية العالمية,عالمي وأجنبي,المرحلة الإبتدائية,بنات
2025,1446,جدة,باحة الأطفال العالمية لرياض الأطفال,عالمي وأجنبي,رياض الأطفال,بنات
2025,1446,جدة,باحة جدة العالمية,عالمي وأجنبي,رياض الأطفال,بنات
2025,1446,جدة,بدر الابتدائية العالمية,عالمي وأجنبي,المرحلة الإبتدائية,بنين
2025,1446,جدة,بدر العالمية المتوسطة,عالمي وأجنبي,المرحلة المتوسطة,بنين
2025,1446,جدة,براعم الأزهار العالمية,عالمي وأجنبي,المرحلة الإبتدائية,بنات
2025,1446,جدة,براعم الازهار العالمية لرياض الأطفال,عالمي وأجنبي,رياض الأطفال,بنات
2025,1446,جدة,براعم الزهور الابتدائية العالمية,عالمي وأجنبي,المرحلة الإبتدائية,بنات
2025,1446,جدة,براعم الزهور العالمية لرياض الأطفال,عالمي وأجنبي,رياض الأطفال,بنات
2025,1446,جدة,برنامج تربية خاصة إبتدائية الأندلس العالمية - الشاطئ,عالمي وأجنبي,المرحلة الإبتدائية,بنات
2025,1446,جدة,بريق الاذهان العالمية(ملحق ابتدائي),عالمي وأجنبي,المرحلة الإبتدائية,بنات
2025,1446,جدة,بريق الاذهان لرياض الأطفال العالمية,عالمي وأجنبي,رياض الأطفال,بنات
2025,1446,جدة,بلادي الابتدائية العالمية,عالمي وأجنبي,المرحلة الإبتدائية,بنين
2025,1446,جدة,بلادي الابتدائية العالمية بنات,عالمي وأجنبي,المرحلة الإبتدائية,بنات
2025,1446,جدة,بلادي العالمية لرياض الأطفال,عالمي وأجنبي,رياض الأطفال,بنات
2025,1446,جدة,بلادي المتوسطة العالمية,عالمي وأجنبي,المرحلة المتوسطة,بنين
2025,1446,جدة,بوابة المعرفة الابتدائية العالمية,عالمي وأجنبي,المرحلة الإبتدائية,بنين
2025,1446,جدة,بوابة المعرفة الابتدائية العالمية,عالمي وأجنبي,المرحلة الإبتدائية,بنات
2025,1446,جدة,بوابة المعرفة الثانوية العالمية,عالمي وأجنبي,المرحلة الثانوية,بنات
2025,1446,جدة,بوابة المعرفة العالمية الثانوية,عالمي وأجنبي,المرحلة الثانوية,بنين
2025,1446,جدة,بوابة المعرفة العالمية لرياض الأطفال,عالمي وأجنبي,رياض الأطفال,بنات
2025,1446,جدة,بوابة المعرفة المتوسطة العالمية,عالمي وأجنبي,المرحلة المتوسطة,بنين
2025,1446,جدة,بوابة المعرفة المتوسطة العالمية,عالمي وأجنبي,المرحلة المتوسطة,بنات
2025,1446,جدة,بيتي الصغير الثانوية الأهلية ( مسار دولي ),عالمي وأجنبي,المرحلة الثانوية,بنات
2025,1446,جدة,ثامر الابتدائية العالمية,عالمي وأجنبي,المرحلة الإبتدائية,بنين
2025,1446,جدة,ثامر الابتدائية العالمية,عالمي وأجنبي,المرحلة الإبتدائية,بنات
2025,1446,جدة,ثامر الثانوية العالمية,عالمي وأجنبي,المرحلة الثانوية,بنين
2025,1446,جدة,ثامر الثانوية العالمية,عالمي وأجنبي,المرحلة الثانوية,بنات
2025,1446,جدة,ثامر العالمية لرياض الأطفال,عالمي وأجنبي,رياض الأطفال,بنات
2025,1446,جدة,ثامر المتوسطة العالمية,عالمي وأجنبي,المرحلة المتوسطة,بنين
2025,1446,جدة,ثامر المتوسطة العالمية,عالمي وأجنبي,المرحلة المتوسطة,بنات
2025,1446,جدة,ثانوية الإتحاد العالمية,عالمي وأجنبي,المرحلة الثانوية,بنين
2025,1446,جدة,ثانوية الاندلس العالمية-الشاطئ,عالمي وأجنبي,المرحلة الثانوية,بنات
2025,1446,جدة,ثانوية الأندلس العالمية - بنات,عالمي وأجنبي,المرحلة الثانوية,بنات
2025,1446,جدة,ثانوية الحكماء العالمية-بنات,عالمي وأجنبي,المرحلة الثانوية,بنات
2025,1446,جدة,ثانوية الفخامة العالمية,عالمي وأجنبي,المرحلة الثانوية,بنات
2025,1446,جدة,ثانوية الكون العالمية,عالمي وأجنبي,المرحلة الثانوية,بنات
2025,1446,جدة,ثانوية الكون المطوره العالمية,عالمي وأجنبي,المرحلة الثانوية,بنات
2025,1446,جدة,ثانوية المعرفة العالمية,عالمي وأجنبي,المرحلة الثانوية,بنات
2025,1446,جدة,ثانوية النبلاء العالمية,عالمي وأجنبي,المرحلة الثانوية,بنات
2025,1446,جدة,ثانوية جدة الخاصة العالمية,عالمي وأجنبي,المرحلة الثانوية,بنين
2025,1446,جدة,ثانوية دار جنى العالمية بنات,عالمي وأجنبي,المرحلة الثانوية,بنات
2025,1446,جدة,ثانوية دار جنى العالمية بنين,عالمي وأجنبي,المرحلة الثانوية,بنين
2025,1446,جدة,ثانوية مدارس العرب العالمية,عالمي وأجنبي,المرحلة الثانوية,بنين
2025,1446,جدة,ثانوية مدارس العرب العالمية,عالمي وأجنبي,المرحلة الثانوية,بنات
2025,1446,جدة,ثانوية مدارس المكتشف العالمية,عالمي وأجنبي,المرحلة الثانوية,بنات
2025,1446,جدة,ثانوية مدارس المكتشف العالمية المحدودة (فرع الداون تاون),عالمي وأجنبي,المرحلة الثانوية,بنين
2025,1446,جدة,ثانوية مدارس المكتشف العالمية بنين,عالمي وأجنبي,المرحلة الثانوية,بنين
2025,1446,جدة,ثانويه مدارس المكتشف العالمية المحدودة (فرع الداون تاون ),عالمي وأجنبي,المرحلة الثانوية,بنات
2025,1446,جدة,ثانويه مدارس المكتشف العالميه قسم التربية الخاصة,عالمي وأجنبي,المرحلة الثانوية,بنين
2025,1446,جدة,جبل فرسان الابتدائية العالمية,عالمي وأجنبي,المرحلة الإبتدائية,بنين
2025,1446,جدة,جبل فرسان الابتدائية العالمية رابغ,عالمي وأجنبي,المرحلة الإبتدائية,بنات
2025,1446,جدة,جبل فرسان العالميه المتوسطه,عالمي وأجنبي,المرحلة المتوسطة,بنين
2025,1446,جدة,جدة الخاصة الابتدائية العالمية,عالمي وأجنبي,المرحلة الإبتدائية,بنين
2025,1446,جدة,جدة الخاصة العالمية الثانوية,عالمي وأجنبي,المرحلة الثانوية,بنات
2025,1446,جدة,جدة الخاصة العالمية لرياض الأطفال,عالمي وأجنبي,رياض الأطفال,بنات
2025,1446,جدة,جدة الخاصة المتوسطة  العالمية للبنين,عالمي وأجنبي,المرحلة المتوسطة,بنين
2025,1446,جدة,جدة الخاصة المتوسطة العالمية,عالمي وأجنبي,المرحلة المتوسطة,بنات
2025,1446,جدة,جدة الراقية الابتدائية العالمية,عالمي وأجنبي,المرحلة الإبتدائية,بنات
2025,1446,جدة,جدة الراقية العالمية لرياض الأطفال,عالمي وأجنبي,رياض الأطفال,بنات
2025,1446,جدة,جزيرة العلوم الإبتدائية العالمية,عالمي وأجنبي,المرحلة الإبتدائية,بنات
2025,1446,جدة,جزيرة العلوم الثانوية العالمية,عالمي وأجنبي,المرحلة الثانوية,بنات
2025,1446,جدة,جزيرة العلوم العالمية لرياض الأطفال,عالمي وأجنبي,رياض الأطفال,بنات
2025,1446,جدة,جزيرة العلوم المتوسطة العالمية,عالمي وأجنبي,المرحلة المتوسطة,بنات
2025,1446,جدة,جسر التعليم العالمية لرياض الأطفال,عالمي وأجنبي,رياض الأطفال,بنات
2025,1446,جدة,جيل الندي العالمية لرياض الأطفال,عالمي وأجنبي,رياض الأطفال,بنات
2025,1446,جدة,حديقة الأطفال الابتدائية الأهلية - مسار دولي,عالمي وأجنبي,المرحلة الإبتدائية,بنات
2025,1446,جدة,حديقة الأطفال الأهلية لرياض الأطفال ( مسار دولي ),عالمي وأجنبي,رياض الأطفال,بنات
2025,1446,جدة,حديقة الأطفال الثانوية الأهلية ( مسار دولي ),عالمي وأجنبي,المرحلة الثانوية,بنات
2025,1446,جدة,حديقة الأطفال المتوسطة الأهلية ( مسار دولي ),عالمي وأجنبي,المرحلة المتوسطة,بنات
2025,1446,جدة,حديقة الزهور العالمية لرياض الأطفال,عالمي وأجنبي,رياض الأطفال,بنات
2025,1446,جدة,حراء الابتدائية العالمية,عالمي وأجنبي,المرحلة الإبتدائية,بنين
2025,1446,جدة,حراء الابتدائية العالمية,عالمي وأجنبي,المرحلة الإبتدائية,بنات
2025,1446,جدة,حراء العالمية لرياض الأطفال,عالمي وأجنبي,رياض الأطفال,بنات
2025,1446,جدة,حراء المتوسطة العالمية,عالمي وأجنبي,المرحلة المتوسطة,بنين
2025,1446,جدة,حراء المتوسطة العالمية,عالمي وأجنبي,المرحلة المتوسطة,بنات
2025,1446,جدة,دار التربية الحديثة الابتدائية الأهلية - المسار الدولي,عالمي وأجنبي,المرحلة الإبتدائية,بنين
2025,1446,جدة,دار التربية الحديثة الإبتدائية الأهلية  ( مسار دولي ),عالمي وأجنبي,المرحلة الإبتدائية,بنات
2025,1446,جدة,دار التربية الحديثة الأهلية لرياض الأطفال ( مسار دولي ),عالمي وأجنبي,رياض الأطفال,بنات
2025,1446,جدة,دار التربية الحديثة المتوسطة -مسار دولي,عالمي وأجنبي,المرحلة المتوسطة,بنين
2025,1446,جدة,دار التربية الحديثة مسار دولي(ثانوي),عالمي وأجنبي,المرحلة الثانوية,بنات
2025,1446,جدة,دار الرواد النموذجية,عالمي وأجنبي,المرحلة المتوسطة,بنين
2025,1446,جدة,دار الرواد النموذجية الأهلية ( مسار ),عالمي وأجنبي,المرحلة الإبتدائية,بنات
2025,1446,جدة,دار الرواد النموذجية الأهلية ( مسار دولي رياض أطفال ),عالمي وأجنبي,رياض الأطفال,بنات
2025,1446,جدة,دار الفرسان الإبتدائية الأهلية  ( مسار دولي ),عالمي وأجنبي,المرحلة الإبتدائية,بنات
2025,1446,جدة,دار الفرسان الأهلية لرياض الأطفال ( مسار دولي ),عالمي وأجنبي,رياض الأطفال,بنات
2025,1446,جدة,دار الفكر الابتدائية العالميه,عالمي وأجنبي,المرحلة الإبتدائية,بنات
2025,1446,جدة,دار الفكر الابتدائيه العالمية,عالمي وأجنبي,المرحلة الإبتدائية,بنين
2025,1446,جدة,دار الفكر الثانويه العالمية,عالمي وأجنبي,المرحلة الثانوية,بنين
2025,1446,جدة,دار الفكر الثانويه العالمية,عالمي وأجنبي,المرحلة الثانوية,بنات
2025,1446,جدة,دار الفكر العالمية لرياض الأطفال,عالمي وأجنبي,رياض الأطفال,بنات
2025,1446,جدة,دار الفكر المتوسطة العالمية,عالمي وأجنبي,المرحلة المتوسطة,بنين
2025,1446,جدة,دار الفكر المتوسطة العالميه,عالمي وأجنبي,المرحلة المتوسطة,بنات
2025,1446,جدة,دار المجد العالمية الابتدائية,عالمي وأجنبي,المرحلة الإبتدائية,بنات
2025,1446,جدة,دار المجد العالمية لرياض الأطفال,عالمي وأجنبي,رياض الأطفال,بنات
2025,1446,جدة,دار المعرفة الابتدائية مسار دولي,عالمي وأجنبي,المرحلة الإبتدائية,بنين
2025,1446,جدة,دار المعرفة الثانوية مسار دولي,عالمي وأجنبي,المرحلة الثانوية,بنين
2025,1446,جدة,دار المعرفة المتوسطة مسار دولي,عالمي وأجنبي,المرحلة المتوسطة,بنين
2025,1446,جدة,دار الموهوبين الابتدائية العالمية,عالمي وأجنبي,المرحلة الإبتدائية,بنات
2025,1446,جدة,دار الموهوبين العالمية لرياض الأطفال,عالمي وأجنبي,رياض الأطفال,بنات
2025,1446,جدة,دار جنى العالمية لرياض الأطفال,عالمي وأجنبي,رياض الأطفال,بنات
2025,1446,جدة,دارالرواد النموذجية الإبتدائية ( مسار دولي ),عالمي وأجنبي,المرحلة الإبتدائية,بنين
2025,1446,جدة,درة الشرق الابتدائية العالمية,عالمي وأجنبي,المرحلة الإبتدائية,بنين
2025,1446,جدة,درة الشرق الابتدائية العالمية,عالمي وأجنبي,المرحلة الإبتدائية,بنات
2025,1446,جدة,درة الشرق الثانوية العالميه,عالمي وأجنبي,المرحلة الثانوية,بنات
2025,1446,جدة,درة الشرق العالمية الثانوية,عالمي وأجنبي,المرحلة الثانوية,بنين
2025,1446,جدة,درة الشرق العالمية لرياض الأطفال,عالمي وأجنبي,رياض الأطفال,بنات
2025,1446,جدة,درة الشرق المتوسطة العالمية,عالمي وأجنبي,المرحلة المتوسطة,بنين
2025,1446,جدة,درة الشرق المتوسطة العالمية,عالمي وأجنبي,المرحلة المتوسطة,بنات
2025,1446,جدة,دوحة الجزيرة الابتدائية العالمية,عالمي وأجنبي,المرحلة الإبتدائية,بنات
2025,1446,جدة,دوحة الجزيرة الثانوية العالمية,عالمي وأجنبي,المرحلة الثانوية,بنات
2025,1446,جدة,دوحة الجزيرة العالمية لرياض الاطفال,عالمي وأجنبي,رياض الأطفال,بنات
2025,1446,جدة,دوحة الجزيرة المتوسطة العالمية,عالمي وأجنبي,المرحلة المتوسطة,بنات
2025,1446,جدة,دوحة العلوم الابتدائية العالمية,عالمي وأجنبي,المرحلة الإبتدائية,بنين
2025,1446,جدة,دوحة العلوم الابتدائية العالمية,عالمي وأجنبي,المرحلة الإبتدائية,بنات
2025,1446,جدة,دوحة العلوم العالمية لرياض الأطفال,عالمي وأجنبي,رياض الأطفال,بنات
2025,1446,جدة,دوحة العلوم المتوسطة,عالمي وأجنبي,المرحلة المتوسطة,بنين
2025,1446,جدة,دوحة العلوم المتوسطة العالمية,عالمي وأجنبي,المرحلة المتوسطة,بنات
2025,1446,جدة,رواد الخليج الثانوية العالمية,عالمي وأجنبي,المرحلة الثانوية,بنات
2025,1446,جدة,رواد الخليج الثانوية العالمية بنين,عالمي وأجنبي,المرحلة الثانوية,بنين
2025,1446,جدة,رواد الخليج العالمية لرياض الأطفال,عالمي وأجنبي,رياض الأطفال,بنات
2025,1446,جدة,روضة أزهار صغيرة العالمبة,عالمي وأجنبي,رياض الأطفال,بنات
2025,1446,جدة,روضة أكاديمية الحسن العالمية,عالمي وأجنبي,رياض الأطفال,بنات
2025,1446,جدة,روضة أكاديمية الحسن العالمية - تربية خاصة,عالمي وأجنبي,رياض الأطفال,بنات
2025,1446,جدة,روضة الابداع ( مسار دولي ),عالمي وأجنبي,رياض الأطفال,بنات
2025,1446,جدة,روضة الحسن العالمية,عالمي وأجنبي,رياض الأطفال,بنات
2025,1446,جدة,روضة العقول المفكرة,عالمي وأجنبي,رياض الأطفال,بنات
2025,1446,جدة,روضة القمم الخضراء العالمية,عالمي وأجنبي,رياض الأطفال,بنات
2025,1446,جدة,روضة المعرفة العالمية,عالمي وأجنبي,رياض الأطفال,بنات
2025,1446,جدة,روضة المواهب العالمية ( رابغ ),عالمي وأجنبي,رياض الأطفال,بنات
2025,1446,جدة,روضة انجالي المتخصصة العالمية,عالمي وأجنبي,المرحلة الإبتدائية,بنات
2025,1446,جدة,روضة انجالي المتخصصة العالمية(رياض اطفال),عالمي وأجنبي,رياض الأطفال,بنات
2025,1446,جدة,روضة بيتي الصغير ( مسار دولي ),عالمي وأجنبي,رياض الأطفال,بنات
2025,1446,جدة,روضة رواد العلم المسار الأمريكي,عالمي وأجنبي,رياض الأطفال,بنات
2025,1446,جدة,روضة رؤية وطن العالمية,عالمي وأجنبي,رياض الأطفال,بنات
2025,1446,جدة,روضة مدارس  العرب العالمية,عالمي وأجنبي,رياض الأطفال,بنات
2025,1446,جدة,روضة مدارس المكتشف العالمية المحدودة (فرع الداون تاون ),عالمي وأجنبي,رياض الأطفال,بنات
2025,1446,جدة,روضة مملكة الطفولة العالمية,عالمي وأجنبي,رياض الأطفال,بنات
2025,1446,جدة,روضه مملكه الطفوله العالميه ملحق ابتدائي,عالمي وأجنبي,المرحلة الإبتدائية,بنات
2025,1446,جدة,رؤية وطن العالمية (ملحق اببتدائي),عالمي وأجنبي,المرحلة الإبتدائية,بنات
2025,1446,جدة,رياض الرتاج (مسار دولي ) رياض اطفال,عالمي وأجنبي,رياض الأطفال,بنات
2025,1446,جدة,رياض الرتاج الاهليه ( مسار دولي ) ملحق متوسط,عالمي وأجنبي,المرحلة المتوسطة,بنات
2025,1446,جدة,ريف جدة المتوسطة العالمية,عالمي وأجنبي,المرحلة المتوسطة,بنين
2025,1446,جدة,زهرة الصحراء الابتدائية العالمية,عالمي وأجنبي,المرحلة الإبتدائية,بنين
2025,1446,جدة,زهرة الصحراء الابتدائية العالمية,عالمي وأجنبي,المرحلة الإبتدائية,بنات
2025,1446,جدة,زهرة الصحراء الثانوية العالمية,عالمي وأجنبي,المرحلة الثانوية,بنين
2025,1446,جدة,زهرة الصحراء الثانوية العالمية,عالمي وأجنبي,المرحلة الثانوية,بنات
2025,1446,جدة,زهرة الصحراء العالمية لرياض الأطفال,عالمي وأجنبي,رياض الأطفال,بنات
2025,1446,جدة,زهرة الصحراء المتوسطة العالمية,عالمي وأجنبي,المرحلة المتوسطة,بنين
2025,1446,جدة,زهرة الصحراء المتوسطة العالمية,عالمي وأجنبي,المرحلة المتوسطة,بنات
2025,1446,جدة,سارة العالمية لرياض الأطفال,عالمي وأجنبي,رياض الأطفال,بنات
2025,1446,جدة,ساره العالمية الثانوية,عالمي وأجنبي,المرحلة الثانوية,بنات
2025,1446,جدة,سدر الابتدائية العالمية,عالمي وأجنبي,المرحلة الإبتدائية,بنين
2025,1446,جدة,سدر الابتدائية العالمية,عالمي وأجنبي,المرحلة الإبتدائية,بنات
2025,1446,جدة,سدر الثانوية العالمية,عالمي وأجنبي,المرحلة الثانوية,بنات
2025,1446,جدة,سدر العالمية الثانوية,عالمي وأجنبي,المرحلة الثانوية,بنين
2025,1446,جدة,سدر العالمية لرياض الأطفال,عالمي وأجنبي,رياض الأطفال,بنات
2025,1446,جدة,سدر المتوسطة العالمية,عالمي وأجنبي,المرحلة المتوسطة,بنين
2025,1446,جدة,سدر المتوسطة العالمية,عالمي وأجنبي,المرحلة المتوسطة,بنات
2025,1446,جدة,طلال العالمية - بنات ابتدائي,عالمي وأجنبي,المرحلة الإبتدائية,بنات
2025,1446,جدة,طلال العالمية - بنات روضة,عالمي وأجنبي,رياض الأطفال,بنات
2025,1446,جدة,طلال العالمية - بنات متوسطة,عالمي وأجنبي,المرحلة المتوسطة,بنات
2025,1446,جدة,طلال العالمية - بنين ابتدائي,عالمي وأجنبي,المرحلة الإبتدائية,بنين
2025,1446,جدة,طلال العالمية - بنين متوسطة,عالمي وأجنبي,المرحلة المتوسطة,بنين
2025,1446,جدة,عالم التعلم العالمية لرياض الأطفال,عالمي وأجنبي,رياض الأطفال,بنات
2025,1446,جدة,عالم التعليم العالمية لرياض الأطفال,عالمي وأجنبي,رياض الأطفال,بنات
2025,1446,جدة,عبق العلم الابتدائية  العالمية,عالمي وأجنبي,المرحلة الإبتدائية,بنات
2025,1446,جدة,عبق العلم الابتدائية العالمية,عالمي وأجنبي,المرحلة الإبتدائية,بنين
2025,1446,جدة,عبق العلم العالمية لرياض الأطفال,عالمي وأجنبي,رياض الأطفال,بنات
2025,1446,جدة,عبق العلم المتوسطة  العالمية,عالمي وأجنبي,المرحلة المتوسطة,بنات
2025,1446,جدة,عبق العلم المتوسطة العالمية,عالمي وأجنبي,المرحلة المتوسطة,بنين
2025,1446,جدة,عناية الأطفال المتميزة العالمية لرياض الأطفال,عالمي وأجنبي,رياض الأطفال,بنات
2025,1446,جدة,فرسان المعرفة الابتدائية العالمية,عالمي وأجنبي,المرحلة الإبتدائية,بنين
2025,1446,جدة,فرسان المعرفة الابتدائية العالميه,عالمي وأجنبي,المرحلة الإبتدائية,بنات
2025,1446,جدة,فرسان المعرفة الثانوية العالمية,عالمي وأجنبي,المرحلة الثانوية,بنين
2025,1446,جدة,فرسان المعرفة الثانوية العالمية,عالمي وأجنبي,المرحلة الثانوية,بنات
2025,1446,جدة,فرسان المعرفة العالمية لرياض الأطفال,عالمي وأجنبي,رياض الأطفال,بنات
2025,1446,جدة,فرسان المعرفة المتوسطة العالمية,عالمي وأجنبي,المرحلة المتوسطة,بنات
2025,1446,جدة,فرسان المعرفة المتوسطة العالمية الأهلية,عالمي وأجنبي,المرحلة المتوسطة,بنين
2025,1446,جدة,قرطبة الابتدائية المسار الدولي,عالمي وأجنبي,المرحلة الإبتدائية,بنين
2025,1446,جدة,قوس النصر الثانوية العالمية,عالمي وأجنبي,المرحلة الثانوية,بنات
2025,1446,جدة,قوس النصر العالمية الابتدائية,عالمي وأجنبي,المرحلة الإبتدائية,بنين
2025,1446,جدة,قوس النصر العالمية الثانوية,عالمي وأجنبي,المرحلة الثانوية,بنين
2025,1446,جدة,قوس النصر العالمية المتوسطة .,عالمي وأجنبي,المرحلة المتوسطة,بنات
2025,1446,جدة,قوس النصر العالمية لرياض الأطفال,عالمي وأجنبي,رياض الأطفال,بنات
2025,1446,جدة,قوس النصر العالميه الابتدائيه,عالمي وأجنبي,المرحلة الإبتدائية,بنات
2025,1446,جدة,قوس النصر المتوسطة العالمية,عالمي وأجنبي,المرحلة المتوسطة,بنين
2025,1446,جدة,كنز المتقدمة العالمية الابتدائية,عالمي وأجنبي,المرحلة الإبتدائية,بنات
2025,1446,جدة,كنز المتقدمة العالمية المتوسطة,عالمي وأجنبي,المرحلة المتوسطة,بنات
2025,1446,جدة,كنز المتقدمة العالمية رياض اطفال,عالمي وأجنبي,رياض الأطفال,بنات
2025,1446,جدة,لغات جدة الابتدائية العالمية,عالمي وأجنبي,المرحلة الإبتدائية,بنات
2025,1446,جدة,لغات جدة العالمية لرياض الأطفال,عالمي وأجنبي,رياض الأطفال,بنات
2025,1446,جدة,لؤلؤة الكنوز الابتدائية العالمية,عالمي وأجنبي,المرحلة الإبتدائية,بنات
2025,1446,جدة,لؤلؤة الكنوز العالمية لرياض الأطفال,عالمي وأجنبي,رياض الأطفال,بنات
2025,1446,جدة,متوسطة أكاديمية الحسن العالمية صفوف ملحقة,عالمي وأجنبي,المرحلة المتوسطة,بنات
2025,1446,جدة,متوسطة أكاديمية الحسن العالمية صفوف ملحقة - تربية حاصة,عالمي وأجنبي,المرحلة المتوسطة,بنات
2025,1446,جدة,متوسطة الاتحاد العالمية,عالمي وأجنبي,المرحلة المتوسطة,بنين
2025,1446,جدة,متوسطة الأندلس العالمية - الشاطئ,عالمي وأجنبي,المرحلة المتوسطة,بنات
2025,1446,جدة,متوسطة الأندلس العالمية - بنات,عالمي وأجنبي,المرحلة المتوسطة,بنات
2025,1446,جدة,متوسطة الأندلس العالمية بنات - الفيحاء,عالمي وأجنبي,المرحلة المتوسطة,بنات
2025,1446,جدة,متوسطة الأندلس العالمية بنين - الفيحاء,عالمي وأجنبي,المرحلة المتوسطة,بنين
2025,1446,جدة,متوسطة البساط الأخضر العالمية,عالمي وأجنبي,المرحلة المتوسطة,بنات
2025,1446,جدة,متوسطة الفخامة العالمية,عالمي وأجنبي,المرحلة المتوسطة,بنات
2025,1446,جدة,متوسطة الكون العالمية,عالمي وأجنبي,المرحلة المتوسطة,بنات
2025,1446,جدة,متوسطة المعرفة العالمية,عالمي وأجنبي,المرحلة المتوسطة,بنات
2025,1446,جدة,متوسطة النبلاء العالمية,عالمي وأجنبي,المرحلة المتوسطة,بنين
2025,1446,جدة,متوسطة أنجال الفكر الأهلية ( مسار مصري ),عالمي وأجنبي,المرحلة المتوسطة,بنين
2025,1446,جدة,متوسطة بمدرسة سارة الإبتدائية العالمية,عالمي وأجنبي,المرحلة المتوسطة,بنات
2025,1446,جدة,متوسطة بيتي الصغير- مسار دولي,عالمي وأجنبي,المرحلة المتوسطة,بنات
2025,1446,جدة,متوسطة دار التربية الحديثة ( مسار دولي ),عالمي وأجنبي,المرحلة المتوسطة,بنات
2025,1446,جدة,متوسطة دار الفرسان الأهلية - مسار دولي,عالمي وأجنبي,المرحلة المتوسطة,بنات
2025,1446,جدة,متوسطة دار الفرسان الاهلية دبلوما,عالمي وأجنبي,المرحلة المتوسطة,بنين
2025,1446,جدة,متوسطة دار المجد العالمية,عالمي وأجنبي,المرحلة المتوسطة,بنات
2025,1446,جدة,متوسطة دار جنى العالمية بنات,عالمي وأجنبي,المرحلة المتوسطة,بنات
2025,1446,جدة,متوسطة دار جنى العالمية بنين,عالمي وأجنبي,المرحلة المتوسطة,بنين
2025,1446,جدة,متوسطة قرطبة الاهلية - مسار الدبلوما الامريكية,عالمي وأجنبي,المرحلة المتوسطة,بنين
2025,1446,جدة,متوسطة مدارس  المكتشف العالمية,عالمي وأجنبي,المرحلة المتوسطة,بنات
2025,1446,جدة,متوسطة مدارس الفرات العالمية طالبات,عالمي وأجنبي,المرحلة المتوسطة,بنات
2025,1446,جدة,متوسطة مدارس الفرات العالمية طلاب,عالمي وأجنبي,المرحلة المتوسطة,بنين
2025,1446,جدة,متوسطة مدارس المكتشف العالمية,عالمي وأجنبي,المرحلة المتوسطة,بنين
2025,1446,جدة,متوسطة مدارس المكتشف العالمية المحدودة (فرع الداون تاون ),عالمي وأجنبي,المرحلة المتوسطة,بنات
2025,1446,جدة,متوسطة مدارس المكتشف العالمية المحدودة قسم التربية الخاصة,عالمي وأجنبي,المرحلة المتوسطة,بنات
2025,1446,جدة,متوسطة مدارس المكتشف العالمية المحدوده ( فرع الداون تاون ),عالمي وأجنبي,المرحلة المتوسطة,بنين
2025,1446,جدة,مدارس أكاديمية لغات جدة الابتدائية العالمية,عالمي وأجنبي,المرحلة الإبتدائية,بنين
2025,1446,جدة,مدارس أكاديمية لغات جدة المتوسطة العالمية,عالمي وأجنبي,المرحلة المتوسطة,بنين
2025,1446,جدة,مدارس أكاديمية لغات جدة رياض الأطفال العالمية,عالمي وأجنبي,رياض الأطفال,بنات
2025,1446,جدة,مدارس الأقصى الثانوية الأهلية مسار دولي,عالمي وأجنبي,المرحلة الثانوية,بنين
2025,1446,جدة,مدارس الأندلس الأهلية الحمدانية دبلوما ابتدائية,عالمي وأجنبي,المرحلة الإبتدائية,بنات
2025,1446,جدة,مدارس الأندلس الأهلية الحمدانية دبلوما رياض1 أطفال,عالمي وأجنبي,رياض الأطفال,بنات
2025,1446,جدة,مدارس الأندلس الأهلية مسار مصري رياض أطفال,عالمي وأجنبي,رياض الأطفال,بنات
2025,1446,جدة,مدارس التعلم داخل المرح العالمية,عالمي وأجنبي,المرحلة الإبتدائية,بنات
2025,1446,جدة,مدارس العرب الابتدائية العالمية,عالمي وأجنبي,المرحلة الإبتدائية,بنين
2025,1446,جدة,مدارس العرب المتوسطة العالمية,عالمي وأجنبي,المرحلة المتوسطة,بنين
2025,1446,جدة,مدارس العزز العالمية,عالمي وأجنبي,رياض الأطفال,بنات
2025,1446,جدة,مدارس الفال المميز  المرحلة الابتدائية مسار دولي,عالمي وأجنبي,المرحلة الإبتدائية,بنين
2025,1446,جدة,مدارس الفال المميز للتعليم المرحلة الابتدائية - مسار دولي بنات,عالمي وأجنبي,المرحلة الإبتدائية,بنات
2025,1446,جدة,مدارس الفال المميز للتعليم رياض الأطفال – مسار دولي,عالمي وأجنبي,رياض الأطفال,بنات
2025,1446,جدة,مدارس الفرات العالمية,عالمي وأجنبي,رياض الأطفال,بنات
2025,1446,جدة,مدارس الفيصلية الأبتدائية الأهلية للبنات المسار الدولي,عالمي وأجنبي,المرحلة الإبتدائية,بنات
2025,1446,جدة,مدارس الفيصلية الأهلية لرياض الأطفال( المسار الدولي),عالمي وأجنبي,رياض الأطفال,بنات
2025,1446,جدة,مدارس الكوثر الابتدائية العالمية,عالمي وأجنبي,المرحلة الإبتدائية,بنات
2025,1446,جدة,مدارس الكوثر الثانوية العالمية بنين,عالمي وأجنبي,المرحلة الثانوية,بنين
2025,1446,جدة,مدارس الكوثر الثانويةالعالمية بنات,عالمي وأجنبي,المرحلة الثانوية,بنات
2025,1446,جدة,مدارس المكتشف العالميه الابتدائية المحدودة (فرع الداون تاون),عالمي وأجنبي,المرحلة الإبتدائية,بنات
2025,1446,جدة,مدارس جامعة الملك عبدالله للعلوم التقنية الابتدائية العالمية,عالمي وأجنبي,المرحلة الإبتدائية,بنين
2025,1446,جدة,مدارس جامعة الملك عبدالله للعلوم التقنية العالمية الثانوية,عالمي وأجنبي,المرحلة الثانوية,بنين
2025,1446,جدة,مدارس جامعة الملك عبدالله للعلوم التقنية المتوسطة العالمية,عالمي وأجنبي,المرحلة المتوسطة,بنين
2025,1446,جدة,مدارس دار الذكر الاهلية - القسم المتوسط (مساري دولي ),عالمي وأجنبي,المرحلة المتوسطة,بنين
2025,1446,جدة,مدارس دار الذكر الأهلية للبنين-مسار دولي,عالمي وأجنبي,المرحلة الإبتدائية,بنين
2025,1446,جدة,مدارس دار الرواد النموذجية,عالمي وأجنبي,المرحلة المتوسطة,بنات
2025,1446,جدة,مدارس دار الفرسان الابتدائية الاهلية بنين - مسار دولي,عالمي وأجنبي,المرحلة الإبتدائية,بنين
2025,1446,جدة,مدارس رواد الخليج الابتدائية العالمية,عالمي وأجنبي,المرحلة الإبتدائية,بنات
2025,1446,جدة,مدارس رؤية الابتكار العالميه الاهلية الإبتدائية,عالمي وأجنبي,المرحلة الإبتدائية,بنات
2025,1446,جدة,مدارس عالم الصغار العالمية-المرحلة الابتدائية,عالمي وأجنبي,المرحلة الإبتدائية,بنات
2025,1446,جدة,مدارس عالم الصغار العالمية-امرحلة رياض الأطفال,عالمي وأجنبي,رياض الأطفال,بنات
2025,1446,جدة,مدارس عالم الصغار العالمية - المرحلة الثانوية,عالمي وأجنبي,المرحلة الثانوية,بنات
2025,1446,جدة,مدارس عالم الصغار العالمية - المرحلة المتوسطة,عالمي وأجنبي,المرحلة المتوسطة,بنات
2025,1446,جدة,مدارس نخبة الصغار العالمية,عالمي وأجنبي,رياض الأطفال,بنات
2025,1446,جدة,مدارس نخبة الصغار العالمية مرحلة الابتدائية,عالمي وأجنبي,المرحلة الإبتدائية,بنات
2025,1446,جدة,مدراس رؤية الابتكار العالمية,عالمي وأجنبي,رياض الأطفال,بنات
2025,1446,جدة,مدرسة الأذكياء الصغار,عالمي وأجنبي,رياض الأطفال,بنات
2025,1446,جدة,مدرسة الآفاق العالمية - المرحلة الإبتدائية,عالمي وأجنبي,المرحلة الإبتدائية,بنات
2025,1446,جدة,مدرسة الآفاق العالمية - المرحلة الثانوية,عالمي وأجنبي,المرحلة الثانوية,بنين
2025,1446,جدة,مدرسة الآفاق العالمية - المرحلة المتوسطة,عالمي وأجنبي,المرحلة المتوسطة,بنات
2025,1446,جدة,مدرسة الحمراء المميزة العالمية الابتدائية,عالمي وأجنبي,المرحلة الإبتدائية,بنات
2025,1446,جدة,مدرسة الدرة الثانوية العالمية,عالمي وأجنبي,المرحلة الثانوية,بنين
2025,1446,جدة,مدرسة الدعاء الابتدائية العالمية,عالمي وأجنبي,المرحلة الإبتدائية,بنات
2025,1446,جدة,مدرسة الدعاء المتوسطة العالمية,عالمي وأجنبي,المرحلة المتوسطة,بنات
2025,1446,جدة,مدرسة الدوائر الملونة النموذجية العالمية,عالمي وأجنبي,رياض الأطفال,بنات
2025,1446,جدة,مدرسة العقول المفكرة العالمية صفوف ملحقة,عالمي وأجنبي,المرحلة الإبتدائية,بنات
2025,1446,جدة,مدرسة الفائزين  العالمية,عالمي وأجنبي,المرحلة الإبتدائية,بنين
2025,1446,جدة,مدرسة الفائزين المتوسطة العالميه,عالمي وأجنبي,المرحلة المتوسطة,بنين
2025,1446,جدة,مدرسة المبدعون المتوسطة العالمية,عالمي وأجنبي,المرحلة المتوسطة,بنات
2025,1446,جدة,مدرسة المواهب العالمية الابتدائية,عالمي وأجنبي,المرحلة الإبتدائية,بنات
2025,1446,جدة,مدرسة المواهب العالمية المتوسطة,عالمي وأجنبي,المرحلة المتوسطة,بنات
2025,1446,جدة,مدرسة النبلاء العالمية المتوسطة,عالمي وأجنبي,المرحلة المتوسطة,بنات
2025,1446,جدة,مدرسة جدة العالمية- بنات - متوسط - تربية خاصة,عالمي وأجنبي,المرحلة المتوسطة,بنات
2025,1446,جدة,مدرسة جدة العالمية - القسم الثانوي,عالمي وأجنبي,المرحلة الثانوية,بنات
2025,1446,جدة,مدرسة جدة العالمية - المرحلة الإبتدائية,عالمي وأجنبي,المرحلة الإبتدائية,بنين
2025,1446,جدة,مدرسة جدة العالمية - المرحلة الثانوية,عالمي وأجنبي,المرحلة الثانوية,بنين
2025,1446,جدة,مدرسة جدة العالمية - المرحلة المتوسطة,عالمي وأجنبي,المرحلة المتوسطة,بنين
2025,1446,جدة,مدرسة جدة العالمية - بنات - ابتدائي - تربية خاصة,عالمي وأجنبي,المرحلة الإبتدائية,بنات
2025,1446,جدة,مدرسة جدة العالمية - بنات - روضة- تربية خاصة,عالمي وأجنبي,رياض الأطفال,بنات
2025,1446,جدة,مدرسة جدة العالمية - بنات – ثانوي - تربية خاصة,عالمي وأجنبي,المرحلة الثانوية,بنات
2025,1446,جدة,مدرسة جدة العالمية - بنين - ابتدائي - تربية خاصة,عالمي وأجنبي,المرحلة الإبتدائية,بنين
2025,1446,جدة,مدرسة جدة العالمية - بنين – ثانوي - تربية خاصة,عالمي وأجنبي,المرحلة الثانوية,بنين
2025,1446,جدة,مدرسة جدة العالمية - قسم  الروضة,عالمي وأجنبي,رياض الأطفال,بنات
2025,1446,جدة,مدرسة جدة العالمية - قسم الابتدائي,عالمي وأجنبي,المرحلة الإبتدائية,بنات
2025,1446,جدة,مدرسة جدة العالمية - قسم المتوسط,عالمي وأجنبي,المرحلة المتوسطة,بنات
2025,1446,جدة,مدرسة جدة العالمية - متوسط بنين- تربية خاصة,عالمي وأجنبي,المرحلة المتوسطة,بنين
2025,1446,جدة,مدرسة دار الحنان العالمية,عالمي وأجنبي,المرحلة الإبتدائية,بنات
2025,1446,جدة,مدرسة رواد الخليج الابتدائية العالميه,عالمي وأجنبي,المرحلة الإبتدائية,بنين
2025,1446,جدة,مدرسة رواد الخليج العالمية,عالمي وأجنبي,المرحلة المتوسطة,بنات
2025,1446,جدة,مدرسة رواد الخليج المتوسطة العالمية,عالمي وأجنبي,المرحلة المتوسطة,بنين
2025,1446,جدة,مدرسة رواد العلم الابتدائية المسار الأمريكي,عالمي وأجنبي,المرحلة الإبتدائية,بنات
2025,1446,جدة,مدرسة رياض الرتاج الأهلية الابتدائية  ( مسار دولي ),عالمي وأجنبي,المرحلة الإبتدائية,بنات
2025,1446,جدة,مدرسة سارة العالمية,عالمي وأجنبي,المرحلة الإبتدائية,بنات
2025,1446,جدة,مدرسة عالم التعليم الابتدائية العالمية,عالمي وأجنبي,المرحلة الإبتدائية,بنات
2025,1446,جدة,مدرسة قرية المعرفة العالمية,عالمي وأجنبي,رياض الأطفال,بنات
2025,1446,جدة,مدرسة كواكب الطفولة العالمية,عالمي وأجنبي,رياض الأطفال,بنات
2025,1446,جدة,مدرسة لغات جدة العالمية,عالمي وأجنبي,المرحلة المتوسطة,بنات
2025,1446,جدة,مدرسة مدينتي الصغيرة الابتدائية العالمية,عالمي وأجنبي,المرحلة الإبتدائية,بنات
2025,1446,جدة,مدرسة معارف العلم للتعليم الابتدائية العالمية,عالمي وأجنبي,المرحلة الإبتدائية,بنات
2025,1446,جدة,مدرسة معارف العلم للتعليم العالمية رياض أطفال,عالمي وأجنبي,رياض الأطفال,بنات
2025,1446,جدة,مدرسة معرفة أبحر العالمية صفوف ملحقة,عالمي وأجنبي,المرحلة الإبتدائية,بنات
2025,1446,جدة,مدرسة مملكتي الصغيرة العالمية لرياض الأطفال,عالمي وأجنبي,رياض الأطفال,بنات
2025,1446,جدة,مدرسه العزز العالمية لصفوف محلقه,عالمي وأجنبي,المرحلة الإبتدائية,بنات
2025,1446,جدة,مدينتي الصغيرة لرياض الأطفال العالمية,عالمي وأجنبي,رياض الأطفال,بنات
2025,1446,جدة,مرام الابتدائية العالمية,عالمي وأجنبي,المرحلة الإبتدائية,بنات
2025,1446,جدة,مرام العالمية رياض الأطفال,عالمي وأجنبي,رياض الأطفال,بنات
2025,1446,جدة,مرام المتوسطة العالمية,عالمي وأجنبي,المرحلة المتوسطة,بنات
2025,1446,جدة,معرفة ابحر العالمية / رياض أطفال,عالمي وأجنبي,رياض الأطفال,بنات
2025,1446,جدة,معرفة ابحر العالمية المحمدية.,عالمي وأجنبي,المرحلة الإبتدائية,بنات
2025,1446,جدة,معرفة ابحر العالمية لرياض الاطفال المحمدية,عالمي وأجنبي,رياض الأطفال,بنات
2025,1446,جدة,ملحق ابتدائي بالمرجان العالمية فرع المرجان,عالمي وأجنبي,المرحلة الإبتدائية,بنات
2025,1446,جدة,ملحق ابتدائي بروضة أروى الدولية العالمية,عالمي وأجنبي,المرحلة الإبتدائية,بنات
2025,1446,جدة,ملحق ابتدائي بروضة الاذكياء الصغار العالمية,عالمي وأجنبي,المرحلة الإبتدائية,بنات
2025,1446,جدة,ملحق ابتدائي بروضة باحة جدة العالمية,عالمي وأجنبي,المرحلة الإبتدائية,بنات
2025,1446,جدة,ملحق ابتدائي بروضة جسر التعليم العالمية,عالمي وأجنبي,المرحلة الإبتدائية,بنات
2025,1446,جدة,ملحق ابتدائية الفرات العالمية,عالمي وأجنبي,المرحلة الإبتدائية,بنات
2025,1446,جدة,ملحق متوسط بمدرسة الفرات النموذجية الإبتدائية الأهلية ( مسار دولي ),عالمي وأجنبي,المرحلة المتوسطة,بنات
2025,1446,جدة,مملكتي الصغيرة الإبتدائية العالمية,عالمي وأجنبي,المرحلة الإبتدائية,بنات
2025,1446,جدة,مملكتي الصغيرة الثانوية العالمية,عالمي وأجنبي,المرحلة الثانوية,بنات
2025,1446,جدة,مملكتي الصغيرة المتوسطة العالمية,عالمي وأجنبي,المرحلة المتوسطة,بنات
2025,1446,جدة,منارات جدة الابتدائية العالمية,عالمي وأجنبي,المرحلة الإبتدائية,بنين
2025,1446,جدة,منارات جدة الثانوية العالمية,عالمي وأجنبي,المرحلة الثانوية,بنات
2025,1446,جدة,منارات جدة العالمية الثانوية,عالمي وأجنبي,المرحلة الثانوية,بنين
2025,1446,جدة,منارات جدة المتوسطة العالمية,عالمي وأجنبي,المرحلة المتوسطة,بنين
2025,1446,جدة,مهد العلوم الابتدائية العالمية,عالمي وأجنبي,المرحلة الإبتدائية,بنات
2025,1446,جدة,مهد العلوم العالمية لرياض الأطفال,عالمي وأجنبي,رياض الأطفال,بنات
2025,1446,جدة,مهد العلوم المتوسطة العالمية,عالمي وأجنبي,المرحلة المتوسطة,بنات
2025,1446,جدة,مهد العلوم المتوسطة العالميه,عالمي وأجنبي,المرحلة المتوسطة,بنين
2025,1446,جدة,نبع المواهب الابتدائية (مسار مصري),عالمي وأجنبي,المرحلة الإبتدائية,بنين
2025,1446,جدة,نبع المواهب الثانوية (مسار مصري),عالمي وأجنبي,المرحلة الثانوية,بنين
2025,1446,جدة,نبع المواهب المتوسطة (مسار مصري),عالمي وأجنبي,المرحلة المتوسطة,بنين
2025,1446,جدة,هلا جدة الابتدائية العالمية,عالمي وأجنبي,المرحلة الإبتدائية,بنات
2025,1446,جدة,هلا جدة العالمية لرياض الأطفال,عالمي وأجنبي,رياض الأطفال,بنات
2025,1446,الطائف,ابتدائية الاندلس الاهلية بالطائف,عالمي وأجنبي,المرحلة الإبتدائية,بنين
2025,1446,الطائف,ابتدائية الأندلس العالمية,عالمي وأجنبي,المرحلة الإبتدائية,بنات
2025,1446,الطائف,ابتدائية الجيل النموذجية (المسار الدولي),عالمي وأجنبي,المرحلة الإبتدائية,بنات
2025,1446,الطائف,ابتدائية الطائف الدولية المسار المصري,عالمي وأجنبي,المرحلة الإبتدائية,بنين
2025,1446,الطائف,ابتدائية الطائف الدوليه(المسارالمصري),عالمي وأجنبي,المرحلة الإبتدائية,بنات
2025,1446,الطائف,ابتدائية تميم العالمية,عالمي وأجنبي,المرحلة الإبتدائية,بنات
2025,1446,الطائف,ابتدائية شباب الفهد المسار المصري,عالمي وأجنبي,المرحلة الإبتدائية,بنين
2025,1446,الطائف,ابتدائية شركة الانجال المبدعه مسار مصري.,عالمي وأجنبي,المرحلة الإبتدائية,بنات
2025,1446,الطائف,ابتدائية شروق المملكة العالمية,عالمي وأجنبي,المرحلة الإبتدائية,بنات
2025,1446,الطائف,ابتدائية مدارس الطائف الدولية للبنات,عالمي وأجنبي,المرحلة الإبتدائية,بنات
2025,1446,الطائف,ابتدائية مدارس شركة الانجال المبدعة عالمي,عالمي وأجنبي,المرحلة الإبتدائية,بنات
2025,1446,الطائف,الباكستانية العالمية الاجنبية الابتدائية,عالمي وأجنبي,المرحلة الإبتدائية,بنين
2025,1446,الطائف,الباكستانية العالمية الاجنبية الثانوية,عالمي وأجنبي,المرحلة الثانوية,بنين
2025,1446,الطائف,الباكستانية العالمية الاجنبية المتوسطة,عالمي وأجنبي,المرحلة المتوسطة,بنين
2025,1446,الطائف,التركية العالمية الاجنبية الابتدائية,عالمي وأجنبي,المرحلة الإبتدائية,بنين
2025,1446,الطائف,التركية العالمية الاجنبية الثانوية,عالمي وأجنبي,المرحلة الثانوية,بنين
2025,1446,الطائف,التركية العالمية الاجنبية المتوسطة,عالمي وأجنبي,المرحلة المتوسطة,بنين
2025,1446,الطائف,العالمية الهندية الاجنبية الثانوية,عالمي وأجنبي,المرحلة الثانوية,بنين
2025,1446,الطائف,المدرسة الهندية الإبتدائية العالمية,عالمي وأجنبي,المرحلة الإبتدائية,بنين
2025,1446,الطائف,المدرسة الهندية العالمية المتوسطة,عالمي وأجنبي,المرحلة المتوسطة,بنين
2025,1446,الطائف,الهدا العالمية الاجنبية الابتدائية,عالمي وأجنبي,المرحلة الإبتدائية,بنين
2025,1446,الطائف,الهدا العالمية الاجنبية الثانوية,عالمي وأجنبي,المرحلة الثانوية,بنين
2025,1446,الطائف,الهدا العالمية الأجنبية المتوسطة,عالمي وأجنبي,المرحلة المتوسطة,بنين
2025,1446,الطائف,ثانوية الطائف الدولية بنات,عالمي وأجنبي,المرحلة الثانوية,بنات
2025,1446,الطائف,ثانوية شباب الفهد المسار المصري,عالمي وأجنبي,المرحلة الثانوية,بنين
2025,1446,الطائف,ثانوية شروق المملكة العالمية,عالمي وأجنبي,المرحلة الثانوية,بنات
2025,1446,الطائف,ثانوية مدارس الطائف الدولية بنين,عالمي وأجنبي,المرحلة الثانوية,بنين
2025,1446,الطائف,جيل المستقبل العالمية بنات,عالمي وأجنبي,المرحلة الإبتدائية,بنات
2025,1446,الطائف,روضة  شروق المملكة العالمية,عالمي وأجنبي,رياض الأطفال,بنات
2025,1446,الطائف,روضة الأندلس العالمية,عالمي وأجنبي,رياض الأطفال,بنات
2025,1446,الطائف,روضة الجيل النموذجية (المسار الدولي),عالمي وأجنبي,رياض الأطفال,بنات
2025,1446,الطائف,روضة تميم العالمية,عالمي وأجنبي,رياض الأطفال,بنات
2025,1446,الطائف,روضة جيل المستقبل العالمية بنات,عالمي وأجنبي,رياض الأطفال,بنات
2025,1446,الطائف,روضة شباب الفهد الدولية,عالمي وأجنبي,رياض الأطفال,بنات
2025,1446,الطائف,روضة مدارس الطائف الدولية للبنات,عالمي وأجنبي,رياض الأطفال,بنات
2025,1446,الطائف,روضة مدارس شركة الانجال المبدعة عالمي,عالمي وأجنبي,رياض الأطفال,بنات
2025,1446,الطائف,روضة موطن الفلذات العالمية,عالمي وأجنبي,رياض الأطفال,بنات
2025,1446,الطائف,روضه الإبداع الأهلية الاولى- مسار بريطاني,عالمي وأجنبي,رياض الأطفال,بنات
2025,1446,الطائف,شروق المملكة العالمية الاجنبية الابتدائية,عالمي وأجنبي,المرحلة الإبتدائية,بنين
2025,1446,الطائف,شروق المملكة العالمية الاجنبية المتوسطة,عالمي وأجنبي,المرحلة المتوسطة,بنين
2025,1446,الطائف,شروق المملكة العالمية الثانوية-مقررات,عالمي وأجنبي,المرحلة الثانوية,بنين
2025,1446,الطائف,متوسطة الطائف الدولية المسار المصري,عالمي وأجنبي,المرحلة المتوسطة,بنين
2025,1446,الطائف,متوسطة الطائف الدوليه(المسارالمصري),عالمي وأجنبي,المرحلة المتوسطة,بنات
2025,1446,الطائف,متوسطة شباب الفهد المسار الدولي,عالمي وأجنبي,المرحلة المتوسطة,بنين
2025,1446,الطائف,متوسطة شباب الفهد المسار المصري,عالمي وأجنبي,المرحلة المتوسطة,بنين
2025,1446,الطائف,متوسطة شركة الانجال المبدعه مسار مصري .,عالمي وأجنبي,المرحلة المتوسطة,بنات
2025,1446,الطائف,متوسطة شروق المملكة العالمية,عالمي وأجنبي,المرحلة المتوسطة,بنات
2025,1446,الطائف,متوسطة مدارس الطائف الدولية,عالمي وأجنبي,المرحلة المتوسطة,بنات
2025,1446,الطائف,مدارس الطائف الدولية الابتدائية,عالمي وأجنبي,المرحلة الإبتدائية,بنين
2025,1446,الطائف,مدارس شباب الفهد الابتدائية الدولية بنات,عالمي وأجنبي,المرحلة الإبتدائية,بنات
2025,1446,الطائف,مدارس شباب الفهد الابتدائية بنات المسار المصري,عالمي وأجنبي,المرحلة الإبتدائية,بنات
2025,1446,الطائف,مدارس شباب الفهد المتوسطة الدولية بنات,عالمي وأجنبي,المرحلة المتوسطة,بنات
2025,1446,الطائف,مدارس شباب الفهد المتوسطة بنات -المسار المصري,عالمي وأجنبي,المرحلة المتوسطة,بنات
2025,1446,الطائف,مدرسة الطائف الدولية المتوسطة,عالمي وأجنبي,المرحلة المتوسطة,بنين
2025,1446,الطائف,مدرسة شباب الفهد الدولية,عالمي وأجنبي,المرحلة الإبتدائية,بنين
2025,1446,الطائف,مدرسة طلائع المبدعين العالمية - ابتدائي,عالمي وأجنبي,المرحلة الإبتدائية,بنات
2025,1446,الطائف,مدرسة طلائع المبدعين العالمية - روضة,عالمي وأجنبي,رياض الأطفال,بنات
2025,1446,الطائف,مدرسة موطن الفلذات العالمية,عالمي وأجنبي,المرحلة الإبتدائية,بنات
2025,1446,المدينة المنورة,ابتدائية اجيال ينبع (مسار مصري - بنات),عالمي وأجنبي,المرحلة الإبتدائية,بنات
2025,1446,المدينة المنورة,ابتدائية اجيال ينبع(مسار مصري-بنين),عالمي وأجنبي,المرحلة الإبتدائية,بنين
2025,1446,المدينة المنورة,ابتدائية الجيل الجديد العالمية ( امريكي ),عالمي وأجنبي,المرحلة الإبتدائية,بنين
2025,1446,المدينة المنورة,ابتدائية الجيل الجديد العالمية ( امريكي ),عالمي وأجنبي,المرحلة الإبتدائية,بنات
2025,1446,المدينة المنورة,ابتدائية الجيل الجديد العالمية ( بريطاني ),عالمي وأجنبي,المرحلة الإبتدائية,بنين
2025,1446,المدينة المنورة,ابتدائية الجيل الجديد العالمية ( بريطاني ),عالمي وأجنبي,المرحلة الإبتدائية,بنات
2025,1446,المدينة المنورة,ابتدائية الفارس العالمية,عالمي وأجنبي,المرحلة الإبتدائية,بنات
2025,1446,المدينة المنورة,ابتدائية الفكر الحديث - مسار مصري,عالمي وأجنبي,المرحلة الإبتدائية,بنات
2025,1446,المدينة المنورة,ابتدائية رضوى العالمية -المنهج الأمريكي,عالمي وأجنبي,المرحلة الإبتدائية,بنين
2025,1446,المدينة المنورة,ابتدائية مدارس الحصان العالمية -ينبع,عالمي وأجنبي,المرحلة الإبتدائية,بنات
2025,1446,المدينة المنورة,ابتدائية مدارس الحصان العالمية (فرع ينبع),عالمي وأجنبي,المرحلة الإبتدائية,بنين
2025,1446,المدينة المنورة,ابتدائية مدارس الملك عبدالعزيز النموذجية القسم الدولي,عالمي وأجنبي,المرحلة الإبتدائية,بنات
2025,1446,المدينة المنورة,‎ابتدائية نبع المعرفة الأهلية(برنامج دولي),عالمي وأجنبي,المرحلة الإبتدائية,بنين
2025,1446,المدينة المنورة,الكنز العالمية - ابتدائي,عالمي وأجنبي,المرحلة الإبتدائية,بنين
2025,1446,المدينة المنورة,الكنـز العالمية - متوسط,عالمي وأجنبي,المرحلة المتوسطة,بنين
2025,1446,المدينة المنورة,المنار العالمية - ابتدائي,عالمي وأجنبي,المرحلة الإبتدائية,بنين
2025,1446,المدينة المنورة,المنـار العالمية - متوسط,عالمي وأجنبي,المرحلة المتوسطة,بنين
2025,1446,المدينة المنورة,ثانوية الجيل الجديد العالمية ( امريكي ),عالمي وأجنبي,المرحلة الثانوية,بنات
2025,1446,المدينة المنورة,ثانوية الجيل الجديد العالمية ( امريكي),عالمي وأجنبي,المرحلة الثانوية,بنين
2025,1446,المدينة المنورة,ثانوية الجيل الجديد العالمية ( بريطاني),عالمي وأجنبي,المرحلة الثانوية,بنين
2025,1446,المدينة المنورة,ثانوية الكنز الفلكي العالمية (صفوف ملحقة),عالمي وأجنبي,المرحلة الثانوية,بنين
2025,1446,المدينة المنورة,ثانوية الكنز الفلكي العالمية (صفوف ملحقة),عالمي وأجنبي,المرحلة الثانوية,بنات
2025,1446,المدينة المنورة,ثانوية رضوى العالمية -المنهج الأمريكي,عالمي وأجنبي,المرحلة الثانوية,بنين
2025,1446,المدينة المنورة,ثانويـة مدارس الحصان العالمية -ينبع,عالمي وأجنبي,المرحلة الثانوية,بنين
2025,1446,المدينة المنورة,ثانويــة مدارس الحصان العالمية -ينبع,عالمي وأجنبي,المرحلة الثانوية,بنات
2025,1446,المدينة المنورة,ثانوية نخبة الغد العالمية (صفوف ملحقة),عالمي وأجنبي,المرحلة الثانوية,بنين
2025,1446,المدينة المنورة,جيل ينبع العالمية - ابتدائي,عالمي وأجنبي,المرحلة الإبتدائية,بنين
2025,1446,المدينة المنورة,جيل ينبع العالمية - متوسطة,عالمي وأجنبي,المرحلة المتوسطة,بنين
2025,1446,المدينة المنورة,رضوى العالمية - ابتدائي -المنهج الهندي,عالمي وأجنبي,المرحلة الإبتدائية,بنين
2025,1446,المدينة المنورة,رضوى العالمية - ثانوي - المنهج الهندي,عالمي وأجنبي,المرحلة الثانوية,بنين
2025,1446,المدينة المنورة,رضـوى العالمية - متوسط - المنهج الهندي,عالمي وأجنبي,المرحلة المتوسطة,بنين
2025,1446,المدينة المنورة,روضة الأطفال النموذجية الدولية الأهلية,عالمي وأجنبي,رياض الأطفال,بنات
2025,1446,المدينة المنورة,روضة الجيل الجديد العالمية ( امريكي ),عالمي وأجنبي,رياض الأطفال,بنات
2025,1446,المدينة المنورة,روضة الجيل الجديد العالمية ( بريطاني ),عالمي وأجنبي,رياض الأطفال,بنات
2025,1446,المدينة المنورة,روضة الفارس العالمية,عالمي وأجنبي,رياض الأطفال,بنات
2025,1446,المدينة المنورة,روضة مدارس الملك عبدالعزيز النموذجية القسم الدولي,عالمي وأجنبي,رياض الأطفال,بنات
2025,1446,المدينة المنورة,شذا الطفل العالمية,عالمي وأجنبي,رياض الأطفال,بنات
2025,1446,المدينة المنورة,شذا الطفل العالمية - فصول ملحقة,عالمي وأجنبي,المرحلة الإبتدائية,بنات
2025,1446,المدينة المنورة,شركة المدارس المتقدمة - دبلوما - المرحلة الإبتدائية,عالمي وأجنبي,المرحلة الإبتدائية,بنات
2025,1446,المدينة المنورة,شركة المدارس المتقدمة - دبلوما - رياض الأطفال,عالمي وأجنبي,رياض الأطفال,بنات
2025,1446,المدينة المنورة,شركة مدارس الخندق الأهلية - المنهج البريطاني- ابتدائي-برنامج دولي,عالمي وأجنبي,المرحلة الإبتدائية,بنات
2025,1446,المدينة المنورة,شركة مدارس الخندق الأهلية - المنهج البريطاني - متوسط-برنامج دولي,عالمي وأجنبي,المرحلة المتوسطة,بنات
2025,1446,المدينة المنورة,شركة مدارس الخندق الأهلية -المنهج البريطاني- ثانوي-برنامج دولي,عالمي وأجنبي,المرحلة الثانوية,بنات
2025,1446,المدينة المنورة,شركة مدارس الخندق الأهلية -المنهج البريطاني -  رياض أطفال-برنامج دولي,عالمي وأجنبي,رياض الأطفال,بنات
2025,1446,المدينة المنورة,قدرات الاجيال للتعليم .فصول ملحقه القسم الدولى,عالمي وأجنبي,المرحلة الإبتدائية,بنات
2025,1446,المدينة المنورة,متوسة اجيال ينبع (مسار مصري-بنات ),عالمي وأجنبي,المرحلة المتوسطة,بنات
2025,1446,المدينة المنورة,متوسطة اجيال ينبع (مسار مصري),عالمي وأجنبي,المرحلة المتوسطة,بنين
2025,1446,المدينة المنورة,متوسطة الجيل الجديد العالمية ( امريكي ),عالمي وأجنبي,المرحلة المتوسطة,بنات
2025,1446,المدينة المنورة,متوسطة الجيل الجديد العالمية ( امريكي),عالمي وأجنبي,المرحلة المتوسطة,بنين
2025,1446,المدينة المنورة,متوسطة الجيل الجديد العالمية ( بريطاني ),عالمي وأجنبي,المرحلة المتوسطة,بنين
2025,1446,المدينة المنورة,متوسطة الجيل الجديد العالمية ( بريطاني ),عالمي وأجنبي,المرحلة المتوسطة,بنات
2025,1446,المدينة المنورة,متوسطة رضوى العالمية - المنهج الأمريكي,عالمي وأجنبي,المرحلة المتوسطة,بنين
2025,1446,المدينة المنورة,متوسطة مدارس الحصان العالمية المتوسطة (فرع ينبع),عالمي وأجنبي,المرحلة المتوسطة,بنين
2025,1446,المدينة المنورة,متوسطة نبع المعرفة الاهلية ( برنامج دولي ),عالمي وأجنبي,المرحلة المتوسطة,بنين
2025,1446,المدينة المنورة,مدارس أجيال الحديثة الأهلية -مسار بريطاني - المرحلة الإبتدائية,عالمي وأجنبي,المرحلة الإبتدائية,بنين
2025,1446,المدينة المنورة,مدارس أجيال الحديثة الأهلية -مسار بريطاني - المرحلة المتوسطة,عالمي وأجنبي,المرحلة المتوسطة,بنين
2025,1446,المدينة المنورة,مدارس أجيال الحديثة الأهلية -مسار بريطاني - رياض أطفال,عالمي وأجنبي,رياض الأطفال,بنات
2025,1446,المدينة المنورة,مدارس أجيال الحديثة الأهلية -مسار بريطاني بنات - المرحلة الإبتدائية,عالمي وأجنبي,المرحلة الإبتدائية,بنات
2025,1446,المدينة المنورة,مدارس أجيال الحديثة الأهلية -مسار بريطاني بنات - المرحلة المتوسطة,عالمي وأجنبي,المرحلة المتوسطة,بنات
2025,1446,المدينة المنورة,مدارس الأبرار الحديثة - المسار المصري - المرحلة الابتدائية,عالمي وأجنبي,المرحلة الإبتدائية,بنات
2025,1446,المدينة المنورة,مدارس الأبرار الحديثة - المسار المصري - المرحلة الثانوية,عالمي وأجنبي,المرحلة الثانوية,بنات
2025,1446,المدينة المنورة,مدارس الأبرار الحديثة - المسار المصري - المرحلة المتوسطة,عالمي وأجنبي,المرحلة المتوسطة,بنات
2025,1446,المدينة المنورة,مدارس الأبرار الحديثة - المسار المصري - رياض أطفال-,عالمي وأجنبي,رياض الأطفال,بنات
2025,1446,المدينة المنورة,مدارس الابرار الحديثة الاهلية - المسار المصري - المرحلة الإبتدائية,عالمي وأجنبي,المرحلة الإبتدائية,بنين
2025,1446,المدينة المنورة,مدارس الابرار الحديثة الاهلية - المسار المصري - المرحلة المتوسطة,عالمي وأجنبي,المرحلة المتوسطة,بنين
2025,1446,المدينة المنورة,مدارس الحصان العالمية / المتوسطة للبنات - ينبع,عالمي وأجنبي,المرحلة المتوسطة,بنات
2025,1446,المدينة المنورة,مدارس الحصان العالمية/رياض اطفال-ينبع,عالمي وأجنبي,رياض الأطفال,بنات
2025,1446,المدينة المنورة,مدارس الحياة الأهلية - المسار المصري - المرحلة الثانوية,عالمي وأجنبي,المرحلة الثانوية,بنات
2025,1446,المدينة المنورة,مدارس الحياة الأهلية - المسار المصري - المرحلة المتوسطة,عالمي وأجنبي,المرحلة المتوسطة,بنات
2025,1446,المدينة المنورة,مدارس الحياة الأهلية - المسار المصري - رياض أطفال,عالمي وأجنبي,رياض الأطفال,بنات
2025,1446,المدينة المنورة,مدارس الخندق - النظام الدولي -  المرحلة الثانوية-برنامج دولي,عالمي وأجنبي,المرحلة الثانوية,بنين
2025,1446,المدينة المنورة,مدارس الخندق - النظام الدولي - المرحلة الابتدائية-برنامج دولي,عالمي وأجنبي,المرحلة الإبتدائية,بنين
2025,1446,المدينة المنورة,مدارس الخندق - النظام الدولي - المرحلة المتوسطة-برنامج دولي,عالمي وأجنبي,المرحلة المتوسطة,بنين
2025,1446,المدينة المنورة,مدارس العقيق - النظام الباكستاني - المرحلة الابتدائية,عالمي وأجنبي,المرحلة الإبتدائية,بنين
2025,1446,المدينة المنورة,مدارس العقيق - النظام الباكستاني - المرحلة الثانوية,عالمي وأجنبي,المرحلة الثانوية,بنين
2025,1446,المدينة المنورة,مدارس العقيق - النظام الدولي - المرحلة الابتدائية,عالمي وأجنبي,المرحلة الإبتدائية,بنين
2025,1446,المدينة المنورة,مدارس العقيق - النظام الدولي - المرحلة الثانوية,عالمي وأجنبي,المرحلة الثانوية,بنين
2025,1446,المدينة المنورة,مدارس العقيق - النظام الدولي - المرحلة المتوسطة,عالمي وأجنبي,المرحلة المتوسطة,بنين
2025,1446,المدينة المنورة,مدارس العقيق الأهلية - المسار المصري - المرحلة الابتدائية بنات,عالمي وأجنبي,المرحلة الإبتدائية,بنات
2025,1446,المدينة المنورة,مدارس العقيق الأهلية - المسار المصري - المرحلة الثانوية بنات,عالمي وأجنبي,المرحلة الثانوية,بنات
2025,1446,المدينة المنورة,مدارس العقيق الأهلية - المسار المصري - المرحلة المتوسطةبنات,عالمي وأجنبي,المرحلة المتوسطة,بنات
2025,1446,المدينة المنورة,مدارس العقيق الأهلية - المسار المصري الابتدائية,عالمي وأجنبي,المرحلة الإبتدائية,بنين
2025,1446,المدينة المنورة,مدارس العقيق الأهلية - المسار المصري الثانوية,عالمي وأجنبي,المرحلة الثانوية,بنين
2025,1446,المدينة المنورة,مدارس العقيق الأهلية - المسار المصري المتوسطة,عالمي وأجنبي,المرحلة المتوسطة,بنين
2025,1446,المدينة المنورة,مدارس العقيق الأهلية للبنات- المنهج الباكستاني- ثانوي,عالمي وأجنبي,المرحلة الثانوية,بنات
2025,1446,المدينة المنورة,مدارس العقيق الأهلية للبنات-المنهج الأمريكي - رياض أطفال,عالمي وأجنبي,رياض الأطفال,بنات
2025,1446,المدينة المنورة,مدارس العقيق الأهلية للبنات - المنهج  الأمريكي - ابتدائي,عالمي وأجنبي,المرحلة الإبتدائية,بنات
2025,1446,المدينة المنورة,مدارس العقيق الأهلية للبنات - المنهج  الأمريكي - ثانوي,عالمي وأجنبي,المرحلة الثانوية,بنات
2025,1446,المدينة المنورة,مدارس العقيق الأهلية للبنات - المنهج  الباكستاني- ابتدائي,عالمي وأجنبي,المرحلة الإبتدائية,بنات
2025,1446,المدينة المنورة,مدارس العقيق الأهلية للبنات - المنهج  الباكستاني- رياض أطفال,عالمي وأجنبي,رياض الأطفال,بنات
2025,1446,المدينة المنورة,مدارس العقيق الأهلية للبنات  - المنهج الأمريكي - متوسط,عالمي وأجنبي,المرحلة المتوسطة,بنات
2025,1446,المدينة المنورة,مدارس الغراء الأهلية المسار المصري  مرحلة المتوسط,عالمي وأجنبي,المرحلة المتوسطة,بنات
2025,1446,المدينة المنورة,مدارس الغراء الأهلية المسار المصري مرحلة الابتدائي,عالمي وأجنبي,المرحلة الإبتدائية,بنات
2025,1446,المدينة المنورة,مدارس الغراء الأهلية المسار المصري مرحلة الثانوي,عالمي وأجنبي,المرحلة الثانوية,بنات
2025,1446,المدينة المنورة,مدارس الغراء الأهلية المسار المصري مرحلة رياض الأطفال,عالمي وأجنبي,رياض الأطفال,بنات
2025,1446,المدينة المنورة,مدارس القلعة الحجازية - النظام الدولي - المرحلة الابتدائية-برنامج دولي,عالمي وأجنبي,المرحلة الإبتدائية,بنين
2025,1446,المدينة المنورة,مدارس القلعة الحجازية - النظام الدولي - المرحلة الثانوية-برنامج دولي,عالمي وأجنبي,المرحلة الثانوية,بنين
2025,1446,المدينة المنورة,مدارس القلعة الحجازية - النظام الدولي - المرحلة المتوسطة-برنامج دولي,عالمي وأجنبي,المرحلة المتوسطة,بنين
2025,1446,المدينة المنورة,مدارس الملك عبدالعزيز - النظام الدولي - المرحلة الابتدائية,عالمي وأجنبي,المرحلة الإبتدائية,بنين
2025,1446,المدينة المنورة,مدارس الملك عبدالعزيز - النظام الدولي - المرحلة الثانوية,عالمي وأجنبي,المرحلة الثانوية,بنين
2025,1446,المدينة المنورة,مدارس الملك عبدالعزيز - النظام الدولي - المرحلة المتوسطة,عالمي وأجنبي,المرحلة المتوسطة,بنين
2025,1446,المدينة المنورة,مدارس المنار العالمية ( صفوف ملحقة ثانوي),عالمي وأجنبي,المرحلة الثانوية,بنين
2025,1446,المدينة المنورة,مدارس الموهوبين و الموهوبات الأهلية - برنامج البكالوريا الدولية - رياض أطفال,عالمي وأجنبي,رياض الأطفال,بنات
2025,1446,المدينة المنورة,مدارس دار الأمان الأهلية- مسار مصري - ابتدائي,عالمي وأجنبي,المرحلة الإبتدائية,بنات
2025,1446,المدينة المنورة,مدارس دار الأمان الأهلية - مسار مصري - ثانوي,عالمي وأجنبي,المرحلة الثانوية,بنات
2025,1446,المدينة المنورة,مدارس دار الأمان الأهلية - مسار مصري - متوسط,عالمي وأجنبي,المرحلة المتوسطة,بنات
2025,1446,المدينة المنورة,مدارس دار الهجرة - المسار المصري - المرحلة الابتدائية,عالمي وأجنبي,المرحلة الإبتدائية,بنين
2025,1446,المدينة المنورة,مدارس دار الهجرة - النظام الباكستاني- المرحلة الثانوية,عالمي وأجنبي,المرحلة الثانوية,بنين
2025,1446,المدينة المنورة,مدارس دار الهجرة - النظام الباكستاني - المرحلة الابتدائية,عالمي وأجنبي,المرحلة الإبتدائية,بنين
2025,1446,المدينة المنورة,مدارس دار الهجرة - النظام الباكستاني - المرحلة المتوسطة,عالمي وأجنبي,المرحلة المتوسطة,بنين
2025,1446,المدينة المنورة,مدارس دار الهجرة الأهلية - القسم الباكستاني- ابتدائي,عالمي وأجنبي,المرحلة الإبتدائية,بنات
2025,1446,المدينة المنورة,مدارس دار الهجرة الأهلية - القسم الباكستاني- ثانوي,عالمي وأجنبي,المرحلة الثانوية,بنات
2025,1446,المدينة المنورة,مدارس دار الهجرة الأهلية - القسم الباكستاني- رياض أطفال,عالمي وأجنبي,رياض الأطفال,بنات
2025,1446,المدينة المنورة,مدارس دار الهجرة الأهلية - القسم الباكستاني- متوسط,عالمي وأجنبي,المرحلة المتوسطة,بنات
2025,1446,المدينة المنورة,مدارس دار الهجرة العالمية - النظام الأمريكي- المرحلة الابتدائية,عالمي وأجنبي,المرحلة الإبتدائية,بنين
2025,1446,المدينة المنورة,مدارس دار الهجرة العالمية -النظام الأمريكي- المرحلة الثانوية,عالمي وأجنبي,المرحلة الثانوية,بنين
2025,1446,المدينة المنورة,مدارس دار الهجرة العالمية -النظام الأمريكي- المرحلة المتوسطة,عالمي وأجنبي,المرحلة المتوسطة,بنين
2025,1446,المدينة المنورة,مدارس دار الهجرة العالمية -النظام البريطاني- المرحلة الابتدائية,عالمي وأجنبي,المرحلة الإبتدائية,بنات
2025,1446,المدينة المنورة,مدارس دار الهجرة العالمية -النظام البريطاني- المرحلة الثانوية,عالمي وأجنبي,المرحلة الثانوية,بنات
2025,1446,المدينة المنورة,مدارس دار الهجرة العالمية -النظام البريطاني- المرحلة المتوسطة,عالمي وأجنبي,المرحلة المتوسطة,بنات
2025,1446,المدينة المنورة,مدارس دار الهجرة العالمية -النظام البريطاني- رياض الأطفال,عالمي وأجنبي,رياض الأطفال,بنات
2025,1446,المدينة المنورة,مدارس دار الهجرة العالمية ( النظام الأمريكي) المرحلة الثانوية,عالمي وأجنبي,المرحلة الثانوية,بنات
2025,1446,المدينة المنورة,مدارس دار الهجرة العالمية ( النظام الأمريكي) رياض أطفال,عالمي وأجنبي,رياض الأطفال,بنات
2025,1446,المدينة المنورة,مدارس دار الهجرة العالمية (النظام الأمريكي) المرحلة الابتدائية,عالمي وأجنبي,المرحلة الإبتدائية,بنات
2025,1446,المدينة المنورة,مدارس دار الهجرة العالمية (النظام الأمريكي) المرحلة المتوسطة,عالمي وأجنبي,المرحلة المتوسطة,بنات
2025,1446,المدينة المنورة,مدارس دار الهجرة العالمية (النظام البريطاني) المرحلة الابتدائية,عالمي وأجنبي,المرحلة الإبتدائية,بنين
2025,1446,المدينة المنورة,مدارس دار الهجرة العالمية (النظام البريطاني) المرحلة الثانوية,عالمي وأجنبي,المرحلة الثانوية,بنين
2025,1446,المدينة المنورة,مدارس دار الهجرة العالمية (النظام البريطاني) المرحلة المتوسطة,عالمي وأجنبي,المرحلة المتوسطة,بنين
2025,1446,المدينة المنورة,مدارس رحاب الأنصار - المسار المصري - المرحلة الابتدائية,عالمي وأجنبي,المرحلة الإبتدائية,بنين
2025,1446,المدينة المنورة,مدارس رحاب الأنصار - المسار المصري - المرحلة المتوسطة,عالمي وأجنبي,المرحلة المتوسطة,بنين
2025,1446,المدينة المنورة,مدارس روضة الاطفال الدولية العالمية - المرحلة الابتدائية-برنامج دولي,عالمي وأجنبي,المرحلة الإبتدائية,بنات
2025,1446,المدينة المنورة,مدارس شركة سلال المتحدة - مسار بريطاني - المرحلة الإبتدائية,عالمي وأجنبي,المرحلة الإبتدائية,بنات
2025,1446,المدينة المنورة,مدارس شركة سلال المتحدة - مسار بريطاني - رياض الأطفال,عالمي وأجنبي,رياض الأطفال,بنات
2025,1446,المدينة المنورة,مدارس مداك (العالمية) ابتدائي بنين,عالمي وأجنبي,المرحلة الإبتدائية,بنين
2025,1446,المدينة المنورة,مدارس مداك (العالمية) المرحلة الابتدائية,عالمي وأجنبي,المرحلة الإبتدائية,بنات
2025,1446,المدينة المنورة,مدارس مداك (العالمية) رياض اطفال,عالمي وأجنبي,رياض الأطفال,بنات
2025,1446,المدينة المنورة,مدارس مداك (العالمية) متوسط بنات,عالمي وأجنبي,المرحلة المتوسطة,بنات
2025,1446,المدينة المنورة,مدارس مداك (العالمية) متوسط بنين,عالمي وأجنبي,المرحلة المتوسطة,بنين
2025,1446,المدينة المنورة,مدارس منارات المدينة المنورة - النظام الأمريكي - المرحلة الثانوية,عالمي وأجنبي,المرحلة الثانوية,بنين
2025,1446,المدينة المنورة,مدارس منارات المدينة المنورة - النظام البريطاني - المرحلة الابتدائية,عالمي وأجنبي,المرحلة الإبتدائية,بنين
2025,1446,المدينة المنورة,مدارس منارات المدينة المنورة - النظام البريطاني - المرحلة المتوسطة,عالمي وأجنبي,المرحلة المتوسطة,بنين
2025,1446,المدينة المنورة,مدارس نخبة الغد العالمية - ابتدائي,عالمي وأجنبي,المرحلة الإبتدائية,بنات
2025,1446,المدينة المنورة,مدارس نخبة الغد العالمية - رياض أطفال,عالمي وأجنبي,رياض الأطفال,بنات
2025,1446,المدينة المنورة,مدارس نخبة الغد العالمية - متوسط,عالمي وأجنبي,المرحلة المتوسطة,بنات
2025,1446,المدينة المنورة,مدرسة  نخبة الغد العالمية- ثانوي,عالمي وأجنبي,المرحلة الثانوية,بنات
2025,1446,المدينة المنورة,مدرسة البركة العالمي  - ابتدائي,عالمي وأجنبي,المرحلة الإبتدائية,بنات
2025,1446,المدينة المنورة,مدرسة البركة العالمي  - رياض أطفال,عالمي وأجنبي,رياض الأطفال,بنات
2025,1446,المدينة المنورة,مدرسة الحياة- المسار المصري - المرحلة الابتدائية,عالمي وأجنبي,المرحلة الإبتدائية,بنين
2025,1446,المدينة المنورة,مدرسة الحياة- المسار المصري - المرحلة الثانوية,عالمي وأجنبي,المرحلة الثانوية,بنين
2025,1446,المدينة المنورة,مدرسة الحياة- المسار المصري - المرحلة المتوسطة,عالمي وأجنبي,المرحلة المتوسطة,بنين
2025,1446,المدينة المنورة,مدرسة الحياة - المسار المصري - المرحلة الابتدائية,عالمي وأجنبي,المرحلة الإبتدائية,بنات
2025,1446,المدينة المنورة,مدرسة الحياة مسار دولي إبتدائي,عالمي وأجنبي,المرحلة الإبتدائية,بنات
2025,1446,المدينة المنورة,مدرسة الحياة مسار دولي رياض اطفال,عالمي وأجنبي,رياض الأطفال,بنات
2025,1446,المدينة المنورة,مدرسة الكنز الفلكي العالمية (ابتدائي),عالمي وأجنبي,المرحلة الإبتدائية,بنات
2025,1446,المدينة المنورة,مدرسة الكنز الفلكي العالمية (رياض أطفال),عالمي وأجنبي,رياض الأطفال,بنات
2025,1446,المدينة المنورة,مدرسة الكنز الفلكي العالمية (متوسط),عالمي وأجنبي,المرحلة المتوسطة,بنات
2025,1446,المدينة المنورة,مدرسة المنار العالمية - ابتدائي,عالمي وأجنبي,المرحلة الإبتدائية,بنات
2025,1446,المدينة المنورة,مدرسة المنار العالمية - ثانوي,عالمي وأجنبي,المرحلة الثانوية,بنات
2025,1446,المدينة المنورة,مدرسة المنار العالمية - رياض أطفال,عالمي وأجنبي,رياض الأطفال,بنات
2025,1446,المدينة المنورة,مدرسة المنار العالمية - متوسط,عالمي وأجنبي,المرحلة المتوسطة,بنات
2025,1446,المدينة المنورة,مدرسة المنارات الأهلية العالمية المنهج (البريطاني-الأمريكي) ثانوي,عالمي وأجنبي,المرحلة الثانوية,بنات
2025,1446,المدينة المنورة,مدرسة المنارات الأهلية العالمية المنهج (البريطاني - الأمريكي) رياض أطفال,عالمي وأجنبي,رياض الأطفال,بنات
2025,1446,المدينة المنورة,مدرسة المنارات الأهلية العالمية المنهج (البريطاني - الأمريكي)ابتدائي,عالمي وأجنبي,المرحلة الإبتدائية,بنات
2025,1446,المدينة المنورة,مدرسة المنارات الأهلية العالمية المنهج (البريطاني - الأمريكي)متوسط,عالمي وأجنبي,المرحلة المتوسطة,بنات
2025,1446,المدينة المنورة,مدرسة جيل ينبع العالمية ( فصول ملحقة ثانوي ),عالمي وأجنبي,المرحلة الثانوية,بنين
2025,1446,المدينة المنورة,مدرسة جيل ينبع العالمية ( فصول ملحقة ثانوي),عالمي وأجنبي,المرحلة الثانوية,بنات
2025,1446,المدينة المنورة,مدرسة جيل ينبع العالمية (ابتدائي),عالمي وأجنبي,المرحلة الإبتدائية,بنات
2025,1446,المدينة المنورة,مدرسة جيل ينبع العالمية (رياض أطفال),عالمي وأجنبي,رياض الأطفال,بنات
2025,1446,المدينة المنورة,مدرسة جيل ينبع العالمية (متوسط),عالمي وأجنبي,المرحلة المتوسطة,بنات
2025,1446,المدينة المنورة,مدرسة رضوى العالمية أمريكي - ابتدائي,عالمي وأجنبي,المرحلة الإبتدائية,بنات
2025,1446,المدينة المنورة,مدرسة رضوى العالمية أمريكي - ثانوي,عالمي وأجنبي,المرحلة الثانوية,بنات
2025,1446,المدينة المنورة,مدرسة رضوى العالمية أمريكي - رياض أطفال,عالمي وأجنبي,رياض الأطفال,بنات
2025,1446,المدينة المنورة,مدرسة رضوى العالمية أمريكي - متوسط,عالمي وأجنبي,المرحلة المتوسطة,بنات
2025,1446,المدينة المنورة,مدرسة رضوى العالمية هندي - ابتدائي,عالمي وأجنبي,المرحلة الإبتدائية,بنات
2025,1446,المدينة المنورة,مدرسة رضوى العالمية هندي - ثانوي,عالمي وأجنبي,المرحلة الثانوية,بنات
2025,1446,المدينة المنورة,مدرسة رضوى العالمية هندي - رياض أطفال,عالمي وأجنبي,رياض الأطفال,بنات
2025,1446,المدينة المنورة,مدرسة رضوى العالمية هندي - متوسط,عالمي وأجنبي,المرحلة المتوسطة,بنات
2025,1446,المدينة المنورة,مدرسة قدرات الأجيال للتعليم - رياض أطفال-برنامج دولي,عالمي وأجنبي,رياض الأطفال,بنات
2025,1446,المدينة المنورة,نخبة الغد العالمية - ابتدائي,عالمي وأجنبي,المرحلة الإبتدائية,بنين
2025,1446,المدينة المنورة,نخبة الغد العالمية - متوسط,عالمي وأجنبي,المرحلة المتوسطة,بنين
2025,1446,القصيم,إبتدائية التميز العالمية,عالمي وأجنبي,المرحلة الإبتدائية,بنات
2025,1446,القصيم,ابتدائية التميز المسار المصري بنات,عالمي وأجنبي,المرحلة الإبتدائية,بنات
2025,1446,القصيم,ابتدائية الفكر التربوي بنات مسار عالمي,عالمي وأجنبي,المرحلة الإبتدائية,بنات
2025,1446,القصيم,ابتدائية الوسام العالمية,عالمي وأجنبي,المرحلة الإبتدائية,بنين
2025,1446,القصيم,ابتدائية بوابة المعالي العالمية,عالمي وأجنبي,المرحلة الإبتدائية,بنات
2025,1446,القصيم,ابتدائية سماء عنيزة العالمية,عالمي وأجنبي,المرحلة الإبتدائية,بنات
2025,1446,القصيم,ابتدائية سماء عنيزة العالمية بنين,عالمي وأجنبي,المرحلة الإبتدائية,بنين
2025,1446,القصيم,إبتدائية عباقرة النيل-المسار المصري,عالمي وأجنبي,المرحلة الإبتدائية,بنات
2025,1446,القصيم,ابتدائية عنيزة  العالمية,عالمي وأجنبي,المرحلة الإبتدائية,بنات
2025,1446,القصيم,ابتدائية فجر القصيم(مسار مصري,عالمي وأجنبي,المرحلة الإبتدائية,بنات
2025,1446,القصيم,إبتدائية مدارس عباقرة النيل العالمية للبنات,عالمي وأجنبي,المرحلة الإبتدائية,بنات
2025,1446,القصيم,ابتدائية مدارس عنيزة الأهلية (مسار مصري ),عالمي وأجنبي,المرحلة الإبتدائية,بنين
2025,1446,القصيم,ابتدائية مدارس عنيزة الأهلية بنات (مسار مصري ),عالمي وأجنبي,المرحلة الإبتدائية,بنات
2025,1446,القصيم,ابتدائية مدارس عنيزة العالمية - بنين,عالمي وأجنبي,المرحلة الإبتدائية,بنين
2025,1446,القصيم,ابتدائية مناهل البكيرية العالمية بنات,عالمي وأجنبي,المرحلة الإبتدائية,بنات
2025,1446,القصيم,ابتدائية مناهل البكيرية العالمية بنين,عالمي وأجنبي,المرحلة الإبتدائية,بنين
2025,1446,القصيم,ابتدائية نور الرسالة الاهلية مسار مصري,عالمي وأجنبي,المرحلة الإبتدائية,بنات
2025,1446,القصيم,ابتدائية نوران العالمية,عالمي وأجنبي,المرحلة الإبتدائية,بنات
2025,1446,القصيم,ابتدائية نوران المسار المصري..,عالمي وأجنبي,المرحلة الإبتدائية,بنات
2025,1446,القصيم,ابتدائيه رياض القاده مسار عالمي,عالمي وأجنبي,المرحلة الإبتدائية,بنات
2025,1446,القصيم,ابتدائيه مدارس نوران العالمية,عالمي وأجنبي,المرحلة الإبتدائية,بنين
2025,1446,القصيم,ابتدائيه مكعب الذكاء العالميه,عالمي وأجنبي,المرحلة الإبتدائية,بنات
2025,1446,القصيم,الابتدائية التميز العالمية,عالمي وأجنبي,المرحلة الإبتدائية,بنين
2025,1446,القصيم,الباكستانية ثانوي بنات,عالمي وأجنبي,المرحلة الثانوية,بنات
2025,1446,القصيم,الروضة المدرسة الفلبينية,عالمي وأجنبي,رياض الأطفال,بنات
2025,1446,القصيم,الروضة المدرسة الهندية,عالمي وأجنبي,رياض الأطفال,بنات
2025,1446,القصيم,الفلبينية ابتدائي بنات,عالمي وأجنبي,المرحلة الإبتدائية,بنات
2025,1446,القصيم,الفلبينية ثانوي بنات,عالمي وأجنبي,المرحلة الثانوية,بنات
2025,1446,القصيم,الفلبينية متوسط بنات,عالمي وأجنبي,المرحلة المتوسطة,بنات
2025,1446,القصيم,المدرسة الباكستانية (إبتدائي),عالمي وأجنبي,المرحلة الإبتدائية,بنين
2025,1446,القصيم,المدرسة الباكستانية (ثانوي),عالمي وأجنبي,المرحلة الثانوية,بنين
2025,1446,القصيم,المدرسة الباكستانية (متوسطة),عالمي وأجنبي,المرحلة المتوسطة,بنين
2025,1446,القصيم,المدرسة الفلبينية (إبتدائي),عالمي وأجنبي,المرحلة الإبتدائية,بنين
2025,1446,القصيم,المدرسة الفلبينية (ثانوي),عالمي وأجنبي,المرحلة الثانوية,بنين
2025,1446,القصيم,المدرسة الفلبينية (متوسط),عالمي وأجنبي,المرحلة المتوسطة,بنين
2025,1446,القصيم,المدرسة الهندية (ابتدائية),عالمي وأجنبي,المرحلة الإبتدائية,بنين
2025,1446,القصيم,المدرسة الهندية (ثانوية),عالمي وأجنبي,المرحلة الثانوية,بنين
2025,1446,القصيم,المدرسة الهندية (متوسط),عالمي وأجنبي,المرحلة المتوسطة,بنين
2025,1446,القصيم,الهندية بنات (إبتدائي),عالمي وأجنبي,المرحلة الإبتدائية,بنات
2025,1446,القصيم,الهندية بنات (ثانوي),عالمي وأجنبي,المرحلة الثانوية,بنات
2025,1446,القصيم,الهندية بنات (متوسطة),عالمي وأجنبي,المرحلة المتوسطة,بنات
2025,1446,القصيم,الوسام العالمية,عالمي وأجنبي,المرحلة المتوسطة,بنين
2025,1446,القصيم,باكستانية ابتدائي بنات,عالمي وأجنبي,المرحلة الإبتدائية,بنات
2025,1446,القصيم,باكستانية روضة بنات,عالمي وأجنبي,رياض الأطفال,بنات
2025,1446,القصيم,باكستانية متوسط بنات,عالمي وأجنبي,المرحلة المتوسطة,بنات
2025,1446,القصيم,ثانوية التربية النموذجية (المسار الدولي ),عالمي وأجنبي,المرحلة الثانوية,بنات
2025,1446,القصيم,ثانوية التميز العالمية,عالمي وأجنبي,المرحلة الثانوية,بنات
2025,1446,القصيم,ثانوية التميز العالمية بنين,عالمي وأجنبي,المرحلة الثانوية,بنين
2025,1446,القصيم,ثانوية مدارس التربية النموذجية المسار الدولي,عالمي وأجنبي,المرحلة الثانوية,بنين
2025,1446,القصيم,ثانوية مدارس عنيزة العالمية,عالمي وأجنبي,المرحلة الثانوية,بنات
2025,1446,القصيم,ثانوية مدارس عنيزة العالمية - بنين,عالمي وأجنبي,المرحلة الثانوية,بنين
2025,1446,القصيم,ثانوية مدارس نوران العالمية,عالمي وأجنبي,المرحلة الثانوية,بنات
2025,1446,القصيم,ثانوية مدارس نوران العالمية بنين,عالمي وأجنبي,المرحلة الثانوية,بنين
2025,1446,القصيم,روضة التميز العالمية,عالمي وأجنبي,رياض الأطفال,بنات
2025,1446,القصيم,روضة التميز العالمية مسار مصري,عالمي وأجنبي,رياض الأطفال,بنات
2025,1446,القصيم,روضة الفكر التربوي مسار عالمي,عالمي وأجنبي,رياض الأطفال,بنات
2025,1446,القصيم,روضة بوابة المعالي العالمية,عالمي وأجنبي,رياض الأطفال,بنات
2025,1446,القصيم,روضة سما عنيزة العالمية,عالمي وأجنبي,رياض الأطفال,بنات
2025,1446,القصيم,روضة عباقرة النيل - مسار مصري,عالمي وأجنبي,رياض الأطفال,بنات
2025,1446,القصيم,روضة فجر القصيم (مسار مصري),عالمي وأجنبي,رياض الأطفال,بنات
2025,1446,القصيم,روضة مدارس بوابة المعالي العالمية - المسار المصري,عالمي وأجنبي,رياض الأطفال,بنات
2025,1446,القصيم,روضة مدارس عباقرة النيل العالمية,عالمي وأجنبي,رياض الأطفال,بنات
2025,1446,القصيم,روضة مدارس نور الرسالة الاهلية مسار مصري,عالمي وأجنبي,رياض الأطفال,بنات
2025,1446,القصيم,روضة مناهل البكيرية العالمية,عالمي وأجنبي,رياض الأطفال,بنات
2025,1446,القصيم,روضة نوران العالمية,عالمي وأجنبي,رياض الأطفال,بنات
2025,1446,القصيم,روضة نوران المسار المصري,عالمي وأجنبي,رياض الأطفال,بنات
2025,1446,القصيم,رياض أطفال  عنيزة العالمية,عالمي وأجنبي,رياض الأطفال,بنات
2025,1446,القصيم,رياض القاده,عالمي وأجنبي,رياض الأطفال,بنات
2025,1446,القصيم,متوسطة  عنيزة العالمية,عالمي وأجنبي,المرحلة المتوسطة,بنات
2025,1446,القصيم,متوسطة التميز العالمية,عالمي وأجنبي,المرحلة المتوسطة,بنين
2025,1446,القصيم,متوسطة التميز العالميه,عالمي وأجنبي,المرحلة المتوسطة,بنات
2025,1446,القصيم,متوسطة التميز المسار المصري,عالمي وأجنبي,المرحلة المتوسطة,بنين
2025,1446,القصيم,متوسطة التميز المسار المصري بنات,عالمي وأجنبي,المرحلة المتوسطة,بنات
2025,1446,القصيم,متوسطة بوابة المعالي العالمية,عالمي وأجنبي,المرحلة المتوسطة,بنات
2025,1446,القصيم,متوسطة سماء عنيزة العالمية,عالمي وأجنبي,المرحلة المتوسطة,بنات
2025,1446,القصيم,متوسطة عباقرة النيل - المسار المصري,عالمي وأجنبي,المرحلة المتوسطة,بنات
2025,1446,القصيم,متوسطة فجر القصيم (مسار مصري),عالمي وأجنبي,المرحلة المتوسطة,بنات
2025,1446,القصيم,متوسطة مدارس بوابة المعالي العالمية - المسار المصري,عالمي وأجنبي,المرحلة المتوسطة,بنين
2025,1446,القصيم,متوسطة مدارس عباقرة النيل العالمية للبنات,عالمي وأجنبي,المرحلة المتوسطة,بنات
2025,1446,القصيم,متوسطة مدارس عنيزة الأهلية (مسار مصري ),عالمي وأجنبي,المرحلة المتوسطة,بنين
2025,1446,القصيم,متوسطة مدارس عنيزة الأهلية بنات (مسار مصري ),عالمي وأجنبي,المرحلة المتوسطة,بنات
2025,1446,القصيم,متوسطة مدارس عنيزة العالمية - بنين,عالمي وأجنبي,المرحلة المتوسطة,بنين
2025,1446,القصيم,متوسطة مدارس نوران العالمية,عالمي وأجنبي,المرحلة المتوسطة,بنين
2025,1446,القصيم,متوسطة مناهل التربية مسار مصري,عالمي وأجنبي,المرحلة المتوسطة,بنين
2025,1446,القصيم,متوسطة نوران العالمية.,عالمي وأجنبي,المرحلة المتوسطة,بنات
2025,1446,القصيم,متوسطة نوران المسار المصري..,عالمي وأجنبي,المرحلة المتوسطة,بنين
2025,1446,القصيم,متوسطة نوران المسار المصري...,عالمي وأجنبي,المرحلة المتوسطة,بنات
2025,1446,القصيم,مدارس التربية النموذجية المسار الدولي ببريدة - المرحلة الابتدائية بنات,عالمي وأجنبي,المرحلة الإبتدائية,بنات
2025,1446,القصيم,مدارس التربية النموذجية المسار الدولي ببريدة - المرحلة الابتدائية بنين,عالمي وأجنبي,المرحلة الإبتدائية,بنين
2025,1446,القصيم,مدارس التربية النموذجية المسار الدولي ببريدة - المرحلة المتوسطة بنات,عالمي وأجنبي,المرحلة المتوسطة,بنات
2025,1446,القصيم,مدارس التربية النموذجية المسار الدولي ببريدة - المرحلة المتوسطة بنين,عالمي وأجنبي,المرحلة المتوسطة,بنين
2025,1446,القصيم,مدارس التربية النموذجية المسار الدولي ببريدة - رياض أطفال,عالمي وأجنبي,رياض الأطفال,بنات
2025,1446,القصيم,مدارس النخبة التربوية دبلوما امريكية,عالمي وأجنبي,رياض الأطفال,بنات
2025,1446,القصيم,مدارس بوابة المعالي الابتدائية - المسار المصري,عالمي وأجنبي,المرحلة الإبتدائية,بنات
2025,1446,القصيم,مدارس بوابة المعالي العالمية - المسار المصري,عالمي وأجنبي,المرحلة الإبتدائية,بنين
2025,1446,القصيم,مدارس بوابة المعالي العالمية الابتدائية,عالمي وأجنبي,المرحلة الإبتدائية,بنين
2025,1446,القصيم,مدارس بوابة المعالي العالمية المتوسطة,عالمي وأجنبي,المرحلة المتوسطة,بنين
2025,1446,القصيم,مدارس بوابة المعالي المتوسطة - المسار المصري,عالمي وأجنبي,المرحلة المتوسطة,بنات
2025,1446,القصيم,مدارس سماء عنيزة ابتدائي بنات-المسار المصري,عالمي وأجنبي,المرحلة الإبتدائية,بنات
2025,1446,القصيم,مدارس سماء عنيزة ابتدائي بنين-المسار المصري,عالمي وأجنبي,المرحلة الإبتدائية,بنين
2025,1446,القصيم,مدارس سماء عنيزة متوسط بنات-المسار المصري,عالمي وأجنبي,المرحلة المتوسطة,بنات
2025,1446,القصيم,مدارس سماء عنيزة متوسط بنين-المسار المصري,عالمي وأجنبي,المرحلة المتوسطة,بنين
2025,1446,القصيم,مدارس قيم بريدة - إبتدائي بنات عالمي,عالمي وأجنبي,المرحلة الإبتدائية,بنات
2025,1446,القصيم,مدارس قيم بريدة - ابتدائي بنين عالمي,عالمي وأجنبي,المرحلة الإبتدائية,بنين
2025,1446,القصيم,مدارس قيم بريدة - رياض أطفال عالمي,عالمي وأجنبي,رياض الأطفال,بنات
2025,1446,القصيم,مدرسة مكعب الذكاء العالمية,عالمي وأجنبي,رياض الأطفال,بنات
2025,1446,القصيم,منارات القصيم - المسار المصري,عالمي وأجنبي,المرحلة الإبتدائية,بنات
2025,1446,القصيم,منارات القصيم - المسار المصري بنين,عالمي وأجنبي,المرحلة المتوسطة,بنين
2025,1446,القصيم,منارات القصيم - المسار المصري تمهيدي,عالمي وأجنبي,رياض الأطفال,بنات
2025,1446,القصيم,منارات القصيم -المسار المصري بنات,عالمي وأجنبي,المرحلة المتوسطة,بنات
2025,1446,القصيم,مناهل التربية (مسار مصري),عالمي وأجنبي,المرحلة الإبتدائية,بنين
2025,1446,الشرقية,ابتدائية  علوم المدار العالمية,عالمي وأجنبي,المرحلة الإبتدائية,بنات
2025,1446,الشرقية,ابتدائية ابن رشد العالمية,عالمي وأجنبي,المرحلة الإبتدائية,بنات
2025,1446,الشرقية,إبتدائية آجاد العالمية,عالمي وأجنبي,المرحلة الإبتدائية,بنات
2025,1446,الشرقية,ابتدائية أجيال الحصان العالمية,عالمي وأجنبي,المرحلة الإبتدائية,بنات
2025,1446,الشرقية,ابتدائية أجيال الظهران العالمية,عالمي وأجنبي,المرحلة الإبتدائية,بنات
2025,1446,الشرقية,ابتدائية اطلس العالمية,عالمي وأجنبي,المرحلة الإبتدائية,بنات
2025,1446,الشرقية,ابتدائية أكاديمية الإعجاب العلمي العالمية,عالمي وأجنبي,المرحلة الإبتدائية,بنين
2025,1446,الشرقية,إبتدائية أكاديمية الإعجاب العلمي العالمية,عالمي وأجنبي,المرحلة الإبتدائية,بنات
2025,1446,الشرقية,ابتدائية أكاديمية الإعجاب العلمي العالمية - المسار المصري,عالمي وأجنبي,المرحلة الإبتدائية,بنات
2025,1446,الشرقية,إبتدائية أكاديمية الكفاح العالمية,عالمي وأجنبي,المرحلة الإبتدائية,بنين
2025,1446,الشرقية,إبتدائية أكاديمية الكفاح العالمية,عالمي وأجنبي,المرحلة الإبتدائية,بنات
2025,1446,الشرقية,ابتدائية اكسيل انترناشيونال العالمية للتربية الخاصة بنين,عالمي وأجنبي,المرحلة الإبتدائية,بنين
2025,1446,الشرقية,ابتدائية اكسيل انترناشيونال للتربية الخاصة بنات,عالمي وأجنبي,المرحلة الإبتدائية,بنات
2025,1446,الشرقية,ابتدائية الإلهام العالمية,عالمي وأجنبي,المرحلة الإبتدائية,بنين
2025,1446,الشرقية,ابتدائية الإلهام العالمية - مسار مصري,عالمي وأجنبي,المرحلة الإبتدائية,بنين
2025,1446,الشرقية,ابتدائية الإلهام العالمية بنات - المسار المصري,عالمي وأجنبي,المرحلة الإبتدائية,بنات
2025,1446,الشرقية,ابتدائية الامتياز العالمية,عالمي وأجنبي,المرحلة الإبتدائية,بنات
2025,1446,الشرقية,ابتدائية البرامج العالمية,عالمي وأجنبي,المرحلة الإبتدائية,بنات
2025,1446,الشرقية,ابتدائية البسام الأهليه (البرنامج الدولي),عالمي وأجنبي,المرحلة الإبتدائية,بنات
2025,1446,الشرقية,ابتدائية البسام العالمية,عالمي وأجنبي,المرحلة الإبتدائية,بنات
2025,1446,الشرقية,ابتدائية التربية  العالمية,عالمي وأجنبي,المرحلة الإبتدائية,بنين
2025,1446,الشرقية,ابتدائية التهذيب العالمية,عالمي وأجنبي,المرحلة الإبتدائية,بنات
2025,1446,الشرقية,إبتدائية الجبيل العالمية,عالمي وأجنبي,المرحلة الإبتدائية,بنات
2025,1446,الشرقية,ابتدائية الحصان الأهلية للبنات بالجبيل (عالمي/امريكي),عالمي وأجنبي,المرحلة الإبتدائية,بنات
2025,1446,الشرقية,ابتدائية الحصان النموذجية بالدمام(دولي/امريكي),عالمي وأجنبي,المرحلة الإبتدائية,بنات
2025,1446,الشرقية,ابتدائية الخبر العالمية,عالمي وأجنبي,المرحلة الإبتدائية,بنات
2025,1446,الشرقية,ابتدائية الخزامى العالمية,عالمي وأجنبي,المرحلة الإبتدائية,بنين
2025,1446,الشرقية,ابتدائية الخليج الازرق العالمية,عالمي وأجنبي,المرحلة الإبتدائية,بنات
2025,1446,الشرقية,ابتدائية الخليج العالمية,عالمي وأجنبي,المرحلة الإبتدائية,بنات
2025,1446,الشرقية,ابتدائية الذهبية العالمية,عالمي وأجنبي,المرحلة الإبتدائية,بنات
2025,1446,الشرقية,ابتدائية السعد الأهلية للبنات (البرنامج الدولي),عالمي وأجنبي,المرحلة الإبتدائية,بنات
2025,1446,الشرقية,ابتدائية الشرق الساطع العالمية,عالمي وأجنبي,المرحلة الإبتدائية,بنين
2025,1446,الشرقية,ابتدائية الشرق الساطع العالمية بنات,عالمي وأجنبي,المرحلة الإبتدائية,بنات
2025,1446,الشرقية,إبتدائية الصافي العالمية,عالمي وأجنبي,المرحلة الإبتدائية,بنات
2025,1446,الشرقية,ابتدائية الظهران الاهلية (البرنامج الدولي),عالمي وأجنبي,المرحلة الإبتدائية,بنات
2025,1446,الشرقية,ابتدائية العالم الجديد العالمية,عالمي وأجنبي,المرحلة الإبتدائية,بنين
2025,1446,الشرقية,ابتدائية العالم الجديد العالمية للبنات,عالمي وأجنبي,المرحلة الإبتدائية,بنات
2025,1446,الشرقية,ابتدائية العالم الصغير العالمية,عالمي وأجنبي,المرحلة الإبتدائية,بنات
2025,1446,الشرقية,ابتدائية العرب الخفجي العالمية بنات.,عالمي وأجنبي,المرحلة الإبتدائية,بنات
2025,1446,الشرقية,ابتدائية العلوم والفنون السعودية العالمية,عالمي وأجنبي,المرحلة الإبتدائية,بنين
2025,1446,الشرقية,ابتدائية العلوم والفنون السعودية العالمية,عالمي وأجنبي,المرحلة الإبتدائية,بنات
2025,1446,الشرقية,إبتدائية الفرسان العالمية الثانية,عالمي وأجنبي,المرحلة الإبتدائية,بنات
2025,1446,الشرقية,ابتدائية الفرنسية العالمية - بنين,عالمي وأجنبي,المرحلة الإبتدائية,بنين
2025,1446,الشرقية,ابتدائية الفلبين العالمية,عالمي وأجنبي,المرحلة الإبتدائية,بنين
2025,1446,الشرقية,ابتدائية الكثبان العالمية  بالظهران,عالمي وأجنبي,المرحلة الإبتدائية,بنين
2025,1446,الشرقية,ابتدائية الكثبان العالمية بالجبيل,عالمي وأجنبي,المرحلة الإبتدائية,بنين
2025,1446,الشرقية,ابتدائية الكثبان العالمية بالجبيل بنات,عالمي وأجنبي,المرحلة الإبتدائية,بنات
2025,1446,الشرقية,ابتدائية الكثبان العالمية بالظهران,عالمي وأجنبي,المرحلة الإبتدائية,بنات
2025,1446,الشرقية,ابتدائية الكثبان العالمية بالظهران - منهج بريطاني,عالمي وأجنبي,المرحلة الإبتدائية,بنات
2025,1446,الشرقية,ابتدائية المجد العالمية,عالمي وأجنبي,المرحلة الإبتدائية,بنين
2025,1446,الشرقية,ابتدائية المجد العالمية,عالمي وأجنبي,المرحلة الإبتدائية,بنات
2025,1446,الشرقية,ابتدائية المجد العالمية - المنهج الفلبيني,عالمي وأجنبي,المرحلة الإبتدائية,بنات
2025,1446,الشرقية,ابتدائية المجد العالمية (الفلبيني),عالمي وأجنبي,المرحلة الإبتدائية,بنين
2025,1446,الشرقية,ابتدائية المجموعة العالمية (الجبيل),عالمي وأجنبي,المرحلة الإبتدائية,بنين
2025,1446,الشرقية,ابتدائية المجموعة العالمية بالدمام,عالمي وأجنبي,المرحلة الإبتدائية,بنين
2025,1446,الشرقية,ابتدائية المجموعة العالمية بالظهران- امريكي,عالمي وأجنبي,المرحلة الإبتدائية,بنين
2025,1446,الشرقية,ابتدائية المجموعة العالمية بالظهران - بريطاني,عالمي وأجنبي,المرحلة الإبتدائية,بنين
2025,1446,الشرقية,ابتدائية المدار العالمية,عالمي وأجنبي,المرحلة الإبتدائية,بنات
2025,1446,الشرقية,إبتدائية المستقبل العالمية,عالمي وأجنبي,المرحلة الإبتدائية,بنات
2025,1446,الشرقية,ابتدائية المعتصم العالمية للبنات,عالمي وأجنبي,المرحلة الإبتدائية,بنات
2025,1446,الشرقية,إبتدائية المنى العالمية,عالمي وأجنبي,المرحلة الإبتدائية,بنات
2025,1446,الشرقية,ابتدائية المنى العالمية بنين,عالمي وأجنبي,المرحلة الإبتدائية,بنين
2025,1446,الشرقية,ابتدائية النجوم المضيئة فصول ملحقة,عالمي وأجنبي,المرحلة الإبتدائية,بنات
2025,1446,الشرقية,ابتدائية النصر العالمية,عالمي وأجنبي,المرحلة الإبتدائية,بنات
2025,1446,الشرقية,ابتدائية براعم الظهران العالمية (فصول ملحقة) بالخبر,عالمي وأجنبي,المرحلة الإبتدائية,بنات
2025,1446,الشرقية,ابتدائية براعم رواد الخليج العالمية,عالمي وأجنبي,المرحلة الإبتدائية,بنات
2025,1446,الشرقية,ابتدائية تربية الأجيال العالمية,عالمي وأجنبي,المرحلة الإبتدائية,بنين
2025,1446,الشرقية,ابتدائية تلال الظهران العالمية,عالمي وأجنبي,المرحلة الإبتدائية,بنات
2025,1446,الشرقية,ابتدائية ذوي الأوطان المتعددة العالمية,عالمي وأجنبي,المرحلة الإبتدائية,بنات
2025,1446,الشرقية,إبتدائية رند العالمية,عالمي وأجنبي,المرحلة الإبتدائية,بنات
2025,1446,الشرقية,ابتدائية رواد الخليج العالمية -بنات,عالمي وأجنبي,المرحلة الإبتدائية,بنات
2025,1446,الشرقية,ابتدائية رواد الخليج العالمية بنين - بالخبر,عالمي وأجنبي,المرحلة الإبتدائية,بنين
2025,1446,الشرقية,ابتدائية رواد المدارات العالمية بالخبر,عالمي وأجنبي,المرحلة الإبتدائية,بنات
2025,1446,الشرقية,ابتدائية رواد المدارات العالمية بالدمام,عالمي وأجنبي,المرحلة الإبتدائية,بنات
2025,1446,الشرقية,ابتدائية رواد المدارات العالمية بالظهران,عالمي وأجنبي,المرحلة الإبتدائية,بنات
2025,1446,الشرقية,ابتدائية سمها العالمية بنات,عالمي وأجنبي,المرحلة الإبتدائية,بنات
2025,1446,الشرقية,ابتدائية سمو الابداع العالمية,عالمي وأجنبي,المرحلة الإبتدائية,بنات
2025,1446,الشرقية,إبتدائية سمو الرسالة العالمية,عالمي وأجنبي,المرحلة الإبتدائية,بنات
2025,1446,الشرقية,ابتدائية شركة القمة للخدمات التعليمية برنامج دولي,عالمي وأجنبي,المرحلة الإبتدائية,بنات
2025,1446,الشرقية,ابتدائية شركة مدرسة المدينة السعودية العالمية,عالمي وأجنبي,المرحلة الإبتدائية,بنات
2025,1446,الشرقية,ابتدائية عالم التقدم الحمرا بنات,عالمي وأجنبي,المرحلة الإبتدائية,بنات
2025,1446,الشرقية,ابتدائية عالم التقدم الحمرا بنين,عالمي وأجنبي,المرحلة الإبتدائية,بنين
2025,1446,الشرقية,ابتدائية عالم التقدم العالمية بالدمام,عالمي وأجنبي,المرحلة الإبتدائية,بنات
2025,1446,الشرقية,ابتدائية علم وبناء الأهلية (البرنامج الدولي),عالمي وأجنبي,المرحلة الإبتدائية,بنات
2025,1446,الشرقية,إبتدائية علو الدولية,عالمي وأجنبي,المرحلة الإبتدائية,بنين
2025,1446,الشرقية,إبتدائية علو الدولية,عالمي وأجنبي,المرحلة الإبتدائية,بنات
2025,1446,الشرقية,ابتدائية قادة المشرق العالمية,عالمي وأجنبي,المرحلة الإبتدائية,بنات
2025,1446,الشرقية,ابتدائية ماريا العالمية,عالمي وأجنبي,المرحلة الإبتدائية,بنين
2025,1446,الشرقية,إبتدائية ماريا العالمية,عالمي وأجنبي,المرحلة الإبتدائية,بنات
2025,1446,الشرقية,ابتدائية مجمع التهذيب التعليمي - البرنامج الدولي,عالمي وأجنبي,المرحلة الإبتدائية,بنات
2025,1446,الشرقية,ابتدائية مدارس آسيا العالمية,عالمي وأجنبي,المرحلة الإبتدائية,بنات
2025,1446,الشرقية,ابتدائية مدارس الإبتكار العالمية,عالمي وأجنبي,المرحلة الإبتدائية,بنات
2025,1446,الشرقية,ابتدائية مدارس الإلهام العالمية,عالمي وأجنبي,المرحلة الإبتدائية,بنات
2025,1446,الشرقية,ابتدائية مدارس الأنجال دولي,عالمي وأجنبي,المرحلة الإبتدائية,بنات
2025,1446,الشرقية,ابتدائية مدارس التربية العالمية,عالمي وأجنبي,المرحلة الإبتدائية,بنات
2025,1446,الشرقية,ابتدائية مدارس التطوير الأهلية - المسار المصري,عالمي وأجنبي,المرحلة الإبتدائية,بنين
2025,1446,الشرقية,ابتدائية مدارس الحصان الأهلية للبنات بالعزيزيـة- امريكي,عالمي وأجنبي,المرحلة الإبتدائية,بنات
2025,1446,الشرقية,ابتدائية مدارس الحصان بالدمام – البرنامج الدولي (أمريكي),عالمي وأجنبي,المرحلة الإبتدائية,بنين
2025,1446,الشرقية,ابتدائية مدارس الخزامى العالمية  بالخبر,عالمي وأجنبي,المرحلة الإبتدائية,بنات
2025,1446,الشرقية,ابتدائية مدارس السعد الأهلية للبنين - البرنامج الدولي,عالمي وأجنبي,المرحلة الإبتدائية,بنين
2025,1446,الشرقية,ابتدائية مدارس الطموح الأول العالمية,عالمي وأجنبي,المرحلة الإبتدائية,بنين
2025,1446,الشرقية,ابتدائية مدارس الطموح الأول العالمية,عالمي وأجنبي,المرحلة الإبتدائية,بنات
2025,1446,الشرقية,ابتدائية مدارس الفيصلية الاسلامية للبنات العالمية بالخبر,عالمي وأجنبي,المرحلة الإبتدائية,بنات
2025,1446,الشرقية,ابتدائيـة مدارس المدار العالمية,عالمي وأجنبي,المرحلة الإبتدائية,بنين
2025,1446,الشرقية,ابتدائية مدارس النصر العالمية بنين,عالمي وأجنبي,المرحلة الإبتدائية,بنين
2025,1446,الشرقية,ابتدائية مدارس براعم الظهران العالمية بالجبيل -( فصول ملحقة ),عالمي وأجنبي,المرحلة الإبتدائية,بنات
2025,1446,الشرقية,ابتدائية مدارس حديقة البيان العالمية,عالمي وأجنبي,المرحلة الإبتدائية,بنات
2025,1446,الشرقية,ابتدائية مدارس رواد الاعمال العالمية,عالمي وأجنبي,المرحلة الإبتدائية,بنات
2025,1446,الشرقية,ابتدائية مدارس رواد الخليج العالمية بالخبر,عالمي وأجنبي,المرحلة الإبتدائية,بنات
2025,1446,الشرقية,ابتدائية مدارس رؤية العالمية,عالمي وأجنبي,المرحلة الإبتدائية,بنات
2025,1446,الشرقية,إبتدائية مدرسة الجبيل العالمية,عالمي وأجنبي,المرحلة الإبتدائية,بنين
2025,1446,الشرقية,إبتدائية منار الباطن العالمية,عالمي وأجنبي,المرحلة الإبتدائية,بنات
2025,1446,الشرقية,ابتدائية منارات الخبر (امريكي),عالمي وأجنبي,المرحلة الإبتدائية,بنين
2025,1446,الشرقية,إبتدائية نخبة الخبر العالمية,عالمي وأجنبي,المرحلة الإبتدائية,بنات
2025,1446,الشرقية,ابتدائية هالي العالمية,عالمي وأجنبي,المرحلة الإبتدائية,بنات
2025,1446,الشرقية,ابتدائية هالي العالمية (المسار المصري),عالمي وأجنبي,المرحلة الإبتدائية,بنات
2025,1446,الشرقية,ابتدائية هالي العالمية (مصري),عالمي وأجنبي,المرحلة الإبتدائية,بنين
2025,1446,الشرقية,آسيا العالمية الابتدائية,عالمي وأجنبي,المرحلة الإبتدائية,بنين
2025,1446,الشرقية,أكاديمية الحصان العالمية الابتدائيه بنات,عالمي وأجنبي,المرحلة الإبتدائية,بنات
2025,1446,الشرقية,أكاديمية الحصان العالمية الابتدائيه بنين,عالمي وأجنبي,المرحلة الإبتدائية,بنين
2025,1446,الشرقية,أكاديمية الحصان العالمية الثانوية بنين,عالمي وأجنبي,المرحلة الثانوية,بنين
2025,1446,الشرقية,أكاديمية الحصان العالمية الثانويه بنات,عالمي وأجنبي,المرحلة الثانوية,بنات
2025,1446,الشرقية,أكاديمية الحصان العالمية المتوسطه بنات,عالمي وأجنبي,المرحلة المتوسطة,بنات
2025,1446,الشرقية,أكاديمية الحصان العالمية المتوسطه بنين,عالمي وأجنبي,المرحلة المتوسطة,بنين
2025,1446,الشرقية,أكاديمية الحصان العالمية رياض أطفال,عالمي وأجنبي,رياض الأطفال,بنات
2025,1446,الشرقية,الابتدائية الباكستانية العالمية (الجبيل),عالمي وأجنبي,المرحلة الإبتدائية,بنين
2025,1446,الشرقية,الابتدائية الباكستانية العالمية (الخبر),عالمي وأجنبي,المرحلة الإبتدائية,بنين
2025,1446,الشرقية,الابتدائية الهندية العالمية بالجبيل بنين,عالمي وأجنبي,المرحلة الإبتدائية,بنين
2025,1446,الشرقية,الابتدائية الهندية العالمية بالخبر,عالمي وأجنبي,المرحلة الإبتدائية,بنين
2025,1446,الشرقية,الابتدائية الهندية العالمية بالخفجي,عالمي وأجنبي,المرحلة الإبتدائية,بنين
2025,1446,الشرقية,البرنامج الدولي الملحق ابتدائية الأكاديمية العصرية بالفيصلية الأهلية,عالمي وأجنبي,المرحلة الإبتدائية,بنات
2025,1446,الشرقية,البرنامج الدولي الملحق بابتدائية تربية الاجيال  الأهلية,عالمي وأجنبي,المرحلة الإبتدائية,بنات
2025,1446,الشرقية,البرنامج الدولي الملحق بروضة الأكاديمية العصرية بالفيصلية الأهلية,عالمي وأجنبي,رياض الأطفال,بنات
2025,1446,الشرقية,البرنامج الدولي الملحق بروضة تربية الاجيال الأهلية,عالمي وأجنبي,رياض الأطفال,بنات
2025,1446,الشرقية,البرنامج الدولي الملحق بروضة وعد الطفولة الأهلية,عالمي وأجنبي,رياض الأطفال,بنات
2025,1446,الشرقية,البسام الاهلية الابتدائية (البرنامج الدولي),عالمي وأجنبي,المرحلة الإبتدائية,بنين
2025,1446,الشرقية,البسام الثانوية الأهلية ( البرنامج الدولي) بالدمام,عالمي وأجنبي,المرحلة الثانوية,بنين
2025,1446,الشرقية,الثانوية الباكستانية العالمية (الجبيل),عالمي وأجنبي,المرحلة الثانوية,بنين
2025,1446,الشرقية,الثانوية الباكستانية العالمية (الخبر),عالمي وأجنبي,المرحلة الثانوية,بنين
2025,1446,الشرقية,الثانوية الهندية العالمية بالجبيل بنين,عالمي وأجنبي,المرحلة الثانوية,بنين
2025,1446,الشرقية,الثانويه الهندية العالمية بالخبر,عالمي وأجنبي,المرحلة الثانوية,بنين
2025,1446,الشرقية,الروضة الباكستانية العالمية- الخبر,عالمي وأجنبي,رياض الأطفال,بنات
2025,1446,الشرقية,الروضة الباكستانية العالمية بالجبيل,عالمي وأجنبي,رياض الأطفال,بنات
2025,1446,الشرقية,الروضة البريطانية العالمية,عالمي وأجنبي,رياض الأطفال,بنات
2025,1446,الشرقية,الروضة السيريلانكية العالمية,عالمي وأجنبي,رياض الأطفال,بنات
2025,1446,الشرقية,الروضة الفرنسية العالمية - الخبر,عالمي وأجنبي,رياض الأطفال,بنات
2025,1446,الشرقية,الروضة الفلبينية العالمية,عالمي وأجنبي,رياض الأطفال,بنات
2025,1446,الشرقية,الروضة الهندية العالمية بالجبيل,عالمي وأجنبي,رياض الأطفال,بنات
2025,1446,الشرقية,الروضة الهندية العالمية بالخبر,عالمي وأجنبي,رياض الأطفال,بنات
2025,1446,الشرقية,الروضة الهندية العالمية بالخفجي,عالمي وأجنبي,رياض الأطفال,بنات
2025,1446,الشرقية,المتوسطة الباكستانية العالمية (الجبيل),عالمي وأجنبي,المرحلة المتوسطة,بنين
2025,1446,الشرقية,المتوسطة الباكستانية العالمية (الخبر),عالمي وأجنبي,المرحلة المتوسطة,بنين
2025,1446,الشرقية,المتوسطة الهندية العالمية بالجبيل بنين,عالمي وأجنبي,المرحلة المتوسطة,بنين
2025,1446,الشرقية,المتوسطة الهندية العالمية بالخبر,عالمي وأجنبي,المرحلة المتوسطة,بنين
2025,1446,الشرقية,المتوسطة الهندية العالمية بالخفجي,عالمي وأجنبي,المرحلة المتوسطة,بنين
2025,1446,الشرقية,المدرسة  البريطانية العالمية الثانوية بالخبر,عالمي وأجنبي,المرحلة الثانوية,بنين
2025,1446,الشرقية,المدرسة البريطانية العالمية,عالمي وأجنبي,المرحلة المتوسطة,بنين
2025,1446,الشرقية,المدرسة الدولية التابعة لمستشفى القوات المسلحة بالشمالية,عالمي وأجنبي,المرحلة الإبتدائية,بنين
2025,1446,الشرقية,المدرسة السيرلانكية العالمية - المرحلة المتوسطة,عالمي وأجنبي,المرحلة المتوسطة,بنين
2025,1446,الشرقية,المدرسة السيريلانكية الابتدائية,عالمي وأجنبي,المرحلة الإبتدائية,بنين
2025,1446,الشرقية,ثانوية ابن رشد العالمية للبنات,عالمي وأجنبي,المرحلة الثانوية,بنات
2025,1446,الشرقية,ثانوية اطلس العالمية بنات,عالمي وأجنبي,المرحلة الثانوية,بنات
2025,1446,الشرقية,ثانوية اطلس العالمية بنين,عالمي وأجنبي,المرحلة الثانوية,بنين
2025,1446,الشرقية,ثانوية أكاديمية الإعجاب العلمي العالمية,عالمي وأجنبي,المرحلة الثانوية,بنين
2025,1446,الشرقية,ثانوية أكاديمية الإعجاب العلمي العالميـة,عالمي وأجنبي,المرحلة الثانوية,بنات
2025,1446,الشرقية,ثانوية أكاديمية الإعجاب العلمي العالمية - المسار المصري,عالمي وأجنبي,المرحلة الثانوية,بنات
2025,1446,الشرقية,ثانوية اكسيل انترناشيونال للتربية الخاصة بنات,عالمي وأجنبي,المرحلة الثانوية,بنات
2025,1446,الشرقية,ثانوية اكسيل انترناشيونال للتربية الخاصة بنين,عالمي وأجنبي,المرحلة الثانوية,بنين
2025,1446,الشرقية,ثانوية الإلهام العالمية,عالمي وأجنبي,المرحلة الثانوية,بنين
2025,1446,الشرقية,ثانوية الإلهام العالمية - المسار المصري,عالمي وأجنبي,المرحلة الثانوية,بنين
2025,1446,الشرقية,ثانوية الإلهام العالمية بنات - المسار المصري,عالمي وأجنبي,المرحلة الثانوية,بنات
2025,1446,الشرقية,ثانوية البرامج العالمية,عالمي وأجنبي,المرحلة الثانوية,بنات
2025,1446,الشرقية,ثانوية البسام الأهلية (البرنامج الدولي),عالمي وأجنبي,المرحلة الثانوية,بنات
2025,1446,الشرقية,ثانوية الجبيل العالمية (أمريكي),عالمي وأجنبي,المرحلة الثانوية,بنات
2025,1446,الشرقية,ثانوية الجبيل العالمية (بريطاني),عالمي وأجنبي,المرحلة الثانوية,بنات
2025,1446,الشرقية,ثانوية الحصان الأهلية للبنات بالجبيل (عالمي/امريكي),عالمي وأجنبي,المرحلة الثانوية,بنات
2025,1446,الشرقية,ثانوية الحصان النموذجية الأهلية بالدمام – المسار الدولي,عالمي وأجنبي,المرحلة الثانوية,بنين
2025,1446,الشرقية,ثانوية الحصان النموذجية بالدمام(دولي/امريكي),عالمي وأجنبي,المرحلة الثانوية,بنات
2025,1446,الشرقية,ثانوية الخزامى العالمية,عالمي وأجنبي,المرحلة الثانوية,بنين
2025,1446,الشرقية,ثانوية الخليج العالمية,عالمي وأجنبي,المرحلة الثانوية,بنات
2025,1446,الشرقية,ثانوية السعد الأهلية للبنات (البرنامج الدولي),عالمي وأجنبي,المرحلة الثانوية,بنات
2025,1446,الشرقية,ثانوية الظهران الأهلية (البرنامج الدولي),عالمي وأجنبي,المرحلة الثانوية,بنات
2025,1446,الشرقية,ثانوية العالم الجديد العالمية للبنات,عالمي وأجنبي,المرحلة الثانوية,بنات
2025,1446,الشرقية,ثانوية العلوم والفنون السعودية العالمية,عالمي وأجنبي,المرحلة الثانوية,بنين
2025,1446,الشرقية,ثانوية العلوم والفنون السعودية العالمية,عالمي وأجنبي,المرحلة الثانوية,بنات
2025,1446,الشرقية,ثانوية الفرسان العالمية الثانية بنات,عالمي وأجنبي,المرحلة الثانوية,بنات
2025,1446,الشرقية,ثانوية الفرنسية العالمية,عالمي وأجنبي,المرحلة الثانوية,بنين
2025,1446,الشرقية,ثانوية الفلبين العالمية,عالمي وأجنبي,المرحلة الثانوية,بنين
2025,1446,الشرقية,ثانوية الكثبان العالمية بالجبيل بنات,عالمي وأجنبي,المرحلة الثانوية,بنات
2025,1446,الشرقية,ثانوية الكثبان العالمية بالظهران,عالمي وأجنبي,المرحلة الثانوية,بنين
2025,1446,الشرقية,ثانوية الكثبان العالمية بالظهران,عالمي وأجنبي,المرحلة الثانوية,بنات
2025,1446,الشرقية,ثانوية المجد العالمية,عالمي وأجنبي,المرحلة الثانوية,بنين
2025,1446,الشرقية,ثانوية المجد العالمية,عالمي وأجنبي,المرحلة الثانوية,بنات
2025,1446,الشرقية,ثانوية المجد العالمية - المنهج الفلبيني,عالمي وأجنبي,المرحلة الثانوية,بنات
2025,1446,الشرقية,ثانوية المجد العالمية (الفلبيني),عالمي وأجنبي,المرحلة الثانوية,بنين
2025,1446,الشرقية,ثانوية المجموعة العالمية  بالدمام,عالمي وأجنبي,المرحلة الثانوية,بنين
2025,1446,الشرقية,ثانوية المجموعة العالمية (الجبيل),عالمي وأجنبي,المرحلة الثانوية,بنين
2025,1446,الشرقية,ثانوية المجموعة العالمية بالظهران - امريكي,عالمي وأجنبي,المرحلة الثانوية,بنين
2025,1446,الشرقية,ثانوية المجموعة العالمية بالظهران - بريطاني,عالمي وأجنبي,المرحلة الثانوية,بنين
2025,1446,الشرقية,ثانويـة المدار العالمية (امريكي),عالمي وأجنبي,المرحلة الثانوية,بنات
2025,1446,الشرقية,ثانـوية المدار العالمية (بريطاني),عالمي وأجنبي,المرحلة الثانوية,بنات
2025,1446,الشرقية,ثانوية المنى العالمية,عالمي وأجنبي,المرحلة الثانوية,بنات
2025,1446,الشرقية,ثانوية المنى العالمية بنين,عالمي وأجنبي,المرحلة الثانوية,بنين
2025,1446,الشرقية,ثانوية تربية الأجيال العالمية,عالمي وأجنبي,المرحلة الثانوية,بنين
2025,1446,الشرقية,ثانوية رواد الخليج العالمية -بنات,عالمي وأجنبي,المرحلة الثانوية,بنات
2025,1446,الشرقية,ثانوية عالم التقدم الحمرا بنات,عالمي وأجنبي,المرحلة الثانوية,بنات
2025,1446,الشرقية,ثانوية عالم التقدم الحمرا بنين,عالمي وأجنبي,المرحلة الثانوية,بنين
2025,1446,الشرقية,ثانوية مدارس أجيال الظهران العالمية,عالمي وأجنبي,المرحلة الثانوية,بنين
2025,1446,الشرقية,ثانوية مدارس أجيال الظهران العالمية,عالمي وأجنبي,المرحلة الثانوية,بنات
2025,1446,الشرقية,ثانوية مدارس آسيا العالمية بنات,عالمي وأجنبي,المرحلة الثانوية,بنات
2025,1446,الشرقية,ثانوية مدارس آسيا العالمية بنين,عالمي وأجنبي,المرحلة الثانوية,بنين
2025,1446,الشرقية,ثانوية مدارس أكاديمية الكفاح - بنات,عالمي وأجنبي,المرحلة الثانوية,بنات
2025,1446,الشرقية,ثانوية مدارس أكاديمية الكفاح - بنين,عالمي وأجنبي,المرحلة الثانوية,بنين
2025,1446,الشرقية,ثانوية مدارس الإلهام العالمية,عالمي وأجنبي,المرحلة الثانوية,بنات
2025,1446,الشرقية,ثانوية مدارس الإلهام العالمية - أمريكي,عالمي وأجنبي,المرحلة الثانوية,بنات
2025,1446,الشرقية,ثانوية مدارس التطوير الأهلية - المسار المصري,عالمي وأجنبي,المرحلة الثانوية,بنين
2025,1446,الشرقية,ثانوية مدارس الخزامى العالمية بالخبر,عالمي وأجنبي,المرحلة الثانوية,بنات
2025,1446,الشرقية,ثانوية مدارس السعد الأهلية للبنين - البرنامج الدولي,عالمي وأجنبي,المرحلة الثانوية,بنين
2025,1446,الشرقية,ثانوية مدارس الطموح الأول العالميـة,عالمي وأجنبي,المرحلة الثانوية,بنات
2025,1446,الشرقية,ثانوية مدارس الطموح الأول العالمية - أمريكي,عالمي وأجنبي,المرحلة الثانوية,بنات
2025,1446,الشرقية,ثانويـة مدارس المدار العالمية (امريكي),عالمي وأجنبي,المرحلة الثانوية,بنين
2025,1446,الشرقية,ثانويـة مدارس المدار العالمية (بريطاني),عالمي وأجنبي,المرحلة الثانوية,بنين
2025,1446,الشرقية,ثانوية مدارس حديـقة البيان العالمية,عالمي وأجنبي,المرحلة الثانوية,بنات
2025,1446,الشرقية,ثانوية مدرسة الجبيل العالمية (أمريكي),عالمي وأجنبي,المرحلة الثانوية,بنين
2025,1446,الشرقية,ثانوية مدرسة الجبيل العالمية (بريطاني),عالمي وأجنبي,المرحلة الثانوية,بنين
2025,1446,الشرقية,ثانوية منارات الخبر (امريكي),عالمي وأجنبي,المرحلة الثانوية,بنين
2025,1446,الشرقية,ثانوية منارات الخبر (بريطاني),عالمي وأجنبي,المرحلة الثانوية,بنين
2025,1446,الشرقية,ثانوية هالي العالمية,عالمي وأجنبي,المرحلة الثانوية,بنات
2025,1446,الشرقية,ثانوية هالي العالمية بنين,عالمي وأجنبي,المرحلة الثانوية,بنين
2025,1446,الشرقية,روضة ابن رشد العالمية,عالمي وأجنبي,رياض الأطفال,بنات
2025,1446,الشرقية,روضة آجاد العالمية,عالمي وأجنبي,رياض الأطفال,بنات
2025,1446,الشرقية,روضة اجيال الحصان بالدمام,عالمي وأجنبي,رياض الأطفال,بنات
2025,1446,الشرقية,روضة أجيال الظهران العالمية,عالمي وأجنبي,رياض الأطفال,بنات
2025,1446,الشرقية,روضة أجيال النبراس العالميه,عالمي وأجنبي,رياض الأطفال,بنات
2025,1446,الشرقية,روضة اطلس العالمية,عالمي وأجنبي,رياض الأطفال,بنات
2025,1446,الشرقية,روضة أكاديمية الإعجاب العلمي العالمية - المسار المصري,عالمي وأجنبي,رياض الأطفال,بنات
2025,1446,الشرقية,روضة أكاديمية الكفاح العالمية,عالمي وأجنبي,رياض الأطفال,بنات
2025,1446,الشرقية,روضة اكسيل انترناشيونال للتربية الخاصة,عالمي وأجنبي,رياض الأطفال,بنات
2025,1446,الشرقية,روضة الإعجاب العلمي العالمية,عالمي وأجنبي,رياض الأطفال,بنات
2025,1446,الشرقية,روضة الإلهام العالمية بنات - المسار المصري,عالمي وأجنبي,رياض الأطفال,بنات
2025,1446,الشرقية,روضة الامتياز العالمية,عالمي وأجنبي,رياض الأطفال,بنات
2025,1446,الشرقية,روضة الأيمان العالمية,عالمي وأجنبي,رياض الأطفال,بنات
2025,1446,الشرقية,روضة البرامج العالمية,عالمي وأجنبي,رياض الأطفال,بنات
2025,1446,الشرقية,روضة البسام العالمية,عالمي وأجنبي,رياض الأطفال,بنات
2025,1446,الشرقية,روضة التهذيب العالمية,عالمي وأجنبي,رياض الأطفال,بنات
2025,1446,الشرقية,روضة الجبيل العالمية,عالمي وأجنبي,رياض الأطفال,بنات
2025,1446,الشرقية,روضة الحصان النموذجية بالجبيل (دولي/امريكي),عالمي وأجنبي,رياض الأطفال,بنات
2025,1446,الشرقية,روضة الخبر العالمية,عالمي وأجنبي,رياض الأطفال,بنات
2025,1446,الشرقية,روضة الخليج الازرق العالمية,عالمي وأجنبي,رياض الأطفال,بنات
2025,1446,الشرقية,روضة الخليج العالمية,عالمي وأجنبي,رياض الأطفال,بنات
2025,1446,الشرقية,روضة الصافي العالمية,عالمي وأجنبي,رياض الأطفال,بنات
2025,1446,الشرقية,روضة الظهران الاهلية (البرنامج الدولي),عالمي وأجنبي,رياض الأطفال,بنات
2025,1446,الشرقية,روضة العالم الابيض لرياض الاطفال,عالمي وأجنبي,رياض الأطفال,بنات
2025,1446,الشرقية,روضة العالم الجديد العالمية,عالمي وأجنبي,رياض الأطفال,بنات
2025,1446,الشرقية,روضة العالم الصغير العالمية,عالمي وأجنبي,رياض الأطفال,بنات
2025,1446,الشرقية,روضة العرب الخفجي العالمية,عالمي وأجنبي,رياض الأطفال,بنات
2025,1446,الشرقية,روضة العلوم والفنون السعودية العالمية,عالمي وأجنبي,رياض الأطفال,بنات
2025,1446,الشرقية,روضة الفرسان العالمية الثانية,عالمي وأجنبي,رياض الأطفال,بنات
2025,1446,الشرقية,روضة القمة الاهلية (برنامج دولي),عالمي وأجنبي,رياض الأطفال,بنات
2025,1446,الشرقية,روضة الكثبان العالمية بالجبيل,عالمي وأجنبي,رياض الأطفال,بنات
2025,1446,الشرقية,روضة الكثبان العالمية بالظهران,عالمي وأجنبي,رياض الأطفال,بنات
2025,1446,الشرقية,روضة الكثبان العالمية بالظهران - منهج بريطاني,عالمي وأجنبي,رياض الأطفال,بنات
2025,1446,الشرقية,روضة المجد العالمية,عالمي وأجنبي,رياض الأطفال,بنات
2025,1446,الشرقية,روضة المجد العالمية - المنهج الفلبيني,عالمي وأجنبي,رياض الأطفال,بنات
2025,1446,الشرقية,روضة المجموعة العالمية بالظهران (امريكي),عالمي وأجنبي,رياض الأطفال,بنات
2025,1446,الشرقية,روضة المجموعة العالمية بالظهران (بريطاني),عالمي وأجنبي,رياض الأطفال,بنات
2025,1446,الشرقية,روضة المدار العالمية,عالمي وأجنبي,رياض الأطفال,بنات
2025,1446,الشرقية,روضة المدرسة البريطانية العالمية بالخبر,عالمي وأجنبي,رياض الأطفال,بنات
2025,1446,الشرقية,روضة المدرسة البنجلاديشية العالمية,عالمي وأجنبي,رياض الأطفال,بنات
2025,1446,الشرقية,روضة المدرسة التركية العالمية,عالمي وأجنبي,رياض الأطفال,بنات
2025,1446,الشرقية,روضة المدرسة العالمية الذهبية,عالمي وأجنبي,رياض الأطفال,بنات
2025,1446,الشرقية,روضة المستقبل العالمية,عالمي وأجنبي,رياض الأطفال,بنات
2025,1446,الشرقية,روضة المعتصم العالمية للبنات,عالمي وأجنبي,رياض الأطفال,بنات
2025,1446,الشرقية,روضة المنى العالمية,عالمي وأجنبي,رياض الأطفال,بنات
2025,1446,الشرقية,روضة النصر العالمية,عالمي وأجنبي,رياض الأطفال,بنات
2025,1446,الشرقية,روضة براعم الظهران العالمية بالجبيل,عالمي وأجنبي,رياض الأطفال,بنات
2025,1446,الشرقية,روضة براعم الظهران العالمية بالخبر,عالمي وأجنبي,رياض الأطفال,بنات
2025,1446,الشرقية,روضة براعم رواد الخليج العالمية,عالمي وأجنبي,رياض الأطفال,بنات
2025,1446,الشرقية,روضة ذوي الأوطان المتعددة العالمية,عالمي وأجنبي,رياض الأطفال,بنات
2025,1446,الشرقية,روضة رند العالمية,عالمي وأجنبي,رياض الأطفال,بنات
2025,1446,الشرقية,روضة رواد الخليج العالمية بنات,عالمي وأجنبي,رياض الأطفال,بنات
2025,1446,الشرقية,روضة رواد المدارات العالمية بالخبر,عالمي وأجنبي,رياض الأطفال,بنات
2025,1446,الشرقية,روضة رواد المدارات العالمية بالدمام,عالمي وأجنبي,رياض الأطفال,بنات
2025,1446,الشرقية,روضة رواد المدارات العالمية بالظهران,عالمي وأجنبي,رياض الأطفال,بنات
2025,1446,الشرقية,روضة رياض الإسلام (الدولية),عالمي وأجنبي,رياض الأطفال,بنات
2025,1446,الشرقية,روضة سمها العالمية بالدمام,عالمي وأجنبي,رياض الأطفال,بنات
2025,1446,الشرقية,روضة سمو الابداع العالمية,عالمي وأجنبي,رياض الأطفال,بنات
2025,1446,الشرقية,روضة سمو الرسالة العالمية,عالمي وأجنبي,رياض الأطفال,بنات
2025,1446,الشرقية,روضة عالم التقدم العالمية بالدمام,عالمي وأجنبي,رياض الأطفال,بنات
2025,1446,الشرقية,روضة عالم التقدم للتعليم الحمراء,عالمي وأجنبي,رياض الأطفال,بنات
2025,1446,الشرقية,روضة عالم صدارة للتعليم,عالمي وأجنبي,رياض الأطفال,بنات
2025,1446,الشرقية,روضة علو الدولبة,عالمي وأجنبي,رياض الأطفال,بنات
2025,1446,الشرقية,روضة علوم المدار العالمية,عالمي وأجنبي,رياض الأطفال,بنات
2025,1446,الشرقية,روضة قادة المشرق العالمية,عالمي وأجنبي,رياض الأطفال,بنات
2025,1446,الشرقية,روضة مدارس آسيا العالمية بالخبر,عالمي وأجنبي,رياض الأطفال,بنات
2025,1446,الشرقية,روضة مدارس الإبتكار العالمية,عالمي وأجنبي,رياض الأطفال,بنات
2025,1446,الشرقية,روضة مدارس الالهام  العالمية,عالمي وأجنبي,رياض الأطفال,بنات
2025,1446,الشرقية,روضة مدارس التربية العالمية,عالمي وأجنبي,رياض الأطفال,بنات
2025,1446,الشرقية,روضة مدارس الحصان الأهلية للبنات بالعزيزيـة - امريكي,عالمي وأجنبي,رياض الأطفال,بنات
2025,1446,الشرقية,روضة مدارس الخزامى العالمية بالخبر,عالمي وأجنبي,رياض الأطفال,بنات
2025,1446,الشرقية,روضة مدارس الشرق الساطع العالمية بالخبر,عالمي وأجنبي,رياض الأطفال,بنات
2025,1446,الشرقية,روضة مدارس الطموح الاول العالمية,عالمي وأجنبي,رياض الأطفال,بنات
2025,1446,الشرقية,روضة مدارس الفيصلية الاسلامية الاهلية (البرنامج الدولي),عالمي وأجنبي,رياض الأطفال,بنات
2025,1446,الشرقية,روضة مدارس المجموعة العالمية بالجبيل,عالمي وأجنبي,رياض الأطفال,بنات
2025,1446,الشرقية,روضة مدارس المدينة السعودية العالمية بنات,عالمي وأجنبي,رياض الأطفال,بنات
2025,1446,الشرقية,روضة مدارس النجوم المضيئة,عالمي وأجنبي,رياض الأطفال,بنات
2025,1446,الشرقية,روضة مدارس حديقة البيان العالمية,عالمي وأجنبي,رياض الأطفال,بنات
2025,1446,الشرقية,روضة مدارس محمد براهيم حمد المنصور للتعليم,عالمي وأجنبي,رياض الأطفال,بنات
2025,1446,الشرقية,روضة مدرسة اسيا الجديدة العالمية,عالمي وأجنبي,رياض الأطفال,بنات
2025,1446,الشرقية,روضة منار الباطن العالمية,عالمي وأجنبي,رياض الأطفال,بنات
2025,1446,الشرقية,روضة نخبة الخبر العالمية,عالمي وأجنبي,رياض الأطفال,بنات
2025,1446,الشرقية,روضة هالي العالمية,عالمي وأجنبي,رياض الأطفال,بنات
2025,1446,الشرقية,رياض أطفال ماريا العالمية,عالمي وأجنبي,رياض الأطفال,بنات
2025,1446,الشرقية,رياض اطفال مدارس رواد الاعمال العالمية,عالمي وأجنبي,رياض الأطفال,بنات
2025,1446,الشرقية,شركة ابتدائية المستقلة العالمية للبنات,عالمي وأجنبي,المرحلة الإبتدائية,بنات
2025,1446,الشرقية,شركة رياض الاطفال المستقلة العالمية,عالمي وأجنبي,رياض الأطفال,بنات
2025,1446,الشرقية,شركة مدارس الامتياز العالمية الابتدائية للبنين,عالمي وأجنبي,المرحلة الإبتدائية,بنين
2025,1446,الشرقية,صفوة الرواد,عالمي وأجنبي,المرحلة الإبتدائية,بنين
2025,1446,الشرقية,متوسطة  بنين المنى العالمية,عالمي وأجنبي,المرحلة المتوسطة,بنين
2025,1446,الشرقية,متوسطة االظهران الأهلية (البرنامج الدولي),عالمي وأجنبي,المرحلة المتوسطة,بنات
2025,1446,الشرقية,متوسطة ابن رشد الخبر العالمية بنين,عالمي وأجنبي,المرحلة المتوسطة,بنين
2025,1446,الشرقية,متوسطة ابن رشد العالمية,عالمي وأجنبي,المرحلة المتوسطة,بنات
2025,1446,الشرقية,متوسطة اجاد العالمية,عالمي وأجنبي,المرحلة المتوسطة,بنين
2025,1446,الشرقية,متوسطة أجيال الظهران العالمية,عالمي وأجنبي,المرحلة المتوسطة,بنات
2025,1446,الشرقية,متوسطة اطلس العالمية,عالمي وأجنبي,المرحلة المتوسطة,بنات
2025,1446,الشرقية,متوسطة أكاديمية الإعجاب العلمي العالمية,عالمي وأجنبي,المرحلة المتوسطة,بنين
2025,1446,الشرقية,متوسطة أكاديمية الإعجاب العلمي العالميـة,عالمي وأجنبي,المرحلة المتوسطة,بنات
2025,1446,الشرقية,متوسطة أكاديمية الإعجاب العلمي العالمية - المسار المصري,عالمي وأجنبي,المرحلة المتوسطة,بنات
2025,1446,الشرقية,متوسطة أكاديمية الكفاح العالمية,عالمي وأجنبي,المرحلة المتوسطة,بنين
2025,1446,الشرقية,متوسطة أكاديمية الكفاح العالمية,عالمي وأجنبي,المرحلة المتوسطة,بنات
2025,1446,الشرقية,متوسطة اكسيل انترناشيونال للتربية الخاصة بنات,عالمي وأجنبي,المرحلة المتوسطة,بنات
2025,1446,الشرقية,متوسطة اكسيل انترناشيونال للتربية الخاصة بنين,عالمي وأجنبي,المرحلة المتوسطة,بنين
2025,1446,الشرقية,متوسطة الابتكار العالمية,عالمي وأجنبي,المرحلة المتوسطة,بنين
2025,1446,الشرقية,متوسطة الإلهام العالمية,عالمي وأجنبي,المرحلة المتوسطة,بنين
2025,1446,الشرقية,متوسطة الإلهام العالمية - مسار مصري,عالمي وأجنبي,المرحلة المتوسطة,بنين
2025,1446,الشرقية,متوسطة الإلهام العالمية بنات - المسار المصري,عالمي وأجنبي,المرحلة المتوسطة,بنات
2025,1446,الشرقية,متوسطة الامتياز العالمية,عالمي وأجنبي,المرحلة المتوسطة,بنين
2025,1446,الشرقية,متوسطة الامتياز العالمية,عالمي وأجنبي,المرحلة المتوسطة,بنات
2025,1446,الشرقية,متوسطة البرامج العالمية,عالمي وأجنبي,المرحلة المتوسطة,بنات
2025,1446,الشرقية,متوسطة البسام - البرنامج الدولي,عالمي وأجنبي,المرحلة المتوسطة,بنين
2025,1446,الشرقية,متوسطة البسام الاهلية (البرنامج الدولي),عالمي وأجنبي,المرحلة المتوسطة,بنات
2025,1446,الشرقية,متوسطة البسام العالمية,عالمي وأجنبي,المرحلة المتوسطة,بنات
2025,1446,الشرقية,متوسطة الجبيل العالمية (أمريكي),عالمي وأجنبي,المرحلة المتوسطة,بنات
2025,1446,الشرقية,متوسطة الجبيل العالمية (بريطاني),عالمي وأجنبي,المرحلة المتوسطة,بنات
2025,1446,الشرقية,متوسطة الحصان الأهلية للبنات بالجبيل (عالمي/امريكي),عالمي وأجنبي,المرحلة المتوسطة,بنات
2025,1446,الشرقية,متوسطة الحصان النموذجية بالدمام(دولي/امريكي),عالمي وأجنبي,المرحلة المتوسطة,بنات
2025,1446,الشرقية,متوسطة الخزامى العالمية,عالمي وأجنبي,المرحلة المتوسطة,بنين
2025,1446,الشرقية,متوسطة الخليج العالمية,عالمي وأجنبي,المرحلة المتوسطة,بنات
2025,1446,الشرقية,متوسطة السعد الأهلية للبنات (البرنامج الدولي),عالمي وأجنبي,المرحلة المتوسطة,بنات
2025,1446,الشرقية,متوسطة الشرق الساطع العالمية,عالمي وأجنبي,المرحلة المتوسطة,بنين
2025,1446,الشرقية,متوسطة الشرق الساطع العالمية بنات,عالمي وأجنبي,المرحلة المتوسطة,بنات
2025,1446,الشرقية,متوسطة الصافي العالمية,عالمي وأجنبي,المرحلة المتوسطة,بنات
2025,1446,الشرقية,متوسطة العالم الجديد العالمية للبنات,عالمي وأجنبي,المرحلة المتوسطة,بنات
2025,1446,الشرقية,متوسطة العلوم والفنون السعودية العالمية,عالمي وأجنبي,المرحلة المتوسطة,بنين
2025,1446,الشرقية,متوسطة العلوم والفنون السعودية العالمية,عالمي وأجنبي,المرحلة المتوسطة,بنات
2025,1446,الشرقية,متوسطة الفرسان العالمية الثانية بنات,عالمي وأجنبي,المرحلة المتوسطة,بنات
2025,1446,الشرقية,متوسطة الفرنسية العالمية - بنين,عالمي وأجنبي,المرحلة المتوسطة,بنين
2025,1446,الشرقية,متوسطة الفلبين العالمية,عالمي وأجنبي,المرحلة المتوسطة,بنين
2025,1446,الشرقية,متوسطة الكثبان العالمية بالجبيل,عالمي وأجنبي,المرحلة المتوسطة,بنين
2025,1446,الشرقية,متوسطة الكثبان العالمية بالجبيل بنات,عالمي وأجنبي,المرحلة المتوسطة,بنات
2025,1446,الشرقية,متوسطة الكثبان العالمية بالظهران,عالمي وأجنبي,المرحلة المتوسطة,بنين
2025,1446,الشرقية,متوسطة الكثبان العالمية بالظهران,عالمي وأجنبي,المرحلة المتوسطة,بنات
2025,1446,الشرقية,متوسطة الكثبان العالمية بنات- منهج بريطاني,عالمي وأجنبي,المرحلة المتوسطة,بنات
2025,1446,الشرقية,متوسطة المجد العالمية,عالمي وأجنبي,المرحلة المتوسطة,بنين
2025,1446,الشرقية,متوسطة المجد العالمية,عالمي وأجنبي,المرحلة المتوسطة,بنات
2025,1446,الشرقية,متوسطة المجد العالمية - المنهج الفلبيني,عالمي وأجنبي,المرحلة المتوسطة,بنات
2025,1446,الشرقية,متوسطة المجد العالمية (الفلبيني),عالمي وأجنبي,المرحلة المتوسطة,بنين
2025,1446,الشرقية,متوسطة المجموعة  العالمية (الجبيل),عالمي وأجنبي,المرحلة المتوسطة,بنين
2025,1446,الشرقية,متوسطة المجموعة العالمية بالدمام,عالمي وأجنبي,المرحلة المتوسطة,بنين
2025,1446,الشرقية,متوسطة المجموعة العالمية بالظهران - امريكي,عالمي وأجنبي,المرحلة المتوسطة,بنين
2025,1446,الشرقية,متوسطة المجموعة العالمية بالظهران - بريطاني,عالمي وأجنبي,المرحلة المتوسطة,بنين
2025,1446,الشرقية,متوسطـة المدار العالمية (امريكي),عالمي وأجنبي,المرحلة المتوسطة,بنات
2025,1446,الشرقية,متوسطـة المدار العالمية (بريطاني),عالمي وأجنبي,المرحلة المتوسطة,بنات
2025,1446,الشرقية,متوسطة المستقبل العالمية,عالمي وأجنبي,المرحلة المتوسطة,بنات
2025,1446,الشرقية,متوسطة المستقلة العالمية بنات بالدمام-ملحق,عالمي وأجنبي,المرحلة المتوسطة,بنات
2025,1446,الشرقية,متوسطة المستقلة العالمية بنين بالدمام-ملحق,عالمي وأجنبي,المرحلة المتوسطة,بنين
2025,1446,الشرقية,متوسطة المعتصم العالمية للبنات,عالمي وأجنبي,المرحلة المتوسطة,بنات
2025,1446,الشرقية,متوسطة المنى العالمية,عالمي وأجنبي,المرحلة المتوسطة,بنات
2025,1446,الشرقية,متوسطة النصر العالمية,عالمي وأجنبي,المرحلة المتوسطة,بنات
2025,1446,الشرقية,متوسطة تربية الأجيال العالمية,عالمي وأجنبي,المرحلة المتوسطة,بنين
2025,1446,الشرقية,متوسطة تربية الأجيال العالمية بنات,عالمي وأجنبي,المرحلة المتوسطة,بنات
2025,1446,الشرقية,متوسطة رواد الخليج العالمية,عالمي وأجنبي,المرحلة المتوسطة,بنات
2025,1446,الشرقية,متوسطة رواد الخليج العالمية بنين - الخبر,عالمي وأجنبي,المرحلة المتوسطة,بنين
2025,1446,الشرقية,متوسطة رواد المدارات العالمية بالخبر,عالمي وأجنبي,المرحلة المتوسطة,بنات
2025,1446,الشرقية,متوسطة عالم التقدم - فصول ملحقة,عالمي وأجنبي,المرحلة المتوسطة,بنات
2025,1446,الشرقية,متوسطة عالم التقدم الحمرا بنات,عالمي وأجنبي,المرحلة المتوسطة,بنات
2025,1446,الشرقية,متوسطة عالم التقدم الحمرا بنين,عالمي وأجنبي,المرحلة المتوسطة,بنين
2025,1446,الشرقية,متوسطة ماريا العالمية,عالمي وأجنبي,المرحلة المتوسطة,بنات
2025,1446,الشرقية,متوسطة مدارس  التربية العالمية,عالمي وأجنبي,المرحلة المتوسطة,بنات
2025,1446,الشرقية,متوسطة مدارس آسيا العالمية بنات,عالمي وأجنبي,المرحلة المتوسطة,بنات
2025,1446,الشرقية,متوسطة مدارس آسيا العالمية بنين,عالمي وأجنبي,المرحلة المتوسطة,بنين
2025,1446,الشرقية,متوسطة مدارس الإبتكار العالمية,عالمي وأجنبي,المرحلة المتوسطة,بنات
2025,1446,الشرقية,متوسطة مدارس الإلهام العالمية,عالمي وأجنبي,المرحلة المتوسطة,بنات
2025,1446,الشرقية,متوسطة مدارس الأنجال دولي,عالمي وأجنبي,المرحلة المتوسطة,بنات
2025,1446,الشرقية,متوسطة مدارس التربية  العالمية,عالمي وأجنبي,المرحلة المتوسطة,بنين
2025,1446,الشرقية,متوسطة مدارس التطوير الأهلية - المسار المصري,عالمي وأجنبي,المرحلة المتوسطة,بنين
2025,1446,الشرقية,متوسطة مدارس الحصان بالدمام –البرنامج الدولي ( أمريكي ),عالمي وأجنبي,المرحلة المتوسطة,بنين
2025,1446,الشرقية,متوسطة مدارس الخزامى العالمية المتوسطة بالخبر,عالمي وأجنبي,المرحلة المتوسطة,بنات
2025,1446,الشرقية,متوسطة مدارس السعد الأهلية للبنين - البرنامج الدولي,عالمي وأجنبي,المرحلة المتوسطة,بنين
2025,1446,الشرقية,متوسطة مدارس الطموح الأول العالمية,عالمي وأجنبي,المرحلة المتوسطة,بنين
2025,1446,الشرقية,متوسطة مدارس الطموح الأول العالمية,عالمي وأجنبي,المرحلة المتوسطة,بنات
2025,1446,الشرقية,متوسطة مدارس الفيصلية الاسلامية للبنات,عالمي وأجنبي,المرحلة المتوسطة,بنات
2025,1446,الشرقية,متوسـطة مدارس المدار العالمية (امريكي),عالمي وأجنبي,المرحلة المتوسطة,بنين
2025,1446,الشرقية,متوسطـة مدارس المـدار العالمية (بريطاني),عالمي وأجنبي,المرحلة المتوسطة,بنين
2025,1446,الشرقية,متوسطة مدارس النصر العالمية بنين,عالمي وأجنبي,المرحلة المتوسطة,بنين
2025,1446,الشرقية,متوسطة مدارس حديقة البيان العالمية,عالمي وأجنبي,المرحلة المتوسطة,بنات
2025,1446,الشرقية,متوسطة مدارس ذوي الأوطان المتعددة العالمية,عالمي وأجنبي,المرحلة المتوسطة,بنات
2025,1446,الشرقية,متوسطة مدارس سمها العالمية بنات-فصول ملحقة,عالمي وأجنبي,المرحلة المتوسطة,بنات
2025,1446,الشرقية,متوسطة مدرسة الجبيل العالمية (أمريكي),عالمي وأجنبي,المرحلة المتوسطة,بنين
2025,1446,الشرقية,متوسطة مدرسة الجبيل العالمية (بريطاني),عالمي وأجنبي,المرحلة المتوسطة,بنين
2025,1446,الشرقية,متوسطة مدرسة رند العالمية,عالمي وأجنبي,المرحلة المتوسطة,بنات
2025,1446,الشرقية,متوسطة منار الباطن العالمية,عالمي وأجنبي,المرحلة المتوسطة,بنات
2025,1446,الشرقية,متوسطة منارات الخبر (امريكي),عالمي وأجنبي,المرحلة المتوسطة,بنين
2025,1446,الشرقية,متوسطة هالي العالمية,عالمي وأجنبي,المرحلة المتوسطة,بنات
2025,1446,الشرقية,متوسطة هالي العالمية (المسار المصري),عالمي وأجنبي,المرحلة المتوسطة,بنات
2025,1446,الشرقية,متوسطة هالي العالمية (مصري),عالمي وأجنبي,المرحلة المتوسطة,بنين
2025,1446,الشرقية,متوسطه رواد الخليج العالمية بنات - الخبر,عالمي وأجنبي,المرحلة المتوسطة,بنات
2025,1446,الشرقية,مدارس أجيال الظهران العالمية الابتدائية,عالمي وأجنبي,المرحلة الإبتدائية,بنين
2025,1446,الشرقية,مدارس أجيال الظهران العالمية المتوسطة,عالمي وأجنبي,المرحلة المتوسطة,بنين
2025,1446,الشرقية,مدارس أطلس العالمية الابتدائية للبنين,عالمي وأجنبي,المرحلة الإبتدائية,بنين
2025,1446,الشرقية,مدارس أطلس العالمية المتوسطة للبنين,عالمي وأجنبي,المرحلة المتوسطة,بنين
2025,1446,الشرقية,مدارس البريطانية العالمية الابتدائية بالخبر,عالمي وأجنبي,المرحلة الإبتدائية,بنين
2025,1446,الشرقية,مدارس البريطانية العالمية المتوسطة بالخبر,عالمي وأجنبي,المرحلة المتوسطة,بنين
2025,1446,الشرقية,مدارس البسام العالمية ( المرحلة الثانوية),عالمي وأجنبي,المرحلة الثانوية,بنات
2025,1446,الشرقية,مدارس البنجلادشية العالمية الابتدائية بالدمام,عالمي وأجنبي,المرحلة الإبتدائية,بنين
2025,1446,الشرقية,مدارس البنجلادشية العالمية الثانوية بالدمام,عالمي وأجنبي,المرحلة الثانوية,بنين
2025,1446,الشرقية,مدارس البنجلادشية العالمية المتوسطة بالدمام,عالمي وأجنبي,المرحلة المتوسطة,بنين
2025,1446,الشرقية,مدارس التركية العالمية المتوسطة بالدمام,عالمي وأجنبي,المرحلة المتوسطة,بنين
2025,1446,الشرقية,مدارس التركية العالمية ثانوية بالدمام,عالمي وأجنبي,المرحلة الثانوية,بنين
2025,1446,الشرقية,مدارس التركيه العالمية الابتدائية بالدمام,عالمي وأجنبي,المرحلة الإبتدائية,بنين
2025,1446,الشرقية,مدارس التهذيب لتعليم البنات -  متوسطة التهذيب الاهلية بغرب الدمام,عالمي وأجنبي,المرحلة المتوسطة,بنات
2025,1446,الشرقية,مدارس الخبر العالمية,عالمي وأجنبي,المرحلة المتوسطة,بنات
2025,1446,الشرقية,مدارس الخبر العالمية الإبتدائية,عالمي وأجنبي,المرحلة الإبتدائية,بنين
2025,1446,الشرقية,مدارس الخبر العالمية المتوسطة,عالمي وأجنبي,المرحلة المتوسطة,بنين
2025,1446,الشرقية,مدارس الخليج العالمية الابتدائية,عالمي وأجنبي,المرحلة الإبتدائية,بنين
2025,1446,الشرقية,مدارس الخليج العالمية الثانوية,عالمي وأجنبي,المرحلة الثانوية,بنين
2025,1446,الشرقية,مدارس الخليج العالمية المتوسطة,عالمي وأجنبي,المرحلة المتوسطة,بنين
2025,1446,الشرقية,مدارس الصافي العالمية الابتدائية,عالمي وأجنبي,المرحلة الإبتدائية,بنين
2025,1446,الشرقية,مدارس الصافي العالمية المتوسطة بغرب الدمام,عالمي وأجنبي,المرحلة المتوسطة,بنين
2025,1446,الشرقية,مدارس الظهران الأهلية الابتدائية بنين – البرنامج الدولي,عالمي وأجنبي,المرحلة الإبتدائية,بنين
2025,1446,الشرقية,مدارس الظهران الأهلية الثانوية بنين – البرنامج الدولي,عالمي وأجنبي,المرحلة الثانوية,بنين
2025,1446,الشرقية,مدارس الظهران الأهلية المتوسطة بنين – البرنامج الدولي,عالمي وأجنبي,المرحلة المتوسطة,بنين
2025,1446,الشرقية,مدارس الفرسان العالمية الابتدائية للبنين,عالمي وأجنبي,المرحلة الإبتدائية,بنين
2025,1446,الشرقية,مدارس الفرسان العالمية المتوسطة للبنين,عالمي وأجنبي,المرحلة المتوسطة,بنين
2025,1446,الشرقية,مدارس الفيصلية الاسلامية للبنات -القسم العالمي,عالمي وأجنبي,المرحلة الثانوية,بنات
2025,1446,الشرقية,مدارس المجموعة العالمية - قسم الروضة - الدمام,عالمي وأجنبي,رياض الأطفال,بنات
2025,1446,الشرقية,مدارس المعتصم العالمية الابتدائية,عالمي وأجنبي,المرحلة الإبتدائية,بنين
2025,1446,الشرقية,مدارس المعتصم العالمية المتوسطة,عالمي وأجنبي,المرحلة المتوسطة,بنين
2025,1446,الشرقية,مدارس براعم التهذيب الابتدايية العالمية,عالمي وأجنبي,المرحلة الإبتدائية,بنات
2025,1446,الشرقية,مدارس براعم التهذيب العالمية - رياض أطفال,عالمي وأجنبي,رياض الأطفال,بنات
2025,1446,الشرقية,مدارس رواد الخليج العالمية الابتدائية,عالمي وأجنبي,المرحلة الإبتدائية,بنين
2025,1446,الشرقية,مدارس رواد الخليج العالمية الثانوية,عالمي وأجنبي,المرحلة الثانوية,بنين
2025,1446,الشرقية,مدارس رواد الخليج العالمية المتوسطة بالدمام,عالمي وأجنبي,المرحلة المتوسطة,بنين
2025,1446,الشرقية,مدارس رواد الخليج العالمية بالخبر -رياض أطفال,عالمي وأجنبي,رياض الأطفال,بنات
2025,1446,الشرقية,مدارس رواد المدارات العالمية الابتدائية,عالمي وأجنبي,المرحلة الإبتدائية,بنين
2025,1446,الشرقية,مدارس رواد المدارات العالمية المتوسطة,عالمي وأجنبي,المرحلة المتوسطة,بنين
2025,1446,الشرقية,مدارس رؤية-رياض أطفال,عالمي وأجنبي,رياض الأطفال,بنات
2025,1446,الشرقية,مدارس رياض الإسلام ملحق ابتدائي دولي,عالمي وأجنبي,المرحلة الإبتدائية,بنات
2025,1446,الشرقية,مدارس رياض الاندلس,عالمي وأجنبي,المرحلة الإبتدائية,بنات
2025,1446,الشرقية,مدارس سمها العالمية الابتدائية- بنين,عالمي وأجنبي,المرحلة الإبتدائية,بنين
2025,1446,الشرقية,مدارس سمها العالمية المتوسطة- بنين,عالمي وأجنبي,المرحلة المتوسطة,بنين
2025,1446,الشرقية,مدارس محمد براهيم حمد المنصور للتعليم-إبتدائي بنات,عالمي وأجنبي,المرحلة الإبتدائية,بنات
2025,1446,الشرقية,مدارس هالي العالمية الابتدائية بالخبر,عالمي وأجنبي,المرحلة الإبتدائية,بنين
2025,1446,الشرقية,مدارس هالي العالمية المتوسطة بالخبر,عالمي وأجنبي,المرحلة المتوسطة,بنين
2025,1446,الشرقية,مدراس الفرسان العالمية ثانوي,عالمي وأجنبي,المرحلة الثانوية,بنين
2025,1446,الشرقية,مدرسة ابتدائية مفهوم العلم العالمية,عالمي وأجنبي,المرحلة الإبتدائية,بنات
2025,1446,الشرقية,مدرسة البرامج العالمية الابتدائية,عالمي وأجنبي,المرحلة الإبتدائية,بنين
2025,1446,الشرقية,مدرسة البرامج العالمية الثانوية,عالمي وأجنبي,المرحلة الثانوية,بنين
2025,1446,الشرقية,مدرسة البرامج العالمية المتوسطة,عالمي وأجنبي,المرحلة المتوسطة,بنين
2025,1446,الشرقية,مدرسة التهذيب الابتدائية العالمية - المسار المصري,عالمي وأجنبي,المرحلة الإبتدائية,بنات
2025,1446,الشرقية,مدرسة العالم الجديد الثانوية العالمية,عالمي وأجنبي,المرحلة الثانوية,بنين
2025,1446,الشرقية,مدرسة العالم الجديد المتوسطة العالمية,عالمي وأجنبي,المرحلة المتوسطة,بنين
2025,1446,الشرقية,مدرسة المعتصم العالمية-الدمام,عالمي وأجنبي,رياض الأطفال,بنات
2025,1446,الشرقية,مدرسة المعتصم العالمية الدمام,عالمي وأجنبي,المرحلة الإبتدائية,بنات
2025,1446,الشرقية,مدرسة رواد الاصالة العالمية,عالمي وأجنبي,رياض الأطفال,بنات
2025,1446,الشرقية,مدرسة رواد المدارات العالمية الثانوية للبنين,عالمي وأجنبي,المرحلة الثانوية,بنين
2025,1446,الشرقية,مدرسة رياض اطفال مفهوم العلم العالمية,عالمي وأجنبي,رياض الأطفال,بنات
2025,1446,الشرقية,مدرسة عالم الموهبة الابتدائية للبنين,عالمي وأجنبي,المرحلة الإبتدائية,بنين
2025,1446,الشرقية,مدرسة عالم الموهبة المتوسطة للبنين,عالمي وأجنبي,المرحلة المتوسطة,بنين
2025,1446,الشرقية,مدرسة عالم صدارة للتعليم الابتدائية العالمية,عالمي وأجنبي,المرحلة الإبتدائية,بنات
2025,1446,الشرقية,مدرسة ماريا العالمية المتوسطة,عالمي وأجنبي,المرحلة المتوسطة,بنين
2025,1446,الشرقية,مدرسةأجاد العالمية للبنات,عالمي وأجنبي,المرحلة المتوسطة,بنات
2025,1446,الشرقية,منار الباطن العالمية الإبتدائية,عالمي وأجنبي,المرحلة الإبتدائية,بنين
2025,1446,الشرقية,منار الباطن العالمية المتوسطة,عالمي وأجنبي,المرحلة المتوسطة,بنين
2025,1446,الاحساء,ابتدائية أكاديمية الكفاح - دولي,عالمي وأجنبي,المرحلة الإبتدائية,بنين
2025,1446,الاحساء,ابتدائية الاحساء النموذجية الأهلية / دولي,عالمي وأجنبي,المرحلة الإبتدائية,بنين
2025,1446,الاحساء,ابتدائية الأحساء النموذجية الأهلية دولي بنات,عالمي وأجنبي,المرحلة الإبتدائية,بنات
2025,1446,الاحساء,ابتدائية الأنجال الأهلية-فصول دولية,عالمي وأجنبي,المرحلة الإبتدائية,بنين
2025,1446,الاحساء,ابتدائية الانجال الدولية,عالمي وأجنبي,المرحلة الإبتدائية,بنات
2025,1446,الاحساء,ابتدائية الباكستانية العالمية,عالمي وأجنبي,المرحلة الإبتدائية,بنين
2025,1446,الاحساء,ابتدائية الريادة العالمية,عالمي وأجنبي,المرحلة الإبتدائية,بنين
2025,1446,الاحساء,إبتدائية الريادة العالمية,عالمي وأجنبي,المرحلة الإبتدائية,بنات
2025,1446,الاحساء,ابتدائية النخبة النموذجية الاهلية الدولية,عالمي وأجنبي,المرحلة الإبتدائية,بنين
2025,1446,الاحساء,ابتدائية النخبة النموذجية الدولية,عالمي وأجنبي,المرحلة الإبتدائية,بنات
2025,1446,الاحساء,ابتدائية النموذجية العالمية,عالمي وأجنبي,المرحلة الإبتدائية,بنين
2025,1446,الاحساء,ابتدائية النموذجية العالمية ( مسار مصري ),عالمي وأجنبي,المرحلة الإبتدائية,بنات
2025,1446,الاحساء,ابتدائية النموذجية العالمية.,عالمي وأجنبي,المرحلة الإبتدائية,بنات
2025,1446,الاحساء,ابتدائية جواثا الأهلية (المسار المصري),عالمي وأجنبي,المرحلة الإبتدائية,بنات
2025,1446,الاحساء,ابتدائية جواثا الاهلية الدولية,عالمي وأجنبي,المرحلة الإبتدائية,بنين
2025,1446,الاحساء,ابتدائية جواثا الأهلية المسار المصري  بنين,عالمي وأجنبي,المرحلة الإبتدائية,بنين
2025,1446,الاحساء,ابتدائية جواثا الدولية,عالمي وأجنبي,المرحلة الإبتدائية,بنات
2025,1446,الاحساء,ابتدائية دوحة الابداع العالمية,عالمي وأجنبي,المرحلة الإبتدائية,بنات
2025,1446,الاحساء,ابتدائية رواد الخليج العالمية بنات -الأحساء,عالمي وأجنبي,المرحلة الإبتدائية,بنات
2025,1446,الاحساء,ابتدائية رواد الخليج العالمية بنين - الأحساء,عالمي وأجنبي,المرحلة الإبتدائية,بنين
2025,1446,الاحساء,ابتدائية رؤية المستقبل الأهلية الدولية,عالمي وأجنبي,المرحلة الإبتدائية,بنين
2025,1446,الاحساء,ابتدائية رؤية المستقبل الدولية,عالمي وأجنبي,المرحلة الإبتدائية,بنات
2025,1446,الاحساء,ابتدائية شعاع الخليج العالمية,عالمي وأجنبي,المرحلة الإبتدائية,بنين
2025,1446,الاحساء,ابتدائية شعاع الخليج العالمية.,عالمي وأجنبي,المرحلة الإبتدائية,بنات
2025,1446,الاحساء,ابتدائية مدارس  المتقدمة العالمية فرع جامعة الملك فيصل,عالمي وأجنبي,المرحلة الإبتدائية,بنات
2025,1446,الاحساء,ابتدائية ندى العالمية للبنات,عالمي وأجنبي,المرحلة الإبتدائية,بنات
2025,1446,الاحساء,ابتدائيــــة ندى العالمية للبنين,عالمي وأجنبي,المرحلة الإبتدائية,بنين
2025,1446,الاحساء,ابتدائيةالنموذجية العالمية ( مسار مصري ),عالمي وأجنبي,المرحلة الإبتدائية,بنين
2025,1446,الاحساء,الإبتدائية النموذجية المطورة الأهلية الدولية,عالمي وأجنبي,المرحلة الإبتدائية,بنات
2025,1446,الاحساء,الروضة النموذجية المطورة للأطفال البرنامج الدولي,عالمي وأجنبي,رياض الأطفال,بنات
2025,1446,الاحساء,المسار المصري جواثا الاهلية متوسط بنات,عالمي وأجنبي,المرحلة المتوسطة,بنات
2025,1446,الاحساء,النخبة النموذجية المتوسطة الدولية,عالمي وأجنبي,المرحلة المتوسطة,بنين
2025,1446,الاحساء,ثانوية  مدارس الريادة العالمية.,عالمي وأجنبي,المرحلة الثانوية,بنات
2025,1446,الاحساء,ثانوية أكاديمية الكفاح - دولي,عالمي وأجنبي,المرحلة الثانوية,بنين
2025,1446,الاحساء,ثانوية الأنجال الأهلية-فصول دولية,عالمي وأجنبي,المرحلة الثانوية,بنين
2025,1446,الاحساء,ثانوية الانجال الدولية,عالمي وأجنبي,المرحلة الثانوية,بنات
2025,1446,الاحساء,ثانوية الباكستانية العالمية,عالمي وأجنبي,المرحلة الثانوية,بنين
2025,1446,الاحساء,ثانوية الريادة العالمية,عالمي وأجنبي,المرحلة الثانوية,بنين
2025,1446,الاحساء,ثانوية النموذجية العالمية,عالمي وأجنبي,المرحلة الثانوية,بنين
2025,1446,الاحساء,ثانوية النموذجية العالمية  ( مسار مصري ),عالمي وأجنبي,المرحلة الثانوية,بنين
2025,1446,الاحساء,ثانوية النموذجية العالمية ( مسار مصري ),عالمي وأجنبي,المرحلة الثانوية,بنات
2025,1446,الاحساء,ثانوية النموذجية العالمية.,عالمي وأجنبي,المرحلة الثانوية,بنات
2025,1446,الاحساء,ثانوية جواثا الدولية بنين,عالمي وأجنبي,المرحلة الثانوية,بنين
2025,1446,الاحساء,ثانوية رواد الخليج العالمية بنات - الأحساء,عالمي وأجنبي,المرحلة الثانوية,بنات
2025,1446,الاحساء,ثانوية ندى العالمية للبنات,عالمي وأجنبي,المرحلة الثانوية,بنات
2025,1446,الاحساء,ثانوية ندى العالمية للبنين,عالمي وأجنبي,المرحلة الثانوية,بنين
2025,1446,الاحساء,جواثا الاهلية (الصفوف الاولية دولي بنين ),عالمي وأجنبي,المرحلة الإبتدائية,بنات
2025,1446,الاحساء,جواثا الثانوية الدولية بنات,عالمي وأجنبي,المرحلة الثانوية,بنات
2025,1446,الاحساء,جواثا الصفوف الاولية بنين (مسار مصري),عالمي وأجنبي,المرحلة الإبتدائية,بنات
2025,1446,الاحساء,دوحة الابداع العالمية الثانوية,عالمي وأجنبي,المرحلة الثانوية,بنات
2025,1446,الاحساء,روضة اطياف المعرفة العالمية,عالمي وأجنبي,رياض الأطفال,بنات
2025,1446,الاحساء,روضة الانجال الدولية,عالمي وأجنبي,رياض الأطفال,بنات
2025,1446,الاحساء,روضة الجذور العالمية,عالمي وأجنبي,رياض الأطفال,بنات
2025,1446,الاحساء,روضة الريادة العالمية,عالمي وأجنبي,رياض الأطفال,بنات
2025,1446,الاحساء,روضة النخبة النموذجية الدولية,عالمي وأجنبي,رياض الأطفال,بنات
2025,1446,الاحساء,روضة النموذجية العالمية,عالمي وأجنبي,رياض الأطفال,بنات
2025,1446,الاحساء,روضة النموذجية العالمية (مسار مصري),عالمي وأجنبي,رياض الأطفال,بنات
2025,1446,الاحساء,روضة جمعية المواساة بالقارة القسم الدولي,عالمي وأجنبي,رياض الأطفال,بنات
2025,1446,الاحساء,روضة جواثا (البرنامج الدولي),عالمي وأجنبي,رياض الأطفال,بنات
2025,1446,الاحساء,روضة دوحة الابداع العالمية,عالمي وأجنبي,رياض الأطفال,بنات
2025,1446,الاحساء,روضة رواد الخليج العالمية -الأحساء,عالمي وأجنبي,رياض الأطفال,بنات
2025,1446,الاحساء,روضة رؤية المستقبل الدولية,عالمي وأجنبي,رياض الأطفال,بنات
2025,1446,الاحساء,روضة شعاع الخليج العالمية,عالمي وأجنبي,رياض الأطفال,بنات
2025,1446,الاحساء,روضة مدارس المتقدمة العالمية فرع جامعة الملك فيصل,عالمي وأجنبي,رياض الأطفال,بنات
2025,1446,الاحساء,روضة ندى العالمية,عالمي وأجنبي,رياض الأطفال,بنات
2025,1446,الاحساء,رؤية المستقبل الدولية بنين,عالمي وأجنبي,المرحلة الثانوية,بنين
2025,1446,الاحساء,رؤيةالمستقبل للمرحلة الثانوية دولي,عالمي وأجنبي,المرحلة الثانوية,بنات
2025,1446,الاحساء,متوسطة  الأحساء النموذجية دولي بنات,عالمي وأجنبي,المرحلة المتوسطة,بنات
2025,1446,الاحساء,متوسطة أكاديمية الكفاح  - دولي,عالمي وأجنبي,المرحلة المتوسطة,بنين
2025,1446,الاحساء,متوسطة الاحساء النموذجية الاهلية  دولي,عالمي وأجنبي,المرحلة المتوسطة,بنين
2025,1446,الاحساء,متوسطة الأنجال  الأهلية - فصول دولية,عالمي وأجنبي,المرحلة المتوسطة,بنين
2025,1446,الاحساء,متوسطة الانجال الدولية,عالمي وأجنبي,المرحلة المتوسطة,بنات
2025,1446,الاحساء,متوسطة الباكستانية العالمية,عالمي وأجنبي,المرحلة المتوسطة,بنين
2025,1446,الاحساء,متوسطة الريادة العالمية,عالمي وأجنبي,المرحلة المتوسطة,بنين
2025,1446,الاحساء,متوسطة الريـادة العالمية,عالمي وأجنبي,المرحلة المتوسطة,بنات
2025,1446,الاحساء,متوسطة النخبة النموذجية الدولية للبنات,عالمي وأجنبي,المرحلة المتوسطة,بنات
2025,1446,الاحساء,متوسطة النموذجية العالمية,عالمي وأجنبي,المرحلة المتوسطة,بنين
2025,1446,الاحساء,متوسطة النموذجية العالمية  ( مسار مصري ),عالمي وأجنبي,المرحلة المتوسطة,بنين
2025,1446,الاحساء,متوسطة النموذجية العالمية ( مسار مصري ),عالمي وأجنبي,المرحلة المتوسطة,بنات
2025,1446,الاحساء,متوسطة النموذجية العالمية.,عالمي وأجنبي,المرحلة المتوسطة,بنات
2025,1446,الاحساء,متوسطة جواثا الاهلية ( مسار مصري بنين ),عالمي وأجنبي,المرحلة المتوسطة,بنين
2025,1446,الاحساء,متوسطة جواثا الدولية,عالمي وأجنبي,المرحلة المتوسطة,بنات
2025,1446,الاحساء,متوسطة جواثا الدولية بنين,عالمي وأجنبي,المرحلة المتوسطة,بنين
2025,1446,الاحساء,متوسطة دوحة الابداع العالمية,عالمي وأجنبي,المرحلة المتوسطة,بنات
2025,1446,الاحساء,متوسطة رواد الخليج العالمية بنات - الأحساء,عالمي وأجنبي,المرحلة المتوسطة,بنات
2025,1446,الاحساء,متوسطة رواد الخليج العالمية بنين-الأحساء,عالمي وأجنبي,المرحلة المتوسطة,بنين
2025,1446,الاحساء,متوسطة رؤية المستقبل الأهلية الدولية,عالمي وأجنبي,المرحلة المتوسطة,بنين
2025,1446,الاحساء,متوسطة شعاع الخليج العالمية,عالمي وأجنبي,المرحلة المتوسطة,بنين
2025,1446,الاحساء,متوسطة شعاع الخليج العالمية.,عالمي وأجنبي,المرحلة المتوسطة,بنات
2025,1446,الاحساء,متوسطة ندى العالمية للبنات,عالمي وأجنبي,المرحلة المتوسطة,بنات
2025,1446,الاحساء,متـــوسطة ندى العالمية للبنين,عالمي وأجنبي,المرحلة المتوسطة,بنين
2025,1446,الاحساء,متوسطة هدى النور العالمية,عالمي وأجنبي,المرحلة المتوسطة,بنات
2025,1446,الاحساء,مدارس أكاديمية الكفاح الأهلية للتعليم – الابتدائية دولي (بنات),عالمي وأجنبي,المرحلة الإبتدائية,بنات
2025,1446,الاحساء,مدارس أكاديمية الكفاح الأهلية للتعليم – الثانوية دولي (بنات),عالمي وأجنبي,المرحلة الثانوية,بنات
2025,1446,الاحساء,مدارس أكاديمية الكفاح الأهلية للتعليم – الروضة (دولي),عالمي وأجنبي,رياض الأطفال,بنات
2025,1446,الاحساء,مدارس أكاديمية الكفاح الأهلية للتعليم – المتوسطة دولي (بنات),عالمي وأجنبي,المرحلة المتوسطة,بنات
2025,1446,الاحساء,مدارس الأحساء النموذجية الدولية رياض اطفال,عالمي وأجنبي,رياض الأطفال,بنات
2025,1446,الاحساء,مدارس رؤية المستقبل المرحلة المتوسطة دولي,عالمي وأجنبي,المرحلة المتوسطة,بنات
2025,1446,الاحساء,مدرسة أطياف المعرفة العالمية المرحلة الابتدائية,عالمي وأجنبي,المرحلة الإبتدائية,بنات
2025,1446,الاحساء,مدرسة هدى النور العالمية  (روضة ),عالمي وأجنبي,رياض الأطفال,بنات
2025,1446,الاحساء,مدرسة هدى النور العالمية (بنات ) الابتدائية,عالمي وأجنبي,المرحلة الإبتدائية,بنات
2025,1446,عسير,ابتدائية ابن رشد النموذجية الاهلية - المسار العالمي,عالمي وأجنبي,المرحلة الإبتدائية,بنات
2025,1446,عسير,ابتدائية أبها العالمية,عالمي وأجنبي,المرحلة الإبتدائية,بنين
2025,1446,عسير,ابتدائية أبها العالمية- المسار المصري-,عالمي وأجنبي,المرحلة الإبتدائية,بنين
2025,1446,عسير,ابتدائية أبها العالمية بالخميس,عالمي وأجنبي,المرحلة الإبتدائية,بنات
2025,1446,عسير,إبتدائية أجيال عسير العالمية بالخميس,عالمي وأجنبي,المرحلة الإبتدائية,بنات
2025,1446,عسير,ابتدائية التألق العالمية,عالمي وأجنبي,المرحلة الإبتدائية,بنات
2025,1446,عسير,ابتدائية الجنوب العالمية بنات,عالمي وأجنبي,المرحلة الإبتدائية,بنات
2025,1446,عسير,ابتدائية الذكر النموذجية العالمية - بنين,عالمي وأجنبي,المرحلة الإبتدائية,بنين
2025,1446,عسير,ابتدائية الذكر النموذجية العالمية بالخميس,عالمي وأجنبي,المرحلة الإبتدائية,بنات
2025,1446,عسير,ابتدائية المسار المصري بطلائع المستقبل بالخميس,عالمي وأجنبي,المرحلة الإبتدائية,بنات
2025,1446,عسير,ابتدائية الوادي المشمس العالمية-بنات بخميس مشيط,عالمي وأجنبي,المرحلة الإبتدائية,بنات
2025,1446,عسير,ابتدائية الوادي المشمس العالمية بخميس مشيط,عالمي وأجنبي,المرحلة الإبتدائية,بنين
2025,1446,عسير,ابتدائية بناء الموهبة العالمية(بريطاني),عالمي وأجنبي,المرحلة الإبتدائية,بنات
2025,1446,عسير,ابتدائية تهامة العالمية بالخميس,عالمي وأجنبي,المرحلة الإبتدائية,بنين
2025,1446,عسير,ابتدائية طلائع المستقبل العالمية المسار المصري بالخميس,عالمي وأجنبي,المرحلة الإبتدائية,بنين
2025,1446,عسير,إبتدائية طلائع المستقبل العالمية للبنات بأبها,عالمي وأجنبي,المرحلة الإبتدائية,بنات
2025,1446,عسير,ابتدائية طلائع المستقبل العالمية للبنات بخميس مشيط,عالمي وأجنبي,المرحلة الإبتدائية,بنات
2025,1446,عسير,ابتدائية طلائع المستقبل العالمية للبنين بأبها,عالمي وأجنبي,المرحلة الإبتدائية,بنين
2025,1446,عسير,ابتدائية طلائع المستقبل العالمية للبنين بخميس مشيط,عالمي وأجنبي,المرحلة الإبتدائية,بنين
2025,1446,عسير,ابتدائية عصر المواهب العالمية بخميس مشيط,عالمي وأجنبي,المرحلة الإبتدائية,بنين
2025,1446,عسير,ابتدائية عصر المواهب العالمية بخميس مشيط بنات,عالمي وأجنبي,المرحلة الإبتدائية,بنات
2025,1446,عسير,ابتدائية لانا المتقدمة العالمية بأبها,عالمي وأجنبي,المرحلة الإبتدائية,بنين
2025,1446,عسير,ابتدائية لانا المتقدمة العالمية بأبها,عالمي وأجنبي,المرحلة الإبتدائية,بنات
2025,1446,عسير,ابتدائية محايل العالمية,عالمي وأجنبي,المرحلة الإبتدائية,بنات
2025,1446,عسير,إبتدائية محايل العالمية,عالمي وأجنبي,المرحلة الإبتدائية,بنين
2025,1446,عسير,ابتدائية مدارس بناء الموهبة العالمية بأبها,عالمي وأجنبي,المرحلة الإبتدائية,بنات
2025,1446,عسير,ابتدائية مدارس نهج العالمية,عالمي وأجنبي,المرحلة الإبتدائية,بنات
2025,1446,عسير,ابتدائية مدينة المعرفة العالمية,عالمي وأجنبي,المرحلة الإبتدائية,بنات
2025,1446,عسير,ابتدئية أبها العالمية- المسار المصري,عالمي وأجنبي,المرحلة الإبتدائية,بنات
2025,1446,عسير,التألق العالمية الابتدائية ببيشة,عالمي وأجنبي,المرحلة الإبتدائية,بنين
2025,1446,عسير,الجنوب العالمية إبتدائية,عالمي وأجنبي,المرحلة الإبتدائية,بنين
2025,1446,عسير,المدرسة التركية الابتدائية,عالمي وأجنبي,المرحلة الإبتدائية,بنين
2025,1446,عسير,المدرسة التركية الثانوية,عالمي وأجنبي,المرحلة الثانوية,بنين
2025,1446,عسير,المدرسة التركية المتوسطة,عالمي وأجنبي,المرحلة المتوسطة,بنين
2025,1446,عسير,بيتي الدافئ,عالمي وأجنبي,رياض الأطفال,بنات
2025,1446,عسير,ثانوية أبها العالمية بالخميس,عالمي وأجنبي,المرحلة الثانوية,بنات
2025,1446,عسير,ثانوية أبها العالمية بالخميس بنين,عالمي وأجنبي,المرحلة الثانوية,بنين
2025,1446,عسير,ثانوية الجنوب العالمية,عالمي وأجنبي,المرحلة الثانوية,بنين
2025,1446,عسير,ثانوية الجنوب العالمية بنات,عالمي وأجنبي,المرحلة الثانوية,بنات
2025,1446,عسير,ثانوية الوادي المشمس العالمية,عالمي وأجنبي,المرحلة الثانوية,بنات
2025,1446,عسير,ثانوية بناء الموهبة العالمية,عالمي وأجنبي,المرحلة الثانوية,بنين
2025,1446,عسير,ثانوية تهامة العالمية بالخميس,عالمي وأجنبي,المرحلة الثانوية,بنين
2025,1446,عسير,ثانوية طلائع المستقبل العالمية المسار المصري بالخميس,عالمي وأجنبي,المرحلة الثانوية,بنات
2025,1446,عسير,ثانوية طلائع المستقبل العالمية خميس مشيط مسار مصري,عالمي وأجنبي,المرحلة الثانوية,بنين
2025,1446,عسير,ثانوية طلائع المستقبل العالمية للبنات بأبها,عالمي وأجنبي,المرحلة الثانوية,بنات
2025,1446,عسير,ثانوية طلائع المستقبل العالمية للبنات بخميس مشيط,عالمي وأجنبي,المرحلة الثانوية,بنات
2025,1446,عسير,ثانوية طلائع المستقبل العالمية للبنين بأبها,عالمي وأجنبي,المرحلة الثانوية,بنين
2025,1446,عسير,ثانوية طلائع المستقبل العالمية للبنين بخميس مشيط,عالمي وأجنبي,المرحلة الثانوية,بنين
2025,1446,عسير,ثانوية عصر المواهب العالمية بخميس مشيط,عالمي وأجنبي,المرحلة الثانوية,بنين
2025,1446,عسير,ثانوية عصر المواهب العالمية بخميس مشيط بنات,عالمي وأجنبي,المرحلة الثانوية,بنات
2025,1446,عسير,ثانوية مدارس بناء الموهبة العالمية,عالمي وأجنبي,المرحلة الثانوية,بنات
2025,1446,عسير,ثانوية مدارس مدينة المعرفة للتعليم,عالمي وأجنبي,المرحلة الثانوية,بنين
2025,1446,عسير,ثانوية مدينة المعرفة العالمية,عالمي وأجنبي,المرحلة الثانوية,بنات
2025,1446,عسير,روضة ابها العالمية بالخميس,عالمي وأجنبي,رياض الأطفال,بنات
2025,1446,عسير,روضة أجيال عسير العالمية بالخميس,عالمي وأجنبي,رياض الأطفال,بنات
2025,1446,عسير,روضة التألق العالمية,عالمي وأجنبي,رياض الأطفال,بنات
2025,1446,عسير,روضة الجنوب العالمية,عالمي وأجنبي,رياض الأطفال,بنات
2025,1446,عسير,روضة الذكر النموذجية العالمية  بالخميس,عالمي وأجنبي,رياض الأطفال,بنات
2025,1446,عسير,روضة الوادى المشمس العالمية بخميس مشيط,عالمي وأجنبي,رياض الأطفال,بنات
2025,1446,عسير,روضة بناء الموهبة (بريطاني),عالمي وأجنبي,رياض الأطفال,بنات
2025,1446,عسير,روضة طلائع المستقبل العالمية بأبها,عالمي وأجنبي,رياض الأطفال,بنات
2025,1446,عسير,روضة طلائع المستقبل العالمية بالخميس,عالمي وأجنبي,رياض الأطفال,بنات
2025,1446,عسير,روضة عصر المواهب العالمية بخميس مشيط,عالمي وأجنبي,رياض الأطفال,بنات
2025,1446,عسير,روضة لانا المتقدمة العالمية بأبها,عالمي وأجنبي,رياض الأطفال,بنات
2025,1446,عسير,روضة محايل العالمية,عالمي وأجنبي,رياض الأطفال,بنات
2025,1446,عسير,روضة مدارس بناء الموهبة العالمية بأبها,عالمي وأجنبي,رياض الأطفال,بنات
2025,1446,عسير,روضة مدينة المعرفة العالمية,عالمي وأجنبي,رياض الأطفال,بنات
2025,1446,عسير,روضة نهج العالمية,عالمي وأجنبي,رياض الأطفال,بنات
2025,1446,عسير,رياض أطفال ابن رشد النموذجية - المسار العالمي,عالمي وأجنبي,رياض الأطفال,بنات
2025,1446,عسير,رياض أطفال تهامة العالمية,عالمي وأجنبي,رياض الأطفال,بنات
2025,1446,عسير,رياض الأطفال المسار المصري مدارس طلائع المستقبل العالمية بنات بخميس مشيط,عالمي وأجنبي,رياض الأطفال,بنات
2025,1446,عسير,متوسطة  أجيال عسير العالمية بالخميس,عالمي وأجنبي,المرحلة المتوسطة,بنات
2025,1446,عسير,متوسطة أبها العالمية- المسار المصري,عالمي وأجنبي,المرحلة المتوسطة,بنات
2025,1446,عسير,متوسطة أبها العالمية- المسار المصري-المتوسط,عالمي وأجنبي,المرحلة المتوسطة,بنين
2025,1446,عسير,متوسطة أبها العالمية بالخميس,عالمي وأجنبي,المرحلة المتوسطة,بنين
2025,1446,عسير,متوسطة ابها العالمية بخميس مشيط,عالمي وأجنبي,المرحلة المتوسطة,بنات
2025,1446,عسير,متوسطة التالق العالمية,عالمي وأجنبي,المرحلة المتوسطة,بنات
2025,1446,عسير,متوسطة الجنوب العالمية,عالمي وأجنبي,المرحلة المتوسطة,بنات
2025,1446,عسير,متوسطة الجنوب العالمية بنين,عالمي وأجنبي,المرحلة المتوسطة,بنين
2025,1446,عسير,متوسطة الذكر النموذجية العالمية - بنين,عالمي وأجنبي,المرحلة المتوسطة,بنين
2025,1446,عسير,متوسطة الذكر النموذجية العالمية للبنات,عالمي وأجنبي,المرحلة المتوسطة,بنات
2025,1446,عسير,متوسطة الوادي المشمس العالمية بخميس مشيط,عالمي وأجنبي,المرحلة المتوسطة,بنين
2025,1446,عسير,متوسطة الوادي المشمس العالمية بخميس مشيط-بنات,عالمي وأجنبي,المرحلة المتوسطة,بنات
2025,1446,عسير,متوسطة بناء الموهبة العالمية,عالمي وأجنبي,المرحلة المتوسطة,بنين
2025,1446,عسير,متوسطة بناء الموهبة العالمية(بريطاني),عالمي وأجنبي,المرحلة المتوسطة,بنات
2025,1446,عسير,متوسطة تهامة العالمية بالخميس,عالمي وأجنبي,المرحلة المتوسطة,بنين
2025,1446,عسير,متوسطة طلائع المستقبل العالمية المسار المصري بخميس مشيط بنات,عالمي وأجنبي,المرحلة المتوسطة,بنات
2025,1446,عسير,متوسطة طلائع المستقبل العالمية المسار المصري بخميس مشيط بنين,عالمي وأجنبي,المرحلة المتوسطة,بنين
2025,1446,عسير,متوسطة طلائع المستقبل العالمية للبنات بابها,عالمي وأجنبي,المرحلة المتوسطة,بنات
2025,1446,عسير,متوسطة طلائع المستقبل العالمية للبنات بخميس مشيط,عالمي وأجنبي,المرحلة المتوسطة,بنات
2025,1446,عسير,متوسطة طلائع المستقبل العالمية للبنين بأبها,عالمي وأجنبي,المرحلة المتوسطة,بنين
2025,1446,عسير,متوسطة طلائع المستقبل العالمية للبنين بخميس مشيط,عالمي وأجنبي,المرحلة المتوسطة,بنين
2025,1446,عسير,متوسطة عصر المواهب العالمية بخميس مشيط,عالمي وأجنبي,المرحلة المتوسطة,بنين
2025,1446,عسير,متوسطة عصر المواهب العالمية بخميس مشيط بنات,عالمي وأجنبي,المرحلة المتوسطة,بنات
2025,1446,عسير,متوسطة لانا المتقدمة العالمية بأبها,عالمي وأجنبي,المرحلة المتوسطة,بنين
2025,1446,عسير,متوسطة محايل العالمية,عالمي وأجنبي,المرحلة المتوسطة,بنين
2025,1446,عسير,متوسطة محايل العالمية بنات,عالمي وأجنبي,المرحلة المتوسطة,بنات
2025,1446,عسير,متوسطة مدارس بناء الموهبة العالمية,عالمي وأجنبي,المرحلة المتوسطة,بنات
2025,1446,عسير,متوسطة مدارس مدينة المعرفة للتعليم,عالمي وأجنبي,المرحلة المتوسطة,بنين
2025,1446,عسير,متوسطة مدينة المعرفة العالمية,عالمي وأجنبي,المرحلة المتوسطة,بنات
2025,1446,عسير,مدارس الأندلس الأهلية بأبها دبلوما  متوسطة بنين,عالمي وأجنبي,المرحلة المتوسطة,بنين
2025,1446,عسير,مدارس الأندلس الأهلية بأبها دبلوما ابتدائية بنات,عالمي وأجنبي,المرحلة الإبتدائية,بنات
2025,1446,عسير,مدارس الأندلس الأهلية بأبها دبلوما ابتدائية بنين,عالمي وأجنبي,المرحلة الإبتدائية,بنين
2025,1446,عسير,مدارس الأندلس الأهلية بأبها دبلوما رياض أطفال,عالمي وأجنبي,رياض الأطفال,بنات
2025,1446,عسير,مدارس الأندلس الأهلية بأبها دبلوما متوسطة بنات,عالمي وأجنبي,المرحلة المتوسطة,بنات
2025,1446,عسير,مدارس بناء الموهبة العالمية,عالمي وأجنبي,المرحلة الإبتدائية,بنين
2025,1446,عسير,مدارس مدينة المعرفة للتعليم,عالمي وأجنبي,المرحلة الإبتدائية,بنين
2025,1446,عسير,مدارس نهج العالمية,عالمي وأجنبي,المرحلة الإبتدائية,بنين
2025,1446,عسير,مدرسة التألق العالمية المتوسطة,عالمي وأجنبي,المرحلة المتوسطة,بنين
2025,1446,حائل,ابتدائبة الفضيله / مسار مصري,عالمي وأجنبي,المرحلة الإبتدائية,بنين
2025,1446,حائل,ابتدائية الألماس العالمية,عالمي وأجنبي,المرحلة الإبتدائية,بنات
2025,1446,حائل,ابـتدائية الالماس العالمية,عالمي وأجنبي,المرحلة الإبتدائية,بنين
2025,1446,حائل,ابتدائية المجد الجديد الأهلية للبنات. المسار المصري,عالمي وأجنبي,المرحلة الإبتدائية,بنات
2025,1446,حائل,ابتدائية المسار المصري في مدارس الأجيال(برنامج دولي),عالمي وأجنبي,المرحلة الإبتدائية,بنات
2025,1446,حائل,ابتدائية المسارات العالمية,عالمي وأجنبي,المرحلة الإبتدائية,بنات
2025,1446,حائل,ابتـدائية المسارات العالميه,عالمي وأجنبي,المرحلة الإبتدائية,بنين
2025,1446,حائل,ابتدائية أوائل المملكة العالمية,عالمي وأجنبي,المرحلة الإبتدائية,بنات
2025,1446,حائل,ابتدائية أوائل المملكة العالميه,عالمي وأجنبي,المرحلة الإبتدائية,بنين
2025,1446,حائل,ابتدائية ربوع الحكمة العالمية,عالمي وأجنبي,المرحلة الإبتدائية,بنين
2025,1446,حائل,ابتدائية سهما الأهلية - الدبلومه الأمريكي,عالمي وأجنبي,المرحلة الإبتدائية,بنات
2025,1446,حائل,ابتدائية سهما الأهلية مسار الدبلوما الأمريكي,عالمي وأجنبي,المرحلة الإبتدائية,بنين
2025,1446,حائل,المجد الجديد الأهلية _ مسار تدريس المنهج المصري,عالمي وأجنبي,المرحلة الإبتدائية,بنين
2025,1446,حائل,ثانويـة الالماس العالمية,عالمي وأجنبي,المرحلة الثانوية,بنات
2025,1446,حائل,ثـانوية الالماس العالمية,عالمي وأجنبي,المرحلة الثانوية,بنين
2025,1446,حائل,ثانوية المسار المصري في مدارس أجيال حائل الأهلية(برنامج دولي),عالمي وأجنبي,المرحلة الثانوية,بنات
2025,1446,حائل,ثانوية المسارات العلمية العالمية,عالمي وأجنبي,المرحلة الثانوية,بنات
2025,1446,حائل,ثـانوية المسارات للتعليم الاجنبي,عالمي وأجنبي,المرحلة الثانوية,بنين
2025,1446,حائل,ثانوية اوائل المملكة العالمية,عالمي وأجنبي,المرحلة الثانوية,بنين
2025,1446,حائل,ثانوية أوائل المملكة العالمية بحائل,عالمي وأجنبي,المرحلة الثانوية,بنات
2025,1446,حائل,ربوع الحكمة الابتدائية,عالمي وأجنبي,المرحلة الإبتدائية,بنات
2025,1446,حائل,روضة  الألماس العالمية,عالمي وأجنبي,رياض الأطفال,بنات
2025,1446,حائل,روضة الرعيلة العالمية,عالمي وأجنبي,رياض الأطفال,بنات
2025,1446,حائل,روضة المجدالجديدالأهلية -المسار المصري,عالمي وأجنبي,رياض الأطفال,بنات
2025,1446,حائل,روضة المسارات العالمية,عالمي وأجنبي,رياض الأطفال,بنات
2025,1446,حائل,روضة أوائل المملكة العالمية - حائل,عالمي وأجنبي,رياض الأطفال,بنات
2025,1446,حائل,روضة ربوع الحكمة,عالمي وأجنبي,رياض الأطفال,بنات
2025,1446,حائل,روضة سهما الأهلية مسار الدبلومه الأمريكي,عالمي وأجنبي,رياض الأطفال,بنات
2025,1446,حائل,متوسطـة الالماس العالمية,عالمي وأجنبي,المرحلة المتوسطة,بنات
2025,1446,حائل,مـتوسطة الالماس العالمية,عالمي وأجنبي,المرحلة المتوسطة,بنين
2025,1446,حائل,متوسطة الفضيلة / مسار مصري,عالمي وأجنبي,المرحلة المتوسطة,بنين
2025,1446,حائل,متوسطة المجد الجديد الأهلية _ مسار تدريس المنهج المصري,عالمي وأجنبي,المرحلة المتوسطة,بنين
2025,1446,حائل,متوسطة المجد الجديد الأهلية للبنات - المسار المصري,عالمي وأجنبي,المرحلة المتوسطة,بنات
2025,1446,حائل,متوسطة المسار المصري في مدارس الأجيال(برنامج دولي),عالمي وأجنبي,المرحلة المتوسطة,بنات
2025,1446,حائل,متوسطة المسارات العالمية,عالمي وأجنبي,المرحلة المتوسطة,بنات
2025,1446,حائل,متـوسطة المسارات العالمية,عالمي وأجنبي,المرحلة المتوسطة,بنين
2025,1446,حائل,متوسطة أوائل المملكة العالمية,عالمي وأجنبي,المرحلة المتوسطة,بنات
2025,1446,حائل,متوسطة أوائل المملكة العالميه,عالمي وأجنبي,المرحلة المتوسطة,بنين
2025,1446,حائل,متوسطة ربوع الحكمة العالمية- فصول ملحقة,عالمي وأجنبي,المرحلة المتوسطة,بنين
2025,1446,حائل,متوسطة ربوع الحكمة العالمية-فصول ملحقة,عالمي وأجنبي,المرحلة المتوسطة,بنات
2025,1446,حائل,متوسطة سهما مسار الدبلوما الأمريكي,عالمي وأجنبي,المرحلة المتوسطة,بنين
2025,1446,حائل,مدرسة الرعيلة المطورة العالمية,عالمي وأجنبي,المرحلة الإبتدائية,بنات
2025,1446,حائل,مدرسة عالم المتميزون الصغار الاهلية,عالمي وأجنبي,رياض الأطفال,بنات
2025,1446,تبوك,ابتدائية استرا العالمية,عالمي وأجنبي,المرحلة الإبتدائية,بنات
2025,1446,تبوك,ابتدائية العصر - المسار العالمي,عالمي وأجنبي,المرحلة الإبتدائية,بنات
2025,1446,تبوك,ابتدائية القصائم العالمية,عالمي وأجنبي,المرحلة الإبتدائية,بنات
2025,1446,تبوك,ابتدائية الملك عبدالعزيز النموذجية (برنامج دولي ) بتبوك,عالمي وأجنبي,المرحلة الإبتدائية,بنات
2025,1446,تبوك,إبتدائية تبوك العالمية,عالمي وأجنبي,المرحلة الإبتدائية,بنات
2025,1446,تبوك,ابتدائية سماء تبوك العالمية,عالمي وأجنبي,المرحلة الإبتدائية,بنات
2025,1446,تبوك,ابتدائية طلائع الغد العالمية,عالمي وأجنبي,المرحلة الإبتدائية,بنات
2025,1446,تبوك,ابتدائية علماء الغد النموذجية ( مسار مصري ),عالمي وأجنبي,المرحلة الإبتدائية,بنات
2025,1446,تبوك,ابتدائية لقصائم العالمية,عالمي وأجنبي,المرحلة الإبتدائية,بنين
2025,1446,تبوك,الروضة العالمية بمستشفى الملك سلمان ش غ,عالمي وأجنبي,رياض الأطفال,بنات
2025,1446,تبوك,القصائم المتوسطة,عالمي وأجنبي,المرحلة المتوسطة,بنات
2025,1446,تبوك,المدرسة الباكستانية العالمية,عالمي وأجنبي,رياض الأطفال,بنات
2025,1446,تبوك,المدرسة الباكستانية العالمية الإبتدائية,عالمي وأجنبي,المرحلة الإبتدائية,بنين
2025,1446,تبوك,المدرسة الباكستانية العالمية المتوسطة,عالمي وأجنبي,المرحلة المتوسطة,بنين
2025,1446,تبوك,المدرسة البنجلاديش العالمية المتوسطة,عالمي وأجنبي,المرحلة المتوسطة,بنين
2025,1446,تبوك,المدرسة البنجلاديش العالمية روضة,عالمي وأجنبي,رياض الأطفال,بنات
2025,1446,تبوك,المدرسة التركية العالمية,عالمي وأجنبي,المرحلة الإبتدائية,بنين
2025,1446,تبوك,المدرسة التركية العالمية للمرحلة الثانويه بتبوك,عالمي وأجنبي,المرحلة الثانوية,بنين
2025,1446,تبوك,المدرسة التركية العالميه للمرحلة المتوسطة بتبوك,عالمي وأجنبي,المرحلة المتوسطة,بنين
2025,1446,تبوك,المدرسة العالمية الباكستانية الثانوية,عالمي وأجنبي,المرحلة الثانوية,بنين
2025,1446,تبوك,المدرسة العالمية الثانوية بمستشفى الملك سلمان,عالمي وأجنبي,المرحلة الثانوية,بنين
2025,1446,تبوك,المدرسة العالمية المتوسطة بمستشفى الملك سلمان,عالمي وأجنبي,المرحلة المتوسطة,بنين
2025,1446,تبوك,المدرسة العالمية الهندية,عالمي وأجنبي,المرحلة الإبتدائية,بنين
2025,1446,تبوك,المدرسة العالمية الهندية الثانوية,عالمي وأجنبي,المرحلة الثانوية,بنين
2025,1446,تبوك,المدرسة العالمية الهندية المتوسطة,عالمي وأجنبي,المرحلة المتوسطة,بنين
2025,1446,تبوك,المدرسة العالمية بمستشفى الملك سلمان,عالمي وأجنبي,المرحلة الإبتدائية,بنين
2025,1446,تبوك,بنجلاديش العالمية,عالمي وأجنبي,المرحلة الإبتدائية,بنين
2025,1446,تبوك,ثانوية تبوك العالمية,عالمي وأجنبي,المرحلة الثانوية,بنين
2025,1446,تبوك,ثانوية تبوك العالمية/بنات,عالمي وأجنبي,المرحلة الثانوية,بنات
2025,1446,تبوك,ثانوية نيوم للبنات,عالمي وأجنبي,المرحلة الثانوية,بنات
2025,1446,تبوك,ثانوية نيوم للبنين,عالمي وأجنبي,المرحلة الثانوية,بنين
2025,1446,تبوك,روضة استرا العالمية,عالمي وأجنبي,رياض الأطفال,بنات
2025,1446,تبوك,روضة القصائم العالمية,عالمي وأجنبي,رياض الأطفال,بنات
2025,1446,تبوك,روضة المدرسة الهندية العالمية,عالمي وأجنبي,رياض الأطفال,بنات
2025,1446,تبوك,روضة الملك عبدالعزيز النموذجية (برنامج دولي ) بتبوك,عالمي وأجنبي,رياض الأطفال,بنات
2025,1446,تبوك,روضة تبوك العالمية بتبوك,عالمي وأجنبي,رياض الأطفال,بنات
2025,1446,تبوك,روضة سماء تبوك,عالمي وأجنبي,رياض الأطفال,بنات
2025,1446,تبوك,روضة طلائع الغد العالمية,عالمي وأجنبي,رياض الأطفال,بنات
2025,1446,تبوك,روضة مدارس العصر العالمية,عالمي وأجنبي,رياض الأطفال,بنات
2025,1446,تبوك,سما تبوك العالمية,عالمي وأجنبي,رياض الأطفال,بنات
2025,1446,تبوك,سما تبوك العالمية- ابتدائي,عالمي وأجنبي,المرحلة الإبتدائية,بنات
2025,1446,تبوك,متوسطة استرا العالمية,عالمي وأجنبي,المرحلة المتوسطة,بنات
2025,1446,تبوك,متوسطة القصائم العالمية بنين,عالمي وأجنبي,المرحلة المتوسطة,بنين
2025,1446,تبوك,متوسطة تبوك العالمية,عالمي وأجنبي,المرحلة المتوسطة,بنات
2025,1446,تبوك,متوسطة سماء تبوك العالمية,عالمي وأجنبي,المرحلة المتوسطة,بنات
2025,1446,تبوك,متوسطة نيوم للبنات,عالمي وأجنبي,المرحلة المتوسطة,بنات
2025,1446,تبوك,متوسطه علماء الغد النموذجية (مسار مصري ),عالمي وأجنبي,المرحلة المتوسطة,بنات
2025,1446,تبوك,مدارس عثمان بن عفان الابتدائيه مسار مصري,عالمي وأجنبي,المرحلة الإبتدائية,بنين
2025,1446,تبوك,مدارس عثمان بن عفان الاهلية الاعدادية,عالمي وأجنبي,المرحلة المتوسطة,بنين
2025,1446,تبوك,مدارس علماء الغد-بريطاني-المرحلة الابتدائية,عالمي وأجنبي,المرحلة الإبتدائية,بنات
2025,1446,تبوك,مدارس علماء الغد - بريطاني-رياض أطفال,عالمي وأجنبي,رياض الأطفال,بنات
2025,1446,تبوك,مدارس فكر المستقبل-المسار السوداني-ثانوي,عالمي وأجنبي,المرحلة الثانوية,بنات
2025,1446,تبوك,مدارس فكر المستقبل -السوداني - الابتدائية - اسناد,عالمي وأجنبي,المرحلة الإبتدائية,بنات
2025,1446,تبوك,مدارس فكر المسقبل - المسار السوداني- متوسط,عالمي وأجنبي,المرحلة المتوسطة,بنات
2025,1446,تبوك,مدارس وسام الحوراء العالمية,عالمي وأجنبي,رياض الأطفال,بنات
2025,1446,تبوك,مدرسة تبوك العالمية,عالمي وأجنبي,المرحلة الإبتدائية,بنين
2025,1446,تبوك,مدرسة متوسطة تبوك العالمية,عالمي وأجنبي,المرحلة المتوسطة,بنين
2025,1446,تبوك,نيوم - بنين ابتدائي,عالمي وأجنبي,المرحلة الإبتدائية,بنين
2025,1446,تبوك,نيوم بنات ابتدائي,عالمي وأجنبي,المرحلة الإبتدائية,بنات
2025,1446,تبوك,نيوم بنين متوسط,عالمي وأجنبي,المرحلة المتوسطة,بنين
2025,1446,تبوك,نيوم رياض اطفال,عالمي وأجنبي,رياض الأطفال,بنات
2025,1446,تبوك,وسام الحوراء العالمية,عالمي وأجنبي,المرحلة الإبتدائية,بنين
2025,1446,تبوك,وسام الحوراء العالمية,عالمي وأجنبي,المرحلة الإبتدائية,بنات
2025,1446,تبوك,وسام الحوراء العالمية المتوسطة,عالمي وأجنبي,المرحلة المتوسطة,بنين
2025,1446,الباحة,ابتدائية دار الفيصل العالمية بنات,عالمي وأجنبي,المرحلة الإبتدائية,بنات
2025,1446,الباحة,ابتدائية دار الفيصل العالمية بنات - المسار المصري,عالمي وأجنبي,المرحلة الإبتدائية,بنات
2025,1446,الباحة,ابتدائية دار الفيصل العالمية بنين,عالمي وأجنبي,المرحلة الإبتدائية,بنين
2025,1446,الباحة,ابتدائية دار الفيصل العالمية بنين - المسار المصري,عالمي وأجنبي,المرحلة الإبتدائية,بنين
2025,1446,الباحة,ثانوية دار الفيصل العالمية بنات,عالمي وأجنبي,المرحلة الثانوية,بنات
2025,1446,الباحة,ثانوية دار الفيصل العالمية بنين,عالمي وأجنبي,المرحلة الثانوية,بنين
2025,1446,الباحة,روضة دار الفيصل  العالمية,عالمي وأجنبي,رياض الأطفال,بنات
2025,1446,الباحة,متوسطة دار الفيصل العالمية بنات,عالمي وأجنبي,المرحلة المتوسطة,بنات
2025,1446,الباحة,متوسطة دار الفيصل العالمية بنات - المسار المصري,عالمي وأجنبي,المرحلة المتوسطة,بنات
2025,1446,الباحة,متوسطة دار الفيصل العالمية بنين,عالمي وأجنبي,المرحلة المتوسطة,بنين
2025,1446,الباحة,متوسطة دار الفيصل العالمية بنين - المسار المصري,عالمي وأجنبي,المرحلة المتوسطة,بنين
2025,1446,الباحة,مدارس الريادة التعليمية الابتدائية العالمية,عالمي وأجنبي,المرحلة الإبتدائية,بنات
2025,1446,الباحة,مدارس الريادة التعليمية رياض اطفال عالمي,عالمي وأجنبي,رياض الأطفال,بنات
2025,1446,الحدود الشمالية,ابتدائية زهور واحه المعرفة العالمية,عالمي وأجنبي,المرحلة الإبتدائية,بنات
2025,1446,الحدود الشمالية,ابتدائية عفاف العالمية,عالمي وأجنبي,المرحلة الإبتدائية,بنات
2025,1446,الحدود الشمالية,ابتدائية فجر الشمال الدولية,عالمي وأجنبي,المرحلة الإبتدائية,بنين
2025,1446,الحدود الشمالية,ابتدائية منارات الفكر العالمية,عالمي وأجنبي,المرحلة الإبتدائية,بنات
2025,1446,الحدود الشمالية,ابتدائية نخبة الشمال العالمية,عالمي وأجنبي,المرحلة الإبتدائية,بنات
2025,1446,الحدود الشمالية,ابتدائية واحة المعرفة الدولية,عالمي وأجنبي,المرحلة الإبتدائية,بنين
2025,1446,الحدود الشمالية,روضة زهور واحة المعرفة,عالمي وأجنبي,رياض الأطفال,بنات
2025,1446,الحدود الشمالية,روضة منارات الفكر العالمية,عالمي وأجنبي,رياض الأطفال,بنات
2025,1446,الحدود الشمالية,روضة نخبة الشمال العالمية,عالمي وأجنبي,رياض الأطفال,بنات
2025,1446,الحدود الشمالية,روضه عفاف العالمية,عالمي وأجنبي,رياض الأطفال,بنات
2025,1446,الحدود الشمالية,متوسطة زهور واحة المعرفة العالمية بنات,عالمي وأجنبي,المرحلة المتوسطة,بنات
2025,1446,الحدود الشمالية,متوسطة عفاف العالميه للبنات,عالمي وأجنبي,المرحلة المتوسطة,بنات
2025,1446,الحدود الشمالية,متوسطة واحة المعرفة الدولية,عالمي وأجنبي,المرحلة المتوسطة,بنين
2025,1446,الجوف,ابتدائية الجوف العالمية,عالمي وأجنبي,المرحلة الإبتدائية,بنين
2025,1446,الجوف,ابتدائية المتقدمة الاهلية (برنامج دولي ),عالمي وأجنبي,المرحلة الإبتدائية,بنات
2025,1446,الجوف,ابتدائية المتقدمة الدولية,عالمي وأجنبي,المرحلة الإبتدائية,بنين
2025,1446,الجوف,ابتدائية أندلس الحضارة العالمية,عالمي وأجنبي,المرحلة الإبتدائية,بنات
2025,1446,الجوف,ابتدائية سكاكا الدولية,عالمي وأجنبي,المرحلة الإبتدائية,بنين
2025,1446,الجوف,ابتدائية سكاكا العالمية,عالمي وأجنبي,المرحلة الإبتدائية,بنات
2025,1446,الجوف,ابتدائية مدارس بيت القيم للتعليم العالمي,عالمي وأجنبي,المرحلة الإبتدائية,بنات
2025,1446,الجوف,ثانوية الجوف العالمية,عالمي وأجنبي,المرحلة الثانوية,بنين
2025,1446,الجوف,ثانوية الجوف العالميه,عالمي وأجنبي,المرحلة الثانوية,بنات
2025,1446,الجوف,ثانوية المتقدمة (البرنامج الدولي ),عالمي وأجنبي,المرحلة الثانوية,بنين
2025,1446,الجوف,ثانوية المتقدمة الاهلية (برنامج دولي ),عالمي وأجنبي,المرحلة الثانوية,بنات
2025,1446,الجوف,روضة الجوف العالميه,عالمي وأجنبي,رياض الأطفال,بنات
2025,1446,الجوف,روضة المتقدمة الاهلية (برنامج دولي ),عالمي وأجنبي,رياض الأطفال,بنات
2025,1446,الجوف,روضة أندلس الحضارة العالمية,عالمي وأجنبي,رياض الأطفال,بنات
2025,1446,الجوف,روضة بيت القيم للتعليم الدولي,عالمي وأجنبي,رياض الأطفال,بنات
2025,1446,الجوف,روضة سكاكا العالميه,عالمي وأجنبي,رياض الأطفال,بنات
2025,1446,الجوف,متوسطة  سكاكا العالمية,عالمي وأجنبي,المرحلة المتوسطة,بنات
2025,1446,الجوف,متوسطة الجوف العالمية,عالمي وأجنبي,المرحلة المتوسطة,بنين
2025,1446,الجوف,متوسطة الجوف العالميه,عالمي وأجنبي,المرحلة المتوسطة,بنات
2025,1446,الجوف,متوسطة المتقدمة االاهلية (برنامج دولي ),عالمي وأجنبي,المرحلة المتوسطة,بنات
2025,1446,الجوف,متوسطة المتقدمة الدولية,عالمي وأجنبي,المرحلة المتوسطة,بنين
2025,1446,الجوف,متوسطة سكاكا الدولية,عالمي وأجنبي,المرحلة المتوسطة,بنين
2025,1446,الجوف,مدارس الجوف العالمية,عالمي وأجنبي,المرحلة الإبتدائية,بنات
2025,1446,جازان,ابتدائية ابن رشد جازان العالمية - بنات,عالمي وأجنبي,المرحلة الإبتدائية,بنات
2025,1446,جازان,ابتدائية ابن رشد جازان العالمية - بنين,عالمي وأجنبي,المرحلة الإبتدائية,بنين
2025,1446,جازان,ابتدائية أجيال المعرفة العالمية,عالمي وأجنبي,المرحلة الإبتدائية,بنات
2025,1446,جازان,ابتدائية اجيال المعرفة العالمية بجازان,عالمي وأجنبي,المرحلة الإبتدائية,بنين
2025,1446,جازان,ابتدائية بوابة الطفل العالمية- فصول ملحقة,عالمي وأجنبي,المرحلة الإبتدائية,بنات
2025,1446,جازان,ابتدائية خطوة أولى العالمية,عالمي وأجنبي,المرحلة الإبتدائية,بنات
2025,1446,جازان,ابتدائية رياض جازان - المسار المصري,عالمي وأجنبي,المرحلة الإبتدائية,بنات
2025,1446,جازان,ابتدائية رياض جازان المسار المصري,عالمي وأجنبي,المرحلة الإبتدائية,بنين
2025,1446,جازان,ابتدائية رياض صبيا العالمية بنات,عالمي وأجنبي,المرحلة الإبتدائية,بنات
2025,1446,جازان,ابتدائية رياض صبيا العالمية بنين,عالمي وأجنبي,المرحلة الإبتدائية,بنين
2025,1446,جازان,ابتدائية سما جازان العالمية - فصول ملحقة,عالمي وأجنبي,المرحلة الإبتدائية,بنات
2025,1446,جازان,ابتدائية علوم جازان العالمية,عالمي وأجنبي,المرحلة الإبتدائية,بنين
2025,1446,جازان,ابتدائية علوم جازان العالمية بنات,عالمي وأجنبي,المرحلة الإبتدائية,بنات
2025,1446,جازان,ابتدائية غدير المعرفة العالمية,عالمي وأجنبي,المرحلة الإبتدائية,بنات
2025,1446,جازان,ابتدائية مدارس جازان الأهلية - الدوبلوما الأمريكية,عالمي وأجنبي,المرحلة الإبتدائية,بنين
2025,1446,جازان,ابتدائية مدارس جازان الأهلية (بنات) - الدوبلوما الأمريكية,عالمي وأجنبي,المرحلة الإبتدائية,بنات
2025,1446,جازان,إبتدائية مدرسة مستقبل الأمجاد العالمية,عالمي وأجنبي,المرحلة الإبتدائية,بنات
2025,1446,جازان,ثانوية ابن رشد جازان العالمية بنات,عالمي وأجنبي,المرحلة الثانوية,بنات
2025,1446,جازان,ثانوية ابن رشد جازان العالمية بنين,عالمي وأجنبي,المرحلة الثانوية,بنين
2025,1446,جازان,ثانوية اجيال المعرفة العالمية,عالمي وأجنبي,المرحلة الثانوية,بنين
2025,1446,جازان,ثانوية أجيال المعرفة العالمية,عالمي وأجنبي,المرحلة الثانوية,بنات
2025,1446,جازان,روضة أجيال المعرفة العالمية,عالمي وأجنبي,رياض الأطفال,بنات
2025,1446,جازان,روضة بوابة الطفل العالميه,عالمي وأجنبي,رياض الأطفال,بنات
2025,1446,جازان,روضة رياض صبيا العالمية,عالمي وأجنبي,رياض الأطفال,بنات
2025,1446,جازان,روضة علوم جازان العالميه,عالمي وأجنبي,رياض الأطفال,بنات
2025,1446,جازان,روضة غدير المعرفة العالمية,عالمي وأجنبي,رياض الأطفال,بنات
2025,1446,جازان,روضة قادة التغيير للدبلوما الأمريكية,عالمي وأجنبي,رياض الأطفال,بنات
2025,1446,جازان,روضة وحضانة خطوة أولى العالمية,عالمي وأجنبي,رياض الأطفال,بنات
2025,1446,جازان,روضة وحضانة سما جازان العالميه,عالمي وأجنبي,رياض الأطفال,بنات
2025,1446,جازان,رياض أطفال ابن رشد جازان العالمية,عالمي وأجنبي,رياض الأطفال,بنات
2025,1446,جازان,رياض أطفال مدرسة مستقبل الأمجاد العالمية,عالمي وأجنبي,رياض الأطفال,بنات
2025,1446,جازان,متوسطة ابن رشد جازان العالمية - بنات,عالمي وأجنبي,المرحلة المتوسطة,بنات
2025,1446,جازان,متوسطة ابن رشد جازان العالمية - بنين,عالمي وأجنبي,المرحلة المتوسطة,بنين
2025,1446,جازان,متوسطة أجيال المعرفة العالمية,عالمي وأجنبي,المرحلة المتوسطة,بنات
2025,1446,جازان,متوسطة اجيال المعرفة العالمية بجازان,عالمي وأجنبي,المرحلة المتوسطة,بنين
2025,1446,جازان,متوسطة خطوة اولى العالمية,عالمي وأجنبي,المرحلة المتوسطة,بنات
2025,1446,جازان,متوسطة رياض جازان -المسار المصري,عالمي وأجنبي,المرحلة المتوسطة,بنات
2025,1446,جازان,متوسطة رياض جازان العالمية المسار المصري,عالمي وأجنبي,المرحلة المتوسطة,بنين
2025,1446,جازان,متوسطة رياض صبيا العالمية,عالمي وأجنبي,المرحلة المتوسطة,بنين
2025,1446,جازان,متوسطة علوم جازان العالمية .,عالمي وأجنبي,المرحلة المتوسطة,بنين
2025,1446,جازان,متوسطة علوم جازان العالمية.,عالمي وأجنبي,المرحلة المتوسطة,بنات
2025,1446,جازان,متوسطة مدرسة مستقبل الأمجاد العالمية,عالمي وأجنبي,المرحلة المتوسطة,بنات
2025,1446,جازان,متوسطةرياض صبيا العالمية,عالمي وأجنبي,المرحلة المتوسطة,بنات
2025,1446,نجران,ابتدائي جيل المعارف مسار مصري بنين,عالمي وأجنبي,المرحلة الإبتدائية,بنين
2025,1446,نجران,ابتدائية الأندلس الأهلية بنجران - أمريكي,عالمي وأجنبي,المرحلة الإبتدائية,بنات
2025,1446,نجران,ابتدائية جيل المعارف العالمية,عالمي وأجنبي,المرحلة الإبتدائية,بنات
2025,1446,نجران,ابتدائية درة أجيال شرورة العالمية,عالمي وأجنبي,المرحلة الإبتدائية,بنات
2025,1446,نجران,ابتدائية سنابل النورللبنات العالميه,عالمي وأجنبي,المرحلة الإبتدائية,بنات
2025,1446,نجران,ابتدائية مواهب المستقبل العالمية,عالمي وأجنبي,المرحلة الإبتدائية,بنات
2025,1446,نجران,ابتدائية نهج الرواد الأهلية للبنات - القسم الدولي,عالمي وأجنبي,المرحلة الإبتدائية,بنات
2025,1446,نجران,ابتدائية نهج الرواد الأهية - القسم الدولي,عالمي وأجنبي,المرحلة الإبتدائية,بنين
2025,1446,نجران,إبتدائيةالابداع في التطوير العالميه والأجنبية.,عالمي وأجنبي,المرحلة الإبتدائية,بنات
2025,1446,نجران,ابتدائيه جيل المعارف مسار مصري بنات,عالمي وأجنبي,المرحلة الإبتدائية,بنات
2025,1446,نجران,دار الاحفاد للتعليم ابتدائي بنات-مصري,عالمي وأجنبي,المرحلة الإبتدائية,بنات
2025,1446,نجران,دار الاحفاد للتعليم المتوسطة بنين-مصري,عالمي وأجنبي,المرحلة المتوسطة,بنين
2025,1446,نجران,دار الاحفاد للتعليم متوسطة بنات-مصري,عالمي وأجنبي,المرحلة المتوسطة,بنات
2025,1446,نجران,روضة الأندلس الأهلية بنجران-أمريكي,عالمي وأجنبي,رياض الأطفال,بنات
2025,1446,نجران,روضة درة أجيال شرورة العالمية,عالمي وأجنبي,رياض الأطفال,بنات
2025,1446,نجران,روضة مستشفى القوات المسلحة العالمية بشرورة,عالمي وأجنبي,رياض الأطفال,بنات
2025,1446,نجران,روضة مواهب المستقبل العالمية,عالمي وأجنبي,رياض الأطفال,بنات
2025,1446,نجران,روضةالإبداع في التطوير العالمية,عالمي وأجنبي,رياض الأطفال,بنات
2025,1446,نجران,روضةجيل المعارف العالمية,عالمي وأجنبي,رياض الأطفال,بنات
2025,1446,نجران,رياض أطفال سنابل النورللبنات الاجنبية,عالمي وأجنبي,رياض الأطفال,بنات
2025,1446,نجران,سنابل النور العالمية الابتدائية,عالمي وأجنبي,المرحلة الإبتدائية,بنين
2025,1446,نجران,سنابل النور العالمية المتوسطة,عالمي وأجنبي,المرحلة المتوسطة,بنين
2025,1446,نجران,شركة دار الاحفاد للتعليم ابتدائية البنين-مصري,عالمي وأجنبي,المرحلة الإبتدائية,بنين
2025,1446,نجران,شركة دار الاحفاد للتعليم رياض الاطفال-مصري,عالمي وأجنبي,رياض الأطفال,بنات
2025,1446,نجران,متوسطة جيل المعارف العالمية,عالمي وأجنبي,المرحلة المتوسطة,بنات
2025,1446,نجران,متوسطة جيل المعارف المسار المصري بنين,عالمي وأجنبي,المرحلة المتوسطة,بنين
2025,1446,نجران,متوسطة سنابل النور للبنات الاجنبية,عالمي وأجنبي,المرحلة المتوسطة,بنات
2025,1446,نجران,متوسطه جيل المعارف مسار مصري بنات,عالمي وأجنبي,المرحلة المتوسطة,بنات
2025,1446,نجران,مدرسة ابتدائية مستشفى القوات المسلحة العالمية بشرورة,عالمي وأجنبي,المرحلة الإبتدائية,بنات
2025,1446,نجران,مدرسة دار الأحفاد العالمية ( ابتدائي),عالمي وأجنبي,المرحلة الإبتدائية,بنات
2025,1446,نجران,مدرسة دار الأحفاد العالمية ( رياض اطفال),عالمي وأجنبي,رياض الأطفال,بنات
2025,1446,نجران,مدرسة مستشفى القوات المسلحة العالمية المتوسطة بشرورة,عالمي وأجنبي,المرحلة المتوسطة,بنات
2025,1446,نجران,نهج الرواد الأهلية لرياض الأطفال - القسم الدولي,عالمي وأجنبي,رياض الأطفال,بنات
