السنة,السنة ميلادي,المنطقة الإدارية,الإدارة العامة بمنطقة/محافظة,إدارة التعليم,المرحلة ,السلطة,مكتب التعليم,جنس المدرسة, جملة سعودي,جملة غير سعودي, جملة طلاب
1446,2025,الباحة,الباحة,إدارة التعليم بمحافظة المخواة,المرحلة الإبتدائية,حكومي,إدارة الإشراف التربوي,بنات,4767,257,5024
1446,2025,الباحة,الباحة,إدارة التعليم بمحافظة المخواة,المرحلة الإبتدائية,حكومي,إدارة الإشراف التربوي,بنين,1978,96,2074
1446,2025,الباحة,الباحة,إدارة التعليم بمحافظة المخواة,المرحلة الإبتدائية,حكومي,مكتب التعليم بقلوة,بنات,3309,134,3443
1446,2025,الباحة,الباحة,إدارة التعليم بمحافظة المخواة,المرحلة الإبتدائية,حكومي,مكتب التعليم بقلوة,بنين,1627,37,1664
1446,2025,الباحة,الباحة,إدارة التعليم بمحافظة المخواة,المرحلة الثانوية,حكومي,إدارة الإشراف التربوي,بنات,1694,62,1756
1446,2025,الباحة,الباحة,إدارة التعليم بمحافظة المخواة,المرحلة الثانوية,حكومي,إدارة الإشراف التربوي,بنين,1831,57,1888
1446,2025,الباحة,الباحة,إدارة التعليم بمحافظة المخواة,المرحلة الثانوية,حكومي,مكتب التعليم بقلوة,بنات,1241,30,1271
1446,2025,الباحة,الباحة,إدارة التعليم بمحافظة المخواة,المرحلة الثانوية,حكومي,مكتب التعليم بقلوة,بنين,1201,22,1223
1446,2025,الباحة,الباحة,إدارة التعليم بمحافظة المخواة,المرحلة المتوسطة,حكومي,إدارة الإشراف التربوي,بنات,1761,57,1818
1446,2025,الباحة,الباحة,إدارة التعليم بمحافظة المخواة,المرحلة المتوسطة,حكومي,إدارة الإشراف التربوي,بنين,1673,71,1744
1446,2025,الباحة,الباحة,إدارة التعليم بمحافظة المخواة,المرحلة المتوسطة,حكومي,مكتب التعليم بقلوة,بنات,1190,23,1213
1446,2025,الباحة,الباحة,إدارة التعليم بمحافظة المخواة,المرحلة المتوسطة,حكومي,مكتب التعليم بقلوة,بنين,1347,34,1381
1446,2025,الباحة,الباحة,إدارة التعليم بمحافظة المخواة,رياض الأطفال,أهلي,إدارة الإشراف التربوي,بنات,194,33,227
1446,2025,الباحة,الباحة,إدارة التعليم بمحافظة المخواة,رياض الأطفال,حكومي,إدارة الإشراف التربوي,بنات,1052,1,1053
1446,2025,الباحة,الباحة,إدارة التعليم بمحافظة المخواة,رياض الأطفال,حكومي,مكتب التعليم بقلوة,بنات,797,0,797
1446,2025,الباحة,الباحة,الإدارة العامة للتعليم بمنطقة الباحة,المرحلة الإبتدائية,أهلي,مكتب التعليم بالوسط,بنات,121,2,123
1446,2025,الباحة,الباحة,الإدارة العامة للتعليم بمنطقة الباحة,المرحلة الإبتدائية,أهلي,مكتب التعليم بالوسط,بنين,9,7,16
1446,2025,الباحة,الباحة,الإدارة العامة للتعليم بمنطقة الباحة,المرحلة الإبتدائية,حكومي,مكتب التعليم بالعقيق,بنات,3812,190,4002
1446,2025,الباحة,الباحة,الإدارة العامة للتعليم بمنطقة الباحة,المرحلة الإبتدائية,حكومي,مكتب التعليم بالعقيق,بنين,1419,90,1509
1446,2025,الباحة,الباحة,الإدارة العامة للتعليم بمنطقة الباحة,المرحلة الإبتدائية,حكومي,مكتب التعليم بالمندق,بنات,3413,195,3608
1446,2025,الباحة,الباحة,الإدارة العامة للتعليم بمنطقة الباحة,المرحلة الإبتدائية,حكومي,مكتب التعليم بالمندق,بنين,1738,88,1826
1446,2025,الباحة,الباحة,الإدارة العامة للتعليم بمنطقة الباحة,المرحلة الإبتدائية,حكومي,مكتب التعليم بالوسط,بنات,8935,1295,10230
1446,2025,الباحة,الباحة,الإدارة العامة للتعليم بمنطقة الباحة,المرحلة الإبتدائية,حكومي,مكتب التعليم بالوسط,بنين,3694,477,4171
1446,2025,الباحة,الباحة,الإدارة العامة للتعليم بمنطقة الباحة,المرحلة الإبتدائية,عالمي وأجنبي,مكتب التعليم بالوسط,بنات,77,106,183
1446,2025,الباحة,الباحة,الإدارة العامة للتعليم بمنطقة الباحة,المرحلة الإبتدائية,عالمي وأجنبي,مكتب التعليم بالوسط,بنين,38,111,149
1446,2025,الباحة,الباحة,الإدارة العامة للتعليم بمنطقة الباحة,المرحلة الثانوية,أهلي,مكتب التعليم بالوسط,بنات,14,0,14
1446,2025,الباحة,الباحة,الإدارة العامة للتعليم بمنطقة الباحة,المرحلة الثانوية,أهلي,مكتب التعليم بالوسط,بنين,73,38,111
1446,2025,الباحة,الباحة,الإدارة العامة للتعليم بمنطقة الباحة,المرحلة الثانوية,حكومي,مكتب التعليم بالعقيق,بنات,1243,49,1292
1446,2025,الباحة,الباحة,الإدارة العامة للتعليم بمنطقة الباحة,المرحلة الثانوية,حكومي,مكتب التعليم بالعقيق,بنين,1150,47,1197
1446,2025,الباحة,الباحة,الإدارة العامة للتعليم بمنطقة الباحة,المرحلة الثانوية,حكومي,مكتب التعليم بالمندق,بنات,1390,31,1421
1446,2025,الباحة,الباحة,الإدارة العامة للتعليم بمنطقة الباحة,المرحلة الثانوية,حكومي,مكتب التعليم بالمندق,بنين,1348,39,1387
1446,2025,الباحة,الباحة,الإدارة العامة للتعليم بمنطقة الباحة,المرحلة الثانوية,حكومي,مكتب التعليم بالوسط,بنات,3245,289,3534
1446,2025,الباحة,الباحة,الإدارة العامة للتعليم بمنطقة الباحة,المرحلة الثانوية,حكومي,مكتب التعليم بالوسط,بنين,3209,320,3529
1446,2025,الباحة,الباحة,الإدارة العامة للتعليم بمنطقة الباحة,المرحلة الثانوية,عالمي وأجنبي,مكتب التعليم بالوسط,بنات,6,4,10
1446,2025,الباحة,الباحة,الإدارة العامة للتعليم بمنطقة الباحة,المرحلة الثانوية,عالمي وأجنبي,مكتب التعليم بالوسط,بنين,7,9,16
1446,2025,الباحة,الباحة,الإدارة العامة للتعليم بمنطقة الباحة,المرحلة المتوسطة,أهلي,مكتب التعليم بالوسط,بنات,14,0,14
1446,2025,الباحة,الباحة,الإدارة العامة للتعليم بمنطقة الباحة,المرحلة المتوسطة,أهلي,مكتب التعليم بالوسط,بنين,25,3,28
1446,2025,الباحة,الباحة,الإدارة العامة للتعليم بمنطقة الباحة,المرحلة المتوسطة,حكومي,مكتب التعليم بالعقيق,بنات,1278,63,1341
1446,2025,الباحة,الباحة,الإدارة العامة للتعليم بمنطقة الباحة,المرحلة المتوسطة,حكومي,مكتب التعليم بالعقيق,بنين,1257,53,1310
1446,2025,الباحة,الباحة,الإدارة العامة للتعليم بمنطقة الباحة,المرحلة المتوسطة,حكومي,مكتب التعليم بالمندق,بنات,1310,47,1357
1446,2025,الباحة,الباحة,الإدارة العامة للتعليم بمنطقة الباحة,المرحلة المتوسطة,حكومي,مكتب التعليم بالمندق,بنين,1435,68,1503
1446,2025,الباحة,الباحة,الإدارة العامة للتعليم بمنطقة الباحة,المرحلة المتوسطة,حكومي,مكتب التعليم بالوسط,بنات,3397,311,3708
1446,2025,الباحة,الباحة,الإدارة العامة للتعليم بمنطقة الباحة,المرحلة المتوسطة,حكومي,مكتب التعليم بالوسط,بنين,3494,326,3820
1446,2025,الباحة,الباحة,الإدارة العامة للتعليم بمنطقة الباحة,المرحلة المتوسطة,عالمي وأجنبي,مكتب التعليم بالوسط,بنات,13,34,47
1446,2025,الباحة,الباحة,الإدارة العامة للتعليم بمنطقة الباحة,المرحلة المتوسطة,عالمي وأجنبي,مكتب التعليم بالوسط,بنين,20,65,85
1446,2025,الباحة,الباحة,الإدارة العامة للتعليم بمنطقة الباحة,رياض الأطفال,أهلي,مكتب التعليم بالوسط,بنات,362,56,418
1446,2025,الباحة,الباحة,الإدارة العامة للتعليم بمنطقة الباحة,رياض الأطفال,حكومي,مكتب التعليم بالعقيق,بنات,799,0,799
1446,2025,الباحة,الباحة,الإدارة العامة للتعليم بمنطقة الباحة,رياض الأطفال,حكومي,مكتب التعليم بالمندق,بنات,780,1,781
1446,2025,الباحة,الباحة,الإدارة العامة للتعليم بمنطقة الباحة,رياض الأطفال,حكومي,مكتب التعليم بالوسط,بنات,1392,2,1394
1446,2025,الباحة,الباحة,الإدارة العامة للتعليم بمنطقة الباحة,رياض الأطفال,عالمي وأجنبي,مكتب التعليم بالوسط,بنات,65,60,125
1446,2025,الجوف,الجوف,إدارة التعليم بمحافظة القريات,المرحلة الإبتدائية,أهلي,إدارة الإشراف التربوي,بنات,1256,115,1371
1446,2025,الجوف,الجوف,إدارة التعليم بمحافظة القريات,المرحلة الإبتدائية,أهلي,إدارة الإشراف التربوي,بنين,1682,120,1802
1446,2025,الجوف,الجوف,إدارة التعليم بمحافظة القريات,المرحلة الإبتدائية,حكومي,إدارة الإشراف التربوي,بنات,20597,957,21554
1446,2025,الجوف,الجوف,إدارة التعليم بمحافظة القريات,المرحلة الإبتدائية,حكومي,إدارة الإشراف التربوي,بنين,7815,272,8087
1446,2025,الجوف,الجوف,إدارة التعليم بمحافظة القريات,المرحلة الإبتدائية,عالمي وأجنبي,إدارة الإشراف التربوي,بنات,25,18,43
1446,2025,الجوف,الجوف,إدارة التعليم بمحافظة القريات,المرحلة الثانوية,أهلي,إدارة الإشراف التربوي,بنات,773,59,832
1446,2025,الجوف,الجوف,إدارة التعليم بمحافظة القريات,المرحلة الثانوية,أهلي,إدارة الإشراف التربوي,بنين,1262,41,1303
1446,2025,الجوف,الجوف,إدارة التعليم بمحافظة القريات,المرحلة الثانوية,حكومي,إدارة الإشراف التربوي,بنات,5065,228,5293
1446,2025,الجوف,الجوف,إدارة التعليم بمحافظة القريات,المرحلة الثانوية,حكومي,إدارة الإشراف التربوي,بنين,4606,245,4851
1446,2025,الجوف,الجوف,إدارة التعليم بمحافظة القريات,المرحلة المتوسطة,أهلي,إدارة الإشراف التربوي,بنات,296,32,328
1446,2025,الجوف,الجوف,إدارة التعليم بمحافظة القريات,المرحلة المتوسطة,أهلي,إدارة الإشراف التربوي,بنين,944,64,1008
1446,2025,الجوف,الجوف,إدارة التعليم بمحافظة القريات,المرحلة المتوسطة,حكومي,إدارة الإشراف التربوي,بنات,6562,253,6815
1446,2025,الجوف,الجوف,إدارة التعليم بمحافظة القريات,المرحلة المتوسطة,حكومي,إدارة الإشراف التربوي,بنين,6010,250,6260
1446,2025,الجوف,الجوف,إدارة التعليم بمحافظة القريات,رياض الأطفال,أهلي,إدارة الإشراف التربوي,بنات,500,60,560
1446,2025,الجوف,الجوف,إدارة التعليم بمحافظة القريات,رياض الأطفال,حكومي,إدارة الإشراف التربوي,بنات,3135,8,3143
1446,2025,الجوف,الجوف,إدارة التعليم بمحافظة القريات,رياض الأطفال,عالمي وأجنبي,إدارة الإشراف التربوي,بنات,11,10,21
1446,2025,الجوف,الجوف,الإدارة العامة للتعليم بمنطقة الجوف,المرحلة الإبتدائية,أهلي,مكتب التعليم بدومة الجندل,بنات,259,22,281
1446,2025,الجوف,الجوف,الإدارة العامة للتعليم بمنطقة الجوف,المرحلة الإبتدائية,أهلي,مكتب التعليم بدومة الجندل,بنين,485,26,511
1446,2025,الجوف,الجوف,الإدارة العامة للتعليم بمنطقة الجوف,المرحلة الإبتدائية,أهلي,مكتب التعليم بسكاكا,بنات,1528,53,1581
1446,2025,الجوف,الجوف,الإدارة العامة للتعليم بمنطقة الجوف,المرحلة الإبتدائية,أهلي,مكتب التعليم بسكاكا,بنين,2066,125,2191
1446,2025,الجوف,الجوف,الإدارة العامة للتعليم بمنطقة الجوف,المرحلة الإبتدائية,أهلي,مكتب التعليم بطبرجل,بنات,214,66,280
1446,2025,الجوف,الجوف,الإدارة العامة للتعليم بمنطقة الجوف,المرحلة الإبتدائية,أهلي,مكتب التعليم بطبرجل,بنين,753,134,887
1446,2025,الجوف,الجوف,الإدارة العامة للتعليم بمنطقة الجوف,المرحلة الإبتدائية,حكومي,مكتب التعليم بدومة الجندل,بنات,5162,297,5459
1446,2025,الجوف,الجوف,الإدارة العامة للتعليم بمنطقة الجوف,المرحلة الإبتدائية,حكومي,مكتب التعليم بدومة الجندل,بنين,2990,178,3168
1446,2025,الجوف,الجوف,الإدارة العامة للتعليم بمنطقة الجوف,المرحلة الإبتدائية,حكومي,مكتب التعليم بسكاكا,بنات,16097,1733,17830
1446,2025,الجوف,الجوف,الإدارة العامة للتعليم بمنطقة الجوف,المرحلة الإبتدائية,حكومي,مكتب التعليم بسكاكا,بنين,6836,679,7515
1446,2025,الجوف,الجوف,الإدارة العامة للتعليم بمنطقة الجوف,المرحلة الإبتدائية,حكومي,مكتب التعليم بطبرجل,بنات,11422,326,11748
1446,2025,الجوف,الجوف,الإدارة العامة للتعليم بمنطقة الجوف,المرحلة الإبتدائية,حكومي,مكتب التعليم بطبرجل,بنين,6395,129,6524
1446,2025,الجوف,الجوف,الإدارة العامة للتعليم بمنطقة الجوف,المرحلة الإبتدائية,عالمي وأجنبي,مكتب التعليم بسكاكا,بنات,340,419,759
1446,2025,الجوف,الجوف,الإدارة العامة للتعليم بمنطقة الجوف,المرحلة الإبتدائية,عالمي وأجنبي,مكتب التعليم بسكاكا,بنين,68,148,216
1446,2025,الجوف,الجوف,الإدارة العامة للتعليم بمنطقة الجوف,المرحلة الثانوية,أهلي,مكتب التعليم بدومة الجندل,بنات,140,5,145
1446,2025,الجوف,الجوف,الإدارة العامة للتعليم بمنطقة الجوف,المرحلة الثانوية,أهلي,مكتب التعليم بدومة الجندل,بنين,157,8,165
1446,2025,الجوف,الجوف,الإدارة العامة للتعليم بمنطقة الجوف,المرحلة الثانوية,أهلي,مكتب التعليم بسكاكا,بنات,1320,93,1413
1446,2025,الجوف,الجوف,الإدارة العامة للتعليم بمنطقة الجوف,المرحلة الثانوية,أهلي,مكتب التعليم بسكاكا,بنين,1631,119,1750
1446,2025,الجوف,الجوف,الإدارة العامة للتعليم بمنطقة الجوف,المرحلة الثانوية,أهلي,مكتب التعليم بطبرجل,بنات,25,13,38
1446,2025,الجوف,الجوف,الإدارة العامة للتعليم بمنطقة الجوف,المرحلة الثانوية,أهلي,مكتب التعليم بطبرجل,بنين,382,49,431
1446,2025,الجوف,الجوف,الإدارة العامة للتعليم بمنطقة الجوف,المرحلة الثانوية,حكومي,مكتب التعليم بدومة الجندل,بنات,1494,76,1570
1446,2025,الجوف,الجوف,الإدارة العامة للتعليم بمنطقة الجوف,المرحلة الثانوية,حكومي,مكتب التعليم بدومة الجندل,بنين,1569,84,1653
1446,2025,الجوف,الجوف,الإدارة العامة للتعليم بمنطقة الجوف,المرحلة الثانوية,حكومي,مكتب التعليم بسكاكا,بنات,4315,441,4756
1446,2025,الجوف,الجوف,الإدارة العامة للتعليم بمنطقة الجوف,المرحلة الثانوية,حكومي,مكتب التعليم بسكاكا,بنين,4188,417,4605
1446,2025,الجوف,الجوف,الإدارة العامة للتعليم بمنطقة الجوف,المرحلة الثانوية,حكومي,مكتب التعليم بطبرجل,بنات,3153,128,3281
1446,2025,الجوف,الجوف,الإدارة العامة للتعليم بمنطقة الجوف,المرحلة الثانوية,حكومي,مكتب التعليم بطبرجل,بنين,2823,120,2943
1446,2025,الجوف,الجوف,الإدارة العامة للتعليم بمنطقة الجوف,المرحلة الثانوية,عالمي وأجنبي,مكتب التعليم بسكاكا,بنات,23,32,55
1446,2025,الجوف,الجوف,الإدارة العامة للتعليم بمنطقة الجوف,المرحلة الثانوية,عالمي وأجنبي,مكتب التعليم بسكاكا,بنين,18,33,51
1446,2025,الجوف,الجوف,الإدارة العامة للتعليم بمنطقة الجوف,المرحلة المتوسطة,أهلي,مكتب التعليم بدومة الجندل,بنات,50,2,52
1446,2025,الجوف,الجوف,الإدارة العامة للتعليم بمنطقة الجوف,المرحلة المتوسطة,أهلي,مكتب التعليم بدومة الجندل,بنين,124,12,136
1446,2025,الجوف,الجوف,الإدارة العامة للتعليم بمنطقة الجوف,المرحلة المتوسطة,أهلي,مكتب التعليم بسكاكا,بنات,475,25,500
1446,2025,الجوف,الجوف,الإدارة العامة للتعليم بمنطقة الجوف,المرحلة المتوسطة,أهلي,مكتب التعليم بسكاكا,بنين,940,51,991
1446,2025,الجوف,الجوف,الإدارة العامة للتعليم بمنطقة الجوف,المرحلة المتوسطة,أهلي,مكتب التعليم بطبرجل,بنات,31,21,52
1446,2025,الجوف,الجوف,الإدارة العامة للتعليم بمنطقة الجوف,المرحلة المتوسطة,أهلي,مكتب التعليم بطبرجل,بنين,344,51,395
1446,2025,الجوف,الجوف,الإدارة العامة للتعليم بمنطقة الجوف,المرحلة المتوسطة,حكومي,مكتب التعليم بدومة الجندل,بنات,1994,76,2070
1446,2025,الجوف,الجوف,الإدارة العامة للتعليم بمنطقة الجوف,المرحلة المتوسطة,حكومي,مكتب التعليم بدومة الجندل,بنين,1922,101,2023
1446,2025,الجوف,الجوف,الإدارة العامة للتعليم بمنطقة الجوف,المرحلة المتوسطة,حكومي,مكتب التعليم بسكاكا,بنات,5643,486,6129
1446,2025,الجوف,الجوف,الإدارة العامة للتعليم بمنطقة الجوف,المرحلة المتوسطة,حكومي,مكتب التعليم بسكاكا,بنين,5545,479,6024
1446,2025,الجوف,الجوف,الإدارة العامة للتعليم بمنطقة الجوف,المرحلة المتوسطة,حكومي,مكتب التعليم بطبرجل,بنات,3768,141,3909
1446,2025,الجوف,الجوف,الإدارة العامة للتعليم بمنطقة الجوف,المرحلة المتوسطة,حكومي,مكتب التعليم بطبرجل,بنين,3537,116,3653
1446,2025,الجوف,الجوف,الإدارة العامة للتعليم بمنطقة الجوف,المرحلة المتوسطة,عالمي وأجنبي,مكتب التعليم بسكاكا,بنات,37,84,121
1446,2025,الجوف,الجوف,الإدارة العامة للتعليم بمنطقة الجوف,المرحلة المتوسطة,عالمي وأجنبي,مكتب التعليم بسكاكا,بنين,43,67,110
1446,2025,الجوف,الجوف,الإدارة العامة للتعليم بمنطقة الجوف,رياض الأطفال,أهلي,مكتب التعليم بدومة الجندل,بنات,63,22,85
1446,2025,الجوف,الجوف,الإدارة العامة للتعليم بمنطقة الجوف,رياض الأطفال,أهلي,مكتب التعليم بسكاكا,بنات,529,27,556
1446,2025,الجوف,الجوف,الإدارة العامة للتعليم بمنطقة الجوف,رياض الأطفال,أهلي,مكتب التعليم بطبرجل,بنات,65,14,79
1446,2025,الجوف,الجوف,الإدارة العامة للتعليم بمنطقة الجوف,رياض الأطفال,حكومي,مكتب التعليم بدومة الجندل,بنات,1020,1,1021
1446,2025,الجوف,الجوف,الإدارة العامة للتعليم بمنطقة الجوف,رياض الأطفال,حكومي,مكتب التعليم بسكاكا,بنات,3255,10,3265
1446,2025,الجوف,الجوف,الإدارة العامة للتعليم بمنطقة الجوف,رياض الأطفال,حكومي,مكتب التعليم بطبرجل,بنات,1778,2,1780
1446,2025,الجوف,الجوف,الإدارة العامة للتعليم بمنطقة الجوف,رياض الأطفال,عالمي وأجنبي,مكتب التعليم بسكاكا,بنات,68,46,114
1446,2025,الحدود الشمالية,الحدود الشمالية,الإدارة العامة للتعليم بمنطقة الحدود الشمالية,المرحلة الإبتدائية,أهلي,إدارة الإشراف التربوي,بنات,688,31,719
1446,2025,الحدود الشمالية,الحدود الشمالية,الإدارة العامة للتعليم بمنطقة الحدود الشمالية,المرحلة الإبتدائية,أهلي,إدارة الإشراف التربوي,بنين,929,65,994
1446,2025,الحدود الشمالية,الحدود الشمالية,الإدارة العامة للتعليم بمنطقة الحدود الشمالية,المرحلة الإبتدائية,أهلي,مكتب التعليم برفحاء,بنات,395,36,431
1446,2025,الحدود الشمالية,الحدود الشمالية,الإدارة العامة للتعليم بمنطقة الحدود الشمالية,المرحلة الإبتدائية,أهلي,مكتب التعليم برفحاء,بنين,767,67,834
1446,2025,الحدود الشمالية,الحدود الشمالية,الإدارة العامة للتعليم بمنطقة الحدود الشمالية,المرحلة الإبتدائية,أهلي,مكتب التعليم بطريف,بنات,123,37,160
1446,2025,الحدود الشمالية,الحدود الشمالية,الإدارة العامة للتعليم بمنطقة الحدود الشمالية,المرحلة الإبتدائية,أهلي,مكتب التعليم بطريف,بنين,287,47,334
1446,2025,الحدود الشمالية,الحدود الشمالية,الإدارة العامة للتعليم بمنطقة الحدود الشمالية,المرحلة الإبتدائية,أهلي,مكتب التعليم بمحافظة العويقيلة,بنات,16,0,16
1446,2025,الحدود الشمالية,الحدود الشمالية,الإدارة العامة للتعليم بمنطقة الحدود الشمالية,المرحلة الإبتدائية,أهلي,مكتب التعليم بمحافظة العويقيلة,بنين,112,1,113
1446,2025,الحدود الشمالية,الحدود الشمالية,الإدارة العامة للتعليم بمنطقة الحدود الشمالية,المرحلة الإبتدائية,حكومي,إدارة الإشراف التربوي,بنات,13687,1391,15078
1446,2025,الحدود الشمالية,الحدود الشمالية,الإدارة العامة للتعليم بمنطقة الحدود الشمالية,المرحلة الإبتدائية,حكومي,إدارة الإشراف التربوي,بنين,9996,651,10647
1446,2025,الحدود الشمالية,الحدود الشمالية,الإدارة العامة للتعليم بمنطقة الحدود الشمالية,المرحلة الإبتدائية,حكومي,مكتب التعليم برفحاء,بنات,6165,703,6868
1446,2025,الحدود الشمالية,الحدود الشمالية,الإدارة العامة للتعليم بمنطقة الحدود الشمالية,المرحلة الإبتدائية,حكومي,مكتب التعليم برفحاء,بنين,3810,334,4144
1446,2025,الحدود الشمالية,الحدود الشمالية,الإدارة العامة للتعليم بمنطقة الحدود الشمالية,المرحلة الإبتدائية,حكومي,مكتب التعليم بطريف,بنات,4059,410,4469
1446,2025,الحدود الشمالية,الحدود الشمالية,الإدارة العامة للتعليم بمنطقة الحدود الشمالية,المرحلة الإبتدائية,حكومي,مكتب التعليم بطريف,بنين,3183,279,3462
1446,2025,الحدود الشمالية,الحدود الشمالية,الإدارة العامة للتعليم بمنطقة الحدود الشمالية,المرحلة الإبتدائية,حكومي,مكتب التعليم بمحافظة العويقيلة,بنات,1498,132,1630
1446,2025,الحدود الشمالية,الحدود الشمالية,الإدارة العامة للتعليم بمنطقة الحدود الشمالية,المرحلة الإبتدائية,حكومي,مكتب التعليم بمحافظة العويقيلة,بنين,893,77,970
1446,2025,الحدود الشمالية,الحدود الشمالية,الإدارة العامة للتعليم بمنطقة الحدود الشمالية,المرحلة الإبتدائية,عالمي وأجنبي,إدارة الإشراف التربوي,بنات,149,194,343
1446,2025,الحدود الشمالية,الحدود الشمالية,الإدارة العامة للتعليم بمنطقة الحدود الشمالية,المرحلة الإبتدائية,عالمي وأجنبي,إدارة الإشراف التربوي,بنين,113,99,212
1446,2025,الحدود الشمالية,الحدود الشمالية,الإدارة العامة للتعليم بمنطقة الحدود الشمالية,المرحلة الإبتدائية,عالمي وأجنبي,مكتب التعليم برفحاء,بنات,135,76,211
1446,2025,الحدود الشمالية,الحدود الشمالية,الإدارة العامة للتعليم بمنطقة الحدود الشمالية,المرحلة الإبتدائية,عالمي وأجنبي,مكتب التعليم برفحاء,بنين,0,0,0
1446,2025,الحدود الشمالية,الحدود الشمالية,الإدارة العامة للتعليم بمنطقة الحدود الشمالية,المرحلة الثانوية,أهلي,إدارة الإشراف التربوي,بنات,367,38,405
1446,2025,الحدود الشمالية,الحدود الشمالية,الإدارة العامة للتعليم بمنطقة الحدود الشمالية,المرحلة الثانوية,أهلي,إدارة الإشراف التربوي,بنين,642,79,721
1446,2025,الحدود الشمالية,الحدود الشمالية,الإدارة العامة للتعليم بمنطقة الحدود الشمالية,المرحلة الثانوية,أهلي,مكتب التعليم برفحاء,بنات,161,7,168
1446,2025,الحدود الشمالية,الحدود الشمالية,الإدارة العامة للتعليم بمنطقة الحدود الشمالية,المرحلة الثانوية,أهلي,مكتب التعليم برفحاء,بنين,373,33,406
1446,2025,الحدود الشمالية,الحدود الشمالية,الإدارة العامة للتعليم بمنطقة الحدود الشمالية,المرحلة الثانوية,أهلي,مكتب التعليم بطريف,بنين,14,0,14
1446,2025,الحدود الشمالية,الحدود الشمالية,الإدارة العامة للتعليم بمنطقة الحدود الشمالية,المرحلة الثانوية,حكومي,إدارة الإشراف التربوي,بنات,4779,438,5217
1446,2025,الحدود الشمالية,الحدود الشمالية,الإدارة العامة للتعليم بمنطقة الحدود الشمالية,المرحلة الثانوية,حكومي,إدارة الإشراف التربوي,بنين,4807,393,5200
1446,2025,الحدود الشمالية,الحدود الشمالية,الإدارة العامة للتعليم بمنطقة الحدود الشمالية,المرحلة الثانوية,حكومي,مكتب التعليم برفحاء,بنات,2061,191,2252
1446,2025,الحدود الشمالية,الحدود الشمالية,الإدارة العامة للتعليم بمنطقة الحدود الشمالية,المرحلة الثانوية,حكومي,مكتب التعليم برفحاء,بنين,1945,173,2118
1446,2025,الحدود الشمالية,الحدود الشمالية,الإدارة العامة للتعليم بمنطقة الحدود الشمالية,المرحلة الثانوية,حكومي,مكتب التعليم بطريف,بنات,1463,133,1596
1446,2025,الحدود الشمالية,الحدود الشمالية,الإدارة العامة للتعليم بمنطقة الحدود الشمالية,المرحلة الثانوية,حكومي,مكتب التعليم بطريف,بنين,1531,136,1667
1446,2025,الحدود الشمالية,الحدود الشمالية,الإدارة العامة للتعليم بمنطقة الحدود الشمالية,المرحلة الثانوية,حكومي,مكتب التعليم بمحافظة العويقيلة,بنات,466,26,492
1446,2025,الحدود الشمالية,الحدود الشمالية,الإدارة العامة للتعليم بمنطقة الحدود الشمالية,المرحلة الثانوية,حكومي,مكتب التعليم بمحافظة العويقيلة,بنين,509,37,546
1446,2025,الحدود الشمالية,الحدود الشمالية,الإدارة العامة للتعليم بمنطقة الحدود الشمالية,المرحلة الثانوية,عالمي وأجنبي,إدارة الإشراف التربوي,بنين,0,0,0
1446,2025,الحدود الشمالية,الحدود الشمالية,الإدارة العامة للتعليم بمنطقة الحدود الشمالية,المرحلة المتوسطة,أهلي,إدارة الإشراف التربوي,بنات,133,15,148
1446,2025,الحدود الشمالية,الحدود الشمالية,الإدارة العامة للتعليم بمنطقة الحدود الشمالية,المرحلة المتوسطة,أهلي,إدارة الإشراف التربوي,بنين,425,45,470
1446,2025,الحدود الشمالية,الحدود الشمالية,الإدارة العامة للتعليم بمنطقة الحدود الشمالية,المرحلة المتوسطة,أهلي,مكتب التعليم برفحاء,بنات,73,8,81
1446,2025,الحدود الشمالية,الحدود الشمالية,الإدارة العامة للتعليم بمنطقة الحدود الشمالية,المرحلة المتوسطة,أهلي,مكتب التعليم برفحاء,بنين,374,28,402
1446,2025,الحدود الشمالية,الحدود الشمالية,الإدارة العامة للتعليم بمنطقة الحدود الشمالية,المرحلة المتوسطة,أهلي,مكتب التعليم بطريف,بنين,145,27,172
1446,2025,الحدود الشمالية,الحدود الشمالية,الإدارة العامة للتعليم بمنطقة الحدود الشمالية,المرحلة المتوسطة,أهلي,مكتب التعليم بمحافظة العويقيلة,بنين,43,0,43
1446,2025,الحدود الشمالية,الحدود الشمالية,الإدارة العامة للتعليم بمنطقة الحدود الشمالية,المرحلة المتوسطة,حكومي,إدارة الإشراف التربوي,بنات,5663,402,6065
1446,2025,الحدود الشمالية,الحدود الشمالية,الإدارة العامة للتعليم بمنطقة الحدود الشمالية,المرحلة المتوسطة,حكومي,إدارة الإشراف التربوي,بنين,5394,417,5811
1446,2025,الحدود الشمالية,الحدود الشمالية,الإدارة العامة للتعليم بمنطقة الحدود الشمالية,المرحلة المتوسطة,حكومي,مكتب التعليم برفحاء,بنات,2466,230,2696
1446,2025,الحدود الشمالية,الحدود الشمالية,الإدارة العامة للتعليم بمنطقة الحدود الشمالية,المرحلة المتوسطة,حكومي,مكتب التعليم برفحاء,بنين,2306,189,2495
1446,2025,الحدود الشمالية,الحدود الشمالية,الإدارة العامة للتعليم بمنطقة الحدود الشمالية,المرحلة المتوسطة,حكومي,مكتب التعليم بطريف,بنات,1691,112,1803
1446,2025,الحدود الشمالية,الحدود الشمالية,الإدارة العامة للتعليم بمنطقة الحدود الشمالية,المرحلة المتوسطة,حكومي,مكتب التعليم بطريف,بنين,1644,91,1735
1446,2025,الحدود الشمالية,الحدود الشمالية,الإدارة العامة للتعليم بمنطقة الحدود الشمالية,المرحلة المتوسطة,حكومي,مكتب التعليم بمحافظة العويقيلة,بنات,566,32,598
1446,2025,الحدود الشمالية,الحدود الشمالية,الإدارة العامة للتعليم بمنطقة الحدود الشمالية,المرحلة المتوسطة,حكومي,مكتب التعليم بمحافظة العويقيلة,بنين,570,47,617
1446,2025,الحدود الشمالية,الحدود الشمالية,الإدارة العامة للتعليم بمنطقة الحدود الشمالية,المرحلة المتوسطة,عالمي وأجنبي,إدارة الإشراف التربوي,بنات,20,17,37
1446,2025,الحدود الشمالية,الحدود الشمالية,الإدارة العامة للتعليم بمنطقة الحدود الشمالية,المرحلة المتوسطة,عالمي وأجنبي,إدارة الإشراف التربوي,بنين,31,33,64
1446,2025,الحدود الشمالية,الحدود الشمالية,الإدارة العامة للتعليم بمنطقة الحدود الشمالية,المرحلة المتوسطة,عالمي وأجنبي,مكتب التعليم برفحاء,بنين,0,0,0
1446,2025,الحدود الشمالية,الحدود الشمالية,الإدارة العامة للتعليم بمنطقة الحدود الشمالية,رياض الأطفال,أهلي,إدارة الإشراف التربوي,بنات,299,8,307
1446,2025,الحدود الشمالية,الحدود الشمالية,الإدارة العامة للتعليم بمنطقة الحدود الشمالية,رياض الأطفال,أهلي,مكتب التعليم برفحاء,بنات,208,14,222
1446,2025,الحدود الشمالية,الحدود الشمالية,الإدارة العامة للتعليم بمنطقة الحدود الشمالية,رياض الأطفال,أهلي,مكتب التعليم بطريف,بنات,116,20,136
1446,2025,الحدود الشمالية,الحدود الشمالية,الإدارة العامة للتعليم بمنطقة الحدود الشمالية,رياض الأطفال,أهلي,مكتب التعليم بمحافظة العويقيلة,بنات,35,4,39
1446,2025,الحدود الشمالية,الحدود الشمالية,الإدارة العامة للتعليم بمنطقة الحدود الشمالية,رياض الأطفال,حكومي,إدارة الإشراف التربوي,بنات,3054,16,3070
1446,2025,الحدود الشمالية,الحدود الشمالية,الإدارة العامة للتعليم بمنطقة الحدود الشمالية,رياض الأطفال,حكومي,مكتب التعليم برفحاء,بنات,991,3,994
1446,2025,الحدود الشمالية,الحدود الشمالية,الإدارة العامة للتعليم بمنطقة الحدود الشمالية,رياض الأطفال,حكومي,مكتب التعليم بطريف,بنات,875,3,878
1446,2025,الحدود الشمالية,الحدود الشمالية,الإدارة العامة للتعليم بمنطقة الحدود الشمالية,رياض الأطفال,حكومي,مكتب التعليم بمحافظة العويقيلة,بنات,290,1,291
1446,2025,الحدود الشمالية,الحدود الشمالية,الإدارة العامة للتعليم بمنطقة الحدود الشمالية,رياض الأطفال,عالمي وأجنبي,إدارة الإشراف التربوي,بنات,105,78,183
1446,2025,الحدود الشمالية,الحدود الشمالية,الإدارة العامة للتعليم بمنطقة الحدود الشمالية,رياض الأطفال,عالمي وأجنبي,مكتب التعليم برفحاء,بنات,48,15,63
1446,2025,الرياض,الرياض,إدارة التعليم بمحافظة الافلاج,المرحلة الإبتدائية,أهلي,إدارة الإشراف التربوي,بنين,105,5,110
1446,2025,الرياض,الرياض,إدارة التعليم بمحافظة الافلاج,المرحلة الإبتدائية,حكومي,إدارة الإشراف التربوي,بنات,4427,381,4808
1446,2025,الرياض,الرياض,إدارة التعليم بمحافظة الافلاج,المرحلة الإبتدائية,حكومي,إدارة الإشراف التربوي,بنين,1508,115,1623
1446,2025,الرياض,الرياض,إدارة التعليم بمحافظة الافلاج,المرحلة الثانوية,أهلي,إدارة الإشراف التربوي,بنين,109,9,118
1446,2025,الرياض,الرياض,إدارة التعليم بمحافظة الافلاج,المرحلة الثانوية,حكومي,إدارة الإشراف التربوي,بنات,1536,73,1609
1446,2025,الرياض,الرياض,إدارة التعليم بمحافظة الافلاج,المرحلة الثانوية,حكومي,إدارة الإشراف التربوي,بنين,1524,75,1599
1446,2025,الرياض,الرياض,إدارة التعليم بمحافظة الافلاج,المرحلة المتوسطة,أهلي,إدارة الإشراف التربوي,بنين,14,0,14
1446,2025,الرياض,الرياض,إدارة التعليم بمحافظة الافلاج,المرحلة المتوسطة,حكومي,إدارة الإشراف التربوي,بنات,1615,76,1691
1446,2025,الرياض,الرياض,إدارة التعليم بمحافظة الافلاج,المرحلة المتوسطة,حكومي,إدارة الإشراف التربوي,بنين,1558,100,1658
1446,2025,الرياض,الرياض,إدارة التعليم بمحافظة الافلاج,رياض الأطفال,أهلي,إدارة الإشراف التربوي,بنات,169,16,185
1446,2025,الرياض,الرياض,إدارة التعليم بمحافظة الافلاج,رياض الأطفال,حكومي,إدارة الإشراف التربوي,بنات,872,3,875
1446,2025,الرياض,الرياض,إدارة التعليم بمحافظة الخرج,المرحلة الإبتدائية,أهلي,إدارة الإشراف التربوي,بنات,1823,99,1922
1446,2025,الرياض,الرياض,إدارة التعليم بمحافظة الخرج,المرحلة الإبتدائية,أهلي,إدارة الإشراف التربوي,بنين,1353,61,1414
1446,2025,الرياض,الرياض,إدارة التعليم بمحافظة الخرج,المرحلة الإبتدائية,حكومي,إدارة الإشراف التربوي,بنات,27145,3825,30970
1446,2025,الرياض,الرياض,إدارة التعليم بمحافظة الخرج,المرحلة الإبتدائية,حكومي,إدارة الإشراف التربوي,بنين,11683,1599,13282
1446,2025,الرياض,الرياض,إدارة التعليم بمحافظة الخرج,المرحلة الإبتدائية,عالمي وأجنبي,إدارة الإشراف التربوي,بنات,621,642,1263
1446,2025,الرياض,الرياض,إدارة التعليم بمحافظة الخرج,المرحلة الإبتدائية,عالمي وأجنبي,إدارة الإشراف التربوي,بنين,489,281,770
1446,2025,الرياض,الرياض,إدارة التعليم بمحافظة الخرج,المرحلة الثانوية,أهلي,إدارة الإشراف التربوي,بنات,850,93,943
1446,2025,الرياض,الرياض,إدارة التعليم بمحافظة الخرج,المرحلة الثانوية,أهلي,إدارة الإشراف التربوي,بنين,2078,126,2204
1446,2025,الرياض,الرياض,إدارة التعليم بمحافظة الخرج,المرحلة الثانوية,حكومي,إدارة الإشراف التربوي,بنات,9226,1063,10289
1446,2025,الرياض,الرياض,إدارة التعليم بمحافظة الخرج,المرحلة الثانوية,حكومي,إدارة الإشراف التربوي,بنين,8068,939,9007
1446,2025,الرياض,الرياض,إدارة التعليم بمحافظة الخرج,المرحلة الثانوية,عالمي وأجنبي,إدارة الإشراف التربوي,بنات,15,51,66
1446,2025,الرياض,الرياض,إدارة التعليم بمحافظة الخرج,المرحلة الثانوية,عالمي وأجنبي,إدارة الإشراف التربوي,بنين,48,80,128
1446,2025,الرياض,الرياض,إدارة التعليم بمحافظة الخرج,المرحلة المتوسطة,أهلي,إدارة الإشراف التربوي,بنات,354,10,364
1446,2025,الرياض,الرياض,إدارة التعليم بمحافظة الخرج,المرحلة المتوسطة,أهلي,إدارة الإشراف التربوي,بنين,775,36,811
1446,2025,الرياض,الرياض,إدارة التعليم بمحافظة الخرج,المرحلة المتوسطة,حكومي,إدارة الإشراف التربوي,بنات,10055,1109,11164
1446,2025,الرياض,الرياض,إدارة التعليم بمحافظة الخرج,المرحلة المتوسطة,حكومي,إدارة الإشراف التربوي,بنين,9667,1043,10710
1446,2025,الرياض,الرياض,إدارة التعليم بمحافظة الخرج,المرحلة المتوسطة,عالمي وأجنبي,إدارة الإشراف التربوي,بنات,105,102,207
1446,2025,الرياض,الرياض,إدارة التعليم بمحافظة الخرج,المرحلة المتوسطة,عالمي وأجنبي,إدارة الإشراف التربوي,بنين,180,126,306
1446,2025,الرياض,الرياض,إدارة التعليم بمحافظة الخرج,رياض الأطفال,أهلي,إدارة الإشراف التربوي,بنات,1806,53,1859
1446,2025,الرياض,الرياض,إدارة التعليم بمحافظة الخرج,رياض الأطفال,حكومي,إدارة الإشراف التربوي,بنات,3522,10,3532
1446,2025,الرياض,الرياض,إدارة التعليم بمحافظة الخرج,رياض الأطفال,عالمي وأجنبي,إدارة الإشراف التربوي,بنات,277,216,493
1446,2025,الرياض,الرياض,إدارة التعليم بمحافظة الدوادمي,المرحلة الإبتدائية,أهلي,إدارة الإشراف التربوي,بنات,565,27,592
1446,2025,الرياض,الرياض,إدارة التعليم بمحافظة الدوادمي,المرحلة الإبتدائية,أهلي,إدارة الإشراف التربوي,بنين,1135,132,1267
1446,2025,الرياض,الرياض,إدارة التعليم بمحافظة الدوادمي,المرحلة الإبتدائية,أهلي,مكتب التعليم بالجمش والبجادية,بنين,152,4,156
1446,2025,الرياض,الرياض,إدارة التعليم بمحافظة الدوادمي,المرحلة الإبتدائية,أهلي,مكتب التعليم بالسر,بنات,52,5,57
1446,2025,الرياض,الرياض,إدارة التعليم بمحافظة الدوادمي,المرحلة الإبتدائية,أهلي,مكتب التعليم بالسر,بنين,92,9,101
1446,2025,الرياض,الرياض,إدارة التعليم بمحافظة الدوادمي,المرحلة الإبتدائية,حكومي,إدارة الإشراف التربوي,بنات,6951,707,7658
1446,2025,الرياض,الرياض,إدارة التعليم بمحافظة الدوادمي,المرحلة الإبتدائية,حكومي,إدارة الإشراف التربوي,بنين,2556,263,2819
1446,2025,الرياض,الرياض,إدارة التعليم بمحافظة الدوادمي,المرحلة الإبتدائية,حكومي,مكتب التعليم بالجمش والبجادية,بنات,2633,174,2807
1446,2025,الرياض,الرياض,إدارة التعليم بمحافظة الدوادمي,المرحلة الإبتدائية,حكومي,مكتب التعليم بالجمش والبجادية,بنين,1402,80,1482
1446,2025,الرياض,الرياض,إدارة التعليم بمحافظة الدوادمي,المرحلة الإبتدائية,حكومي,مكتب التعليم بالسر,بنات,1802,218,2020
1446,2025,الرياض,الرياض,إدارة التعليم بمحافظة الدوادمي,المرحلة الإبتدائية,حكومي,مكتب التعليم بالسر,بنين,1139,139,1278
1446,2025,الرياض,الرياض,إدارة التعليم بمحافظة الدوادمي,المرحلة الإبتدائية,حكومي,مكتب التعليم بنفي,بنات,1328,40,1368
1446,2025,الرياض,الرياض,إدارة التعليم بمحافظة الدوادمي,المرحلة الإبتدائية,حكومي,مكتب التعليم بنفي,بنين,766,15,781
1446,2025,الرياض,الرياض,إدارة التعليم بمحافظة الدوادمي,المرحلة الثانوية,أهلي,إدارة الإشراف التربوي,بنات,659,66,725
1446,2025,الرياض,الرياض,إدارة التعليم بمحافظة الدوادمي,المرحلة الثانوية,أهلي,إدارة الإشراف التربوي,بنين,1255,72,1327
1446,2025,الرياض,الرياض,إدارة التعليم بمحافظة الدوادمي,المرحلة الثانوية,أهلي,مكتب التعليم بالجمش والبجادية,بنين,195,10,205
1446,2025,الرياض,الرياض,إدارة التعليم بمحافظة الدوادمي,المرحلة الثانوية,أهلي,مكتب التعليم بالسر,بنات,79,14,93
1446,2025,الرياض,الرياض,إدارة التعليم بمحافظة الدوادمي,المرحلة الثانوية,أهلي,مكتب التعليم بالسر,بنين,111,6,117
1446,2025,الرياض,الرياض,إدارة التعليم بمحافظة الدوادمي,المرحلة الثانوية,حكومي,إدارة الإشراف التربوي,بنات,1856,132,1988
1446,2025,الرياض,الرياض,إدارة التعليم بمحافظة الدوادمي,المرحلة الثانوية,حكومي,إدارة الإشراف التربوي,بنين,1364,134,1498
1446,2025,الرياض,الرياض,إدارة التعليم بمحافظة الدوادمي,المرحلة الثانوية,حكومي,مكتب التعليم بالجمش والبجادية,بنات,996,50,1046
1446,2025,الرياض,الرياض,إدارة التعليم بمحافظة الدوادمي,المرحلة الثانوية,حكومي,مكتب التعليم بالجمش والبجادية,بنين,889,45,934
1446,2025,الرياض,الرياض,إدارة التعليم بمحافظة الدوادمي,المرحلة الثانوية,حكومي,مكتب التعليم بالسر,بنات,659,63,722
1446,2025,الرياض,الرياض,إدارة التعليم بمحافظة الدوادمي,المرحلة الثانوية,حكومي,مكتب التعليم بالسر,بنين,673,79,752
1446,2025,الرياض,الرياض,إدارة التعليم بمحافظة الدوادمي,المرحلة الثانوية,حكومي,مكتب التعليم بنفي,بنات,463,9,472
1446,2025,الرياض,الرياض,إدارة التعليم بمحافظة الدوادمي,المرحلة الثانوية,حكومي,مكتب التعليم بنفي,بنين,476,11,487
1446,2025,الرياض,الرياض,إدارة التعليم بمحافظة الدوادمي,المرحلة المتوسطة,أهلي,إدارة الإشراف التربوي,بنات,154,11,165
1446,2025,الرياض,الرياض,إدارة التعليم بمحافظة الدوادمي,المرحلة المتوسطة,أهلي,إدارة الإشراف التربوي,بنين,604,45,649
1446,2025,الرياض,الرياض,إدارة التعليم بمحافظة الدوادمي,المرحلة المتوسطة,أهلي,مكتب التعليم بالجمش والبجادية,بنين,121,2,123
1446,2025,الرياض,الرياض,إدارة التعليم بمحافظة الدوادمي,المرحلة المتوسطة,أهلي,مكتب التعليم بالسر,بنات,23,2,25
1446,2025,الرياض,الرياض,إدارة التعليم بمحافظة الدوادمي,المرحلة المتوسطة,أهلي,مكتب التعليم بالسر,بنين,27,3,30
1446,2025,الرياض,الرياض,إدارة التعليم بمحافظة الدوادمي,المرحلة المتوسطة,حكومي,إدارة الإشراف التربوي,بنات,2664,198,2862
1446,2025,الرياض,الرياض,إدارة التعليم بمحافظة الدوادمي,المرحلة المتوسطة,حكومي,إدارة الإشراف التربوي,بنين,2120,178,2298
1446,2025,الرياض,الرياض,إدارة التعليم بمحافظة الدوادمي,المرحلة المتوسطة,حكومي,مكتب التعليم بالجمش والبجادية,بنات,1051,54,1105
1446,2025,الرياض,الرياض,إدارة التعليم بمحافظة الدوادمي,المرحلة المتوسطة,حكومي,مكتب التعليم بالجمش والبجادية,بنين,1028,61,1089
1446,2025,الرياض,الرياض,إدارة التعليم بمحافظة الدوادمي,المرحلة المتوسطة,حكومي,مكتب التعليم بالسر,بنات,721,76,797
1446,2025,الرياض,الرياض,إدارة التعليم بمحافظة الدوادمي,المرحلة المتوسطة,حكومي,مكتب التعليم بالسر,بنين,750,83,833
1446,2025,الرياض,الرياض,إدارة التعليم بمحافظة الدوادمي,المرحلة المتوسطة,حكومي,مكتب التعليم بنفي,بنات,479,11,490
1446,2025,الرياض,الرياض,إدارة التعليم بمحافظة الدوادمي,المرحلة المتوسطة,حكومي,مكتب التعليم بنفي,بنين,507,17,524
1446,2025,الرياض,الرياض,إدارة التعليم بمحافظة الدوادمي,رياض الأطفال,أهلي,إدارة الإشراف التربوي,بنات,427,41,468
1446,2025,الرياض,الرياض,إدارة التعليم بمحافظة الدوادمي,رياض الأطفال,أهلي,مكتب التعليم بالسر,بنات,25,0,25
1446,2025,الرياض,الرياض,إدارة التعليم بمحافظة الدوادمي,رياض الأطفال,حكومي,إدارة الإشراف التربوي,بنات,1614,2,1616
1446,2025,الرياض,الرياض,إدارة التعليم بمحافظة الدوادمي,رياض الأطفال,حكومي,مكتب التعليم بالجمش والبجادية,بنات,667,3,670
1446,2025,الرياض,الرياض,إدارة التعليم بمحافظة الدوادمي,رياض الأطفال,حكومي,مكتب التعليم بالسر,بنات,527,2,529
1446,2025,الرياض,الرياض,إدارة التعليم بمحافظة الدوادمي,رياض الأطفال,حكومي,مكتب التعليم بنفي,بنات,352,0,352
1446,2025,الرياض,الرياض,إدارة التعليم بمحافظة الزلفي,المرحلة الإبتدائية,أهلي,إدارة الإشراف التربوي,بنات,237,9,246
1446,2025,الرياض,الرياض,إدارة التعليم بمحافظة الزلفي,المرحلة الإبتدائية,أهلي,إدارة الإشراف التربوي,بنين,300,2,302
1446,2025,الرياض,الرياض,إدارة التعليم بمحافظة الزلفي,المرحلة الإبتدائية,حكومي,إدارة الإشراف التربوي,بنات,4288,451,4739
1446,2025,الرياض,الرياض,إدارة التعليم بمحافظة الزلفي,المرحلة الإبتدائية,حكومي,إدارة الإشراف التربوي,بنين,2273,187,2460
1446,2025,الرياض,الرياض,إدارة التعليم بمحافظة الزلفي,المرحلة الثانوية,حكومي,إدارة الإشراف التربوي,بنات,1685,106,1791
1446,2025,الرياض,الرياض,إدارة التعليم بمحافظة الزلفي,المرحلة الثانوية,حكومي,إدارة الإشراف التربوي,بنين,1825,133,1958
1446,2025,الرياض,الرياض,إدارة التعليم بمحافظة الزلفي,المرحلة المتوسطة,حكومي,إدارة الإشراف التربوي,بنات,1686,127,1813
1446,2025,الرياض,الرياض,إدارة التعليم بمحافظة الزلفي,المرحلة المتوسطة,حكومي,إدارة الإشراف التربوي,بنين,1800,119,1919
1446,2025,الرياض,الرياض,إدارة التعليم بمحافظة الزلفي,رياض الأطفال,أهلي,إدارة الإشراف التربوي,بنات,644,26,670
1446,2025,الرياض,الرياض,إدارة التعليم بمحافظة الزلفي,رياض الأطفال,حكومي,إدارة الإشراف التربوي,بنات,924,1,925
1446,2025,الرياض,الرياض,إدارة التعليم بمحافظة الـغاط,المرحلة الإبتدائية,حكومي,إدارة الإشراف التربوي,بنات,632,92,724
1446,2025,الرياض,الرياض,إدارة التعليم بمحافظة الـغاط,المرحلة الإبتدائية,حكومي,إدارة الإشراف التربوي,بنين,269,36,305
1446,2025,الرياض,الرياض,إدارة التعليم بمحافظة الـغاط,المرحلة الثانوية,حكومي,إدارة الإشراف التربوي,بنات,210,23,233
1446,2025,الرياض,الرياض,إدارة التعليم بمحافظة الـغاط,المرحلة الثانوية,حكومي,إدارة الإشراف التربوي,بنين,170,28,198
1446,2025,الرياض,الرياض,إدارة التعليم بمحافظة الـغاط,المرحلة المتوسطة,حكومي,إدارة الإشراف التربوي,بنات,218,29,247
1446,2025,الرياض,الرياض,إدارة التعليم بمحافظة الـغاط,المرحلة المتوسطة,حكومي,إدارة الإشراف التربوي,بنين,220,33,253
1446,2025,الرياض,الرياض,إدارة التعليم بمحافظة الـغاط,رياض الأطفال,أهلي,إدارة الإشراف التربوي,بنات,44,7,51
1446,2025,الرياض,الرياض,إدارة التعليم بمحافظة الـغاط,رياض الأطفال,حكومي,إدارة الإشراف التربوي,بنات,155,3,158
1446,2025,الرياض,الرياض,إدارة التعليم بمحافظة القويعية,المرحلة الإبتدائية,أهلي,إدارة الإشراف التربوي,بنات,180,35,215
1446,2025,الرياض,الرياض,إدارة التعليم بمحافظة القويعية,المرحلة الإبتدائية,أهلي,إدارة الإشراف التربوي,بنين,113,18,131
1446,2025,الرياض,الرياض,إدارة التعليم بمحافظة القويعية,المرحلة الإبتدائية,أهلي,مكتب التعليم بالرويضة,بنين,71,2,73
1446,2025,الرياض,الرياض,إدارة التعليم بمحافظة القويعية,المرحلة الإبتدائية,أهلي,مكتب التعليم بالرين,بنين,30,1,31
1446,2025,الرياض,الرياض,إدارة التعليم بمحافظة القويعية,المرحلة الإبتدائية,حكومي,إدارة الإشراف التربوي,بنات,5014,447,5461
1446,2025,الرياض,الرياض,إدارة التعليم بمحافظة القويعية,المرحلة الإبتدائية,حكومي,إدارة الإشراف التربوي,بنين,1852,173,2025
1446,2025,الرياض,الرياض,إدارة التعليم بمحافظة القويعية,المرحلة الإبتدائية,حكومي,مكتب التعليم بالرويضة,بنات,1976,129,2105
1446,2025,الرياض,الرياض,إدارة التعليم بمحافظة القويعية,المرحلة الإبتدائية,حكومي,مكتب التعليم بالرويضة,بنين,562,48,610
1446,2025,الرياض,الرياض,إدارة التعليم بمحافظة القويعية,المرحلة الإبتدائية,حكومي,مكتب التعليم بالرين,بنات,1098,85,1183
1446,2025,الرياض,الرياض,إدارة التعليم بمحافظة القويعية,المرحلة الإبتدائية,حكومي,مكتب التعليم بالرين,بنين,510,33,543
1446,2025,الرياض,الرياض,إدارة التعليم بمحافظة القويعية,المرحلة الثانوية,أهلي,إدارة الإشراف التربوي,بنات,169,29,198
1446,2025,الرياض,الرياض,إدارة التعليم بمحافظة القويعية,المرحلة الثانوية,أهلي,إدارة الإشراف التربوي,بنين,283,35,318
1446,2025,الرياض,الرياض,إدارة التعليم بمحافظة القويعية,المرحلة الثانوية,أهلي,مكتب التعليم بالرويضة,بنين,102,1,103
1446,2025,الرياض,الرياض,إدارة التعليم بمحافظة القويعية,المرحلة الثانوية,أهلي,مكتب التعليم بالرين,بنين,9,0,9
1446,2025,الرياض,الرياض,إدارة التعليم بمحافظة القويعية,المرحلة الثانوية,حكومي,إدارة الإشراف التربوي,بنات,1525,103,1628
1446,2025,الرياض,الرياض,إدارة التعليم بمحافظة القويعية,المرحلة الثانوية,حكومي,إدارة الإشراف التربوي,بنين,1274,85,1359
1446,2025,الرياض,الرياض,إدارة التعليم بمحافظة القويعية,المرحلة الثانوية,حكومي,مكتب التعليم بالرويضة,بنات,585,43,628
1446,2025,الرياض,الرياض,إدارة التعليم بمحافظة القويعية,المرحلة الثانوية,حكومي,مكتب التعليم بالرويضة,بنين,655,41,696
1446,2025,الرياض,الرياض,إدارة التعليم بمحافظة القويعية,المرحلة الثانوية,حكومي,مكتب التعليم بالرين,بنات,395,19,414
1446,2025,الرياض,الرياض,إدارة التعليم بمحافظة القويعية,المرحلة الثانوية,حكومي,مكتب التعليم بالرين,بنين,528,15,543
1446,2025,الرياض,الرياض,إدارة التعليم بمحافظة القويعية,المرحلة المتوسطة,أهلي,إدارة الإشراف التربوي,بنات,51,10,61
1446,2025,الرياض,الرياض,إدارة التعليم بمحافظة القويعية,المرحلة المتوسطة,أهلي,إدارة الإشراف التربوي,بنين,72,9,81
1446,2025,الرياض,الرياض,إدارة التعليم بمحافظة القويعية,المرحلة المتوسطة,أهلي,مكتب التعليم بالرويضة,بنين,33,1,34
1446,2025,الرياض,الرياض,إدارة التعليم بمحافظة القويعية,المرحلة المتوسطة,أهلي,مكتب التعليم بالرين,بنين,10,0,10
1446,2025,الرياض,الرياض,إدارة التعليم بمحافظة القويعية,المرحلة المتوسطة,حكومي,إدارة الإشراف التربوي,بنات,1821,123,1944
1446,2025,الرياض,الرياض,إدارة التعليم بمحافظة القويعية,المرحلة المتوسطة,حكومي,إدارة الإشراف التربوي,بنين,1639,130,1769
1446,2025,الرياض,الرياض,إدارة التعليم بمحافظة القويعية,المرحلة المتوسطة,حكومي,مكتب التعليم بالرويضة,بنات,639,25,664
1446,2025,الرياض,الرياض,إدارة التعليم بمحافظة القويعية,المرحلة المتوسطة,حكومي,مكتب التعليم بالرويضة,بنين,599,41,640
1446,2025,الرياض,الرياض,إدارة التعليم بمحافظة القويعية,المرحلة المتوسطة,حكومي,مكتب التعليم بالرين,بنات,377,22,399
1446,2025,الرياض,الرياض,إدارة التعليم بمحافظة القويعية,المرحلة المتوسطة,حكومي,مكتب التعليم بالرين,بنين,455,24,479
1446,2025,الرياض,الرياض,إدارة التعليم بمحافظة القويعية,رياض الأطفال,أهلي,إدارة الإشراف التربوي,بنات,206,38,244
1446,2025,الرياض,الرياض,إدارة التعليم بمحافظة القويعية,رياض الأطفال,حكومي,إدارة الإشراف التربوي,بنات,986,0,986
1446,2025,الرياض,الرياض,إدارة التعليم بمحافظة القويعية,رياض الأطفال,حكومي,مكتب التعليم بالرويضة,بنات,444,2,446
1446,2025,الرياض,الرياض,إدارة التعليم بمحافظة القويعية,رياض الأطفال,حكومي,مكتب التعليم بالرين,بنات,217,0,217
1446,2025,الرياض,الرياض,إدارة التعليم بمحافظة المجمعة,المرحلة الإبتدائية,أهلي,إدارة الإشراف التربوي,بنات,257,18,275
1446,2025,الرياض,الرياض,إدارة التعليم بمحافظة المجمعة,المرحلة الإبتدائية,أهلي,إدارة الإشراف التربوي,بنين,470,46,516
1446,2025,الرياض,الرياض,إدارة التعليم بمحافظة المجمعة,المرحلة الإبتدائية,حكومي,إدارة الإشراف التربوي,بنات,8786,980,9766
1446,2025,الرياض,الرياض,إدارة التعليم بمحافظة المجمعة,المرحلة الإبتدائية,حكومي,إدارة الإشراف التربوي,بنين,4885,523,5408
1446,2025,الرياض,الرياض,إدارة التعليم بمحافظة المجمعة,المرحلة الإبتدائية,عالمي وأجنبي,إدارة الإشراف التربوي,بنات,47,146,193
1446,2025,الرياض,الرياض,إدارة التعليم بمحافظة المجمعة,المرحلة الإبتدائية,عالمي وأجنبي,إدارة الإشراف التربوي,بنين,56,166,222
1446,2025,الرياض,الرياض,إدارة التعليم بمحافظة المجمعة,المرحلة الثانوية,أهلي,إدارة الإشراف التربوي,بنات,76,5,81
1446,2025,الرياض,الرياض,إدارة التعليم بمحافظة المجمعة,المرحلة الثانوية,أهلي,إدارة الإشراف التربوي,بنين,546,27,573
1446,2025,الرياض,الرياض,إدارة التعليم بمحافظة المجمعة,المرحلة الثانوية,حكومي,إدارة الإشراف التربوي,بنات,3491,292,3783
1446,2025,الرياض,الرياض,إدارة التعليم بمحافظة المجمعة,المرحلة الثانوية,حكومي,إدارة الإشراف التربوي,بنين,3274,303,3577
1446,2025,الرياض,الرياض,إدارة التعليم بمحافظة المجمعة,المرحلة الثانوية,عالمي وأجنبي,إدارة الإشراف التربوي,بنين,0,0,0
1446,2025,الرياض,الرياض,إدارة التعليم بمحافظة المجمعة,المرحلة المتوسطة,أهلي,إدارة الإشراف التربوي,بنات,47,3,50
1446,2025,الرياض,الرياض,إدارة التعليم بمحافظة المجمعة,المرحلة المتوسطة,أهلي,إدارة الإشراف التربوي,بنين,197,18,215
1446,2025,الرياض,الرياض,إدارة التعليم بمحافظة المجمعة,المرحلة المتوسطة,حكومي,إدارة الإشراف التربوي,بنات,3460,320,3780
1446,2025,الرياض,الرياض,إدارة التعليم بمحافظة المجمعة,المرحلة المتوسطة,حكومي,إدارة الإشراف التربوي,بنين,3476,322,3798
1446,2025,الرياض,الرياض,إدارة التعليم بمحافظة المجمعة,المرحلة المتوسطة,عالمي وأجنبي,إدارة الإشراف التربوي,بنات,5,50,55
1446,2025,الرياض,الرياض,إدارة التعليم بمحافظة المجمعة,المرحلة المتوسطة,عالمي وأجنبي,إدارة الإشراف التربوي,بنين,13,43,56
1446,2025,الرياض,الرياض,إدارة التعليم بمحافظة المجمعة,رياض الأطفال,أهلي,إدارة الإشراف التربوي,بنات,625,32,657
1446,2025,الرياض,الرياض,إدارة التعليم بمحافظة المجمعة,رياض الأطفال,حكومي,إدارة الإشراف التربوي,بنات,1642,3,1645
1446,2025,الرياض,الرياض,إدارة التعليم بمحافظة المجمعة,رياض الأطفال,عالمي وأجنبي,إدارة الإشراف التربوي,بنات,22,67,89
1446,2025,الرياض,الرياض,إدارة التعليم بمحافظة شقراء,المرحلة الإبتدائية,أهلي,إدارة الإشراف التربوي,بنات,43,3,46
1446,2025,الرياض,الرياض,إدارة التعليم بمحافظة شقراء,المرحلة الإبتدائية,أهلي,إدارة الإشراف التربوي,بنين,131,8,139
1446,2025,الرياض,الرياض,إدارة التعليم بمحافظة شقراء,المرحلة الإبتدائية,حكومي,إدارة الإشراف التربوي,بنات,3549,595,4144
1446,2025,الرياض,الرياض,إدارة التعليم بمحافظة شقراء,المرحلة الإبتدائية,حكومي,إدارة الإشراف التربوي,بنين,1199,216,1415
1446,2025,الرياض,الرياض,إدارة التعليم بمحافظة شقراء,المرحلة الثانوية,أهلي,إدارة الإشراف التربوي,بنين,201,26,227
1446,2025,الرياض,الرياض,إدارة التعليم بمحافظة شقراء,المرحلة الثانوية,حكومي,إدارة الإشراف التربوي,بنات,1233,134,1367
1446,2025,الرياض,الرياض,إدارة التعليم بمحافظة شقراء,المرحلة الثانوية,حكومي,إدارة الإشراف التربوي,بنين,1220,127,1347
1446,2025,الرياض,الرياض,إدارة التعليم بمحافظة شقراء,المرحلة المتوسطة,أهلي,إدارة الإشراف التربوي,بنين,37,5,42
1446,2025,الرياض,الرياض,إدارة التعليم بمحافظة شقراء,المرحلة المتوسطة,حكومي,إدارة الإشراف التربوي,بنات,1192,181,1373
1446,2025,الرياض,الرياض,إدارة التعليم بمحافظة شقراء,المرحلة المتوسطة,حكومي,إدارة الإشراف التربوي,بنين,1284,157,1441
1446,2025,الرياض,الرياض,إدارة التعليم بمحافظة شقراء,رياض الأطفال,أهلي,إدارة الإشراف التربوي,بنات,162,26,188
1446,2025,الرياض,الرياض,إدارة التعليم بمحافظة شقراء,رياض الأطفال,حكومي,إدارة الإشراف التربوي,بنات,850,2,852
1446,2025,الرياض,الرياض,إدارة التعليم بمحافظة عفيف,المرحلة الإبتدائية,أهلي,إدارة الإشراف التربوي,بنات,444,29,473
1446,2025,الرياض,الرياض,إدارة التعليم بمحافظة عفيف,المرحلة الإبتدائية,أهلي,إدارة الإشراف التربوي,بنين,321,5,326
1446,2025,الرياض,الرياض,إدارة التعليم بمحافظة عفيف,المرحلة الإبتدائية,حكومي,إدارة الإشراف التربوي,بنات,4889,293,5182
1446,2025,الرياض,الرياض,إدارة التعليم بمحافظة عفيف,المرحلة الإبتدائية,حكومي,إدارة الإشراف التربوي,بنين,1995,144,2139
1446,2025,الرياض,الرياض,إدارة التعليم بمحافظة عفيف,المرحلة الثانوية,أهلي,إدارة الإشراف التربوي,بنات,159,18,177
1446,2025,الرياض,الرياض,إدارة التعليم بمحافظة عفيف,المرحلة الثانوية,أهلي,إدارة الإشراف التربوي,بنين,594,13,607
1446,2025,الرياض,الرياض,إدارة التعليم بمحافظة عفيف,المرحلة الثانوية,حكومي,إدارة الإشراف التربوي,بنات,1764,64,1828
1446,2025,الرياض,الرياض,إدارة التعليم بمحافظة عفيف,المرحلة الثانوية,حكومي,إدارة الإشراف التربوي,بنين,1325,65,1390
1446,2025,الرياض,الرياض,إدارة التعليم بمحافظة عفيف,المرحلة المتوسطة,أهلي,إدارة الإشراف التربوي,بنات,101,5,106
1446,2025,الرياض,الرياض,إدارة التعليم بمحافظة عفيف,المرحلة المتوسطة,أهلي,إدارة الإشراف التربوي,بنين,228,7,235
1446,2025,الرياض,الرياض,إدارة التعليم بمحافظة عفيف,المرحلة المتوسطة,حكومي,إدارة الإشراف التربوي,بنات,1839,83,1922
1446,2025,الرياض,الرياض,إدارة التعليم بمحافظة عفيف,المرحلة المتوسطة,حكومي,إدارة الإشراف التربوي,بنين,1679,86,1765
1446,2025,الرياض,الرياض,إدارة التعليم بمحافظة عفيف,رياض الأطفال,أهلي,إدارة الإشراف التربوي,بنات,158,24,182
1446,2025,الرياض,الرياض,إدارة التعليم بمحافظة عفيف,رياض الأطفال,حكومي,إدارة الإشراف التربوي,بنات,1008,0,1008
1446,2025,الرياض,الرياض,إدارة التعليم بمحافظة وادي الدواسر,المرحلة الإبتدائية,أهلي,إدارة الإشراف التربوي,بنات,507,27,534
1446,2025,الرياض,الرياض,إدارة التعليم بمحافظة وادي الدواسر,المرحلة الإبتدائية,أهلي,إدارة الإشراف التربوي,بنين,479,31,510
1446,2025,الرياض,الرياض,إدارة التعليم بمحافظة وادي الدواسر,المرحلة الإبتدائية,أهلي,مكتب التعليم بالسليل,بنات,40,2,42
1446,2025,الرياض,الرياض,إدارة التعليم بمحافظة وادي الدواسر,المرحلة الإبتدائية,أهلي,مكتب التعليم بالسليل,بنين,71,2,73
1446,2025,الرياض,الرياض,إدارة التعليم بمحافظة وادي الدواسر,المرحلة الإبتدائية,حكومي,إدارة الإشراف التربوي,بنات,7335,520,7855
1446,2025,الرياض,الرياض,إدارة التعليم بمحافظة وادي الدواسر,المرحلة الإبتدائية,حكومي,إدارة الإشراف التربوي,بنين,4317,324,4641
1446,2025,الرياض,الرياض,إدارة التعليم بمحافظة وادي الدواسر,المرحلة الإبتدائية,حكومي,مكتب التعليم بالسليل,بنات,2560,222,2782
1446,2025,الرياض,الرياض,إدارة التعليم بمحافظة وادي الدواسر,المرحلة الإبتدائية,حكومي,مكتب التعليم بالسليل,بنين,1346,114,1460
1446,2025,الرياض,الرياض,إدارة التعليم بمحافظة وادي الدواسر,المرحلة الإبتدائية,عالمي وأجنبي,إدارة الإشراف التربوي,بنات,30,104,134
1446,2025,الرياض,الرياض,إدارة التعليم بمحافظة وادي الدواسر,المرحلة الإبتدائية,عالمي وأجنبي,إدارة الإشراف التربوي,بنين,21,121,142
1446,2025,الرياض,الرياض,إدارة التعليم بمحافظة وادي الدواسر,المرحلة الثانوية,أهلي,إدارة الإشراف التربوي,بنات,28,30,58
1446,2025,الرياض,الرياض,إدارة التعليم بمحافظة وادي الدواسر,المرحلة الثانوية,أهلي,إدارة الإشراف التربوي,بنين,356,51,407
1446,2025,الرياض,الرياض,إدارة التعليم بمحافظة وادي الدواسر,المرحلة الثانوية,أهلي,مكتب التعليم بالسليل,بنين,17,0,17
1446,2025,الرياض,الرياض,إدارة التعليم بمحافظة وادي الدواسر,المرحلة الثانوية,حكومي,إدارة الإشراف التربوي,بنات,2900,133,3033
1446,2025,الرياض,الرياض,إدارة التعليم بمحافظة وادي الدواسر,المرحلة الثانوية,حكومي,إدارة الإشراف التربوي,بنين,2670,150,2820
1446,2025,الرياض,الرياض,إدارة التعليم بمحافظة وادي الدواسر,المرحلة الثانوية,حكومي,مكتب التعليم بالسليل,بنات,925,49,974
1446,2025,الرياض,الرياض,إدارة التعليم بمحافظة وادي الدواسر,المرحلة الثانوية,حكومي,مكتب التعليم بالسليل,بنين,967,61,1028
1446,2025,الرياض,الرياض,إدارة التعليم بمحافظة وادي الدواسر,المرحلة المتوسطة,أهلي,إدارة الإشراف التربوي,بنات,34,3,37
1446,2025,الرياض,الرياض,إدارة التعليم بمحافظة وادي الدواسر,المرحلة المتوسطة,أهلي,إدارة الإشراف التربوي,بنين,220,7,227
1446,2025,الرياض,الرياض,إدارة التعليم بمحافظة وادي الدواسر,المرحلة المتوسطة,أهلي,مكتب التعليم بالسليل,بنين,56,1,57
1446,2025,الرياض,الرياض,إدارة التعليم بمحافظة وادي الدواسر,المرحلة المتوسطة,حكومي,إدارة الإشراف التربوي,بنات,2920,209,3129
1446,2025,الرياض,الرياض,إدارة التعليم بمحافظة وادي الدواسر,المرحلة المتوسطة,حكومي,إدارة الإشراف التربوي,بنين,2875,150,3025
1446,2025,الرياض,الرياض,إدارة التعليم بمحافظة وادي الدواسر,المرحلة المتوسطة,حكومي,مكتب التعليم بالسليل,بنات,978,71,1049
1446,2025,الرياض,الرياض,إدارة التعليم بمحافظة وادي الدواسر,المرحلة المتوسطة,حكومي,مكتب التعليم بالسليل,بنين,972,62,1034
1446,2025,الرياض,الرياض,إدارة التعليم بمحافظة وادي الدواسر,المرحلة المتوسطة,عالمي وأجنبي,إدارة الإشراف التربوي,بنات,6,17,23
1446,2025,الرياض,الرياض,إدارة التعليم بمحافظة وادي الدواسر,المرحلة المتوسطة,عالمي وأجنبي,إدارة الإشراف التربوي,بنين,3,48,51
1446,2025,الرياض,الرياض,إدارة التعليم بمحافظة وادي الدواسر,رياض الأطفال,أهلي,إدارة الإشراف التربوي,بنات,387,25,412
1446,2025,الرياض,الرياض,إدارة التعليم بمحافظة وادي الدواسر,رياض الأطفال,أهلي,مكتب التعليم بالسليل,بنات,162,26,188
1446,2025,الرياض,الرياض,إدارة التعليم بمحافظة وادي الدواسر,رياض الأطفال,حكومي,إدارة الإشراف التربوي,بنات,1637,0,1637
1446,2025,الرياض,الرياض,إدارة التعليم بمحافظة وادي الدواسر,رياض الأطفال,حكومي,مكتب التعليم بالسليل,بنات,505,0,505
1446,2025,الرياض,الرياض,إدارة التعليم بمحافظة وادي الدواسر,رياض الأطفال,عالمي وأجنبي,إدارة الإشراف التربوي,بنات,43,39,82
1446,2025,الرياض,الرياض,إدارة التعليم بمحافظتي حوطة بني تميم والحريق,المرحلة الإبتدائية,حكومي,إدارة الإشراف التربوي,بنات,3949,366,4315
1446,2025,الرياض,الرياض,إدارة التعليم بمحافظتي حوطة بني تميم والحريق,المرحلة الإبتدائية,حكومي,إدارة الإشراف التربوي,بنين,1776,109,1885
1446,2025,الرياض,الرياض,إدارة التعليم بمحافظتي حوطة بني تميم والحريق,المرحلة الثانوية,حكومي,إدارة الإشراف التربوي,بنات,1283,80,1363
1446,2025,الرياض,الرياض,إدارة التعليم بمحافظتي حوطة بني تميم والحريق,المرحلة الثانوية,حكومي,إدارة الإشراف التربوي,بنين,1219,81,1300
1446,2025,الرياض,الرياض,إدارة التعليم بمحافظتي حوطة بني تميم والحريق,المرحلة المتوسطة,حكومي,إدارة الإشراف التربوي,بنات,1421,95,1516
1446,2025,الرياض,الرياض,إدارة التعليم بمحافظتي حوطة بني تميم والحريق,المرحلة المتوسطة,حكومي,إدارة الإشراف التربوي,بنين,1473,82,1555
1446,2025,الرياض,الرياض,إدارة التعليم بمحافظتي حوطة بني تميم والحريق,رياض الأطفال,أهلي,إدارة الإشراف التربوي,بنات,192,12,204
1446,2025,الرياض,الرياض,إدارة التعليم بمحافظتي حوطة بني تميم والحريق,رياض الأطفال,حكومي,إدارة الإشراف التربوي,بنات,820,0,820
1446,2025,الرياض,الرياض,الإدارة العامة للتعليم بمنطقة الرياض,المرحلة الإبتدائية,أهلي,,بنات,0,0,0
1446,2025,الرياض,الرياض,الإدارة العامة للتعليم بمنطقة الرياض,المرحلة الإبتدائية,أهلي,,بنين,0,0,0
1446,2025,الرياض,الرياض,الإدارة العامة للتعليم بمنطقة الرياض,المرحلة الإبتدائية,أهلي,مكتب التعليم بالدرعية,بنات,17,4,21
1446,2025,الرياض,الرياض,الإدارة العامة للتعليم بمنطقة الرياض,المرحلة الإبتدائية,أهلي,مكتب التعليم بالروضة,بنات,4487,667,5154
1446,2025,الرياض,الرياض,الإدارة العامة للتعليم بمنطقة الرياض,المرحلة الإبتدائية,أهلي,مكتب التعليم بالروضة,بنين,4229,563,4792
1446,2025,الرياض,الرياض,الإدارة العامة للتعليم بمنطقة الرياض,المرحلة الإبتدائية,أهلي,مكتب التعليم بالسلي,بنات,736,526,1262
1446,2025,الرياض,الرياض,الإدارة العامة للتعليم بمنطقة الرياض,المرحلة الإبتدائية,أهلي,مكتب التعليم بالسلي,بنين,478,164,642
1446,2025,الرياض,الرياض,الإدارة العامة للتعليم بمنطقة الرياض,المرحلة الإبتدائية,أهلي,مكتب التعليم بالشفا,بنات,2197,720,2917
1446,2025,الرياض,الرياض,الإدارة العامة للتعليم بمنطقة الرياض,المرحلة الإبتدائية,أهلي,مكتب التعليم بالشفا,بنين,3302,1113,4415
1446,2025,الرياض,الرياض,الإدارة العامة للتعليم بمنطقة الرياض,المرحلة الإبتدائية,أهلي,مكتب التعليم بالعارض,بنات,9504,421,9925
1446,2025,الرياض,الرياض,الإدارة العامة للتعليم بمنطقة الرياض,المرحلة الإبتدائية,أهلي,مكتب التعليم بالعارض,بنين,8382,333,8715
1446,2025,الرياض,الرياض,الإدارة العامة للتعليم بمنطقة الرياض,المرحلة الإبتدائية,أهلي,مكتب التعليم بالعريجاء,بنات,3361,329,3690
1446,2025,الرياض,الرياض,الإدارة العامة للتعليم بمنطقة الرياض,المرحلة الإبتدائية,أهلي,مكتب التعليم بالعريجاء,بنين,3095,283,3378
1446,2025,الرياض,الرياض,الإدارة العامة للتعليم بمنطقة الرياض,المرحلة الإبتدائية,أهلي,مكتب التعليم بالعليا,بنات,8266,1151,9417
1446,2025,الرياض,الرياض,الإدارة العامة للتعليم بمنطقة الرياض,المرحلة الإبتدائية,أهلي,مكتب التعليم بالعليا,بنين,3783,844,4627
1446,2025,الرياض,الرياض,الإدارة العامة للتعليم بمنطقة الرياض,المرحلة الإبتدائية,أهلي,مكتب التعليم بالمزاحمية وضرما,بنات,116,18,134
1446,2025,الرياض,الرياض,الإدارة العامة للتعليم بمنطقة الرياض,المرحلة الإبتدائية,أهلي,مكتب التعليم بالمزاحمية وضرما,بنين,388,46,434
1446,2025,الرياض,الرياض,الإدارة العامة للتعليم بمنطقة الرياض,المرحلة الإبتدائية,أهلي,مكتب التعليم بالملز,بنات,1234,781,2015
1446,2025,الرياض,الرياض,الإدارة العامة للتعليم بمنطقة الرياض,المرحلة الإبتدائية,أهلي,مكتب التعليم بالملز,بنين,1013,1115,2128
1446,2025,الرياض,الرياض,الإدارة العامة للتعليم بمنطقة الرياض,المرحلة الإبتدائية,أهلي,مكتب التعليم بالنسيم,بنات,4452,550,5002
1446,2025,الرياض,الرياض,الإدارة العامة للتعليم بمنطقة الرياض,المرحلة الإبتدائية,أهلي,مكتب التعليم بالنسيم,بنين,4473,670,5143
1446,2025,الرياض,الرياض,الإدارة العامة للتعليم بمنطقة الرياض,المرحلة الإبتدائية,أهلي,مكتب التعليم برماح,بنات,55,10,65
1446,2025,الرياض,الرياض,الإدارة العامة للتعليم بمنطقة الرياض,المرحلة الإبتدائية,أهلي,مكتب التعليم برماح,بنين,129,20,149
1446,2025,الرياض,الرياض,الإدارة العامة للتعليم بمنطقة الرياض,المرحلة الإبتدائية,أهلي,مكتب التعليم بطويق,بنات,7348,620,7968
1446,2025,الرياض,الرياض,الإدارة العامة للتعليم بمنطقة الرياض,المرحلة الإبتدائية,أهلي,مكتب التعليم بطويق,بنين,6599,364,6963
1446,2025,الرياض,الرياض,الإدارة العامة للتعليم بمنطقة الرياض,المرحلة الإبتدائية,أهلي,مكتب التعليم بقرطبة,بنات,9145,781,9926
1446,2025,الرياض,الرياض,الإدارة العامة للتعليم بمنطقة الرياض,المرحلة الإبتدائية,أهلي,مكتب التعليم بقرطبة,بنين,6547,508,7055
1446,2025,الرياض,الرياض,الإدارة العامة للتعليم بمنطقة الرياض,المرحلة الإبتدائية,حكومي,معهد العاصمة,بنين,797,24,821
1446,2025,الرياض,الرياض,الإدارة العامة للتعليم بمنطقة الرياض,المرحلة الإبتدائية,حكومي,مكتب التعليم بالدرعية,بنات,4880,996,5876
1446,2025,الرياض,الرياض,الإدارة العامة للتعليم بمنطقة الرياض,المرحلة الإبتدائية,حكومي,مكتب التعليم بالدرعية,بنين,2208,409,2617
1446,2025,الرياض,الرياض,الإدارة العامة للتعليم بمنطقة الرياض,المرحلة الإبتدائية,حكومي,مكتب التعليم بالروضة,بنات,17669,3188,20857
1446,2025,الرياض,الرياض,الإدارة العامة للتعليم بمنطقة الرياض,المرحلة الإبتدائية,حكومي,مكتب التعليم بالروضة,بنين,10399,2653,13052
1446,2025,الرياض,الرياض,الإدارة العامة للتعليم بمنطقة الرياض,المرحلة الإبتدائية,حكومي,مكتب التعليم بالسلي,بنات,14614,2515,17129
1446,2025,الرياض,الرياض,الإدارة العامة للتعليم بمنطقة الرياض,المرحلة الإبتدائية,حكومي,مكتب التعليم بالسلي,بنين,5643,1549,7192
1446,2025,الرياض,الرياض,الإدارة العامة للتعليم بمنطقة الرياض,المرحلة الإبتدائية,حكومي,مكتب التعليم بالشفا,بنات,27753,6169,33922
1446,2025,الرياض,الرياض,الإدارة العامة للتعليم بمنطقة الرياض,المرحلة الإبتدائية,حكومي,مكتب التعليم بالشفا,بنين,16626,3926,20552
1446,2025,الرياض,الرياض,الإدارة العامة للتعليم بمنطقة الرياض,المرحلة الإبتدائية,حكومي,مكتب التعليم بالعارض,بنات,14356,475,14831
1446,2025,الرياض,الرياض,الإدارة العامة للتعليم بمنطقة الرياض,المرحلة الإبتدائية,حكومي,مكتب التعليم بالعارض,بنين,8689,674,9363
1446,2025,الرياض,الرياض,الإدارة العامة للتعليم بمنطقة الرياض,المرحلة الإبتدائية,حكومي,مكتب التعليم بالعريجاء,بنات,17606,5334,22940
1446,2025,الرياض,الرياض,الإدارة العامة للتعليم بمنطقة الرياض,المرحلة الإبتدائية,حكومي,مكتب التعليم بالعريجاء,بنين,8561,2810,11371
1446,2025,الرياض,الرياض,الإدارة العامة للتعليم بمنطقة الرياض,المرحلة الإبتدائية,حكومي,مكتب التعليم بالعليا,بنات,9890,5821,15711
1446,2025,الرياض,الرياض,الإدارة العامة للتعليم بمنطقة الرياض,المرحلة الإبتدائية,حكومي,مكتب التعليم بالعليا,بنين,4424,2286,6710
1446,2025,الرياض,الرياض,الإدارة العامة للتعليم بمنطقة الرياض,المرحلة الإبتدائية,حكومي,مكتب التعليم بالمزاحمية وضرما,بنات,6777,534,7311
1446,2025,الرياض,الرياض,الإدارة العامة للتعليم بمنطقة الرياض,المرحلة الإبتدائية,حكومي,مكتب التعليم بالمزاحمية وضرما,بنين,2283,186,2469
1446,2025,الرياض,الرياض,الإدارة العامة للتعليم بمنطقة الرياض,المرحلة الإبتدائية,حكومي,مكتب التعليم بالملز,بنات,8136,16450,24586
1446,2025,الرياض,الرياض,الإدارة العامة للتعليم بمنطقة الرياض,المرحلة الإبتدائية,حكومي,مكتب التعليم بالملز,بنين,3589,8869,12458
1446,2025,الرياض,الرياض,الإدارة العامة للتعليم بمنطقة الرياض,المرحلة الإبتدائية,حكومي,مكتب التعليم بالنسيم,بنات,18194,4712,22906
1446,2025,الرياض,الرياض,الإدارة العامة للتعليم بمنطقة الرياض,المرحلة الإبتدائية,حكومي,مكتب التعليم بالنسيم,بنين,10299,3032,13331
1446,2025,الرياض,الرياض,الإدارة العامة للتعليم بمنطقة الرياض,المرحلة الإبتدائية,حكومي,مكتب التعليم بثادق وحريملاء,بنات,1824,309,2133
1446,2025,الرياض,الرياض,الإدارة العامة للتعليم بمنطقة الرياض,المرحلة الإبتدائية,حكومي,مكتب التعليم بثادق وحريملاء,بنين,1319,227,1546
1446,2025,الرياض,الرياض,الإدارة العامة للتعليم بمنطقة الرياض,المرحلة الإبتدائية,حكومي,مكتب التعليم برماح,بنات,2283,240,2523
1446,2025,الرياض,الرياض,الإدارة العامة للتعليم بمنطقة الرياض,المرحلة الإبتدائية,حكومي,مكتب التعليم برماح,بنين,1499,210,1709
1446,2025,الرياض,الرياض,الإدارة العامة للتعليم بمنطقة الرياض,المرحلة الإبتدائية,حكومي,مكتب التعليم بطويق,بنات,46499,3017,49516
1446,2025,الرياض,الرياض,الإدارة العامة للتعليم بمنطقة الرياض,المرحلة الإبتدائية,حكومي,مكتب التعليم بطويق,بنين,21614,1928,23542
1446,2025,الرياض,الرياض,الإدارة العامة للتعليم بمنطقة الرياض,المرحلة الإبتدائية,حكومي,مكتب التعليم بقرطبة,بنات,31035,3037,34072
1446,2025,الرياض,الرياض,الإدارة العامة للتعليم بمنطقة الرياض,المرحلة الإبتدائية,حكومي,مكتب التعليم بقرطبة,بنين,19835,3313,23148
1446,2025,الرياض,الرياض,الإدارة العامة للتعليم بمنطقة الرياض,المرحلة الإبتدائية,عالمي وأجنبي,مكتب التعليم العالمي والأجنبي بالرياض - بنات,بنات,34759,52819,87578
1446,2025,الرياض,الرياض,الإدارة العامة للتعليم بمنطقة الرياض,المرحلة الإبتدائية,عالمي وأجنبي,مكتب التعليم العالمي والأجنبي بالرياض - بنات,بنين,9322,21779,31101
1446,2025,الرياض,الرياض,الإدارة العامة للتعليم بمنطقة الرياض,المرحلة الثانوية,أهلي,,بنات,0,0,0
1446,2025,الرياض,الرياض,الإدارة العامة للتعليم بمنطقة الرياض,المرحلة الثانوية,أهلي,,بنين,0,0,0
1446,2025,الرياض,الرياض,الإدارة العامة للتعليم بمنطقة الرياض,المرحلة الثانوية,أهلي,مكتب التعليم بالروضة,بنات,2943,372,3315
1446,2025,الرياض,الرياض,الإدارة العامة للتعليم بمنطقة الرياض,المرحلة الثانوية,أهلي,مكتب التعليم بالروضة,بنين,4138,431,4569
1446,2025,الرياض,الرياض,الإدارة العامة للتعليم بمنطقة الرياض,المرحلة الثانوية,أهلي,مكتب التعليم بالسلي,بنات,564,156,720
1446,2025,الرياض,الرياض,الإدارة العامة للتعليم بمنطقة الرياض,المرحلة الثانوية,أهلي,مكتب التعليم بالسلي,بنين,951,145,1096
1446,2025,الرياض,الرياض,الإدارة العامة للتعليم بمنطقة الرياض,المرحلة الثانوية,أهلي,مكتب التعليم بالشفا,بنات,1350,427,1777
1446,2025,الرياض,الرياض,الإدارة العامة للتعليم بمنطقة الرياض,المرحلة الثانوية,أهلي,مكتب التعليم بالشفا,بنين,3147,713,3860
1446,2025,الرياض,الرياض,الإدارة العامة للتعليم بمنطقة الرياض,المرحلة الثانوية,أهلي,مكتب التعليم بالعارض,بنات,4885,169,5054
1446,2025,الرياض,الرياض,الإدارة العامة للتعليم بمنطقة الرياض,المرحلة الثانوية,أهلي,مكتب التعليم بالعارض,بنين,6616,250,6866
1446,2025,الرياض,الرياض,الإدارة العامة للتعليم بمنطقة الرياض,المرحلة الثانوية,أهلي,مكتب التعليم بالعريجاء,بنات,2464,325,2789
1446,2025,الرياض,الرياض,الإدارة العامة للتعليم بمنطقة الرياض,المرحلة الثانوية,أهلي,مكتب التعليم بالعريجاء,بنين,3712,338,4050
1446,2025,الرياض,الرياض,الإدارة العامة للتعليم بمنطقة الرياض,المرحلة الثانوية,أهلي,مكتب التعليم بالعليا,بنات,5189,1600,6789
1446,2025,الرياض,الرياض,الإدارة العامة للتعليم بمنطقة الرياض,المرحلة الثانوية,أهلي,مكتب التعليم بالعليا,بنين,5087,1488,6575
1446,2025,الرياض,الرياض,الإدارة العامة للتعليم بمنطقة الرياض,المرحلة الثانوية,أهلي,مكتب التعليم بالمزاحمية وضرما,بنات,277,12,289
1446,2025,الرياض,الرياض,الإدارة العامة للتعليم بمنطقة الرياض,المرحلة الثانوية,أهلي,مكتب التعليم بالمزاحمية وضرما,بنين,589,22,611
1446,2025,الرياض,الرياض,الإدارة العامة للتعليم بمنطقة الرياض,المرحلة الثانوية,أهلي,مكتب التعليم بالملز,بنات,930,720,1650
1446,2025,الرياض,الرياض,الإدارة العامة للتعليم بمنطقة الرياض,المرحلة الثانوية,أهلي,مكتب التعليم بالملز,بنين,1380,1636,3016
1446,2025,الرياض,الرياض,الإدارة العامة للتعليم بمنطقة الرياض,المرحلة الثانوية,أهلي,مكتب التعليم بالنسيم,بنات,2495,404,2899
1446,2025,الرياض,الرياض,الإدارة العامة للتعليم بمنطقة الرياض,المرحلة الثانوية,أهلي,مكتب التعليم بالنسيم,بنين,4722,515,5237
1446,2025,الرياض,الرياض,الإدارة العامة للتعليم بمنطقة الرياض,المرحلة الثانوية,أهلي,مكتب التعليم برماح,بنين,255,8,263
1446,2025,الرياض,الرياض,الإدارة العامة للتعليم بمنطقة الرياض,المرحلة الثانوية,أهلي,مكتب التعليم بطويق,بنات,2851,181,3032
1446,2025,الرياض,الرياض,الإدارة العامة للتعليم بمنطقة الرياض,المرحلة الثانوية,أهلي,مكتب التعليم بطويق,بنين,4613,198,4811
1446,2025,الرياض,الرياض,الإدارة العامة للتعليم بمنطقة الرياض,المرحلة الثانوية,أهلي,مكتب التعليم بقرطبة,بنات,3530,192,3722
1446,2025,الرياض,الرياض,الإدارة العامة للتعليم بمنطقة الرياض,المرحلة الثانوية,أهلي,مكتب التعليم بقرطبة,بنين,5522,246,5768
1446,2025,الرياض,الرياض,الإدارة العامة للتعليم بمنطقة الرياض,المرحلة الثانوية,حكومي,معهد العاصمة,بنين,509,22,531
1446,2025,الرياض,الرياض,الإدارة العامة للتعليم بمنطقة الرياض,المرحلة الثانوية,حكومي,مكتب التعليم بالدرعية,بنات,1786,334,2120
1446,2025,الرياض,الرياض,الإدارة العامة للتعليم بمنطقة الرياض,المرحلة الثانوية,حكومي,مكتب التعليم بالدرعية,بنين,2058,334,2392
1446,2025,الرياض,الرياض,الإدارة العامة للتعليم بمنطقة الرياض,المرحلة الثانوية,حكومي,مكتب التعليم بالروضة,بنات,6823,1551,8374
1446,2025,الرياض,الرياض,الإدارة العامة للتعليم بمنطقة الرياض,المرحلة الثانوية,حكومي,مكتب التعليم بالروضة,بنين,5827,1249,7076
1446,2025,الرياض,الرياض,الإدارة العامة للتعليم بمنطقة الرياض,المرحلة الثانوية,حكومي,مكتب التعليم بالسلي,بنات,4850,1017,5867
1446,2025,الرياض,الرياض,الإدارة العامة للتعليم بمنطقة الرياض,المرحلة الثانوية,حكومي,مكتب التعليم بالسلي,بنين,4102,1159,5261
1446,2025,الرياض,الرياض,الإدارة العامة للتعليم بمنطقة الرياض,المرحلة الثانوية,حكومي,مكتب التعليم بالشفا,بنات,10482,2070,12552
1446,2025,الرياض,الرياض,الإدارة العامة للتعليم بمنطقة الرياض,المرحلة الثانوية,حكومي,مكتب التعليم بالشفا,بنين,9269,1801,11070
1446,2025,الرياض,الرياض,الإدارة العامة للتعليم بمنطقة الرياض,المرحلة الثانوية,حكومي,مكتب التعليم بالعارض,بنات,5758,108,5866
1446,2025,الرياض,الرياض,الإدارة العامة للتعليم بمنطقة الرياض,المرحلة الثانوية,حكومي,مكتب التعليم بالعارض,بنين,4782,371,5153
1446,2025,الرياض,الرياض,الإدارة العامة للتعليم بمنطقة الرياض,المرحلة الثانوية,حكومي,مكتب التعليم بالعريجاء,بنات,6850,1762,8612
1446,2025,الرياض,الرياض,الإدارة العامة للتعليم بمنطقة الرياض,المرحلة الثانوية,حكومي,مكتب التعليم بالعريجاء,بنين,6984,1859,8843
1446,2025,الرياض,الرياض,الإدارة العامة للتعليم بمنطقة الرياض,المرحلة الثانوية,حكومي,مكتب التعليم بالعليا,بنات,4160,2693,6853
1446,2025,الرياض,الرياض,الإدارة العامة للتعليم بمنطقة الرياض,المرحلة الثانوية,حكومي,مكتب التعليم بالعليا,بنين,3721,2155,5876
1446,2025,الرياض,الرياض,الإدارة العامة للتعليم بمنطقة الرياض,المرحلة الثانوية,حكومي,مكتب التعليم بالمزاحمية وضرما,بنات,1881,176,2057
1446,2025,الرياض,الرياض,الإدارة العامة للتعليم بمنطقة الرياض,المرحلة الثانوية,حكومي,مكتب التعليم بالمزاحمية وضرما,بنين,1659,157,1816
1446,2025,الرياض,الرياض,الإدارة العامة للتعليم بمنطقة الرياض,المرحلة الثانوية,حكومي,مكتب التعليم بالملز,بنات,2983,6107,9090
1446,2025,الرياض,الرياض,الإدارة العامة للتعليم بمنطقة الرياض,المرحلة الثانوية,حكومي,مكتب التعليم بالملز,بنين,2983,6040,9023
1446,2025,الرياض,الرياض,الإدارة العامة للتعليم بمنطقة الرياض,المرحلة الثانوية,حكومي,مكتب التعليم بالنسيم,بنات,6494,1879,8373
1446,2025,الرياض,الرياض,الإدارة العامة للتعليم بمنطقة الرياض,المرحلة الثانوية,حكومي,مكتب التعليم بالنسيم,بنين,5764,2055,7819
1446,2025,الرياض,الرياض,الإدارة العامة للتعليم بمنطقة الرياض,المرحلة الثانوية,حكومي,مكتب التعليم بثادق وحريملاء,بنات,769,85,854
1446,2025,الرياض,الرياض,الإدارة العامة للتعليم بمنطقة الرياض,المرحلة الثانوية,حكومي,مكتب التعليم بثادق وحريملاء,بنين,768,86,854
1446,2025,الرياض,الرياض,الإدارة العامة للتعليم بمنطقة الرياض,المرحلة الثانوية,حكومي,مكتب التعليم برماح,بنات,962,78,1040
1446,2025,الرياض,الرياض,الإدارة العامة للتعليم بمنطقة الرياض,المرحلة الثانوية,حكومي,مكتب التعليم برماح,بنين,738,46,784
1446,2025,الرياض,الرياض,الإدارة العامة للتعليم بمنطقة الرياض,المرحلة الثانوية,حكومي,مكتب التعليم بطويق,بنات,15681,822,16503
1446,2025,الرياض,الرياض,الإدارة العامة للتعليم بمنطقة الرياض,المرحلة الثانوية,حكومي,مكتب التعليم بطويق,بنين,11844,975,12819
1446,2025,الرياض,الرياض,الإدارة العامة للتعليم بمنطقة الرياض,المرحلة الثانوية,حكومي,مكتب التعليم بقرطبة,بنات,11546,1324,12870
1446,2025,الرياض,الرياض,الإدارة العامة للتعليم بمنطقة الرياض,المرحلة الثانوية,حكومي,مكتب التعليم بقرطبة,بنين,8149,1338,9487
1446,2025,الرياض,الرياض,الإدارة العامة للتعليم بمنطقة الرياض,المرحلة الثانوية,عالمي وأجنبي,مكتب التعليم العالمي والأجنبي بالرياض - بنات,بنات,4366,5718,10084
1446,2025,الرياض,الرياض,الإدارة العامة للتعليم بمنطقة الرياض,المرحلة الثانوية,عالمي وأجنبي,مكتب التعليم العالمي والأجنبي بالرياض - بنات,بنين,4858,12216,17074
1446,2025,الرياض,الرياض,الإدارة العامة للتعليم بمنطقة الرياض,المرحلة المتوسطة,أهلي,,بنين,0,0,0
1446,2025,الرياض,الرياض,الإدارة العامة للتعليم بمنطقة الرياض,المرحلة المتوسطة,أهلي,مكتب التعليم بالروضة,بنات,1466,183,1649
1446,2025,الرياض,الرياض,الإدارة العامة للتعليم بمنطقة الرياض,المرحلة المتوسطة,أهلي,مكتب التعليم بالروضة,بنين,2721,295,3016
1446,2025,الرياض,الرياض,الإدارة العامة للتعليم بمنطقة الرياض,المرحلة المتوسطة,أهلي,مكتب التعليم بالسلي,بنات,236,149,385
1446,2025,الرياض,الرياض,الإدارة العامة للتعليم بمنطقة الرياض,المرحلة المتوسطة,أهلي,مكتب التعليم بالسلي,بنين,364,135,499
1446,2025,الرياض,الرياض,الإدارة العامة للتعليم بمنطقة الرياض,المرحلة المتوسطة,أهلي,مكتب التعليم بالشفا,بنات,785,240,1025
1446,2025,الرياض,الرياض,الإدارة العامة للتعليم بمنطقة الرياض,المرحلة المتوسطة,أهلي,مكتب التعليم بالشفا,بنين,1603,384,1987
1446,2025,الرياض,الرياض,الإدارة العامة للتعليم بمنطقة الرياض,المرحلة المتوسطة,أهلي,مكتب التعليم بالعارض,بنات,3569,170,3739
1446,2025,الرياض,الرياض,الإدارة العامة للتعليم بمنطقة الرياض,المرحلة المتوسطة,أهلي,مكتب التعليم بالعارض,بنين,4695,169,4864
1446,2025,الرياض,الرياض,الإدارة العامة للتعليم بمنطقة الرياض,المرحلة المتوسطة,أهلي,مكتب التعليم بالعريجاء,بنات,1158,87,1245
1446,2025,الرياض,الرياض,الإدارة العامة للتعليم بمنطقة الرياض,المرحلة المتوسطة,أهلي,مكتب التعليم بالعريجاء,بنين,1852,118,1970
1446,2025,الرياض,الرياض,الإدارة العامة للتعليم بمنطقة الرياض,المرحلة المتوسطة,أهلي,مكتب التعليم بالعليا,بنات,3330,639,3969
1446,2025,الرياض,الرياض,الإدارة العامة للتعليم بمنطقة الرياض,المرحلة المتوسطة,أهلي,مكتب التعليم بالعليا,بنين,3517,718,4235
1446,2025,الرياض,الرياض,الإدارة العامة للتعليم بمنطقة الرياض,المرحلة المتوسطة,أهلي,مكتب التعليم بالمزاحمية وضرما,بنات,69,13,82
1446,2025,الرياض,الرياض,الإدارة العامة للتعليم بمنطقة الرياض,المرحلة المتوسطة,أهلي,مكتب التعليم بالمزاحمية وضرما,بنين,199,20,219
1446,2025,الرياض,الرياض,الإدارة العامة للتعليم بمنطقة الرياض,المرحلة المتوسطة,أهلي,مكتب التعليم بالملز,بنات,526,344,870
1446,2025,الرياض,الرياض,الإدارة العامة للتعليم بمنطقة الرياض,المرحلة المتوسطة,أهلي,مكتب التعليم بالملز,بنين,707,532,1239
1446,2025,الرياض,الرياض,الإدارة العامة للتعليم بمنطقة الرياض,المرحلة المتوسطة,أهلي,مكتب التعليم بالنسيم,بنات,1474,189,1663
1446,2025,الرياض,الرياض,الإدارة العامة للتعليم بمنطقة الرياض,المرحلة المتوسطة,أهلي,مكتب التعليم بالنسيم,بنين,2730,340,3070
1446,2025,الرياض,الرياض,الإدارة العامة للتعليم بمنطقة الرياض,المرحلة المتوسطة,أهلي,مكتب التعليم برماح,بنين,75,8,83
1446,2025,الرياض,الرياض,الإدارة العامة للتعليم بمنطقة الرياض,المرحلة المتوسطة,أهلي,مكتب التعليم بطويق,بنات,1809,133,1942
1446,2025,الرياض,الرياض,الإدارة العامة للتعليم بمنطقة الرياض,المرحلة المتوسطة,أهلي,مكتب التعليم بطويق,بنين,3235,163,3398
1446,2025,الرياض,الرياض,الإدارة العامة للتعليم بمنطقة الرياض,المرحلة المتوسطة,أهلي,مكتب التعليم بقرطبة,بنات,2390,205,2595
1446,2025,الرياض,الرياض,الإدارة العامة للتعليم بمنطقة الرياض,المرحلة المتوسطة,أهلي,مكتب التعليم بقرطبة,بنين,3466,204,3670
1446,2025,الرياض,الرياض,الإدارة العامة للتعليم بمنطقة الرياض,المرحلة المتوسطة,حكومي,معهد العاصمة,بنين,534,24,558
1446,2025,الرياض,الرياض,الإدارة العامة للتعليم بمنطقة الرياض,المرحلة المتوسطة,حكومي,مكتب التعليم بالدرعية,بنات,1890,363,2253
1446,2025,الرياض,الرياض,الإدارة العامة للتعليم بمنطقة الرياض,المرحلة المتوسطة,حكومي,مكتب التعليم بالدرعية,بنين,1971,405,2376
1446,2025,الرياض,الرياض,الإدارة العامة للتعليم بمنطقة الرياض,المرحلة المتوسطة,حكومي,مكتب التعليم بالروضة,بنات,8305,1497,9802
1446,2025,الرياض,الرياض,الإدارة العامة للتعليم بمنطقة الرياض,المرحلة المتوسطة,حكومي,مكتب التعليم بالروضة,بنين,7189,1261,8450
1446,2025,الرياض,الرياض,الإدارة العامة للتعليم بمنطقة الرياض,المرحلة المتوسطة,حكومي,مكتب التعليم بالسلي,بنات,5005,964,5969
1446,2025,الرياض,الرياض,الإدارة العامة للتعليم بمنطقة الرياض,المرحلة المتوسطة,حكومي,مكتب التعليم بالسلي,بنين,5319,1253,6572
1446,2025,الرياض,الرياض,الإدارة العامة للتعليم بمنطقة الرياض,المرحلة المتوسطة,حكومي,مكتب التعليم بالشفا,بنات,11354,2156,13510
1446,2025,الرياض,الرياض,الإدارة العامة للتعليم بمنطقة الرياض,المرحلة المتوسطة,حكومي,مكتب التعليم بالشفا,بنين,11085,2203,13288
1446,2025,الرياض,الرياض,الإدارة العامة للتعليم بمنطقة الرياض,المرحلة المتوسطة,حكومي,مكتب التعليم بالعارض,بنات,6775,139,6914
1446,2025,الرياض,الرياض,الإدارة العامة للتعليم بمنطقة الرياض,المرحلة المتوسطة,حكومي,مكتب التعليم بالعارض,بنين,6959,392,7351
1446,2025,الرياض,الرياض,الإدارة العامة للتعليم بمنطقة الرياض,المرحلة المتوسطة,حكومي,مكتب التعليم بالعريجاء,بنات,7933,1893,9826
1446,2025,الرياض,الرياض,الإدارة العامة للتعليم بمنطقة الرياض,المرحلة المتوسطة,حكومي,مكتب التعليم بالعريجاء,بنين,7332,1847,9179
1446,2025,الرياض,الرياض,الإدارة العامة للتعليم بمنطقة الرياض,المرحلة المتوسطة,حكومي,مكتب التعليم بالعليا,بنات,4271,2570,6841
1446,2025,الرياض,الرياض,الإدارة العامة للتعليم بمنطقة الرياض,المرحلة المتوسطة,حكومي,مكتب التعليم بالعليا,بنين,3757,2151,5908
1446,2025,الرياض,الرياض,الإدارة العامة للتعليم بمنطقة الرياض,المرحلة المتوسطة,حكومي,مكتب التعليم بالمزاحمية وضرما,بنات,2296,182,2478
1446,2025,الرياض,الرياض,الإدارة العامة للتعليم بمنطقة الرياض,المرحلة المتوسطة,حكومي,مكتب التعليم بالمزاحمية وضرما,بنين,2198,175,2373
1446,2025,الرياض,الرياض,الإدارة العامة للتعليم بمنطقة الرياض,المرحلة المتوسطة,حكومي,مكتب التعليم بالملز,بنات,3319,6525,9844
1446,2025,الرياض,الرياض,الإدارة العامة للتعليم بمنطقة الرياض,المرحلة المتوسطة,حكومي,مكتب التعليم بالملز,بنين,3769,6467,10236
1446,2025,الرياض,الرياض,الإدارة العامة للتعليم بمنطقة الرياض,المرحلة المتوسطة,حكومي,مكتب التعليم بالنسيم,بنات,7544,1926,9470
1446,2025,الرياض,الرياض,الإدارة العامة للتعليم بمنطقة الرياض,المرحلة المتوسطة,حكومي,مكتب التعليم بالنسيم,بنين,7114,2212,9326
1446,2025,الرياض,الرياض,الإدارة العامة للتعليم بمنطقة الرياض,المرحلة المتوسطة,حكومي,مكتب التعليم بثادق وحريملاء,بنات,757,109,866
1446,2025,الرياض,الرياض,الإدارة العامة للتعليم بمنطقة الرياض,المرحلة المتوسطة,حكومي,مكتب التعليم بثادق وحريملاء,بنين,814,131,945
1446,2025,الرياض,الرياض,الإدارة العامة للتعليم بمنطقة الرياض,المرحلة المتوسطة,حكومي,مكتب التعليم برماح,بنات,1057,76,1133
1446,2025,الرياض,الرياض,الإدارة العامة للتعليم بمنطقة الرياض,المرحلة المتوسطة,حكومي,مكتب التعليم برماح,بنين,916,63,979
1446,2025,الرياض,الرياض,الإدارة العامة للتعليم بمنطقة الرياض,المرحلة المتوسطة,حكومي,مكتب التعليم بطويق,بنات,16619,915,17534
1446,2025,الرياض,الرياض,الإدارة العامة للتعليم بمنطقة الرياض,المرحلة المتوسطة,حكومي,مكتب التعليم بطويق,بنين,15400,1106,16506
1446,2025,الرياض,الرياض,الإدارة العامة للتعليم بمنطقة الرياض,المرحلة المتوسطة,حكومي,مكتب التعليم بقرطبة,بنات,13250,1385,14635
1446,2025,الرياض,الرياض,الإدارة العامة للتعليم بمنطقة الرياض,المرحلة المتوسطة,حكومي,مكتب التعليم بقرطبة,بنين,11912,1500,13412
1446,2025,الرياض,الرياض,الإدارة العامة للتعليم بمنطقة الرياض,المرحلة المتوسطة,عالمي وأجنبي,مكتب التعليم العالمي والأجنبي بالرياض - بنات,بنات,6375,10811,17186
1446,2025,الرياض,الرياض,الإدارة العامة للتعليم بمنطقة الرياض,المرحلة المتوسطة,عالمي وأجنبي,مكتب التعليم العالمي والأجنبي بالرياض - بنات,بنين,7175,17143,24318
1446,2025,الرياض,الرياض,الإدارة العامة للتعليم بمنطقة الرياض,رياض الأطفال,أهلي,مكتب التعليم بالدرعية,بنات,132,17,149
1446,2025,الرياض,الرياض,الإدارة العامة للتعليم بمنطقة الرياض,رياض الأطفال,أهلي,مكتب التعليم بالروضة,بنات,2361,216,2577
1446,2025,الرياض,الرياض,الإدارة العامة للتعليم بمنطقة الرياض,رياض الأطفال,أهلي,مكتب التعليم بالسلي,بنات,329,53,382
1446,2025,الرياض,الرياض,الإدارة العامة للتعليم بمنطقة الرياض,رياض الأطفال,أهلي,مكتب التعليم بالشفا,بنات,1364,194,1558
1446,2025,الرياض,الرياض,الإدارة العامة للتعليم بمنطقة الرياض,رياض الأطفال,أهلي,مكتب التعليم بالعارض,بنات,5536,124,5660
1446,2025,الرياض,الرياض,الإدارة العامة للتعليم بمنطقة الرياض,رياض الأطفال,أهلي,مكتب التعليم بالعريجاء,بنات,1919,137,2056
1446,2025,الرياض,الرياض,الإدارة العامة للتعليم بمنطقة الرياض,رياض الأطفال,أهلي,مكتب التعليم بالعليا,بنات,3475,347,3822
1446,2025,الرياض,الرياض,الإدارة العامة للتعليم بمنطقة الرياض,رياض الأطفال,أهلي,مكتب التعليم بالمزاحمية وضرما,بنات,228,14,242
1446,2025,الرياض,الرياض,الإدارة العامة للتعليم بمنطقة الرياض,رياض الأطفال,أهلي,مكتب التعليم بالملز,بنات,569,240,809
1446,2025,الرياض,الرياض,الإدارة العامة للتعليم بمنطقة الرياض,رياض الأطفال,أهلي,مكتب التعليم بالنسيم,بنات,2132,168,2300
1446,2025,الرياض,الرياض,الإدارة العامة للتعليم بمنطقة الرياض,رياض الأطفال,أهلي,مكتب التعليم برماح,بنات,69,8,77
1446,2025,الرياض,الرياض,الإدارة العامة للتعليم بمنطقة الرياض,رياض الأطفال,أهلي,مكتب التعليم بطويق,بنات,3836,178,4014
1446,2025,الرياض,الرياض,الإدارة العامة للتعليم بمنطقة الرياض,رياض الأطفال,أهلي,مكتب التعليم بقرطبة,بنات,4027,196,4223
1446,2025,الرياض,الرياض,الإدارة العامة للتعليم بمنطقة الرياض,رياض الأطفال,حكومي,مكتب التعليم بالدرعية,بنات,1069,3,1072
1446,2025,الرياض,الرياض,الإدارة العامة للتعليم بمنطقة الرياض,رياض الأطفال,حكومي,مكتب التعليم بالروضة,بنات,3096,16,3112
1446,2025,الرياض,الرياض,الإدارة العامة للتعليم بمنطقة الرياض,رياض الأطفال,حكومي,مكتب التعليم بالسلي,بنات,2883,20,2903
1446,2025,الرياض,الرياض,الإدارة العامة للتعليم بمنطقة الرياض,رياض الأطفال,حكومي,مكتب التعليم بالشفا,بنات,2547,23,2570
1446,2025,الرياض,الرياض,الإدارة العامة للتعليم بمنطقة الرياض,رياض الأطفال,حكومي,مكتب التعليم بالعارض,بنات,3066,6,3072
1446,2025,الرياض,الرياض,الإدارة العامة للتعليم بمنطقة الرياض,رياض الأطفال,حكومي,مكتب التعليم بالعريجاء,بنات,3032,27,3059
1446,2025,الرياض,الرياض,الإدارة العامة للتعليم بمنطقة الرياض,رياض الأطفال,حكومي,مكتب التعليم بالعليا,بنات,2248,40,2288
1446,2025,الرياض,الرياض,الإدارة العامة للتعليم بمنطقة الرياض,رياض الأطفال,حكومي,مكتب التعليم بالمزاحمية وضرما,بنات,880,0,880
1446,2025,الرياض,الرياض,الإدارة العامة للتعليم بمنطقة الرياض,رياض الأطفال,حكومي,مكتب التعليم بالملز,بنات,1322,47,1369
1446,2025,الرياض,الرياض,الإدارة العامة للتعليم بمنطقة الرياض,رياض الأطفال,حكومي,مكتب التعليم بالنسيم,بنات,2924,52,2976
1446,2025,الرياض,الرياض,الإدارة العامة للتعليم بمنطقة الرياض,رياض الأطفال,حكومي,مكتب التعليم بثادق وحريملاء,بنات,292,0,292
1446,2025,الرياض,الرياض,الإدارة العامة للتعليم بمنطقة الرياض,رياض الأطفال,حكومي,مكتب التعليم برماح,بنات,353,0,353
1446,2025,الرياض,الرياض,الإدارة العامة للتعليم بمنطقة الرياض,رياض الأطفال,حكومي,مكتب التعليم بطويق,بنات,5662,18,5680
1446,2025,الرياض,الرياض,الإدارة العامة للتعليم بمنطقة الرياض,رياض الأطفال,حكومي,مكتب التعليم بقرطبة,بنات,3278,35,3313
1446,2025,الرياض,الرياض,الإدارة العامة للتعليم بمنطقة الرياض,رياض الأطفال,حكومي,مكتب التعليم لمعهد العاصمة - بنات,بنات,162,4,166
1446,2025,الرياض,الرياض,الإدارة العامة للتعليم بمنطقة الرياض,رياض الأطفال,عالمي وأجنبي,مكتب التعليم العالمي والأجنبي بالرياض - بنات,بنات,13770,14977,28747
1446,2025,الشرقية,الاحساء,الإدارة العامة للتعليم بمحافظة الاحساء,المرحلة الإبتدائية,أهلي,مكتب التعليم بالمبرز,بنات,530,42,572
1446,2025,الشرقية,الاحساء,الإدارة العامة للتعليم بمحافظة الاحساء,المرحلة الإبتدائية,أهلي,مكتب التعليم بالمبرز,بنين,631,61,692
1446,2025,الشرقية,الاحساء,الإدارة العامة للتعليم بمحافظة الاحساء,المرحلة الإبتدائية,أهلي,مكتب التعليم بالهفوف,بنات,1828,59,1887
1446,2025,الشرقية,الاحساء,الإدارة العامة للتعليم بمحافظة الاحساء,المرحلة الإبتدائية,أهلي,مكتب التعليم بالهفوف,بنين,1170,51,1221
1446,2025,الشرقية,الاحساء,الإدارة العامة للتعليم بمحافظة الاحساء,المرحلة الإبتدائية,أهلي,مكتب التعليم بشمال الأحساء,بنات,30,0,30
1446,2025,الشرقية,الاحساء,الإدارة العامة للتعليم بمحافظة الاحساء,المرحلة الإبتدائية,حكومي,مكتب التعليم بالمبرز,بنات,20915,1042,21957
1446,2025,الشرقية,الاحساء,الإدارة العامة للتعليم بمحافظة الاحساء,المرحلة الإبتدائية,حكومي,مكتب التعليم بالمبرز,بنين,12969,547,13516
1446,2025,الشرقية,الاحساء,الإدارة العامة للتعليم بمحافظة الاحساء,المرحلة الإبتدائية,حكومي,مكتب التعليم بالهفوف,بنات,33284,2475,35759
1446,2025,الشرقية,الاحساء,الإدارة العامة للتعليم بمحافظة الاحساء,المرحلة الإبتدائية,حكومي,مكتب التعليم بالهفوف,بنين,19033,1601,20634
1446,2025,الشرقية,الاحساء,الإدارة العامة للتعليم بمحافظة الاحساء,المرحلة الإبتدائية,حكومي,مكتب التعليم بشمال الأحساء,بنات,16714,211,16925
1446,2025,الشرقية,الاحساء,الإدارة العامة للتعليم بمحافظة الاحساء,المرحلة الإبتدائية,حكومي,مكتب التعليم بشمال الأحساء,بنين,11515,108,11623
1446,2025,الشرقية,الاحساء,الإدارة العامة للتعليم بمحافظة الاحساء,المرحلة الإبتدائية,عالمي وأجنبي,مكتب التعليم بالمبرز,بنات,1076,1272,2348
1446,2025,الشرقية,الاحساء,الإدارة العامة للتعليم بمحافظة الاحساء,المرحلة الإبتدائية,عالمي وأجنبي,مكتب التعليم بالمبرز,بنين,287,712,999
1446,2025,الشرقية,الاحساء,الإدارة العامة للتعليم بمحافظة الاحساء,المرحلة الإبتدائية,عالمي وأجنبي,مكتب التعليم بالهفوف,بنات,1125,294,1419
1446,2025,الشرقية,الاحساء,الإدارة العامة للتعليم بمحافظة الاحساء,المرحلة الإبتدائية,عالمي وأجنبي,مكتب التعليم بالهفوف,بنين,538,115,653
1446,2025,الشرقية,الاحساء,الإدارة العامة للتعليم بمحافظة الاحساء,المرحلة الإبتدائية,عالمي وأجنبي,مكتب التعليم بشمال الأحساء,بنات,47,47,94
1446,2025,الشرقية,الاحساء,الإدارة العامة للتعليم بمحافظة الاحساء,المرحلة الإبتدائية,عالمي وأجنبي,مكتب التعليم بشمال الأحساء,بنين,79,68,147
1446,2025,الشرقية,الاحساء,الإدارة العامة للتعليم بمحافظة الاحساء,المرحلة الثانوية,أهلي,مكتب التعليم بالمبرز,بنات,143,16,159
1446,2025,الشرقية,الاحساء,الإدارة العامة للتعليم بمحافظة الاحساء,المرحلة الثانوية,أهلي,مكتب التعليم بالمبرز,بنين,711,203,914
1446,2025,الشرقية,الاحساء,الإدارة العامة للتعليم بمحافظة الاحساء,المرحلة الثانوية,أهلي,مكتب التعليم بالهفوف,بنات,1145,156,1301
1446,2025,الشرقية,الاحساء,الإدارة العامة للتعليم بمحافظة الاحساء,المرحلة الثانوية,أهلي,مكتب التعليم بالهفوف,بنين,1631,95,1726
1446,2025,الشرقية,الاحساء,الإدارة العامة للتعليم بمحافظة الاحساء,المرحلة الثانوية,حكومي,مكتب التعليم بالمبرز,بنات,7326,280,7606
1446,2025,الشرقية,الاحساء,الإدارة العامة للتعليم بمحافظة الاحساء,المرحلة الثانوية,حكومي,مكتب التعليم بالمبرز,بنين,7319,235,7554
1446,2025,الشرقية,الاحساء,الإدارة العامة للتعليم بمحافظة الاحساء,المرحلة الثانوية,حكومي,مكتب التعليم بالهفوف,بنات,11549,712,12261
1446,2025,الشرقية,الاحساء,الإدارة العامة للتعليم بمحافظة الاحساء,المرحلة الثانوية,حكومي,مكتب التعليم بالهفوف,بنين,10546,696,11242
1446,2025,الشرقية,الاحساء,الإدارة العامة للتعليم بمحافظة الاحساء,المرحلة الثانوية,حكومي,مكتب التعليم بشمال الأحساء,بنات,5937,50,5987
1446,2025,الشرقية,الاحساء,الإدارة العامة للتعليم بمحافظة الاحساء,المرحلة الثانوية,حكومي,مكتب التعليم بشمال الأحساء,بنين,6085,48,6133
1446,2025,الشرقية,الاحساء,الإدارة العامة للتعليم بمحافظة الاحساء,المرحلة الثانوية,عالمي وأجنبي,مكتب التعليم بالمبرز,بنات,74,165,239
1446,2025,الشرقية,الاحساء,الإدارة العامة للتعليم بمحافظة الاحساء,المرحلة الثانوية,عالمي وأجنبي,مكتب التعليم بالمبرز,بنين,80,193,273
1446,2025,الشرقية,الاحساء,الإدارة العامة للتعليم بمحافظة الاحساء,المرحلة الثانوية,عالمي وأجنبي,مكتب التعليم بالهفوف,بنات,159,22,181
1446,2025,الشرقية,الاحساء,الإدارة العامة للتعليم بمحافظة الاحساء,المرحلة الثانوية,عالمي وأجنبي,مكتب التعليم بالهفوف,بنين,244,33,277
1446,2025,الشرقية,الاحساء,الإدارة العامة للتعليم بمحافظة الاحساء,المرحلة الثانوية,عالمي وأجنبي,مكتب التعليم بشمال الأحساء,بنات,7,16,23
1446,2025,الشرقية,الاحساء,الإدارة العامة للتعليم بمحافظة الاحساء,المرحلة الثانوية,عالمي وأجنبي,مكتب التعليم بشمال الأحساء,بنين,15,20,35
1446,2025,الشرقية,الاحساء,الإدارة العامة للتعليم بمحافظة الاحساء,المرحلة المتوسطة,أهلي,مكتب التعليم بالمبرز,بنات,85,5,90
1446,2025,الشرقية,الاحساء,الإدارة العامة للتعليم بمحافظة الاحساء,المرحلة المتوسطة,أهلي,مكتب التعليم بالمبرز,بنين,388,38,426
1446,2025,الشرقية,الاحساء,الإدارة العامة للتعليم بمحافظة الاحساء,المرحلة المتوسطة,أهلي,مكتب التعليم بالهفوف,بنات,509,28,537
1446,2025,الشرقية,الاحساء,الإدارة العامة للتعليم بمحافظة الاحساء,المرحلة المتوسطة,أهلي,مكتب التعليم بالهفوف,بنين,894,35,929
1446,2025,الشرقية,الاحساء,الإدارة العامة للتعليم بمحافظة الاحساء,المرحلة المتوسطة,حكومي,مكتب التعليم بالمبرز,بنات,8195,305,8500
1446,2025,الشرقية,الاحساء,الإدارة العامة للتعليم بمحافظة الاحساء,المرحلة المتوسطة,حكومي,مكتب التعليم بالمبرز,بنين,8518,279,8797
1446,2025,الشرقية,الاحساء,الإدارة العامة للتعليم بمحافظة الاحساء,المرحلة المتوسطة,حكومي,مكتب التعليم بالهفوف,بنات,12894,734,13628
1446,2025,الشرقية,الاحساء,الإدارة العامة للتعليم بمحافظة الاحساء,المرحلة المتوسطة,حكومي,مكتب التعليم بالهفوف,بنين,12935,751,13686
1446,2025,الشرقية,الاحساء,الإدارة العامة للتعليم بمحافظة الاحساء,المرحلة المتوسطة,حكومي,مكتب التعليم بشمال الأحساء,بنات,6847,65,6912
1446,2025,الشرقية,الاحساء,الإدارة العامة للتعليم بمحافظة الاحساء,المرحلة المتوسطة,حكومي,مكتب التعليم بشمال الأحساء,بنين,7243,63,7306
1446,2025,الشرقية,الاحساء,الإدارة العامة للتعليم بمحافظة الاحساء,المرحلة المتوسطة,عالمي وأجنبي,مكتب التعليم بالمبرز,بنات,163,400,563
1446,2025,الشرقية,الاحساء,الإدارة العامة للتعليم بمحافظة الاحساء,المرحلة المتوسطة,عالمي وأجنبي,مكتب التعليم بالمبرز,بنين,177,470,647
1446,2025,الشرقية,الاحساء,الإدارة العامة للتعليم بمحافظة الاحساء,المرحلة المتوسطة,عالمي وأجنبي,مكتب التعليم بالهفوف,بنات,237,67,304
1446,2025,الشرقية,الاحساء,الإدارة العامة للتعليم بمحافظة الاحساء,المرحلة المتوسطة,عالمي وأجنبي,مكتب التعليم بالهفوف,بنين,292,43,335
1446,2025,الشرقية,الاحساء,الإدارة العامة للتعليم بمحافظة الاحساء,المرحلة المتوسطة,عالمي وأجنبي,مكتب التعليم بشمال الأحساء,بنات,14,30,44
1446,2025,الشرقية,الاحساء,الإدارة العامة للتعليم بمحافظة الاحساء,المرحلة المتوسطة,عالمي وأجنبي,مكتب التعليم بشمال الأحساء,بنين,29,30,59
1446,2025,الشرقية,الاحساء,الإدارة العامة للتعليم بمحافظة الاحساء,رياض الأطفال,أهلي,مكتب التعليم بالمبرز,بنات,933,29,962
1446,2025,الشرقية,الاحساء,الإدارة العامة للتعليم بمحافظة الاحساء,رياض الأطفال,أهلي,مكتب التعليم بالهفوف,بنات,2024,60,2084
1446,2025,الشرقية,الاحساء,الإدارة العامة للتعليم بمحافظة الاحساء,رياض الأطفال,أهلي,مكتب التعليم بشمال الأحساء,بنات,770,5,775
1446,2025,الشرقية,الاحساء,الإدارة العامة للتعليم بمحافظة الاحساء,رياض الأطفال,حكومي,مكتب التعليم بالمبرز,بنات,2451,3,2454
1446,2025,الشرقية,الاحساء,الإدارة العامة للتعليم بمحافظة الاحساء,رياض الأطفال,حكومي,مكتب التعليم بالهفوف,بنات,5525,20,5545
1446,2025,الشرقية,الاحساء,الإدارة العامة للتعليم بمحافظة الاحساء,رياض الأطفال,حكومي,مكتب التعليم بشمال الأحساء,بنات,2594,3,2597
1446,2025,الشرقية,الاحساء,الإدارة العامة للتعليم بمحافظة الاحساء,رياض الأطفال,عالمي وأجنبي,مكتب التعليم بالمبرز,بنات,571,285,856
1446,2025,الشرقية,الاحساء,الإدارة العامة للتعليم بمحافظة الاحساء,رياض الأطفال,عالمي وأجنبي,مكتب التعليم بالهفوف,بنات,262,73,335
1446,2025,الشرقية,الاحساء,الإدارة العامة للتعليم بمحافظة الاحساء,رياض الأطفال,عالمي وأجنبي,مكتب التعليم بشمال الأحساء,بنات,63,14,77
1446,2025,الشرقية,الشرقية,إدارة التعليم بمحافظة حفر الباطن,المرحلة الإبتدائية,أهلي,إدارة الإشراف التربوي,بنات,2946,488,3434
1446,2025,الشرقية,الشرقية,إدارة التعليم بمحافظة حفر الباطن,المرحلة الإبتدائية,أهلي,إدارة الإشراف التربوي,بنين,2506,244,2750
1446,2025,الشرقية,الشرقية,إدارة التعليم بمحافظة حفر الباطن,المرحلة الإبتدائية,أهلي,مكتب التعليم بالباطن,بنات,107,1,108
1446,2025,الشرقية,الشرقية,إدارة التعليم بمحافظة حفر الباطن,المرحلة الإبتدائية,أهلي,مكتب التعليم بالباطن,بنين,173,5,178
1446,2025,الشرقية,الشرقية,إدارة التعليم بمحافظة حفر الباطن,المرحلة الإبتدائية,حكومي,إدارة الإشراف التربوي,بنات,30015,4227,34242
1446,2025,الشرقية,الشرقية,إدارة التعليم بمحافظة حفر الباطن,المرحلة الإبتدائية,حكومي,إدارة الإشراف التربوي,بنين,14628,2449,17077
1446,2025,الشرقية,الشرقية,إدارة التعليم بمحافظة حفر الباطن,المرحلة الإبتدائية,حكومي,مكتب التعليم بالباطن,بنات,4963,39,5002
1446,2025,الشرقية,الشرقية,إدارة التعليم بمحافظة حفر الباطن,المرحلة الإبتدائية,حكومي,مكتب التعليم بالباطن,بنين,2491,24,2515
1446,2025,الشرقية,الشرقية,إدارة التعليم بمحافظة حفر الباطن,المرحلة الإبتدائية,عالمي وأجنبي,إدارة الإشراف التربوي,بنات,247,266,513
1446,2025,الشرقية,الشرقية,إدارة التعليم بمحافظة حفر الباطن,المرحلة الإبتدائية,عالمي وأجنبي,إدارة الإشراف التربوي,بنين,125,130,255
1446,2025,الشرقية,الشرقية,إدارة التعليم بمحافظة حفر الباطن,المرحلة الإبتدائية,عالمي وأجنبي,مكتب التعليم بالباطن,بنين,0,64,64
1446,2025,الشرقية,الشرقية,إدارة التعليم بمحافظة حفر الباطن,المرحلة الثانوية,أهلي,إدارة الإشراف التربوي,بنات,1460,138,1598
1446,2025,الشرقية,الشرقية,إدارة التعليم بمحافظة حفر الباطن,المرحلة الثانوية,أهلي,إدارة الإشراف التربوي,بنين,2803,230,3033
1446,2025,الشرقية,الشرقية,إدارة التعليم بمحافظة حفر الباطن,المرحلة الثانوية,أهلي,مكتب التعليم بالباطن,بنين,91,1,92
1446,2025,الشرقية,الشرقية,إدارة التعليم بمحافظة حفر الباطن,المرحلة الثانوية,حكومي,إدارة الإشراف التربوي,بنات,9141,1409,10550
1446,2025,الشرقية,الشرقية,إدارة التعليم بمحافظة حفر الباطن,المرحلة الثانوية,حكومي,إدارة الإشراف التربوي,بنين,7731,1256,8987
1446,2025,الشرقية,الشرقية,إدارة التعليم بمحافظة حفر الباطن,المرحلة الثانوية,حكومي,مكتب التعليم بالباطن,بنات,1292,17,1309
1446,2025,الشرقية,الشرقية,إدارة التعليم بمحافظة حفر الباطن,المرحلة الثانوية,حكومي,مكتب التعليم بالباطن,بنين,1412,25,1437
1446,2025,الشرقية,الشرقية,إدارة التعليم بمحافظة حفر الباطن,المرحلة الثانوية,عالمي وأجنبي,إدارة الإشراف التربوي,بنين,19,11,30
1446,2025,الشرقية,الشرقية,إدارة التعليم بمحافظة حفر الباطن,المرحلة المتوسطة,أهلي,إدارة الإشراف التربوي,بنات,414,58,472
1446,2025,الشرقية,الشرقية,إدارة التعليم بمحافظة حفر الباطن,المرحلة المتوسطة,أهلي,إدارة الإشراف التربوي,بنين,1396,144,1540
1446,2025,الشرقية,الشرقية,إدارة التعليم بمحافظة حفر الباطن,المرحلة المتوسطة,أهلي,مكتب التعليم بالباطن,بنين,56,1,57
1446,2025,الشرقية,الشرقية,إدارة التعليم بمحافظة حفر الباطن,المرحلة المتوسطة,حكومي,إدارة الإشراف التربوي,بنات,11137,1569,12706
1446,2025,الشرقية,الشرقية,إدارة التعليم بمحافظة حفر الباطن,المرحلة المتوسطة,حكومي,إدارة الإشراف التربوي,بنين,10382,1314,11696
1446,2025,الشرقية,الشرقية,إدارة التعليم بمحافظة حفر الباطن,المرحلة المتوسطة,حكومي,مكتب التعليم بالباطن,بنات,1633,22,1655
1446,2025,الشرقية,الشرقية,إدارة التعليم بمحافظة حفر الباطن,المرحلة المتوسطة,حكومي,مكتب التعليم بالباطن,بنين,1558,17,1575
1446,2025,الشرقية,الشرقية,إدارة التعليم بمحافظة حفر الباطن,المرحلة المتوسطة,عالمي وأجنبي,إدارة الإشراف التربوي,بنات,35,37,72
1446,2025,الشرقية,الشرقية,إدارة التعليم بمحافظة حفر الباطن,المرحلة المتوسطة,عالمي وأجنبي,إدارة الإشراف التربوي,بنين,47,50,97
1446,2025,الشرقية,الشرقية,إدارة التعليم بمحافظة حفر الباطن,المرحلة المتوسطة,عالمي وأجنبي,مكتب التعليم بالباطن,بنين,0,29,29
1446,2025,الشرقية,الشرقية,إدارة التعليم بمحافظة حفر الباطن,رياض الأطفال,أهلي,إدارة الإشراف التربوي,بنات,1888,134,2022
1446,2025,الشرقية,الشرقية,إدارة التعليم بمحافظة حفر الباطن,رياض الأطفال,أهلي,مكتب التعليم بالباطن,بنات,148,2,150
1446,2025,الشرقية,الشرقية,إدارة التعليم بمحافظة حفر الباطن,رياض الأطفال,حكومي,إدارة الإشراف التربوي,بنات,4065,52,4117
1446,2025,الشرقية,الشرقية,إدارة التعليم بمحافظة حفر الباطن,رياض الأطفال,حكومي,مكتب التعليم بالباطن,بنات,728,0,728
1446,2025,الشرقية,الشرقية,إدارة التعليم بمحافظة حفر الباطن,رياض الأطفال,عالمي وأجنبي,إدارة الإشراف التربوي,بنات,129,68,197
1446,2025,الشرقية,الشرقية,إدارة التعليم بمحافظة حفر الباطن,رياض الأطفال,عالمي وأجنبي,مكتب التعليم بالباطن,بنات,0,29,29
1446,2025,الشرقية,الشرقية,الإدارة العامة للتعليم بالمنطقة الشرقية,المرحلة الإبتدائية,الهيئة الملكية,إدارة التعليم العام بالهيئة الملكية بالجبيل,بنين,8798,221,9019
1446,2025,الشرقية,الشرقية,الإدارة العامة للتعليم بالمنطقة الشرقية,المرحلة الإبتدائية,أهلي,مكتب التعليم بالجبيل,بنات,716,34,750
1446,2025,الشرقية,الشرقية,الإدارة العامة للتعليم بالمنطقة الشرقية,المرحلة الإبتدائية,أهلي,مكتب التعليم بالجبيل,بنين,660,26,686
1446,2025,الشرقية,الشرقية,الإدارة العامة للتعليم بالمنطقة الشرقية,المرحلة الإبتدائية,أهلي,مكتب التعليم بالخبر,بنات,4561,520,5081
1446,2025,الشرقية,الشرقية,الإدارة العامة للتعليم بالمنطقة الشرقية,المرحلة الإبتدائية,أهلي,مكتب التعليم بالخبر,بنين,1889,338,2227
1446,2025,الشرقية,الشرقية,الإدارة العامة للتعليم بالمنطقة الشرقية,المرحلة الإبتدائية,أهلي,مكتب التعليم بالخفجي,بنات,685,62,747
1446,2025,الشرقية,الشرقية,الإدارة العامة للتعليم بالمنطقة الشرقية,المرحلة الإبتدائية,أهلي,مكتب التعليم بالخفجي,بنين,531,41,572
1446,2025,الشرقية,الشرقية,الإدارة العامة للتعليم بالمنطقة الشرقية,المرحلة الإبتدائية,أهلي,مكتب التعليم بالقطيف,بنات,286,1,287
1446,2025,الشرقية,الشرقية,الإدارة العامة للتعليم بالمنطقة الشرقية,المرحلة الإبتدائية,أهلي,مكتب التعليم بالقطيف,بنين,1849,24,1873
1446,2025,الشرقية,الشرقية,الإدارة العامة للتعليم بالمنطقة الشرقية,المرحلة الإبتدائية,أهلي,مكتب التعليم بالنعيرية,بنات,53,12,65
1446,2025,الشرقية,الشرقية,الإدارة العامة للتعليم بالمنطقة الشرقية,المرحلة الإبتدائية,أهلي,مكتب التعليم بالنعيرية,بنين,166,14,180
1446,2025,الشرقية,الشرقية,الإدارة العامة للتعليم بالمنطقة الشرقية,المرحلة الإبتدائية,أهلي,مكتب التعليم ببقيق,بنات,93,1,94
1446,2025,الشرقية,الشرقية,الإدارة العامة للتعليم بالمنطقة الشرقية,المرحلة الإبتدائية,أهلي,مكتب التعليم ببقيق,بنين,90,2,92
1446,2025,الشرقية,الشرقية,الإدارة العامة للتعليم بالمنطقة الشرقية,المرحلة الإبتدائية,أهلي,مكتب التعليم برأس تنورة,بنات,95,4,99
1446,2025,الشرقية,الشرقية,الإدارة العامة للتعليم بالمنطقة الشرقية,المرحلة الإبتدائية,أهلي,مكتب التعليم برأس تنورة,بنين,65,2,67
1446,2025,الشرقية,الشرقية,الإدارة العامة للتعليم بالمنطقة الشرقية,المرحلة الإبتدائية,أهلي,مكتب التعليم بشرق الدمام,بنات,2733,487,3220
1446,2025,الشرقية,الشرقية,الإدارة العامة للتعليم بالمنطقة الشرقية,المرحلة الإبتدائية,أهلي,مكتب التعليم بشرق الدمام,بنين,2324,470,2794
1446,2025,الشرقية,الشرقية,الإدارة العامة للتعليم بالمنطقة الشرقية,المرحلة الإبتدائية,أهلي,مكتب التعليم بغرب الدمام,بنات,5372,232,5604
1446,2025,الشرقية,الشرقية,الإدارة العامة للتعليم بالمنطقة الشرقية,المرحلة الإبتدائية,أهلي,مكتب التعليم بغرب الدمام,بنين,4705,251,4956
1446,2025,الشرقية,الشرقية,الإدارة العامة للتعليم بالمنطقة الشرقية,المرحلة الإبتدائية,حكومي,مكتب التعليم بالجبيل,بنات,16639,1098,17737
1446,2025,الشرقية,الشرقية,الإدارة العامة للتعليم بالمنطقة الشرقية,المرحلة الإبتدائية,حكومي,مكتب التعليم بالجبيل,بنين,2258,398,2656
1446,2025,الشرقية,الشرقية,الإدارة العامة للتعليم بالمنطقة الشرقية,المرحلة الإبتدائية,حكومي,مكتب التعليم بالخبر,بنات,18824,4361,23185
1446,2025,الشرقية,الشرقية,الإدارة العامة للتعليم بالمنطقة الشرقية,المرحلة الإبتدائية,حكومي,مكتب التعليم بالخبر,بنين,9331,1739,11070
1446,2025,الشرقية,الشرقية,الإدارة العامة للتعليم بالمنطقة الشرقية,المرحلة الإبتدائية,حكومي,مكتب التعليم بالخفجي,بنات,5959,706,6665
1446,2025,الشرقية,الشرقية,الإدارة العامة للتعليم بالمنطقة الشرقية,المرحلة الإبتدائية,حكومي,مكتب التعليم بالخفجي,بنين,2069,204,2273
1446,2025,الشرقية,الشرقية,الإدارة العامة للتعليم بالمنطقة الشرقية,المرحلة الإبتدائية,حكومي,مكتب التعليم بالقرية العليا,بنات,1303,257,1560
1446,2025,الشرقية,الشرقية,الإدارة العامة للتعليم بالمنطقة الشرقية,المرحلة الإبتدائية,حكومي,مكتب التعليم بالقرية العليا,بنين,557,142,699
1446,2025,الشرقية,الشرقية,الإدارة العامة للتعليم بالمنطقة الشرقية,المرحلة الإبتدائية,حكومي,مكتب التعليم بالقطيف,بنات,32099,925,33024
1446,2025,الشرقية,الشرقية,الإدارة العامة للتعليم بالمنطقة الشرقية,المرحلة الإبتدائية,حكومي,مكتب التعليم بالقطيف,بنين,21123,561,21684
1446,2025,الشرقية,الشرقية,الإدارة العامة للتعليم بالمنطقة الشرقية,المرحلة الإبتدائية,حكومي,مكتب التعليم بالنعيرية,بنات,3731,537,4268
1446,2025,الشرقية,الشرقية,الإدارة العامة للتعليم بالمنطقة الشرقية,المرحلة الإبتدائية,حكومي,مكتب التعليم بالنعيرية,بنين,2479,359,2838
1446,2025,الشرقية,الشرقية,الإدارة العامة للتعليم بالمنطقة الشرقية,المرحلة الإبتدائية,حكومي,مكتب التعليم ببقيق,بنات,4244,493,4737
1446,2025,الشرقية,الشرقية,الإدارة العامة للتعليم بالمنطقة الشرقية,المرحلة الإبتدائية,حكومي,مكتب التعليم ببقيق,بنين,2158,250,2408
1446,2025,الشرقية,الشرقية,الإدارة العامة للتعليم بالمنطقة الشرقية,المرحلة الإبتدائية,حكومي,مكتب التعليم برأس تنورة,بنات,1516,219,1735
1446,2025,الشرقية,الشرقية,الإدارة العامة للتعليم بالمنطقة الشرقية,المرحلة الإبتدائية,حكومي,مكتب التعليم برأس تنورة,بنين,1146,176,1322
1446,2025,الشرقية,الشرقية,الإدارة العامة للتعليم بالمنطقة الشرقية,المرحلة الإبتدائية,حكومي,مكتب التعليم بشرق الدمام,بنات,10098,9308,19406
1446,2025,الشرقية,الشرقية,الإدارة العامة للتعليم بالمنطقة الشرقية,المرحلة الإبتدائية,حكومي,مكتب التعليم بشرق الدمام,بنين,5285,3632,8917
1446,2025,الشرقية,الشرقية,الإدارة العامة للتعليم بالمنطقة الشرقية,المرحلة الإبتدائية,حكومي,مكتب التعليم بغرب الدمام,بنات,34330,704,35034
1446,2025,الشرقية,الشرقية,الإدارة العامة للتعليم بالمنطقة الشرقية,المرحلة الإبتدائية,حكومي,مكتب التعليم بغرب الدمام,بنين,20462,1312,21774
1446,2025,الشرقية,الشرقية,الإدارة العامة للتعليم بالمنطقة الشرقية,المرحلة الإبتدائية,عالمي وأجنبي,مكتب التعليم العالمي والأجنبي بالمنطقة الشرقية,بنات,11120,13741,24861
1446,2025,الشرقية,الشرقية,الإدارة العامة للتعليم بالمنطقة الشرقية,المرحلة الإبتدائية,عالمي وأجنبي,مكتب التعليم العالمي والأجنبي بالمنطقة الشرقية,بنين,3122,15232,18354
1446,2025,الشرقية,الشرقية,الإدارة العامة للتعليم بالمنطقة الشرقية,المرحلة الثانوية,الهيئة الملكية,إدارة التعليم العام بالهيئة الملكية بالجبيل,بنين,3871,132,4003
1446,2025,الشرقية,الشرقية,الإدارة العامة للتعليم بالمنطقة الشرقية,المرحلة الثانوية,أهلي,مكتب التعليم بالجبيل,بنات,285,14,299
1446,2025,الشرقية,الشرقية,الإدارة العامة للتعليم بالمنطقة الشرقية,المرحلة الثانوية,أهلي,مكتب التعليم بالجبيل,بنين,756,45,801
1446,2025,الشرقية,الشرقية,الإدارة العامة للتعليم بالمنطقة الشرقية,المرحلة الثانوية,أهلي,مكتب التعليم بالخبر,بنات,1351,238,1589
1446,2025,الشرقية,الشرقية,الإدارة العامة للتعليم بالمنطقة الشرقية,المرحلة الثانوية,أهلي,مكتب التعليم بالخبر,بنين,2196,247,2443
1446,2025,الشرقية,الشرقية,الإدارة العامة للتعليم بالمنطقة الشرقية,المرحلة الثانوية,أهلي,مكتب التعليم بالخفجي,بنات,141,20,161
1446,2025,الشرقية,الشرقية,الإدارة العامة للتعليم بالمنطقة الشرقية,المرحلة الثانوية,أهلي,مكتب التعليم بالخفجي,بنين,527,75,602
1446,2025,الشرقية,الشرقية,الإدارة العامة للتعليم بالمنطقة الشرقية,المرحلة الثانوية,أهلي,مكتب التعليم بالقطيف,بنين,981,33,1014
1446,2025,الشرقية,الشرقية,الإدارة العامة للتعليم بالمنطقة الشرقية,المرحلة الثانوية,أهلي,مكتب التعليم بالنعيرية,بنين,88,6,94
1446,2025,الشرقية,الشرقية,الإدارة العامة للتعليم بالمنطقة الشرقية,المرحلة الثانوية,أهلي,مكتب التعليم ببقيق,بنين,183,12,195
1446,2025,الشرقية,الشرقية,الإدارة العامة للتعليم بالمنطقة الشرقية,المرحلة الثانوية,أهلي,مكتب التعليم برأس تنورة,بنين,97,2,99
1446,2025,الشرقية,الشرقية,الإدارة العامة للتعليم بالمنطقة الشرقية,المرحلة الثانوية,أهلي,مكتب التعليم بشرق الدمام,بنات,943,87,1030
1446,2025,الشرقية,الشرقية,الإدارة العامة للتعليم بالمنطقة الشرقية,المرحلة الثانوية,أهلي,مكتب التعليم بشرق الدمام,بنين,1765,636,2401
1446,2025,الشرقية,الشرقية,الإدارة العامة للتعليم بالمنطقة الشرقية,المرحلة الثانوية,أهلي,مكتب التعليم بغرب الدمام,بنات,950,158,1108
1446,2025,الشرقية,الشرقية,الإدارة العامة للتعليم بالمنطقة الشرقية,المرحلة الثانوية,أهلي,مكتب التعليم بغرب الدمام,بنين,2394,89,2483
1446,2025,الشرقية,الشرقية,الإدارة العامة للتعليم بالمنطقة الشرقية,المرحلة الثانوية,حكومي,مكتب التعليم بالجبيل,بنات,5865,400,6265
1446,2025,الشرقية,الشرقية,الإدارة العامة للتعليم بالمنطقة الشرقية,المرحلة الثانوية,حكومي,مكتب التعليم بالجبيل,بنين,1599,227,1826
1446,2025,الشرقية,الشرقية,الإدارة العامة للتعليم بالمنطقة الشرقية,المرحلة الثانوية,حكومي,مكتب التعليم بالخبر,بنات,7862,1546,9408
1446,2025,الشرقية,الشرقية,الإدارة العامة للتعليم بالمنطقة الشرقية,المرحلة الثانوية,حكومي,مكتب التعليم بالخبر,بنين,7171,1395,8566
1446,2025,الشرقية,الشرقية,الإدارة العامة للتعليم بالمنطقة الشرقية,المرحلة الثانوية,حكومي,مكتب التعليم بالخفجي,بنات,1918,212,2130
1446,2025,الشرقية,الشرقية,الإدارة العامة للتعليم بالمنطقة الشرقية,المرحلة الثانوية,حكومي,مكتب التعليم بالخفجي,بنين,1640,183,1823
1446,2025,الشرقية,الشرقية,الإدارة العامة للتعليم بالمنطقة الشرقية,المرحلة الثانوية,حكومي,مكتب التعليم بالقرية العليا,بنات,377,73,450
1446,2025,الشرقية,الشرقية,الإدارة العامة للتعليم بالمنطقة الشرقية,المرحلة الثانوية,حكومي,مكتب التعليم بالقرية العليا,بنين,483,127,610
1446,2025,الشرقية,الشرقية,الإدارة العامة للتعليم بالمنطقة الشرقية,المرحلة الثانوية,حكومي,مكتب التعليم بالقطيف,بنات,12413,307,12720
1446,2025,الشرقية,الشرقية,الإدارة العامة للتعليم بالمنطقة الشرقية,المرحلة الثانوية,حكومي,مكتب التعليم بالقطيف,بنين,12988,306,13294
1446,2025,الشرقية,الشرقية,الإدارة العامة للتعليم بالمنطقة الشرقية,المرحلة الثانوية,حكومي,مكتب التعليم بالنعيرية,بنات,1315,162,1477
1446,2025,الشرقية,الشرقية,الإدارة العامة للتعليم بالمنطقة الشرقية,المرحلة الثانوية,حكومي,مكتب التعليم بالنعيرية,بنين,1275,211,1486
1446,2025,الشرقية,الشرقية,الإدارة العامة للتعليم بالمنطقة الشرقية,المرحلة الثانوية,حكومي,مكتب التعليم ببقيق,بنات,1504,105,1609
1446,2025,الشرقية,الشرقية,الإدارة العامة للتعليم بالمنطقة الشرقية,المرحلة الثانوية,حكومي,مكتب التعليم ببقيق,بنين,1429,145,1574
1446,2025,الشرقية,الشرقية,الإدارة العامة للتعليم بالمنطقة الشرقية,المرحلة الثانوية,حكومي,مكتب التعليم برأس تنورة,بنات,623,116,739
1446,2025,الشرقية,الشرقية,الإدارة العامة للتعليم بالمنطقة الشرقية,المرحلة الثانوية,حكومي,مكتب التعليم برأس تنورة,بنين,611,83,694
1446,2025,الشرقية,الشرقية,الإدارة العامة للتعليم بالمنطقة الشرقية,المرحلة الثانوية,حكومي,مكتب التعليم بشرق الدمام,بنات,4200,3008,7208
1446,2025,الشرقية,الشرقية,الإدارة العامة للتعليم بالمنطقة الشرقية,المرحلة الثانوية,حكومي,مكتب التعليم بشرق الدمام,بنين,3770,2294,6064
1446,2025,الشرقية,الشرقية,الإدارة العامة للتعليم بالمنطقة الشرقية,المرحلة الثانوية,حكومي,مكتب التعليم بغرب الدمام,بنات,13147,375,13522
1446,2025,الشرقية,الشرقية,الإدارة العامة للتعليم بالمنطقة الشرقية,المرحلة الثانوية,حكومي,مكتب التعليم بغرب الدمام,بنين,11142,841,11983
1446,2025,الشرقية,الشرقية,الإدارة العامة للتعليم بالمنطقة الشرقية,المرحلة الثانوية,عالمي وأجنبي,مكتب التعليم العالمي والأجنبي بالمنطقة الشرقية,بنات,1147,1302,2449
1446,2025,الشرقية,الشرقية,الإدارة العامة للتعليم بالمنطقة الشرقية,المرحلة الثانوية,عالمي وأجنبي,مكتب التعليم العالمي والأجنبي بالمنطقة الشرقية,بنين,1238,7058,8296
1446,2025,الشرقية,الشرقية,الإدارة العامة للتعليم بالمنطقة الشرقية,المرحلة المتوسطة,الهيئة الملكية,إدارة التعليم العام بالهيئة الملكية بالجبيل,بنين,4830,148,4978
1446,2025,الشرقية,الشرقية,الإدارة العامة للتعليم بالمنطقة الشرقية,المرحلة المتوسطة,أهلي,مكتب التعليم بالجبيل,بنات,304,10,314
1446,2025,الشرقية,الشرقية,الإدارة العامة للتعليم بالمنطقة الشرقية,المرحلة المتوسطة,أهلي,مكتب التعليم بالجبيل,بنين,343,17,360
1446,2025,الشرقية,الشرقية,الإدارة العامة للتعليم بالمنطقة الشرقية,المرحلة المتوسطة,أهلي,مكتب التعليم بالخبر,بنات,1299,154,1453
1446,2025,الشرقية,الشرقية,الإدارة العامة للتعليم بالمنطقة الشرقية,المرحلة المتوسطة,أهلي,مكتب التعليم بالخبر,بنين,1658,217,1875
1446,2025,الشرقية,الشرقية,الإدارة العامة للتعليم بالمنطقة الشرقية,المرحلة المتوسطة,أهلي,مكتب التعليم بالخفجي,بنات,117,13,130
1446,2025,الشرقية,الشرقية,الإدارة العامة للتعليم بالمنطقة الشرقية,المرحلة المتوسطة,أهلي,مكتب التعليم بالخفجي,بنين,344,41,385
1446,2025,الشرقية,الشرقية,الإدارة العامة للتعليم بالمنطقة الشرقية,المرحلة المتوسطة,أهلي,مكتب التعليم بالقطيف,بنين,1048,17,1065
1446,2025,الشرقية,الشرقية,الإدارة العامة للتعليم بالمنطقة الشرقية,المرحلة المتوسطة,أهلي,مكتب التعليم بالنعيرية,بنين,72,7,79
1446,2025,الشرقية,الشرقية,الإدارة العامة للتعليم بالمنطقة الشرقية,المرحلة المتوسطة,أهلي,مكتب التعليم ببقيق,بنين,51,0,51
1446,2025,الشرقية,الشرقية,الإدارة العامة للتعليم بالمنطقة الشرقية,المرحلة المتوسطة,أهلي,مكتب التعليم برأس تنورة,بنات,8,1,9
1446,2025,الشرقية,الشرقية,الإدارة العامة للتعليم بالمنطقة الشرقية,المرحلة المتوسطة,أهلي,مكتب التعليم برأس تنورة,بنين,52,2,54
1446,2025,الشرقية,الشرقية,الإدارة العامة للتعليم بالمنطقة الشرقية,المرحلة المتوسطة,أهلي,مكتب التعليم بشرق الدمام,بنات,930,125,1055
1446,2025,الشرقية,الشرقية,الإدارة العامة للتعليم بالمنطقة الشرقية,المرحلة المتوسطة,أهلي,مكتب التعليم بشرق الدمام,بنين,1517,271,1788
1446,2025,الشرقية,الشرقية,الإدارة العامة للتعليم بالمنطقة الشرقية,المرحلة المتوسطة,أهلي,مكتب التعليم بغرب الدمام,بنات,1128,33,1161
1446,2025,الشرقية,الشرقية,الإدارة العامة للتعليم بالمنطقة الشرقية,المرحلة المتوسطة,أهلي,مكتب التعليم بغرب الدمام,بنين,2488,114,2602
1446,2025,الشرقية,الشرقية,الإدارة العامة للتعليم بالمنطقة الشرقية,المرحلة المتوسطة,حكومي,مكتب التعليم بالجبيل,بنات,6223,392,6615
1446,2025,الشرقية,الشرقية,الإدارة العامة للتعليم بالمنطقة الشرقية,المرحلة المتوسطة,حكومي,مكتب التعليم بالجبيل,بنين,1637,237,1874
1446,2025,الشرقية,الشرقية,الإدارة العامة للتعليم بالمنطقة الشرقية,المرحلة المتوسطة,حكومي,مكتب التعليم بالخبر,بنات,7934,1509,9443
1446,2025,الشرقية,الشرقية,الإدارة العامة للتعليم بالمنطقة الشرقية,المرحلة المتوسطة,حكومي,مكتب التعليم بالخبر,بنين,7475,1448,8923
1446,2025,الشرقية,الشرقية,الإدارة العامة للتعليم بالمنطقة الشرقية,المرحلة المتوسطة,حكومي,مكتب التعليم بالخفجي,بنات,2071,220,2291
1446,2025,الشرقية,الشرقية,الإدارة العامة للتعليم بالمنطقة الشرقية,المرحلة المتوسطة,حكومي,مكتب التعليم بالخفجي,بنين,1895,198,2093
1446,2025,الشرقية,الشرقية,الإدارة العامة للتعليم بالمنطقة الشرقية,المرحلة المتوسطة,حكومي,مكتب التعليم بالقرية العليا,بنات,420,85,505
1446,2025,الشرقية,الشرقية,الإدارة العامة للتعليم بالمنطقة الشرقية,المرحلة المتوسطة,حكومي,مكتب التعليم بالقرية العليا,بنين,434,83,517
1446,2025,الشرقية,الشرقية,الإدارة العامة للتعليم بالمنطقة الشرقية,المرحلة المتوسطة,حكومي,مكتب التعليم بالقطيف,بنات,13423,262,13685
1446,2025,الشرقية,الشرقية,الإدارة العامة للتعليم بالمنطقة الشرقية,المرحلة المتوسطة,حكومي,مكتب التعليم بالقطيف,بنين,13955,324,14279
1446,2025,الشرقية,الشرقية,الإدارة العامة للتعليم بالمنطقة الشرقية,المرحلة المتوسطة,حكومي,مكتب التعليم بالنعيرية,بنات,1375,179,1554
1446,2025,الشرقية,الشرقية,الإدارة العامة للتعليم بالمنطقة الشرقية,المرحلة المتوسطة,حكومي,مكتب التعليم بالنعيرية,بنين,1388,181,1569
1446,2025,الشرقية,الشرقية,الإدارة العامة للتعليم بالمنطقة الشرقية,المرحلة المتوسطة,حكومي,مكتب التعليم ببقيق,بنات,1468,151,1619
1446,2025,الشرقية,الشرقية,الإدارة العامة للتعليم بالمنطقة الشرقية,المرحلة المتوسطة,حكومي,مكتب التعليم ببقيق,بنين,1568,155,1723
1446,2025,الشرقية,الشرقية,الإدارة العامة للتعليم بالمنطقة الشرقية,المرحلة المتوسطة,حكومي,مكتب التعليم برأس تنورة,بنات,663,98,761
1446,2025,الشرقية,الشرقية,الإدارة العامة للتعليم بالمنطقة الشرقية,المرحلة المتوسطة,حكومي,مكتب التعليم برأس تنورة,بنين,640,75,715
1446,2025,الشرقية,الشرقية,الإدارة العامة للتعليم بالمنطقة الشرقية,المرحلة المتوسطة,حكومي,مكتب التعليم بشرق الدمام,بنات,4091,3158,7249
1446,2025,الشرقية,الشرقية,الإدارة العامة للتعليم بالمنطقة الشرقية,المرحلة المتوسطة,حكومي,مكتب التعليم بشرق الدمام,بنين,4258,2438,6696
1446,2025,الشرقية,الشرقية,الإدارة العامة للتعليم بالمنطقة الشرقية,المرحلة المتوسطة,حكومي,مكتب التعليم بغرب الدمام,بنات,14009,311,14320
1446,2025,الشرقية,الشرقية,الإدارة العامة للتعليم بالمنطقة الشرقية,المرحلة المتوسطة,حكومي,مكتب التعليم بغرب الدمام,بنين,12265,830,13095
1446,2025,الشرقية,الشرقية,الإدارة العامة للتعليم بالمنطقة الشرقية,المرحلة المتوسطة,عالمي وأجنبي,مكتب التعليم العالمي والأجنبي بالمنطقة الشرقية,بنات,1887,2967,4854
1446,2025,الشرقية,الشرقية,الإدارة العامة للتعليم بالمنطقة الشرقية,المرحلة المتوسطة,عالمي وأجنبي,مكتب التعليم العالمي والأجنبي بالمنطقة الشرقية,بنين,2156,9659,11815
1446,2025,الشرقية,الشرقية,الإدارة العامة للتعليم بالمنطقة الشرقية,رياض الأطفال,أهلي,مكتب التعليم بالجبيل,بنات,3477,61,3538
1446,2025,الشرقية,الشرقية,الإدارة العامة للتعليم بالمنطقة الشرقية,رياض الأطفال,أهلي,مكتب التعليم بالخبر,بنات,1937,177,2114
1446,2025,الشرقية,الشرقية,الإدارة العامة للتعليم بالمنطقة الشرقية,رياض الأطفال,أهلي,مكتب التعليم بالخفجي,بنات,487,34,521
1446,2025,الشرقية,الشرقية,الإدارة العامة للتعليم بالمنطقة الشرقية,رياض الأطفال,أهلي,مكتب التعليم بالقطيف,بنات,1294,5,1299
1446,2025,الشرقية,الشرقية,الإدارة العامة للتعليم بالمنطقة الشرقية,رياض الأطفال,أهلي,مكتب التعليم ببقيق,بنات,66,1,67
1446,2025,الشرقية,الشرقية,الإدارة العامة للتعليم بالمنطقة الشرقية,رياض الأطفال,أهلي,مكتب التعليم برأس تنورة,بنات,99,3,102
1446,2025,الشرقية,الشرقية,الإدارة العامة للتعليم بالمنطقة الشرقية,رياض الأطفال,أهلي,مكتب التعليم بشرق الدمام,بنات,1373,138,1511
1446,2025,الشرقية,الشرقية,الإدارة العامة للتعليم بالمنطقة الشرقية,رياض الأطفال,أهلي,مكتب التعليم بغرب الدمام,بنات,2484,62,2546
1446,2025,الشرقية,الشرقية,الإدارة العامة للتعليم بالمنطقة الشرقية,رياض الأطفال,حكومي,مكتب التعليم بالجبيل,بنات,1554,6,1560
1446,2025,الشرقية,الشرقية,الإدارة العامة للتعليم بالمنطقة الشرقية,رياض الأطفال,حكومي,مكتب التعليم بالخبر,بنات,2490,24,2514
1446,2025,الشرقية,الشرقية,الإدارة العامة للتعليم بالمنطقة الشرقية,رياض الأطفال,حكومي,مكتب التعليم بالخفجي,بنات,735,7,742
1446,2025,الشرقية,الشرقية,الإدارة العامة للتعليم بالمنطقة الشرقية,رياض الأطفال,حكومي,مكتب التعليم بالقرية العليا,بنات,228,2,230
1446,2025,الشرقية,الشرقية,الإدارة العامة للتعليم بالمنطقة الشرقية,رياض الأطفال,حكومي,مكتب التعليم بالقطيف,بنات,3605,6,3611
1446,2025,الشرقية,الشرقية,الإدارة العامة للتعليم بالمنطقة الشرقية,رياض الأطفال,حكومي,مكتب التعليم بالنعيرية,بنات,590,4,594
1446,2025,الشرقية,الشرقية,الإدارة العامة للتعليم بالمنطقة الشرقية,رياض الأطفال,حكومي,مكتب التعليم ببقيق,بنات,636,9,645
1446,2025,الشرقية,الشرقية,الإدارة العامة للتعليم بالمنطقة الشرقية,رياض الأطفال,حكومي,مكتب التعليم برأس تنورة,بنات,263,1,264
1446,2025,الشرقية,الشرقية,الإدارة العامة للتعليم بالمنطقة الشرقية,رياض الأطفال,حكومي,مكتب التعليم بشرق الدمام,بنات,2086,45,2131
1446,2025,الشرقية,الشرقية,الإدارة العامة للتعليم بالمنطقة الشرقية,رياض الأطفال,حكومي,مكتب التعليم بغرب الدمام,بنات,5126,17,5143
1446,2025,الشرقية,الشرقية,الإدارة العامة للتعليم بالمنطقة الشرقية,رياض الأطفال,عالمي وأجنبي,مكتب التعليم العالمي والأجنبي بالمنطقة الشرقية,بنات,3723,5078,8801
1446,2025,القصيم,القصيم,إدارة التعليم بمحافظة البكيرية,المرحلة الإبتدائية,أهلي,إدارة الإشراف التربوي,بنات,311,14,325
1446,2025,القصيم,القصيم,إدارة التعليم بمحافظة البكيرية,المرحلة الإبتدائية,أهلي,إدارة الإشراف التربوي,بنين,293,18,311
1446,2025,القصيم,القصيم,إدارة التعليم بمحافظة البكيرية,المرحلة الإبتدائية,حكومي,إدارة الإشراف التربوي,بنات,4660,419,5079
1446,2025,القصيم,القصيم,إدارة التعليم بمحافظة البكيرية,المرحلة الإبتدائية,حكومي,إدارة الإشراف التربوي,بنين,1591,155,1746
1446,2025,القصيم,القصيم,إدارة التعليم بمحافظة البكيرية,المرحلة الإبتدائية,عالمي وأجنبي,إدارة الإشراف التربوي,بنات,26,2,28
1446,2025,القصيم,القصيم,إدارة التعليم بمحافظة البكيرية,المرحلة الإبتدائية,عالمي وأجنبي,إدارة الإشراف التربوي,بنين,19,1,20
1446,2025,القصيم,القصيم,إدارة التعليم بمحافظة البكيرية,المرحلة الثانوية,أهلي,إدارة الإشراف التربوي,بنات,344,30,374
1446,2025,القصيم,القصيم,إدارة التعليم بمحافظة البكيرية,المرحلة الثانوية,أهلي,إدارة الإشراف التربوي,بنين,645,22,667
1446,2025,القصيم,القصيم,إدارة التعليم بمحافظة البكيرية,المرحلة الثانوية,حكومي,إدارة الإشراف التربوي,بنات,1452,119,1571
1446,2025,القصيم,القصيم,إدارة التعليم بمحافظة البكيرية,المرحلة الثانوية,حكومي,إدارة الإشراف التربوي,بنين,1458,122,1580
1446,2025,القصيم,القصيم,إدارة التعليم بمحافظة البكيرية,المرحلة المتوسطة,أهلي,إدارة الإشراف التربوي,بنات,87,4,91
1446,2025,القصيم,القصيم,إدارة التعليم بمحافظة البكيرية,المرحلة المتوسطة,أهلي,إدارة الإشراف التربوي,بنين,191,8,199
1446,2025,القصيم,القصيم,إدارة التعليم بمحافظة البكيرية,المرحلة المتوسطة,حكومي,إدارة الإشراف التربوي,بنات,1640,131,1771
1446,2025,القصيم,القصيم,إدارة التعليم بمحافظة البكيرية,المرحلة المتوسطة,حكومي,إدارة الإشراف التربوي,بنين,1646,140,1786
1446,2025,القصيم,القصيم,إدارة التعليم بمحافظة البكيرية,رياض الأطفال,أهلي,إدارة الإشراف التربوي,بنات,290,11,301
1446,2025,القصيم,القصيم,إدارة التعليم بمحافظة البكيرية,رياض الأطفال,حكومي,إدارة الإشراف التربوي,بنات,850,1,851
1446,2025,القصيم,القصيم,إدارة التعليم بمحافظة البكيرية,رياض الأطفال,عالمي وأجنبي,إدارة الإشراف التربوي,بنات,34,2,36
1446,2025,القصيم,القصيم,إدارة التعليم بمحافظة الرس,المرحلة الإبتدائية,أهلي,إدارة الإشراف التربوي,بنات,514,29,543
1446,2025,القصيم,القصيم,إدارة التعليم بمحافظة الرس,المرحلة الإبتدائية,أهلي,إدارة الإشراف التربوي,بنين,801,22,823
1446,2025,القصيم,القصيم,إدارة التعليم بمحافظة الرس,المرحلة الإبتدائية,حكومي,إدارة الإشراف التربوي,بنات,8781,743,9524
1446,2025,القصيم,القصيم,إدارة التعليم بمحافظة الرس,المرحلة الإبتدائية,حكومي,إدارة الإشراف التربوي,بنين,3060,243,3303
1446,2025,القصيم,القصيم,إدارة التعليم بمحافظة الرس,المرحلة الإبتدائية,حكومي,مكتب التعليم بضريه,بنات,1717,75,1792
1446,2025,القصيم,القصيم,إدارة التعليم بمحافظة الرس,المرحلة الإبتدائية,حكومي,مكتب التعليم بضريه,بنين,667,18,685
1446,2025,القصيم,القصيم,إدارة التعليم بمحافظة الرس,المرحلة الإبتدائية,عالمي وأجنبي,إدارة الإشراف التربوي,بنات,57,13,70
1446,2025,القصيم,القصيم,إدارة التعليم بمحافظة الرس,المرحلة الثانوية,أهلي,إدارة الإشراف التربوي,بنات,407,31,438
1446,2025,القصيم,القصيم,إدارة التعليم بمحافظة الرس,المرحلة الثانوية,أهلي,إدارة الإشراف التربوي,بنين,638,42,680
1446,2025,القصيم,القصيم,إدارة التعليم بمحافظة الرس,المرحلة الثانوية,حكومي,إدارة الإشراف التربوي,بنات,2955,172,3127
1446,2025,القصيم,القصيم,إدارة التعليم بمحافظة الرس,المرحلة الثانوية,حكومي,إدارة الإشراف التربوي,بنين,2717,188,2905
1446,2025,القصيم,القصيم,إدارة التعليم بمحافظة الرس,المرحلة الثانوية,حكومي,مكتب التعليم بضريه,بنات,530,13,543
1446,2025,القصيم,القصيم,إدارة التعليم بمحافظة الرس,المرحلة الثانوية,حكومي,مكتب التعليم بضريه,بنين,643,9,652
1446,2025,القصيم,القصيم,إدارة التعليم بمحافظة الرس,المرحلة المتوسطة,أهلي,إدارة الإشراف التربوي,بنات,117,17,134
1446,2025,القصيم,القصيم,إدارة التعليم بمحافظة الرس,المرحلة المتوسطة,أهلي,إدارة الإشراف التربوي,بنين,160,18,178
1446,2025,القصيم,القصيم,إدارة التعليم بمحافظة الرس,المرحلة المتوسطة,حكومي,إدارة الإشراف التربوي,بنات,3268,214,3482
1446,2025,القصيم,القصيم,إدارة التعليم بمحافظة الرس,المرحلة المتوسطة,حكومي,إدارة الإشراف التربوي,بنين,3245,188,3433
1446,2025,القصيم,القصيم,إدارة التعليم بمحافظة الرس,المرحلة المتوسطة,حكومي,مكتب التعليم بضريه,بنات,568,13,581
1446,2025,القصيم,القصيم,إدارة التعليم بمحافظة الرس,المرحلة المتوسطة,حكومي,مكتب التعليم بضريه,بنين,569,8,577
1446,2025,القصيم,القصيم,إدارة التعليم بمحافظة الرس,رياض الأطفال,أهلي,إدارة الإشراف التربوي,بنات,214,20,234
1446,2025,القصيم,القصيم,إدارة التعليم بمحافظة الرس,رياض الأطفال,حكومي,إدارة الإشراف التربوي,بنات,1550,3,1553
1446,2025,القصيم,القصيم,إدارة التعليم بمحافظة الرس,رياض الأطفال,حكومي,مكتب التعليم بضريه,بنات,240,0,240
1446,2025,القصيم,القصيم,إدارة التعليم بمحافظة الرس,رياض الأطفال,عالمي وأجنبي,إدارة الإشراف التربوي,بنات,64,16,80
1446,2025,القصيم,القصيم,إدارة التعليم بمحافظة المذنب,المرحلة الإبتدائية,أهلي,إدارة الإشراف التربوي,بنات,27,0,27
1446,2025,القصيم,القصيم,إدارة التعليم بمحافظة المذنب,المرحلة الإبتدائية,حكومي,إدارة الإشراف التربوي,بنات,3466,248,3714
1446,2025,القصيم,القصيم,إدارة التعليم بمحافظة المذنب,المرحلة الإبتدائية,حكومي,إدارة الإشراف التربوي,بنين,1206,66,1272
1446,2025,القصيم,القصيم,إدارة التعليم بمحافظة المذنب,المرحلة الثانوية,أهلي,إدارة الإشراف التربوي,بنات,14,0,14
1446,2025,القصيم,القصيم,إدارة التعليم بمحافظة المذنب,المرحلة الثانوية,حكومي,إدارة الإشراف التربوي,بنات,1136,53,1189
1446,2025,القصيم,القصيم,إدارة التعليم بمحافظة المذنب,المرحلة الثانوية,حكومي,إدارة الإشراف التربوي,بنين,1152,63,1215
1446,2025,القصيم,القصيم,إدارة التعليم بمحافظة المذنب,المرحلة المتوسطة,حكومي,إدارة الإشراف التربوي,بنات,1210,72,1282
1446,2025,القصيم,القصيم,إدارة التعليم بمحافظة المذنب,المرحلة المتوسطة,حكومي,إدارة الإشراف التربوي,بنين,1232,56,1288
1446,2025,القصيم,القصيم,إدارة التعليم بمحافظة المذنب,رياض الأطفال,أهلي,إدارة الإشراف التربوي,بنات,19,0,19
1446,2025,القصيم,القصيم,إدارة التعليم بمحافظة المذنب,رياض الأطفال,حكومي,إدارة الإشراف التربوي,بنات,814,2,816
1446,2025,القصيم,القصيم,إدارة التعليم بمحافظة عنيزة,المرحلة الإبتدائية,أهلي,إدارة الإشراف التربوي,بنات,387,18,405
1446,2025,القصيم,القصيم,إدارة التعليم بمحافظة عنيزة,المرحلة الإبتدائية,أهلي,إدارة الإشراف التربوي,بنين,306,14,320
1446,2025,القصيم,القصيم,إدارة التعليم بمحافظة عنيزة,المرحلة الإبتدائية,حكومي,إدارة الإشراف التربوي,بنات,12249,1352,13601
1446,2025,القصيم,القصيم,إدارة التعليم بمحافظة عنيزة,المرحلة الإبتدائية,حكومي,إدارة الإشراف التربوي,بنين,3952,510,4462
1446,2025,القصيم,القصيم,إدارة التعليم بمحافظة عنيزة,المرحلة الإبتدائية,عالمي وأجنبي,إدارة الإشراف التربوي,بنات,175,395,570
1446,2025,القصيم,القصيم,إدارة التعليم بمحافظة عنيزة,المرحلة الإبتدائية,عالمي وأجنبي,إدارة الإشراف التربوي,بنين,194,462,656
1446,2025,القصيم,القصيم,إدارة التعليم بمحافظة عنيزة,المرحلة الثانوية,أهلي,إدارة الإشراف التربوي,بنات,108,57,165
1446,2025,القصيم,القصيم,إدارة التعليم بمحافظة عنيزة,المرحلة الثانوية,أهلي,إدارة الإشراف التربوي,بنين,244,128,372
1446,2025,القصيم,القصيم,إدارة التعليم بمحافظة عنيزة,المرحلة الثانوية,حكومي,إدارة الإشراف التربوي,بنات,4255,367,4622
1446,2025,القصيم,القصيم,إدارة التعليم بمحافظة عنيزة,المرحلة الثانوية,حكومي,إدارة الإشراف التربوي,بنين,4064,363,4427
1446,2025,القصيم,القصيم,إدارة التعليم بمحافظة عنيزة,المرحلة الثانوية,عالمي وأجنبي,إدارة الإشراف التربوي,بنات,12,13,25
1446,2025,القصيم,القصيم,إدارة التعليم بمحافظة عنيزة,المرحلة الثانوية,عالمي وأجنبي,إدارة الإشراف التربوي,بنين,19,13,32
1446,2025,القصيم,القصيم,إدارة التعليم بمحافظة عنيزة,المرحلة المتوسطة,أهلي,إدارة الإشراف التربوي,بنات,83,8,91
1446,2025,القصيم,القصيم,إدارة التعليم بمحافظة عنيزة,المرحلة المتوسطة,أهلي,إدارة الإشراف التربوي,بنين,145,7,152
1446,2025,القصيم,القصيم,إدارة التعليم بمحافظة عنيزة,المرحلة المتوسطة,حكومي,إدارة الإشراف التربوي,بنات,4271,343,4614
1446,2025,القصيم,القصيم,إدارة التعليم بمحافظة عنيزة,المرحلة المتوسطة,حكومي,إدارة الإشراف التربوي,بنين,4391,459,4850
1446,2025,القصيم,القصيم,إدارة التعليم بمحافظة عنيزة,المرحلة المتوسطة,عالمي وأجنبي,إدارة الإشراف التربوي,بنات,53,160,213
1446,2025,القصيم,القصيم,إدارة التعليم بمحافظة عنيزة,المرحلة المتوسطة,عالمي وأجنبي,إدارة الإشراف التربوي,بنين,27,196,223
1446,2025,القصيم,القصيم,إدارة التعليم بمحافظة عنيزة,رياض الأطفال,أهلي,إدارة الإشراف التربوي,بنات,659,47,706
1446,2025,القصيم,القصيم,إدارة التعليم بمحافظة عنيزة,رياض الأطفال,حكومي,إدارة الإشراف التربوي,بنات,2590,8,2598
1446,2025,القصيم,القصيم,إدارة التعليم بمحافظة عنيزة,رياض الأطفال,عالمي وأجنبي,إدارة الإشراف التربوي,بنات,201,118,319
1446,2025,القصيم,القصيم,الإدارة العامة للتعليم بمنطقة القصيم,المرحلة الإبتدائية,أهلي,مكتب التعليم بالبدائع,بنات,145,8,153
1446,2025,القصيم,القصيم,الإدارة العامة للتعليم بمنطقة القصيم,المرحلة الإبتدائية,أهلي,مكتب التعليم بالبدائع,بنين,179,0,179
1446,2025,القصيم,القصيم,الإدارة العامة للتعليم بمنطقة القصيم,المرحلة الإبتدائية,أهلي,مكتب التعليم بغرب بريدة,بنات,1017,57,1074
1446,2025,القصيم,القصيم,الإدارة العامة للتعليم بمنطقة القصيم,المرحلة الإبتدائية,أهلي,مكتب التعليم بغرب بريدة,بنين,579,59,638
1446,2025,القصيم,القصيم,الإدارة العامة للتعليم بمنطقة القصيم,المرحلة الإبتدائية,أهلي,مكتب التعليم وسط بريدة,بنات,440,63,503
1446,2025,القصيم,القصيم,الإدارة العامة للتعليم بمنطقة القصيم,المرحلة الإبتدائية,أهلي,مكتب التعليم وسط بريدة,بنين,433,29,462
1446,2025,القصيم,القصيم,الإدارة العامة للتعليم بمنطقة القصيم,المرحلة الإبتدائية,أهلي,مكتب تعليم الشرق,بنات,324,39,363
1446,2025,القصيم,القصيم,الإدارة العامة للتعليم بمنطقة القصيم,المرحلة الإبتدائية,أهلي,مكتب تعليم الشرق,بنين,344,35,379
1446,2025,القصيم,القصيم,الإدارة العامة للتعليم بمنطقة القصيم,المرحلة الإبتدائية,حكومي,مكتب التعليم بالأسياح,بنات,3198,157,3355
1446,2025,القصيم,القصيم,الإدارة العامة للتعليم بمنطقة القصيم,المرحلة الإبتدائية,حكومي,مكتب التعليم بالأسياح,بنين,1352,54,1406
1446,2025,القصيم,القصيم,الإدارة العامة للتعليم بمنطقة القصيم,المرحلة الإبتدائية,حكومي,مكتب التعليم بالبدائع,بنات,4185,313,4498
1446,2025,القصيم,القصيم,الإدارة العامة للتعليم بمنطقة القصيم,المرحلة الإبتدائية,حكومي,مكتب التعليم بالبدائع,بنين,2025,127,2152
1446,2025,القصيم,القصيم,الإدارة العامة للتعليم بمنطقة القصيم,المرحلة الإبتدائية,حكومي,مكتب التعليم بالنبهانية,بنات,4040,37,4077
1446,2025,القصيم,القصيم,الإدارة العامة للتعليم بمنطقة القصيم,المرحلة الإبتدائية,حكومي,مكتب التعليم بالنبهانية,بنين,2536,28,2564
1446,2025,القصيم,القصيم,الإدارة العامة للتعليم بمنطقة القصيم,المرحلة الإبتدائية,حكومي,مكتب التعليم برياض الخبراء,بنات,5525,214,5739
1446,2025,القصيم,القصيم,الإدارة العامة للتعليم بمنطقة القصيم,المرحلة الإبتدائية,حكومي,مكتب التعليم برياض الخبراء,بنين,2422,77,2499
1446,2025,القصيم,القصيم,الإدارة العامة للتعليم بمنطقة القصيم,المرحلة الإبتدائية,حكومي,مكتب التعليم بعقلة الصقور,بنات,1561,62,1623
1446,2025,القصيم,القصيم,الإدارة العامة للتعليم بمنطقة القصيم,المرحلة الإبتدائية,حكومي,مكتب التعليم بعقلة الصقور,بنين,617,25,642
1446,2025,القصيم,القصيم,الإدارة العامة للتعليم بمنطقة القصيم,المرحلة الإبتدائية,حكومي,مكتب التعليم بعيون الجواء,بنات,3489,314,3803
1446,2025,القصيم,القصيم,الإدارة العامة للتعليم بمنطقة القصيم,المرحلة الإبتدائية,حكومي,مكتب التعليم بعيون الجواء,بنين,1236,100,1336
1446,2025,القصيم,القصيم,الإدارة العامة للتعليم بمنطقة القصيم,المرحلة الإبتدائية,حكومي,مكتب التعليم بغرب بريدة,بنات,13514,844,14358
1446,2025,القصيم,القصيم,الإدارة العامة للتعليم بمنطقة القصيم,المرحلة الإبتدائية,حكومي,مكتب التعليم بغرب بريدة,بنين,7458,401,7859
1446,2025,القصيم,القصيم,الإدارة العامة للتعليم بمنطقة القصيم,المرحلة الإبتدائية,حكومي,مكتب التعليم وسط بريدة,بنات,8625,2797,11422
1446,2025,القصيم,القصيم,الإدارة العامة للتعليم بمنطقة القصيم,المرحلة الإبتدائية,حكومي,مكتب التعليم وسط بريدة,بنين,5193,1347,6540
1446,2025,القصيم,القصيم,الإدارة العامة للتعليم بمنطقة القصيم,المرحلة الإبتدائية,حكومي,مكتب تعليم الشرق,بنات,13492,1299,14791
1446,2025,القصيم,القصيم,الإدارة العامة للتعليم بمنطقة القصيم,المرحلة الإبتدائية,حكومي,مكتب تعليم الشرق,بنين,7043,659,7702
1446,2025,القصيم,القصيم,الإدارة العامة للتعليم بمنطقة القصيم,المرحلة الإبتدائية,عالمي وأجنبي,مكتب التعليم بغرب بريدة,بنات,589,99,688
1446,2025,القصيم,القصيم,الإدارة العامة للتعليم بمنطقة القصيم,المرحلة الإبتدائية,عالمي وأجنبي,مكتب التعليم بغرب بريدة,بنين,214,60,274
1446,2025,القصيم,القصيم,الإدارة العامة للتعليم بمنطقة القصيم,المرحلة الإبتدائية,عالمي وأجنبي,مكتب التعليم وسط بريدة,بنات,210,817,1027
1446,2025,القصيم,القصيم,الإدارة العامة للتعليم بمنطقة القصيم,المرحلة الإبتدائية,عالمي وأجنبي,مكتب التعليم وسط بريدة,بنين,242,347,589
1446,2025,القصيم,القصيم,الإدارة العامة للتعليم بمنطقة القصيم,المرحلة الإبتدائية,عالمي وأجنبي,مكتب تعليم الشرق,بنات,1,434,435
1446,2025,القصيم,القصيم,الإدارة العامة للتعليم بمنطقة القصيم,المرحلة الإبتدائية,عالمي وأجنبي,مكتب تعليم الشرق,بنين,29,426,455
1446,2025,القصيم,القصيم,الإدارة العامة للتعليم بمنطقة القصيم,المرحلة الثانوية,أهلي,,بنات,0,0,0
1446,2025,القصيم,القصيم,الإدارة العامة للتعليم بمنطقة القصيم,المرحلة الثانوية,أهلي,مكتب التعليم بالبدائع,بنات,36,0,36
1446,2025,القصيم,القصيم,الإدارة العامة للتعليم بمنطقة القصيم,المرحلة الثانوية,أهلي,مكتب التعليم بالبدائع,بنين,113,0,113
1446,2025,القصيم,القصيم,الإدارة العامة للتعليم بمنطقة القصيم,المرحلة الثانوية,أهلي,مكتب التعليم بغرب بريدة,بنات,330,315,645
1446,2025,القصيم,القصيم,الإدارة العامة للتعليم بمنطقة القصيم,المرحلة الثانوية,أهلي,مكتب التعليم بغرب بريدة,بنين,999,253,1252
1446,2025,القصيم,القصيم,الإدارة العامة للتعليم بمنطقة القصيم,المرحلة الثانوية,أهلي,مكتب التعليم وسط بريدة,بنات,487,101,588
1446,2025,القصيم,القصيم,الإدارة العامة للتعليم بمنطقة القصيم,المرحلة الثانوية,أهلي,مكتب التعليم وسط بريدة,بنين,364,170,534
1446,2025,القصيم,القصيم,الإدارة العامة للتعليم بمنطقة القصيم,المرحلة الثانوية,أهلي,مكتب تعليم الشرق,بنات,219,93,312
1446,2025,القصيم,القصيم,الإدارة العامة للتعليم بمنطقة القصيم,المرحلة الثانوية,أهلي,مكتب تعليم الشرق,بنين,628,126,754
1446,2025,القصيم,القصيم,الإدارة العامة للتعليم بمنطقة القصيم,المرحلة الثانوية,حكومي,مكتب التعليم بالأسياح,بنات,1132,33,1165
1446,2025,القصيم,القصيم,الإدارة العامة للتعليم بمنطقة القصيم,المرحلة الثانوية,حكومي,مكتب التعليم بالأسياح,بنين,1166,40,1206
1446,2025,القصيم,القصيم,الإدارة العامة للتعليم بمنطقة القصيم,المرحلة الثانوية,حكومي,مكتب التعليم بالبدائع,بنات,1544,81,1625
1446,2025,القصيم,القصيم,الإدارة العامة للتعليم بمنطقة القصيم,المرحلة الثانوية,حكومي,مكتب التعليم بالبدائع,بنين,1512,83,1595
1446,2025,القصيم,القصيم,الإدارة العامة للتعليم بمنطقة القصيم,المرحلة الثانوية,حكومي,مكتب التعليم بالنبهانية,بنات,1188,9,1197
1446,2025,القصيم,القصيم,الإدارة العامة للتعليم بمنطقة القصيم,المرحلة الثانوية,حكومي,مكتب التعليم بالنبهانية,بنين,1459,7,1466
1446,2025,القصيم,القصيم,الإدارة العامة للتعليم بمنطقة القصيم,المرحلة الثانوية,حكومي,مكتب التعليم برياض الخبراء,بنات,2028,53,2081
1446,2025,القصيم,القصيم,الإدارة العامة للتعليم بمنطقة القصيم,المرحلة الثانوية,حكومي,مكتب التعليم برياض الخبراء,بنين,1831,60,1891
1446,2025,القصيم,القصيم,الإدارة العامة للتعليم بمنطقة القصيم,المرحلة الثانوية,حكومي,مكتب التعليم بعقلة الصقور,بنات,555,18,573
1446,2025,القصيم,القصيم,الإدارة العامة للتعليم بمنطقة القصيم,المرحلة الثانوية,حكومي,مكتب التعليم بعقلة الصقور,بنين,493,17,510
1446,2025,القصيم,القصيم,الإدارة العامة للتعليم بمنطقة القصيم,المرحلة الثانوية,حكومي,مكتب التعليم بعيون الجواء,بنات,1055,65,1120
1446,2025,القصيم,القصيم,الإدارة العامة للتعليم بمنطقة القصيم,المرحلة الثانوية,حكومي,مكتب التعليم بعيون الجواء,بنين,1021,63,1084
1446,2025,القصيم,القصيم,الإدارة العامة للتعليم بمنطقة القصيم,المرحلة الثانوية,حكومي,مكتب التعليم بغرب بريدة,بنات,4611,202,4813
1446,2025,القصيم,القصيم,الإدارة العامة للتعليم بمنطقة القصيم,المرحلة الثانوية,حكومي,مكتب التعليم بغرب بريدة,بنين,4590,234,4824
1446,2025,القصيم,القصيم,الإدارة العامة للتعليم بمنطقة القصيم,المرحلة الثانوية,حكومي,مكتب التعليم وسط بريدة,بنات,3566,699,4265
1446,2025,القصيم,القصيم,الإدارة العامة للتعليم بمنطقة القصيم,المرحلة الثانوية,حكومي,مكتب التعليم وسط بريدة,بنين,4377,729,5106
1446,2025,القصيم,القصيم,الإدارة العامة للتعليم بمنطقة القصيم,المرحلة الثانوية,حكومي,مكتب تعليم الشرق,بنات,5009,370,5379
1446,2025,القصيم,القصيم,الإدارة العامة للتعليم بمنطقة القصيم,المرحلة الثانوية,حكومي,مكتب تعليم الشرق,بنين,3773,263,4036
1446,2025,القصيم,القصيم,الإدارة العامة للتعليم بمنطقة القصيم,المرحلة الثانوية,عالمي وأجنبي,مكتب التعليم بغرب بريدة,بنات,45,13,58
1446,2025,القصيم,القصيم,الإدارة العامة للتعليم بمنطقة القصيم,المرحلة الثانوية,عالمي وأجنبي,مكتب التعليم بغرب بريدة,بنين,35,6,41
1446,2025,القصيم,القصيم,الإدارة العامة للتعليم بمنطقة القصيم,المرحلة الثانوية,عالمي وأجنبي,مكتب التعليم وسط بريدة,بنات,19,18,37
1446,2025,القصيم,القصيم,الإدارة العامة للتعليم بمنطقة القصيم,المرحلة الثانوية,عالمي وأجنبي,مكتب التعليم وسط بريدة,بنين,26,14,40
1446,2025,القصيم,القصيم,الإدارة العامة للتعليم بمنطقة القصيم,المرحلة الثانوية,عالمي وأجنبي,مكتب تعليم الشرق,بنات,0,127,127
1446,2025,القصيم,القصيم,الإدارة العامة للتعليم بمنطقة القصيم,المرحلة الثانوية,عالمي وأجنبي,مكتب تعليم الشرق,بنين,0,179,179
1446,2025,القصيم,القصيم,الإدارة العامة للتعليم بمنطقة القصيم,المرحلة المتوسطة,أهلي,مكتب التعليم بالبدائع,بنات,42,1,43
1446,2025,القصيم,القصيم,الإدارة العامة للتعليم بمنطقة القصيم,المرحلة المتوسطة,أهلي,مكتب التعليم بالبدائع,بنين,50,1,51
1446,2025,القصيم,القصيم,الإدارة العامة للتعليم بمنطقة القصيم,المرحلة المتوسطة,أهلي,مكتب التعليم بغرب بريدة,بنات,224,13,237
1446,2025,القصيم,القصيم,الإدارة العامة للتعليم بمنطقة القصيم,المرحلة المتوسطة,أهلي,مكتب التعليم بغرب بريدة,بنين,306,31,337
1446,2025,القصيم,القصيم,الإدارة العامة للتعليم بمنطقة القصيم,المرحلة المتوسطة,أهلي,مكتب التعليم وسط بريدة,بنات,68,21,89
1446,2025,القصيم,القصيم,الإدارة العامة للتعليم بمنطقة القصيم,المرحلة المتوسطة,أهلي,مكتب التعليم وسط بريدة,بنين,186,19,205
1446,2025,القصيم,القصيم,الإدارة العامة للتعليم بمنطقة القصيم,المرحلة المتوسطة,أهلي,مكتب تعليم الشرق,بنات,58,14,72
1446,2025,القصيم,القصيم,الإدارة العامة للتعليم بمنطقة القصيم,المرحلة المتوسطة,أهلي,مكتب تعليم الشرق,بنين,130,16,146
1446,2025,القصيم,القصيم,الإدارة العامة للتعليم بمنطقة القصيم,المرحلة المتوسطة,حكومي,مكتب التعليم بالأسياح,بنات,1181,38,1219
1446,2025,القصيم,القصيم,الإدارة العامة للتعليم بمنطقة القصيم,المرحلة المتوسطة,حكومي,مكتب التعليم بالأسياح,بنين,1209,42,1251
1446,2025,القصيم,القصيم,الإدارة العامة للتعليم بمنطقة القصيم,المرحلة المتوسطة,حكومي,مكتب التعليم بالبدائع,بنات,1668,64,1732
1446,2025,القصيم,القصيم,الإدارة العامة للتعليم بمنطقة القصيم,المرحلة المتوسطة,حكومي,مكتب التعليم بالبدائع,بنين,1632,99,1731
1446,2025,القصيم,القصيم,الإدارة العامة للتعليم بمنطقة القصيم,المرحلة المتوسطة,حكومي,مكتب التعليم بالنبهانية,بنات,1471,3,1474
1446,2025,القصيم,القصيم,الإدارة العامة للتعليم بمنطقة القصيم,المرحلة المتوسطة,حكومي,مكتب التعليم بالنبهانية,بنين,1517,18,1535
1446,2025,القصيم,القصيم,الإدارة العامة للتعليم بمنطقة القصيم,المرحلة المتوسطة,حكومي,مكتب التعليم برياض الخبراء,بنات,2143,63,2206
1446,2025,القصيم,القصيم,الإدارة العامة للتعليم بمنطقة القصيم,المرحلة المتوسطة,حكومي,مكتب التعليم برياض الخبراء,بنين,2022,55,2077
1446,2025,القصيم,القصيم,الإدارة العامة للتعليم بمنطقة القصيم,المرحلة المتوسطة,حكومي,مكتب التعليم بعقلة الصقور,بنات,589,18,607
1446,2025,القصيم,القصيم,الإدارة العامة للتعليم بمنطقة القصيم,المرحلة المتوسطة,حكومي,مكتب التعليم بعقلة الصقور,بنين,487,21,508
1446,2025,القصيم,القصيم,الإدارة العامة للتعليم بمنطقة القصيم,المرحلة المتوسطة,حكومي,مكتب التعليم بعيون الجواء,بنات,1106,82,1188
1446,2025,القصيم,القصيم,الإدارة العامة للتعليم بمنطقة القصيم,المرحلة المتوسطة,حكومي,مكتب التعليم بعيون الجواء,بنين,1191,88,1279
1446,2025,القصيم,القصيم,الإدارة العامة للتعليم بمنطقة القصيم,المرحلة المتوسطة,حكومي,مكتب التعليم بغرب بريدة,بنات,5314,202,5516
1446,2025,القصيم,القصيم,الإدارة العامة للتعليم بمنطقة القصيم,المرحلة المتوسطة,حكومي,مكتب التعليم بغرب بريدة,بنين,5255,214,5469
1446,2025,القصيم,القصيم,الإدارة العامة للتعليم بمنطقة القصيم,المرحلة المتوسطة,حكومي,مكتب التعليم وسط بريدة,بنات,3869,846,4715
1446,2025,القصيم,القصيم,الإدارة العامة للتعليم بمنطقة القصيم,المرحلة المتوسطة,حكومي,مكتب التعليم وسط بريدة,بنين,4149,845,4994
1446,2025,القصيم,القصيم,الإدارة العامة للتعليم بمنطقة القصيم,المرحلة المتوسطة,حكومي,مكتب تعليم الشرق,بنات,5036,334,5370
1446,2025,القصيم,القصيم,الإدارة العامة للتعليم بمنطقة القصيم,المرحلة المتوسطة,حكومي,مكتب تعليم الشرق,بنين,5048,284,5332
1446,2025,القصيم,القصيم,الإدارة العامة للتعليم بمنطقة القصيم,المرحلة المتوسطة,عالمي وأجنبي,مكتب التعليم بغرب بريدة,بنات,70,16,86
1446,2025,القصيم,القصيم,الإدارة العامة للتعليم بمنطقة القصيم,المرحلة المتوسطة,عالمي وأجنبي,مكتب التعليم بغرب بريدة,بنين,75,37,112
1446,2025,القصيم,القصيم,الإدارة العامة للتعليم بمنطقة القصيم,المرحلة المتوسطة,عالمي وأجنبي,مكتب التعليم وسط بريدة,بنات,66,260,326
1446,2025,القصيم,القصيم,الإدارة العامة للتعليم بمنطقة القصيم,المرحلة المتوسطة,عالمي وأجنبي,مكتب التعليم وسط بريدة,بنين,64,232,296
1446,2025,القصيم,القصيم,الإدارة العامة للتعليم بمنطقة القصيم,المرحلة المتوسطة,عالمي وأجنبي,مكتب تعليم الشرق,بنات,1,201,202
1446,2025,القصيم,القصيم,الإدارة العامة للتعليم بمنطقة القصيم,المرحلة المتوسطة,عالمي وأجنبي,مكتب تعليم الشرق,بنين,8,243,251
1446,2025,القصيم,القصيم,الإدارة العامة للتعليم بمنطقة القصيم,رياض الأطفال,أهلي,,بنات,0,0,0
1446,2025,القصيم,القصيم,الإدارة العامة للتعليم بمنطقة القصيم,رياض الأطفال,أهلي,مكتب التعليم بالأسياح,بنات,68,4,72
1446,2025,القصيم,القصيم,الإدارة العامة للتعليم بمنطقة القصيم,رياض الأطفال,أهلي,مكتب التعليم بالبدائع,بنات,267,12,279
1446,2025,القصيم,القصيم,الإدارة العامة للتعليم بمنطقة القصيم,رياض الأطفال,أهلي,مكتب التعليم برياض الخبراء,بنات,120,1,121
1446,2025,القصيم,القصيم,الإدارة العامة للتعليم بمنطقة القصيم,رياض الأطفال,أهلي,مكتب التعليم بعيون الجواء,بنات,101,3,104
1446,2025,القصيم,القصيم,الإدارة العامة للتعليم بمنطقة القصيم,رياض الأطفال,أهلي,مكتب التعليم بغرب بريدة,بنات,624,26,650
1446,2025,القصيم,القصيم,الإدارة العامة للتعليم بمنطقة القصيم,رياض الأطفال,أهلي,مكتب التعليم وسط بريدة,بنات,503,56,559
1446,2025,القصيم,القصيم,الإدارة العامة للتعليم بمنطقة القصيم,رياض الأطفال,أهلي,مكتب تعليم الشرق,بنات,364,25,389
1446,2025,القصيم,القصيم,الإدارة العامة للتعليم بمنطقة القصيم,رياض الأطفال,حكومي,مكتب التعليم بالأسياح,بنات,391,0,391
1446,2025,القصيم,القصيم,الإدارة العامة للتعليم بمنطقة القصيم,رياض الأطفال,حكومي,مكتب التعليم بالبدائع,بنات,603,0,603
1446,2025,القصيم,القصيم,الإدارة العامة للتعليم بمنطقة القصيم,رياض الأطفال,حكومي,مكتب التعليم بالنبهانية,بنات,269,0,269
1446,2025,القصيم,القصيم,الإدارة العامة للتعليم بمنطقة القصيم,رياض الأطفال,حكومي,مكتب التعليم برياض الخبراء,بنات,640,0,640
1446,2025,القصيم,القصيم,الإدارة العامة للتعليم بمنطقة القصيم,رياض الأطفال,حكومي,مكتب التعليم بعقلة الصقور,بنات,238,1,239
1446,2025,القصيم,القصيم,الإدارة العامة للتعليم بمنطقة القصيم,رياض الأطفال,حكومي,مكتب التعليم بعيون الجواء,بنات,455,0,455
1446,2025,القصيم,القصيم,الإدارة العامة للتعليم بمنطقة القصيم,رياض الأطفال,حكومي,مكتب التعليم بغرب بريدة,بنات,2167,6,2173
1446,2025,القصيم,القصيم,الإدارة العامة للتعليم بمنطقة القصيم,رياض الأطفال,حكومي,مكتب التعليم وسط بريدة,بنات,1652,9,1661
1446,2025,القصيم,القصيم,الإدارة العامة للتعليم بمنطقة القصيم,رياض الأطفال,حكومي,مكتب تعليم الشرق,بنات,2111,4,2115
1446,2025,القصيم,القصيم,الإدارة العامة للتعليم بمنطقة القصيم,رياض الأطفال,عالمي وأجنبي,,بنات,0,0,0
1446,2025,القصيم,القصيم,الإدارة العامة للتعليم بمنطقة القصيم,رياض الأطفال,عالمي وأجنبي,مكتب التعليم بغرب بريدة,بنات,225,20,245
1446,2025,القصيم,القصيم,الإدارة العامة للتعليم بمنطقة القصيم,رياض الأطفال,عالمي وأجنبي,مكتب التعليم وسط بريدة,بنات,160,300,460
1446,2025,القصيم,القصيم,الإدارة العامة للتعليم بمنطقة القصيم,رياض الأطفال,عالمي وأجنبي,مكتب تعليم الشرق,بنات,3,209,212
1446,2025,المدينة المنورة,المدينة المنورة,إدارة التعليم بمحافظة العلا,المرحلة الإبتدائية,أهلي,إدارة الإشراف التربوي,بنات,215,16,231
1446,2025,المدينة المنورة,المدينة المنورة,إدارة التعليم بمحافظة العلا,المرحلة الإبتدائية,حكومي,إدارة الإشراف التربوي,بنات,3597,310,3907
1446,2025,المدينة المنورة,المدينة المنورة,إدارة التعليم بمحافظة العلا,المرحلة الإبتدائية,حكومي,إدارة الإشراف التربوي,بنين,2243,165,2408
1446,2025,المدينة المنورة,المدينة المنورة,إدارة التعليم بمحافظة العلا,المرحلة الإبتدائية,عالمي وأجنبي,إدارة الإشراف التربوي,بنات,69,46,115
1446,2025,المدينة المنورة,المدينة المنورة,إدارة التعليم بمحافظة العلا,المرحلة الثانوية,حكومي,إدارة الإشراف التربوي,بنات,1565,92,1657
1446,2025,المدينة المنورة,المدينة المنورة,إدارة التعليم بمحافظة العلا,المرحلة الثانوية,حكومي,إدارة الإشراف التربوي,بنين,1461,77,1538
1446,2025,المدينة المنورة,المدينة المنورة,إدارة التعليم بمحافظة العلا,المرحلة المتوسطة,حكومي,إدارة الإشراف التربوي,بنات,1429,83,1512
1446,2025,المدينة المنورة,المدينة المنورة,إدارة التعليم بمحافظة العلا,المرحلة المتوسطة,حكومي,إدارة الإشراف التربوي,بنين,1561,102,1663
1446,2025,المدينة المنورة,المدينة المنورة,إدارة التعليم بمحافظة العلا,رياض الأطفال,أهلي,إدارة الإشراف التربوي,بنات,145,33,178
1446,2025,المدينة المنورة,المدينة المنورة,إدارة التعليم بمحافظة العلا,رياض الأطفال,حكومي,إدارة الإشراف التربوي,بنات,756,1,757
1446,2025,المدينة المنورة,المدينة المنورة,إدارة التعليم بمحافظة العلا,رياض الأطفال,عالمي وأجنبي,إدارة الإشراف التربوي,بنات,15,21,36
1446,2025,المدينة المنورة,المدينة المنورة,إدارة التعليم بمحافظة المهد,المرحلة الإبتدائية,حكومي,إدارة الإشراف التربوي,بنات,3587,153,3740
1446,2025,المدينة المنورة,المدينة المنورة,إدارة التعليم بمحافظة المهد,المرحلة الإبتدائية,حكومي,إدارة الإشراف التربوي,بنين,2445,116,2561
1446,2025,المدينة المنورة,المدينة المنورة,إدارة التعليم بمحافظة المهد,المرحلة الثانوية,حكومي,إدارة الإشراف التربوي,بنات,1333,40,1373
1446,2025,المدينة المنورة,المدينة المنورة,إدارة التعليم بمحافظة المهد,المرحلة الثانوية,حكومي,إدارة الإشراف التربوي,بنين,1271,41,1312
1446,2025,المدينة المنورة,المدينة المنورة,إدارة التعليم بمحافظة المهد,المرحلة المتوسطة,حكومي,إدارة الإشراف التربوي,بنات,1434,46,1480
1446,2025,المدينة المنورة,المدينة المنورة,إدارة التعليم بمحافظة المهد,المرحلة المتوسطة,حكومي,إدارة الإشراف التربوي,بنين,1398,49,1447
1446,2025,المدينة المنورة,المدينة المنورة,إدارة التعليم بمحافظة المهد,رياض الأطفال,حكومي,إدارة الإشراف التربوي,بنات,871,0,871
1446,2025,المدينة المنورة,المدينة المنورة,إدارة التعليم بمحافظة ينبع,المرحلة الإبتدائية,الهيئة الملكية,إدارة الإشراف التربوي,بنين,0,0,0
1446,2025,المدينة المنورة,المدينة المنورة,إدارة التعليم بمحافظة ينبع,المرحلة الإبتدائية,الهيئة الملكية,ينبع الصناعية,بنين,2217,126,2343
1446,2025,المدينة المنورة,المدينة المنورة,إدارة التعليم بمحافظة ينبع,المرحلة الإبتدائية,أهلي,إدارة الإشراف التربوي,بنات,1539,69,1608
1446,2025,المدينة المنورة,المدينة المنورة,إدارة التعليم بمحافظة ينبع,المرحلة الإبتدائية,أهلي,إدارة الإشراف التربوي,بنين,1290,53,1343
1446,2025,المدينة المنورة,المدينة المنورة,إدارة التعليم بمحافظة ينبع,المرحلة الإبتدائية,أهلي,مكتب التعليم جنوب ينبع,بنات,0,0,0
1446,2025,المدينة المنورة,المدينة المنورة,إدارة التعليم بمحافظة ينبع,المرحلة الإبتدائية,أهلي,ينبع الصناعية,بنين,2,0,2
1446,2025,المدينة المنورة,المدينة المنورة,إدارة التعليم بمحافظة ينبع,المرحلة الإبتدائية,حكومي,إدارة الإشراف التربوي,بنات,19558,1849,21407
1446,2025,المدينة المنورة,المدينة المنورة,إدارة التعليم بمحافظة ينبع,المرحلة الإبتدائية,حكومي,إدارة الإشراف التربوي,بنين,6051,819,6870
1446,2025,المدينة المنورة,المدينة المنورة,إدارة التعليم بمحافظة ينبع,المرحلة الإبتدائية,حكومي,مكتب التعليم بالعيص,بنات,2219,54,2273
1446,2025,المدينة المنورة,المدينة المنورة,إدارة التعليم بمحافظة ينبع,المرحلة الإبتدائية,حكومي,مكتب التعليم بالعيص,بنين,781,20,801
1446,2025,المدينة المنورة,المدينة المنورة,إدارة التعليم بمحافظة ينبع,المرحلة الإبتدائية,عالمي وأجنبي,إدارة الإشراف التربوي,بنات,940,1414,2354
1446,2025,المدينة المنورة,المدينة المنورة,إدارة التعليم بمحافظة ينبع,المرحلة الإبتدائية,عالمي وأجنبي,إدارة الإشراف التربوي,بنين,305,548,853
1446,2025,المدينة المنورة,المدينة المنورة,إدارة التعليم بمحافظة ينبع,المرحلة الثانوية,الهيئة الملكية,ينبع الصناعية,بنين,1577,103,1680
1446,2025,المدينة المنورة,المدينة المنورة,إدارة التعليم بمحافظة ينبع,المرحلة الثانوية,أهلي,إدارة الإشراف التربوي,بنات,512,76,588
1446,2025,المدينة المنورة,المدينة المنورة,إدارة التعليم بمحافظة ينبع,المرحلة الثانوية,أهلي,إدارة الإشراف التربوي,بنين,1895,94,1989
1446,2025,المدينة المنورة,المدينة المنورة,إدارة التعليم بمحافظة ينبع,المرحلة الثانوية,أهلي,مكتب التعليم جنوب ينبع,بنات,0,0,0
1446,2025,المدينة المنورة,المدينة المنورة,إدارة التعليم بمحافظة ينبع,المرحلة الثانوية,أهلي,ينبع الصناعية,بنين,5,1,6
1446,2025,المدينة المنورة,المدينة المنورة,إدارة التعليم بمحافظة ينبع,المرحلة الثانوية,حكومي,إدارة الإشراف التربوي,بنات,6373,542,6915
1446,2025,المدينة المنورة,المدينة المنورة,إدارة التعليم بمحافظة ينبع,المرحلة الثانوية,حكومي,إدارة الإشراف التربوي,بنين,3795,430,4225
1446,2025,المدينة المنورة,المدينة المنورة,إدارة التعليم بمحافظة ينبع,المرحلة الثانوية,حكومي,مكتب التعليم بالعيص,بنات,765,4,769
1446,2025,المدينة المنورة,المدينة المنورة,إدارة التعليم بمحافظة ينبع,المرحلة الثانوية,حكومي,مكتب التعليم بالعيص,بنين,836,11,847
1446,2025,المدينة المنورة,المدينة المنورة,إدارة التعليم بمحافظة ينبع,المرحلة الثانوية,عالمي وأجنبي,إدارة الإشراف التربوي,بنات,33,164,197
1446,2025,المدينة المنورة,المدينة المنورة,إدارة التعليم بمحافظة ينبع,المرحلة الثانوية,عالمي وأجنبي,إدارة الإشراف التربوي,بنين,65,195,260
1446,2025,المدينة المنورة,المدينة المنورة,إدارة التعليم بمحافظة ينبع,المرحلة المتوسطة,الهيئة الملكية,ينبع الصناعية,بنين,2136,126,2262
1446,2025,المدينة المنورة,المدينة المنورة,إدارة التعليم بمحافظة ينبع,المرحلة المتوسطة,أهلي,إدارة الإشراف التربوي,بنات,280,17,297
1446,2025,المدينة المنورة,المدينة المنورة,إدارة التعليم بمحافظة ينبع,المرحلة المتوسطة,أهلي,إدارة الإشراف التربوي,بنين,625,41,666
1446,2025,المدينة المنورة,المدينة المنورة,إدارة التعليم بمحافظة ينبع,المرحلة المتوسطة,أهلي,مكتب التعليم جنوب ينبع,بنات,0,0,0
1446,2025,المدينة المنورة,المدينة المنورة,إدارة التعليم بمحافظة ينبع,المرحلة المتوسطة,حكومي,إدارة الإشراف التربوي,بنات,7098,560,7658
1446,2025,المدينة المنورة,المدينة المنورة,إدارة التعليم بمحافظة ينبع,المرحلة المتوسطة,حكومي,إدارة الإشراف التربوي,بنين,4916,426,5342
1446,2025,المدينة المنورة,المدينة المنورة,إدارة التعليم بمحافظة ينبع,المرحلة المتوسطة,حكومي,مكتب التعليم بالعيص,بنات,849,9,858
1446,2025,المدينة المنورة,المدينة المنورة,إدارة التعليم بمحافظة ينبع,المرحلة المتوسطة,حكومي,مكتب التعليم بالعيص,بنين,850,16,866
1446,2025,المدينة المنورة,المدينة المنورة,إدارة التعليم بمحافظة ينبع,المرحلة المتوسطة,عالمي وأجنبي,إدارة الإشراف التربوي,بنات,131,321,452
1446,2025,المدينة المنورة,المدينة المنورة,إدارة التعليم بمحافظة ينبع,المرحلة المتوسطة,عالمي وأجنبي,إدارة الإشراف التربوي,بنين,153,349,502
1446,2025,المدينة المنورة,المدينة المنورة,إدارة التعليم بمحافظة ينبع,رياض الأطفال,أهلي,إدارة الإشراف التربوي,بنات,1551,37,1588
1446,2025,المدينة المنورة,المدينة المنورة,إدارة التعليم بمحافظة ينبع,رياض الأطفال,أهلي,مكتب التعليم بالعيص,بنات,0,0,0
1446,2025,المدينة المنورة,المدينة المنورة,إدارة التعليم بمحافظة ينبع,رياض الأطفال,أهلي,مكتب التعليم جنوب ينبع,بنات,0,0,0
1446,2025,المدينة المنورة,المدينة المنورة,إدارة التعليم بمحافظة ينبع,رياض الأطفال,أهلي,مكتب التعليم شمال ينبع,بنات,0,0,0
1446,2025,المدينة المنورة,المدينة المنورة,إدارة التعليم بمحافظة ينبع,رياض الأطفال,حكومي,إدارة الإشراف التربوي,بنات,3264,15,3279
1446,2025,المدينة المنورة,المدينة المنورة,إدارة التعليم بمحافظة ينبع,رياض الأطفال,حكومي,مكتب التعليم بالعيص,بنات,296,0,296
1446,2025,المدينة المنورة,المدينة المنورة,إدارة التعليم بمحافظة ينبع,رياض الأطفال,عالمي وأجنبي,إدارة الإشراف التربوي,بنات,517,364,881
1446,2025,المدينة المنورة,المدينة المنورة,إدارة التعليم بمحافظة ينبع,رياض الأطفال,عالمي وأجنبي,مكتب التعليم شمال ينبع,بنات,0,0,0
1446,2025,المدينة المنورة,المدينة المنورة,الإدارة العامة للتعليم بمنطقة المدينة المنورة,المرحلة الإبتدائية,أهلي,مكتب التعليم بأحد,بنات,405,75,480
1446,2025,المدينة المنورة,المدينة المنورة,الإدارة العامة للتعليم بمنطقة المدينة المنورة,المرحلة الإبتدائية,أهلي,مكتب التعليم بأحد,بنين,466,107,573
1446,2025,المدينة المنورة,المدينة المنورة,الإدارة العامة للتعليم بمنطقة المدينة المنورة,المرحلة الإبتدائية,أهلي,مكتب التعليم بالحناكية,بنات,54,1,55
1446,2025,المدينة المنورة,المدينة المنورة,الإدارة العامة للتعليم بمنطقة المدينة المنورة,المرحلة الإبتدائية,أهلي,مكتب التعليم بالعقيق,بنات,1555,113,1668
1446,2025,المدينة المنورة,المدينة المنورة,الإدارة العامة للتعليم بمنطقة المدينة المنورة,المرحلة الإبتدائية,أهلي,مكتب التعليم بالعقيق,بنين,863,49,912
1446,2025,المدينة المنورة,المدينة المنورة,الإدارة العامة للتعليم بمنطقة المدينة المنورة,المرحلة الإبتدائية,أهلي,مكتب التعليم بالعوالي,بنات,2926,451,3377
1446,2025,المدينة المنورة,المدينة المنورة,الإدارة العامة للتعليم بمنطقة المدينة المنورة,المرحلة الإبتدائية,أهلي,مكتب التعليم بالعوالي,بنين,1470,158,1628
1446,2025,المدينة المنورة,المدينة المنورة,الإدارة العامة للتعليم بمنطقة المدينة المنورة,المرحلة الإبتدائية,أهلي,مكتب التعليم ببدر,بنين,0,0,0
1446,2025,المدينة المنورة,المدينة المنورة,الإدارة العامة للتعليم بمنطقة المدينة المنورة,المرحلة الإبتدائية,أهلي,مكتب التعليم بقباء,بنات,1495,177,1672
1446,2025,المدينة المنورة,المدينة المنورة,الإدارة العامة للتعليم بمنطقة المدينة المنورة,المرحلة الإبتدائية,أهلي,مكتب التعليم بقباء,بنين,855,199,1054
1446,2025,المدينة المنورة,المدينة المنورة,الإدارة العامة للتعليم بمنطقة المدينة المنورة,المرحلة الإبتدائية,حكومي,مكتب التعليم بأحد,بنات,17441,5580,23021
1446,2025,المدينة المنورة,المدينة المنورة,الإدارة العامة للتعليم بمنطقة المدينة المنورة,المرحلة الإبتدائية,حكومي,مكتب التعليم بأحد,بنين,7718,2346,10064
1446,2025,المدينة المنورة,المدينة المنورة,الإدارة العامة للتعليم بمنطقة المدينة المنورة,المرحلة الإبتدائية,حكومي,مكتب التعليم بالحناكية,بنات,4768,188,4956
1446,2025,المدينة المنورة,المدينة المنورة,الإدارة العامة للتعليم بمنطقة المدينة المنورة,المرحلة الإبتدائية,حكومي,مكتب التعليم بالحناكية,بنين,1689,51,1740
1446,2025,المدينة المنورة,المدينة المنورة,الإدارة العامة للتعليم بمنطقة المدينة المنورة,المرحلة الإبتدائية,حكومي,مكتب التعليم بالعقيق,بنات,20559,2068,22627
1446,2025,المدينة المنورة,المدينة المنورة,الإدارة العامة للتعليم بمنطقة المدينة المنورة,المرحلة الإبتدائية,حكومي,مكتب التعليم بالعقيق,بنين,9459,1287,10746
1446,2025,المدينة المنورة,المدينة المنورة,الإدارة العامة للتعليم بمنطقة المدينة المنورة,المرحلة الإبتدائية,حكومي,مكتب التعليم بالعوالي,بنات,18774,4986,23760
1446,2025,المدينة المنورة,المدينة المنورة,الإدارة العامة للتعليم بمنطقة المدينة المنورة,المرحلة الإبتدائية,حكومي,مكتب التعليم بالعوالي,بنين,9649,2829,12478
1446,2025,المدينة المنورة,المدينة المنورة,الإدارة العامة للتعليم بمنطقة المدينة المنورة,المرحلة الإبتدائية,حكومي,مكتب التعليم ببدر,بنات,3718,167,3885
1446,2025,المدينة المنورة,المدينة المنورة,الإدارة العامة للتعليم بمنطقة المدينة المنورة,المرحلة الإبتدائية,حكومي,مكتب التعليم ببدر,بنين,2493,108,2601
1446,2025,المدينة المنورة,المدينة المنورة,الإدارة العامة للتعليم بمنطقة المدينة المنورة,المرحلة الإبتدائية,حكومي,مكتب التعليم بقباء,بنات,20066,4909,24975
1446,2025,المدينة المنورة,المدينة المنورة,الإدارة العامة للتعليم بمنطقة المدينة المنورة,المرحلة الإبتدائية,حكومي,مكتب التعليم بقباء,بنين,10062,2276,12338
1446,2025,المدينة المنورة,المدينة المنورة,الإدارة العامة للتعليم بمنطقة المدينة المنورة,المرحلة الإبتدائية,حكومي,مكتب التعليم بمحافظة خيبر,بنات,3620,119,3739
1446,2025,المدينة المنورة,المدينة المنورة,الإدارة العامة للتعليم بمنطقة المدينة المنورة,المرحلة الإبتدائية,حكومي,مكتب التعليم بمحافظة خيبر,بنين,2088,56,2144
1446,2025,المدينة المنورة,المدينة المنورة,الإدارة العامة للتعليم بمنطقة المدينة المنورة,المرحلة الإبتدائية,حكومي,مكتب التعليم بوادي الفرع,بنات,2687,73,2760
1446,2025,المدينة المنورة,المدينة المنورة,الإدارة العامة للتعليم بمنطقة المدينة المنورة,المرحلة الإبتدائية,حكومي,مكتب التعليم بوادي الفرع,بنين,1561,37,1598
1446,2025,المدينة المنورة,المدينة المنورة,الإدارة العامة للتعليم بمنطقة المدينة المنورة,المرحلة الإبتدائية,حكومي,مكتب مدينة طيبة للتربية الخاصة,بنات,146,50,196
1446,2025,المدينة المنورة,المدينة المنورة,الإدارة العامة للتعليم بمنطقة المدينة المنورة,المرحلة الإبتدائية,حكومي,مكتب مدينة طيبة للتربية الخاصة,بنين,87,19,106
1446,2025,المدينة المنورة,المدينة المنورة,الإدارة العامة للتعليم بمنطقة المدينة المنورة,المرحلة الإبتدائية,عالمي وأجنبي,مكتب التعليم العالمي والأجنبي بالمدينة المنورة - بنات,بنات,1254,2469,3723
1446,2025,المدينة المنورة,المدينة المنورة,الإدارة العامة للتعليم بمنطقة المدينة المنورة,المرحلة الإبتدائية,عالمي وأجنبي,مكتب التعليم العالمي والأجنبي بالمدينة المنورة - بنات,بنين,360,774,1134
1446,2025,المدينة المنورة,المدينة المنورة,الإدارة العامة للتعليم بمنطقة المدينة المنورة,المرحلة الثانوية,أهلي,مكتب التعليم بأحد,بنات,351,19,370
1446,2025,المدينة المنورة,المدينة المنورة,الإدارة العامة للتعليم بمنطقة المدينة المنورة,المرحلة الثانوية,أهلي,مكتب التعليم بأحد,بنين,531,119,650
1446,2025,المدينة المنورة,المدينة المنورة,الإدارة العامة للتعليم بمنطقة المدينة المنورة,المرحلة الثانوية,أهلي,مكتب التعليم بالعقيق,بنات,1152,66,1218
1446,2025,المدينة المنورة,المدينة المنورة,الإدارة العامة للتعليم بمنطقة المدينة المنورة,المرحلة الثانوية,أهلي,مكتب التعليم بالعقيق,بنين,1302,37,1339
1446,2025,المدينة المنورة,المدينة المنورة,الإدارة العامة للتعليم بمنطقة المدينة المنورة,المرحلة الثانوية,أهلي,مكتب التعليم بالعوالي,بنات,1688,347,2035
1446,2025,المدينة المنورة,المدينة المنورة,الإدارة العامة للتعليم بمنطقة المدينة المنورة,المرحلة الثانوية,أهلي,مكتب التعليم بالعوالي,بنين,1394,273,1667
1446,2025,المدينة المنورة,المدينة المنورة,الإدارة العامة للتعليم بمنطقة المدينة المنورة,المرحلة الثانوية,أهلي,مكتب التعليم بقباء,بنات,1084,42,1126
1446,2025,المدينة المنورة,المدينة المنورة,الإدارة العامة للتعليم بمنطقة المدينة المنورة,المرحلة الثانوية,أهلي,مكتب التعليم بقباء,بنين,1426,198,1624
1446,2025,المدينة المنورة,المدينة المنورة,الإدارة العامة للتعليم بمنطقة المدينة المنورة,المرحلة الثانوية,أهلي,مكتب التعليم شمال المدينة المنورة,بنين,0,0,0
1446,2025,المدينة المنورة,المدينة المنورة,الإدارة العامة للتعليم بمنطقة المدينة المنورة,المرحلة الثانوية,حكومي,مكتب التعليم بأحد,بنات,5884,1643,7527
1446,2025,المدينة المنورة,المدينة المنورة,الإدارة العامة للتعليم بمنطقة المدينة المنورة,المرحلة الثانوية,حكومي,مكتب التعليم بأحد,بنين,5187,1589,6776
1446,2025,المدينة المنورة,المدينة المنورة,الإدارة العامة للتعليم بمنطقة المدينة المنورة,المرحلة الثانوية,حكومي,مكتب التعليم بالحناكية,بنات,1667,26,1693
1446,2025,المدينة المنورة,المدينة المنورة,الإدارة العامة للتعليم بمنطقة المدينة المنورة,المرحلة الثانوية,حكومي,مكتب التعليم بالحناكية,بنين,1600,26,1626
1446,2025,المدينة المنورة,المدينة المنورة,الإدارة العامة للتعليم بمنطقة المدينة المنورة,المرحلة الثانوية,حكومي,مكتب التعليم بالعقيق,بنات,6688,535,7223
1446,2025,المدينة المنورة,المدينة المنورة,الإدارة العامة للتعليم بمنطقة المدينة المنورة,المرحلة الثانوية,حكومي,مكتب التعليم بالعقيق,بنين,6405,704,7109
1446,2025,المدينة المنورة,المدينة المنورة,الإدارة العامة للتعليم بمنطقة المدينة المنورة,المرحلة الثانوية,حكومي,مكتب التعليم بالعوالي,بنات,5974,2042,8016
1446,2025,المدينة المنورة,المدينة المنورة,الإدارة العامة للتعليم بمنطقة المدينة المنورة,المرحلة الثانوية,حكومي,مكتب التعليم بالعوالي,بنين,5926,1809,7735
1446,2025,المدينة المنورة,المدينة المنورة,الإدارة العامة للتعليم بمنطقة المدينة المنورة,المرحلة الثانوية,حكومي,مكتب التعليم ببدر,بنات,1503,38,1541
1446,2025,المدينة المنورة,المدينة المنورة,الإدارة العامة للتعليم بمنطقة المدينة المنورة,المرحلة الثانوية,حكومي,مكتب التعليم ببدر,بنين,1513,48,1561
1446,2025,المدينة المنورة,المدينة المنورة,الإدارة العامة للتعليم بمنطقة المدينة المنورة,المرحلة الثانوية,حكومي,مكتب التعليم بقباء,بنات,6978,1564,8542
1446,2025,المدينة المنورة,المدينة المنورة,الإدارة العامة للتعليم بمنطقة المدينة المنورة,المرحلة الثانوية,حكومي,مكتب التعليم بقباء,بنين,6740,1315,8055
1446,2025,المدينة المنورة,المدينة المنورة,الإدارة العامة للتعليم بمنطقة المدينة المنورة,المرحلة الثانوية,حكومي,مكتب التعليم بمحافظة خيبر,بنات,1397,35,1432
1446,2025,المدينة المنورة,المدينة المنورة,الإدارة العامة للتعليم بمنطقة المدينة المنورة,المرحلة الثانوية,حكومي,مكتب التعليم بمحافظة خيبر,بنين,1416,38,1454
1446,2025,المدينة المنورة,المدينة المنورة,الإدارة العامة للتعليم بمنطقة المدينة المنورة,المرحلة الثانوية,حكومي,مكتب التعليم بوادي الفرع,بنات,1040,16,1056
1446,2025,المدينة المنورة,المدينة المنورة,الإدارة العامة للتعليم بمنطقة المدينة المنورة,المرحلة الثانوية,حكومي,مكتب التعليم بوادي الفرع,بنين,1050,16,1066
1446,2025,المدينة المنورة,المدينة المنورة,الإدارة العامة للتعليم بمنطقة المدينة المنورة,المرحلة الثانوية,حكومي,مكتب مدينة طيبة للتربية الخاصة,بنات,31,2,33
1446,2025,المدينة المنورة,المدينة المنورة,الإدارة العامة للتعليم بمنطقة المدينة المنورة,المرحلة الثانوية,حكومي,مكتب مدينة طيبة للتربية الخاصة,بنين,6,0,6
1446,2025,المدينة المنورة,المدينة المنورة,الإدارة العامة للتعليم بمنطقة المدينة المنورة,المرحلة الثانوية,عالمي وأجنبي,مكتب التعليم العالمي والأجنبي بالمدينة المنورة - بنات,بنات,123,251,374
1446,2025,المدينة المنورة,المدينة المنورة,الإدارة العامة للتعليم بمنطقة المدينة المنورة,المرحلة الثانوية,عالمي وأجنبي,مكتب التعليم العالمي والأجنبي بالمدينة المنورة - بنات,بنين,167,299,466
1446,2025,المدينة المنورة,المدينة المنورة,الإدارة العامة للتعليم بمنطقة المدينة المنورة,المرحلة المتوسطة,أهلي,مكتب التعليم بأحد,بنات,129,15,144
1446,2025,المدينة المنورة,المدينة المنورة,الإدارة العامة للتعليم بمنطقة المدينة المنورة,المرحلة المتوسطة,أهلي,مكتب التعليم بأحد,بنين,348,44,392
1446,2025,المدينة المنورة,المدينة المنورة,الإدارة العامة للتعليم بمنطقة المدينة المنورة,المرحلة المتوسطة,أهلي,مكتب التعليم بالعقيق,بنات,335,13,348
1446,2025,المدينة المنورة,المدينة المنورة,الإدارة العامة للتعليم بمنطقة المدينة المنورة,المرحلة المتوسطة,أهلي,مكتب التعليم بالعقيق,بنين,493,25,518
1446,2025,المدينة المنورة,المدينة المنورة,الإدارة العامة للتعليم بمنطقة المدينة المنورة,المرحلة المتوسطة,أهلي,مكتب التعليم بالعوالي,بنات,809,125,934
1446,2025,المدينة المنورة,المدينة المنورة,الإدارة العامة للتعليم بمنطقة المدينة المنورة,المرحلة المتوسطة,أهلي,مكتب التعليم بالعوالي,بنين,1123,115,1238
1446,2025,المدينة المنورة,المدينة المنورة,الإدارة العامة للتعليم بمنطقة المدينة المنورة,المرحلة المتوسطة,أهلي,مكتب التعليم بقباء,بنات,380,36,416
1446,2025,المدينة المنورة,المدينة المنورة,الإدارة العامة للتعليم بمنطقة المدينة المنورة,المرحلة المتوسطة,أهلي,مكتب التعليم بقباء,بنين,586,87,673
1446,2025,المدينة المنورة,المدينة المنورة,الإدارة العامة للتعليم بمنطقة المدينة المنورة,المرحلة المتوسطة,حكومي,مكتب التعليم بأحد,بنات,6775,1889,8664
1446,2025,المدينة المنورة,المدينة المنورة,الإدارة العامة للتعليم بمنطقة المدينة المنورة,المرحلة المتوسطة,حكومي,مكتب التعليم بأحد,بنين,6212,1730,7942
1446,2025,المدينة المنورة,المدينة المنورة,الإدارة العامة للتعليم بمنطقة المدينة المنورة,المرحلة المتوسطة,حكومي,مكتب التعليم بالحناكية,بنات,1730,41,1771
1446,2025,المدينة المنورة,المدينة المنورة,الإدارة العامة للتعليم بمنطقة المدينة المنورة,المرحلة المتوسطة,حكومي,مكتب التعليم بالحناكية,بنين,1694,40,1734
1446,2025,المدينة المنورة,المدينة المنورة,الإدارة العامة للتعليم بمنطقة المدينة المنورة,المرحلة المتوسطة,حكومي,مكتب التعليم بالعقيق,بنات,7598,570,8168
1446,2025,المدينة المنورة,المدينة المنورة,الإدارة العامة للتعليم بمنطقة المدينة المنورة,المرحلة المتوسطة,حكومي,مكتب التعليم بالعقيق,بنين,7918,815,8733
1446,2025,المدينة المنورة,المدينة المنورة,الإدارة العامة للتعليم بمنطقة المدينة المنورة,المرحلة المتوسطة,حكومي,مكتب التعليم بالعوالي,بنات,7192,2026,9218
1446,2025,المدينة المنورة,المدينة المنورة,الإدارة العامة للتعليم بمنطقة المدينة المنورة,المرحلة المتوسطة,حكومي,مكتب التعليم بالعوالي,بنين,7007,1947,8954
1446,2025,المدينة المنورة,المدينة المنورة,الإدارة العامة للتعليم بمنطقة المدينة المنورة,المرحلة المتوسطة,حكومي,مكتب التعليم ببدر,بنات,1578,47,1625
1446,2025,المدينة المنورة,المدينة المنورة,الإدارة العامة للتعليم بمنطقة المدينة المنورة,المرحلة المتوسطة,حكومي,مكتب التعليم ببدر,بنين,1698,39,1737
1446,2025,المدينة المنورة,المدينة المنورة,الإدارة العامة للتعليم بمنطقة المدينة المنورة,المرحلة المتوسطة,حكومي,مكتب التعليم بقباء,بنات,7748,1616,9364
1446,2025,المدينة المنورة,المدينة المنورة,الإدارة العامة للتعليم بمنطقة المدينة المنورة,المرحلة المتوسطة,حكومي,مكتب التعليم بقباء,بنين,7875,1489,9364
1446,2025,المدينة المنورة,المدينة المنورة,الإدارة العامة للتعليم بمنطقة المدينة المنورة,المرحلة المتوسطة,حكومي,مكتب التعليم بمحافظة خيبر,بنات,1447,40,1487
1446,2025,المدينة المنورة,المدينة المنورة,الإدارة العامة للتعليم بمنطقة المدينة المنورة,المرحلة المتوسطة,حكومي,مكتب التعليم بمحافظة خيبر,بنين,1501,34,1535
1446,2025,المدينة المنورة,المدينة المنورة,الإدارة العامة للتعليم بمنطقة المدينة المنورة,المرحلة المتوسطة,حكومي,مكتب التعليم بوادي الفرع,بنات,1042,22,1064
1446,2025,المدينة المنورة,المدينة المنورة,الإدارة العامة للتعليم بمنطقة المدينة المنورة,المرحلة المتوسطة,حكومي,مكتب التعليم بوادي الفرع,بنين,1148,14,1162
1446,2025,المدينة المنورة,المدينة المنورة,الإدارة العامة للتعليم بمنطقة المدينة المنورة,المرحلة المتوسطة,حكومي,مكتب مدينة طيبة للتربية الخاصة,بنات,54,8,62
1446,2025,المدينة المنورة,المدينة المنورة,الإدارة العامة للتعليم بمنطقة المدينة المنورة,المرحلة المتوسطة,حكومي,مكتب مدينة طيبة للتربية الخاصة,بنين,32,5,37
1446,2025,المدينة المنورة,المدينة المنورة,الإدارة العامة للتعليم بمنطقة المدينة المنورة,المرحلة المتوسطة,عالمي وأجنبي,مكتب التعليم العالمي والأجنبي بالمدينة المنورة - بنات,بنات,197,658,855
1446,2025,المدينة المنورة,المدينة المنورة,الإدارة العامة للتعليم بمنطقة المدينة المنورة,المرحلة المتوسطة,عالمي وأجنبي,مكتب التعليم العالمي والأجنبي بالمدينة المنورة - بنات,بنين,250,744,994
1446,2025,المدينة المنورة,المدينة المنورة,الإدارة العامة للتعليم بمنطقة المدينة المنورة,رياض الأطفال,أهلي,مكتب التعليم بأحد,بنات,231,56,287
1446,2025,المدينة المنورة,المدينة المنورة,الإدارة العامة للتعليم بمنطقة المدينة المنورة,رياض الأطفال,أهلي,مكتب التعليم بالحناكية,بنات,97,3,100
1446,2025,المدينة المنورة,المدينة المنورة,الإدارة العامة للتعليم بمنطقة المدينة المنورة,رياض الأطفال,أهلي,مكتب التعليم بالعقيق,بنات,1076,41,1117
1446,2025,المدينة المنورة,المدينة المنورة,الإدارة العامة للتعليم بمنطقة المدينة المنورة,رياض الأطفال,أهلي,مكتب التعليم بالعوالي,بنات,1360,189,1549
1446,2025,المدينة المنورة,المدينة المنورة,الإدارة العامة للتعليم بمنطقة المدينة المنورة,رياض الأطفال,أهلي,مكتب التعليم ببدر,بنات,0,0,0
1446,2025,المدينة المنورة,المدينة المنورة,الإدارة العامة للتعليم بمنطقة المدينة المنورة,رياض الأطفال,أهلي,مكتب التعليم بقباء,بنات,1018,67,1085
1446,2025,المدينة المنورة,المدينة المنورة,الإدارة العامة للتعليم بمنطقة المدينة المنورة,رياض الأطفال,أهلي,مكتب التعليم بمحافظة خيبر,بنات,18,3,21
1446,2025,المدينة المنورة,المدينة المنورة,الإدارة العامة للتعليم بمنطقة المدينة المنورة,رياض الأطفال,حكومي,مكتب التعليم بأحد,بنات,2655,28,2683
1446,2025,المدينة المنورة,المدينة المنورة,الإدارة العامة للتعليم بمنطقة المدينة المنورة,رياض الأطفال,حكومي,مكتب التعليم بالحناكية,بنات,500,0,500
1446,2025,المدينة المنورة,المدينة المنورة,الإدارة العامة للتعليم بمنطقة المدينة المنورة,رياض الأطفال,حكومي,مكتب التعليم بالعقيق,بنات,3974,32,4006
1446,2025,المدينة المنورة,المدينة المنورة,الإدارة العامة للتعليم بمنطقة المدينة المنورة,رياض الأطفال,حكومي,مكتب التعليم بالعوالي,بنات,3864,101,3965
1446,2025,المدينة المنورة,المدينة المنورة,الإدارة العامة للتعليم بمنطقة المدينة المنورة,رياض الأطفال,حكومي,مكتب التعليم ببدر,بنات,806,0,806
1446,2025,المدينة المنورة,المدينة المنورة,الإدارة العامة للتعليم بمنطقة المدينة المنورة,رياض الأطفال,حكومي,مكتب التعليم بقباء,بنات,3582,49,3631
1446,2025,المدينة المنورة,المدينة المنورة,الإدارة العامة للتعليم بمنطقة المدينة المنورة,رياض الأطفال,حكومي,مكتب التعليم بمحافظة خيبر,بنات,463,0,463
1446,2025,المدينة المنورة,المدينة المنورة,الإدارة العامة للتعليم بمنطقة المدينة المنورة,رياض الأطفال,حكومي,مكتب التعليم بوادي الفرع,بنات,371,2,373
1446,2025,المدينة المنورة,المدينة المنورة,الإدارة العامة للتعليم بمنطقة المدينة المنورة,رياض الأطفال,حكومي,مكتب مدينة طيبة للتربية الخاصة,بنات,55,5,60
1446,2025,المدينة المنورة,المدينة المنورة,الإدارة العامة للتعليم بمنطقة المدينة المنورة,رياض الأطفال,عالمي وأجنبي,مكتب التعليم العالمي والأجنبي بالمدينة المنورة - بنات,بنات,607,429,1036
1446,2025,تبوك,تبوك,الإدارة العامة للتعليم بمنطقة تبوك,المرحلة الإبتدائية,أهلي,إدارة الإشراف التربوي,بنات,3742,196,3938
1446,2025,تبوك,تبوك,الإدارة العامة للتعليم بمنطقة تبوك,المرحلة الإبتدائية,أهلي,إدارة الإشراف التربوي,بنين,3967,176,4143
1446,2025,تبوك,تبوك,الإدارة العامة للتعليم بمنطقة تبوك,المرحلة الإبتدائية,أهلي,مكتب التعليم بالوجه,بنات,27,4,31
1446,2025,تبوك,تبوك,الإدارة العامة للتعليم بمنطقة تبوك,المرحلة الإبتدائية,أهلي,مكتب التعليم بأملج,بنين,539,32,571
1446,2025,تبوك,تبوك,الإدارة العامة للتعليم بمنطقة تبوك,المرحلة الإبتدائية,أهلي,مكتب التعليم بتيماء,بنات,169,2,171
1446,2025,تبوك,تبوك,الإدارة العامة للتعليم بمنطقة تبوك,المرحلة الإبتدائية,أهلي,مكتب التعليم بتيماء,بنين,378,18,396
1446,2025,تبوك,تبوك,الإدارة العامة للتعليم بمنطقة تبوك,المرحلة الإبتدائية,أهلي,مكتب التعليم بحقل,بنات,25,0,25
1446,2025,تبوك,تبوك,الإدارة العامة للتعليم بمنطقة تبوك,المرحلة الإبتدائية,حكومي,إدارة الإشراف التربوي,بنات,40382,3941,44323
1446,2025,تبوك,تبوك,الإدارة العامة للتعليم بمنطقة تبوك,المرحلة الإبتدائية,حكومي,إدارة الإشراف التربوي,بنين,26055,2328,28383
1446,2025,تبوك,تبوك,الإدارة العامة للتعليم بمنطقة تبوك,المرحلة الإبتدائية,حكومي,مكتب التعليم بالوجه,بنات,2789,182,2971
1446,2025,تبوك,تبوك,الإدارة العامة للتعليم بمنطقة تبوك,المرحلة الإبتدائية,حكومي,مكتب التعليم بالوجه,بنين,2085,71,2156
1446,2025,تبوك,تبوك,الإدارة العامة للتعليم بمنطقة تبوك,المرحلة الإبتدائية,حكومي,مكتب التعليم بأملج,بنات,3802,194,3996
1446,2025,تبوك,تبوك,الإدارة العامة للتعليم بمنطقة تبوك,المرحلة الإبتدائية,حكومي,مكتب التعليم بأملج,بنين,2787,143,2930
1446,2025,تبوك,تبوك,الإدارة العامة للتعليم بمنطقة تبوك,المرحلة الإبتدائية,حكومي,مكتب التعليم بتيماء,بنات,2665,150,2815
1446,2025,تبوك,تبوك,الإدارة العامة للتعليم بمنطقة تبوك,المرحلة الإبتدائية,حكومي,مكتب التعليم بتيماء,بنين,1652,88,1740
1446,2025,تبوك,تبوك,الإدارة العامة للتعليم بمنطقة تبوك,المرحلة الإبتدائية,حكومي,مكتب التعليم بحقل,بنات,3245,177,3422
1446,2025,تبوك,تبوك,الإدارة العامة للتعليم بمنطقة تبوك,المرحلة الإبتدائية,حكومي,مكتب التعليم بحقل,بنين,1882,91,1973
1446,2025,تبوك,تبوك,الإدارة العامة للتعليم بمنطقة تبوك,المرحلة الإبتدائية,حكومي,مكتب التعليم بضباء,بنات,2504,214,2718
1446,2025,تبوك,تبوك,الإدارة العامة للتعليم بمنطقة تبوك,المرحلة الإبتدائية,حكومي,مكتب التعليم بضباء,بنين,1925,116,2041
1446,2025,تبوك,تبوك,الإدارة العامة للتعليم بمنطقة تبوك,المرحلة الإبتدائية,عالمي وأجنبي,إدارة الإشراف التربوي,بنات,1967,801,2768
1446,2025,تبوك,تبوك,الإدارة العامة للتعليم بمنطقة تبوك,المرحلة الإبتدائية,عالمي وأجنبي,إدارة الإشراف التربوي,بنين,300,909,1209
1446,2025,تبوك,تبوك,الإدارة العامة للتعليم بمنطقة تبوك,المرحلة الإبتدائية,عالمي وأجنبي,مكتب التعليم بأملج,بنات,36,6,42
1446,2025,تبوك,تبوك,الإدارة العامة للتعليم بمنطقة تبوك,المرحلة الإبتدائية,عالمي وأجنبي,مكتب التعليم بأملج,بنين,115,21,136
1446,2025,تبوك,تبوك,الإدارة العامة للتعليم بمنطقة تبوك,المرحلة الثانوية,أهلي,إدارة الإشراف التربوي,بنات,3058,206,3264
1446,2025,تبوك,تبوك,الإدارة العامة للتعليم بمنطقة تبوك,المرحلة الثانوية,أهلي,إدارة الإشراف التربوي,بنين,5770,290,6060
1446,2025,تبوك,تبوك,الإدارة العامة للتعليم بمنطقة تبوك,المرحلة الثانوية,أهلي,مكتب التعليم بأملج,بنين,205,15,220
1446,2025,تبوك,تبوك,الإدارة العامة للتعليم بمنطقة تبوك,المرحلة الثانوية,أهلي,مكتب التعليم بتيماء,بنات,155,3,158
1446,2025,تبوك,تبوك,الإدارة العامة للتعليم بمنطقة تبوك,المرحلة الثانوية,أهلي,مكتب التعليم بتيماء,بنين,213,11,224
1446,2025,تبوك,تبوك,الإدارة العامة للتعليم بمنطقة تبوك,المرحلة الثانوية,حكومي,إدارة الإشراف التربوي,بنات,13597,1152,14749
1446,2025,تبوك,تبوك,الإدارة العامة للتعليم بمنطقة تبوك,المرحلة الثانوية,حكومي,إدارة الإشراف التربوي,بنين,10880,1059,11939
1446,2025,تبوك,تبوك,الإدارة العامة للتعليم بمنطقة تبوك,المرحلة الثانوية,حكومي,مكتب التعليم بالوجه,بنات,1188,36,1224
1446,2025,تبوك,تبوك,الإدارة العامة للتعليم بمنطقة تبوك,المرحلة الثانوية,حكومي,مكتب التعليم بالوجه,بنين,1202,46,1248
1446,2025,تبوك,تبوك,الإدارة العامة للتعليم بمنطقة تبوك,المرحلة الثانوية,حكومي,مكتب التعليم بأملج,بنات,1637,65,1702
1446,2025,تبوك,تبوك,الإدارة العامة للتعليم بمنطقة تبوك,المرحلة الثانوية,حكومي,مكتب التعليم بأملج,بنين,1564,36,1600
1446,2025,تبوك,تبوك,الإدارة العامة للتعليم بمنطقة تبوك,المرحلة الثانوية,حكومي,مكتب التعليم بتيماء,بنات,920,43,963
1446,2025,تبوك,تبوك,الإدارة العامة للتعليم بمنطقة تبوك,المرحلة الثانوية,حكومي,مكتب التعليم بتيماء,بنين,983,35,1018
1446,2025,تبوك,تبوك,الإدارة العامة للتعليم بمنطقة تبوك,المرحلة الثانوية,حكومي,مكتب التعليم بحقل,بنات,1126,38,1164
1446,2025,تبوك,تبوك,الإدارة العامة للتعليم بمنطقة تبوك,المرحلة الثانوية,حكومي,مكتب التعليم بحقل,بنين,1216,32,1248
1446,2025,تبوك,تبوك,الإدارة العامة للتعليم بمنطقة تبوك,المرحلة الثانوية,حكومي,مكتب التعليم بضباء,بنات,1020,48,1068
1446,2025,تبوك,تبوك,الإدارة العامة للتعليم بمنطقة تبوك,المرحلة الثانوية,حكومي,مكتب التعليم بضباء,بنين,1073,31,1104
1446,2025,تبوك,تبوك,الإدارة العامة للتعليم بمنطقة تبوك,المرحلة الثانوية,عالمي وأجنبي,إدارة الإشراف التربوي,بنات,41,23,64
1446,2025,تبوك,تبوك,الإدارة العامة للتعليم بمنطقة تبوك,المرحلة الثانوية,عالمي وأجنبي,إدارة الإشراف التربوي,بنين,58,204,262
1446,2025,تبوك,تبوك,الإدارة العامة للتعليم بمنطقة تبوك,المرحلة المتوسطة,أهلي,إدارة الإشراف التربوي,بنات,1143,55,1198
1446,2025,تبوك,تبوك,الإدارة العامة للتعليم بمنطقة تبوك,المرحلة المتوسطة,أهلي,إدارة الإشراف التربوي,بنين,2818,125,2943
1446,2025,تبوك,تبوك,الإدارة العامة للتعليم بمنطقة تبوك,المرحلة المتوسطة,أهلي,مكتب التعليم بأملج,بنين,190,6,196
1446,2025,تبوك,تبوك,الإدارة العامة للتعليم بمنطقة تبوك,المرحلة المتوسطة,أهلي,مكتب التعليم بتيماء,بنات,64,1,65
1446,2025,تبوك,تبوك,الإدارة العامة للتعليم بمنطقة تبوك,المرحلة المتوسطة,أهلي,مكتب التعليم بتيماء,بنين,186,3,189
1446,2025,تبوك,تبوك,الإدارة العامة للتعليم بمنطقة تبوك,المرحلة المتوسطة,حكومي,إدارة الإشراف التربوي,بنات,16366,1173,17539
1446,2025,تبوك,تبوك,الإدارة العامة للتعليم بمنطقة تبوك,المرحلة المتوسطة,حكومي,إدارة الإشراف التربوي,بنين,15078,1174,16252
1446,2025,تبوك,تبوك,الإدارة العامة للتعليم بمنطقة تبوك,المرحلة المتوسطة,حكومي,مكتب التعليم بالوجه,بنات,1246,37,1283
1446,2025,تبوك,تبوك,الإدارة العامة للتعليم بمنطقة تبوك,المرحلة المتوسطة,حكومي,مكتب التعليم بالوجه,بنين,1298,34,1332
1446,2025,تبوك,تبوك,الإدارة العامة للتعليم بمنطقة تبوك,المرحلة المتوسطة,حكومي,مكتب التعليم بأملج,بنات,1806,75,1881
1446,2025,تبوك,تبوك,الإدارة العامة للتعليم بمنطقة تبوك,المرحلة المتوسطة,حكومي,مكتب التعليم بأملج,بنين,1614,53,1667
1446,2025,تبوك,تبوك,الإدارة العامة للتعليم بمنطقة تبوك,المرحلة المتوسطة,حكومي,مكتب التعليم بتيماء,بنات,1124,45,1169
1446,2025,تبوك,تبوك,الإدارة العامة للتعليم بمنطقة تبوك,المرحلة المتوسطة,حكومي,مكتب التعليم بتيماء,بنين,1061,50,1111
1446,2025,تبوك,تبوك,الإدارة العامة للتعليم بمنطقة تبوك,المرحلة المتوسطة,حكومي,مكتب التعليم بحقل,بنات,1219,39,1258
1446,2025,تبوك,تبوك,الإدارة العامة للتعليم بمنطقة تبوك,المرحلة المتوسطة,حكومي,مكتب التعليم بحقل,بنين,1239,52,1291
1446,2025,تبوك,تبوك,الإدارة العامة للتعليم بمنطقة تبوك,المرحلة المتوسطة,حكومي,مكتب التعليم بضباء,بنات,1035,43,1078
1446,2025,تبوك,تبوك,الإدارة العامة للتعليم بمنطقة تبوك,المرحلة المتوسطة,حكومي,مكتب التعليم بضباء,بنين,1130,59,1189
1446,2025,تبوك,تبوك,الإدارة العامة للتعليم بمنطقة تبوك,المرحلة المتوسطة,عالمي وأجنبي,إدارة الإشراف التربوي,بنات,122,145,267
1446,2025,تبوك,تبوك,الإدارة العامة للتعليم بمنطقة تبوك,المرحلة المتوسطة,عالمي وأجنبي,إدارة الإشراف التربوي,بنين,130,353,483
1446,2025,تبوك,تبوك,الإدارة العامة للتعليم بمنطقة تبوك,المرحلة المتوسطة,عالمي وأجنبي,مكتب التعليم بأملج,بنين,9,2,11
1446,2025,تبوك,تبوك,الإدارة العامة للتعليم بمنطقة تبوك,رياض الأطفال,أهلي,إدارة الإشراف التربوي,بنات,2248,130,2378
1446,2025,تبوك,تبوك,الإدارة العامة للتعليم بمنطقة تبوك,رياض الأطفال,أهلي,مكتب التعليم بالوجه,بنات,98,21,119
1446,2025,تبوك,تبوك,الإدارة العامة للتعليم بمنطقة تبوك,رياض الأطفال,أهلي,مكتب التعليم بأملج,بنات,77,4,81
1446,2025,تبوك,تبوك,الإدارة العامة للتعليم بمنطقة تبوك,رياض الأطفال,أهلي,مكتب التعليم بتيماء,بنات,111,10,121
1446,2025,تبوك,تبوك,الإدارة العامة للتعليم بمنطقة تبوك,رياض الأطفال,أهلي,مكتب التعليم بحقل,بنات,104,13,117
1446,2025,تبوك,تبوك,الإدارة العامة للتعليم بمنطقة تبوك,رياض الأطفال,أهلي,مكتب التعليم بضباء,بنات,63,8,71
1446,2025,تبوك,تبوك,الإدارة العامة للتعليم بمنطقة تبوك,رياض الأطفال,حكومي,إدارة الإشراف التربوي,بنات,5360,15,5375
1446,2025,تبوك,تبوك,الإدارة العامة للتعليم بمنطقة تبوك,رياض الأطفال,حكومي,مكتب التعليم بالوجه,بنات,491,0,491
1446,2025,تبوك,تبوك,الإدارة العامة للتعليم بمنطقة تبوك,رياض الأطفال,حكومي,مكتب التعليم بأملج,بنات,429,1,430
1446,2025,تبوك,تبوك,الإدارة العامة للتعليم بمنطقة تبوك,رياض الأطفال,حكومي,مكتب التعليم بتيماء,بنات,460,0,460
1446,2025,تبوك,تبوك,الإدارة العامة للتعليم بمنطقة تبوك,رياض الأطفال,حكومي,مكتب التعليم بحقل,بنات,437,1,438
1446,2025,تبوك,تبوك,الإدارة العامة للتعليم بمنطقة تبوك,رياض الأطفال,حكومي,مكتب التعليم بضباء,بنات,412,0,412
1446,2025,تبوك,تبوك,الإدارة العامة للتعليم بمنطقة تبوك,رياض الأطفال,عالمي وأجنبي,إدارة الإشراف التربوي,بنات,914,335,1249
1446,2025,تبوك,تبوك,الإدارة العامة للتعليم بمنطقة تبوك,رياض الأطفال,عالمي وأجنبي,مكتب التعليم بأملج,بنات,47,26,73
1446,2025,جازان,جازان,إدارة التعليم بمحافظة صبيا,المرحلة الإبتدائية,أهلي,مكتب التعليم بصبيا,بنات,389,81,470
1446,2025,جازان,جازان,إدارة التعليم بمحافظة صبيا,المرحلة الإبتدائية,أهلي,مكتب التعليم بصبيا,بنين,168,17,185
1446,2025,جازان,جازان,إدارة التعليم بمحافظة صبيا,المرحلة الإبتدائية,حكومي,مكتب التعليم بالداير,بنات,3679,104,3783
1446,2025,جازان,جازان,إدارة التعليم بمحافظة صبيا,المرحلة الإبتدائية,حكومي,مكتب التعليم بالداير,بنين,1439,33,1472
1446,2025,جازان,جازان,إدارة التعليم بمحافظة صبيا,المرحلة الإبتدائية,حكومي,مكتب التعليم بالدرب,بنات,4908,559,5467
1446,2025,جازان,جازان,إدارة التعليم بمحافظة صبيا,المرحلة الإبتدائية,حكومي,مكتب التعليم بالدرب,بنين,1877,219,2096
1446,2025,جازان,جازان,إدارة التعليم بمحافظة صبيا,المرحلة الإبتدائية,حكومي,مكتب التعليم بالعيدابي,بنات,7060,799,7859
1446,2025,جازان,جازان,إدارة التعليم بمحافظة صبيا,المرحلة الإبتدائية,حكومي,مكتب التعليم بالعيدابي,بنين,3129,390,3519
1446,2025,جازان,جازان,إدارة التعليم بمحافظة صبيا,المرحلة الإبتدائية,حكومي,مكتب التعليم ببيش,بنات,9044,1021,10065
1446,2025,جازان,جازان,إدارة التعليم بمحافظة صبيا,المرحلة الإبتدائية,حكومي,مكتب التعليم ببيش,بنين,3293,473,3766
1446,2025,جازان,جازان,إدارة التعليم بمحافظة صبيا,المرحلة الإبتدائية,حكومي,مكتب التعليم بصبيا,بنات,18599,4605,23204
1446,2025,جازان,جازان,إدارة التعليم بمحافظة صبيا,المرحلة الإبتدائية,حكومي,مكتب التعليم بصبيا,بنين,7165,1806,8971
1446,2025,جازان,جازان,إدارة التعليم بمحافظة صبيا,المرحلة الإبتدائية,عالمي وأجنبي,مكتب التعليم بصبيا,بنات,4,41,45
1446,2025,جازان,جازان,إدارة التعليم بمحافظة صبيا,المرحلة الإبتدائية,عالمي وأجنبي,مكتب التعليم بصبيا,بنين,1,57,58
1446,2025,جازان,جازان,إدارة التعليم بمحافظة صبيا,المرحلة الثانوية,أهلي,مكتب التعليم بصبيا,بنات,74,10,84
1446,2025,جازان,جازان,إدارة التعليم بمحافظة صبيا,المرحلة الثانوية,أهلي,مكتب التعليم بصبيا,بنين,112,15,127
1446,2025,جازان,جازان,إدارة التعليم بمحافظة صبيا,المرحلة الثانوية,حكومي,مكتب التعليم بالداير,بنات,1442,20,1462
1446,2025,جازان,جازان,إدارة التعليم بمحافظة صبيا,المرحلة الثانوية,حكومي,مكتب التعليم بالداير,بنين,1327,19,1346
1446,2025,جازان,جازان,إدارة التعليم بمحافظة صبيا,المرحلة الثانوية,حكومي,مكتب التعليم بالدرب,بنات,1441,137,1578
1446,2025,جازان,جازان,إدارة التعليم بمحافظة صبيا,المرحلة الثانوية,حكومي,مكتب التعليم بالدرب,بنين,1493,102,1595
1446,2025,جازان,جازان,إدارة التعليم بمحافظة صبيا,المرحلة الثانوية,حكومي,مكتب التعليم بالعيدابي,بنات,2563,162,2725
1446,2025,جازان,جازان,إدارة التعليم بمحافظة صبيا,المرحلة الثانوية,حكومي,مكتب التعليم بالعيدابي,بنين,2718,160,2878
1446,2025,جازان,جازان,إدارة التعليم بمحافظة صبيا,المرحلة الثانوية,حكومي,مكتب التعليم ببيش,بنات,3050,255,3305
1446,2025,جازان,جازان,إدارة التعليم بمحافظة صبيا,المرحلة الثانوية,حكومي,مكتب التعليم ببيش,بنين,3196,235,3431
1446,2025,جازان,جازان,إدارة التعليم بمحافظة صبيا,المرحلة الثانوية,حكومي,مكتب التعليم بصبيا,بنات,6356,1348,7704
1446,2025,جازان,جازان,إدارة التعليم بمحافظة صبيا,المرحلة الثانوية,حكومي,مكتب التعليم بصبيا,بنين,6422,927,7349
1446,2025,جازان,جازان,إدارة التعليم بمحافظة صبيا,المرحلة المتوسطة,أهلي,مكتب التعليم بصبيا,بنين,54,4,58
1446,2025,جازان,جازان,إدارة التعليم بمحافظة صبيا,المرحلة المتوسطة,حكومي,مكتب التعليم بالداير,بنات,1382,29,1411
1446,2025,جازان,جازان,إدارة التعليم بمحافظة صبيا,المرحلة المتوسطة,حكومي,مكتب التعليم بالداير,بنين,1311,16,1327
1446,2025,جازان,جازان,إدارة التعليم بمحافظة صبيا,المرحلة المتوسطة,حكومي,مكتب التعليم بالدرب,بنات,1591,158,1749
1446,2025,جازان,جازان,إدارة التعليم بمحافظة صبيا,المرحلة المتوسطة,حكومي,مكتب التعليم بالدرب,بنين,1690,144,1834
1446,2025,جازان,جازان,إدارة التعليم بمحافظة صبيا,المرحلة المتوسطة,حكومي,مكتب التعليم بالعيدابي,بنات,2575,199,2774
1446,2025,جازان,جازان,إدارة التعليم بمحافظة صبيا,المرحلة المتوسطة,حكومي,مكتب التعليم بالعيدابي,بنين,2659,225,2884
1446,2025,جازان,جازان,إدارة التعليم بمحافظة صبيا,المرحلة المتوسطة,حكومي,مكتب التعليم ببيش,بنات,3216,302,3518
1446,2025,جازان,جازان,إدارة التعليم بمحافظة صبيا,المرحلة المتوسطة,حكومي,مكتب التعليم ببيش,بنين,3267,303,3570
1446,2025,جازان,جازان,إدارة التعليم بمحافظة صبيا,المرحلة المتوسطة,حكومي,مكتب التعليم بصبيا,بنات,6756,1632,8388
1446,2025,جازان,جازان,إدارة التعليم بمحافظة صبيا,المرحلة المتوسطة,حكومي,مكتب التعليم بصبيا,بنين,6812,1515,8327
1446,2025,جازان,جازان,إدارة التعليم بمحافظة صبيا,المرحلة المتوسطة,عالمي وأجنبي,مكتب التعليم بصبيا,بنات,1,12,13
1446,2025,جازان,جازان,إدارة التعليم بمحافظة صبيا,المرحلة المتوسطة,عالمي وأجنبي,مكتب التعليم بصبيا,بنين,0,11,11
1446,2025,جازان,جازان,إدارة التعليم بمحافظة صبيا,رياض الأطفال,أهلي,مكتب التعليم بالدرب,بنات,52,6,58
1446,2025,جازان,جازان,إدارة التعليم بمحافظة صبيا,رياض الأطفال,أهلي,مكتب التعليم ببيش,بنات,133,17,150
1446,2025,جازان,جازان,إدارة التعليم بمحافظة صبيا,رياض الأطفال,أهلي,مكتب التعليم بصبيا,بنات,479,55,534
1446,2025,جازان,جازان,إدارة التعليم بمحافظة صبيا,رياض الأطفال,حكومي,مكتب التعليم بالداير,بنات,693,0,693
1446,2025,جازان,جازان,إدارة التعليم بمحافظة صبيا,رياض الأطفال,حكومي,مكتب التعليم بالدرب,بنات,1102,5,1107
1446,2025,جازان,جازان,إدارة التعليم بمحافظة صبيا,رياض الأطفال,حكومي,مكتب التعليم بالعيدابي,بنات,1179,5,1184
1446,2025,جازان,جازان,إدارة التعليم بمحافظة صبيا,رياض الأطفال,حكومي,مكتب التعليم ببيش,بنات,1613,10,1623
1446,2025,جازان,جازان,إدارة التعليم بمحافظة صبيا,رياض الأطفال,حكومي,مكتب التعليم بصبيا,بنات,4237,63,4300
1446,2025,جازان,جازان,إدارة التعليم بمحافظة صبيا,رياض الأطفال,عالمي وأجنبي,مكتب التعليم بصبيا,بنات,6,15,21
1446,2025,جازان,جازان,الإدارة العامة للتعليم بمنطقة جازان,المرحلة الإبتدائية,أهلي,مكتب التعليم بأبي عريش,بنات,335,13,348
1446,2025,جازان,جازان,الإدارة العامة للتعليم بمنطقة جازان,المرحلة الإبتدائية,أهلي,مكتب التعليم بأبي عريش,بنين,284,17,301
1446,2025,جازان,جازان,الإدارة العامة للتعليم بمنطقة جازان,المرحلة الإبتدائية,أهلي,مكتب التعليم بالعارضة,بنات,48,2,50
1446,2025,جازان,جازان,الإدارة العامة للتعليم بمنطقة جازان,المرحلة الإبتدائية,أهلي,مكتب التعليم بالمسارحة والحرث,بنات,20,7,27
1446,2025,جازان,جازان,الإدارة العامة للتعليم بمنطقة جازان,المرحلة الإبتدائية,أهلي,مكتب التعليم بصامطة,بنات,535,45,580
1446,2025,جازان,جازان,الإدارة العامة للتعليم بمنطقة جازان,المرحلة الإبتدائية,أهلي,مكتب التعليم بصامطة,بنين,86,0,86
1446,2025,جازان,جازان,الإدارة العامة للتعليم بمنطقة جازان,المرحلة الإبتدائية,أهلي,مكتب التعليم بوسط جازان,بنات,867,60,927
1446,2025,جازان,جازان,الإدارة العامة للتعليم بمنطقة جازان,المرحلة الإبتدائية,أهلي,مكتب التعليم بوسط جازان,بنين,770,65,835
1446,2025,جازان,جازان,الإدارة العامة للتعليم بمنطقة جازان,المرحلة الإبتدائية,حكومي,مكتب التعليم بأبي عريش,بنات,13331,1807,15138
1446,2025,جازان,جازان,الإدارة العامة للتعليم بمنطقة جازان,المرحلة الإبتدائية,حكومي,مكتب التعليم بأبي عريش,بنين,6463,1220,7683
1446,2025,جازان,جازان,الإدارة العامة للتعليم بمنطقة جازان,المرحلة الإبتدائية,حكومي,مكتب التعليم بالعارضة,بنات,7278,1270,8548
1446,2025,جازان,جازان,الإدارة العامة للتعليم بمنطقة جازان,المرحلة الإبتدائية,حكومي,مكتب التعليم بالعارضة,بنين,3591,833,4424
1446,2025,جازان,جازان,الإدارة العامة للتعليم بمنطقة جازان,المرحلة الإبتدائية,حكومي,مكتب التعليم بالمسارحة والحرث,بنات,11034,1740,12774
1446,2025,جازان,جازان,الإدارة العامة للتعليم بمنطقة جازان,المرحلة الإبتدائية,حكومي,مكتب التعليم بالمسارحة والحرث,بنين,6051,1260,7311
1446,2025,جازان,جازان,الإدارة العامة للتعليم بمنطقة جازان,المرحلة الإبتدائية,حكومي,مكتب التعليم بصامطة,بنات,13444,3185,16629
1446,2025,جازان,جازان,الإدارة العامة للتعليم بمنطقة جازان,المرحلة الإبتدائية,حكومي,مكتب التعليم بصامطة,بنين,6019,1927,7946
1446,2025,جازان,جازان,الإدارة العامة للتعليم بمنطقة جازان,المرحلة الإبتدائية,حكومي,مكتب التعليم بوسط جازان,بنات,11628,2255,13883
1446,2025,جازان,جازان,الإدارة العامة للتعليم بمنطقة جازان,المرحلة الإبتدائية,حكومي,مكتب التعليم بوسط جازان,بنين,5127,1245,6372
1446,2025,جازان,جازان,الإدارة العامة للتعليم بمنطقة جازان,المرحلة الإبتدائية,عالمي وأجنبي,مكتب التعليم بأبي عريش,بنات,77,11,88
1446,2025,جازان,جازان,الإدارة العامة للتعليم بمنطقة جازان,المرحلة الإبتدائية,عالمي وأجنبي,مكتب التعليم بأبي عريش,بنين,70,3,73
1446,2025,جازان,جازان,الإدارة العامة للتعليم بمنطقة جازان,المرحلة الإبتدائية,عالمي وأجنبي,مكتب التعليم بوسط جازان,بنات,1035,886,1921
1446,2025,جازان,جازان,الإدارة العامة للتعليم بمنطقة جازان,المرحلة الإبتدائية,عالمي وأجنبي,مكتب التعليم بوسط جازان,بنين,233,288,521
1446,2025,جازان,جازان,الإدارة العامة للتعليم بمنطقة جازان,المرحلة الثانوية,أهلي,مكتب التعليم بأبي عريش,بنات,114,7,121
1446,2025,جازان,جازان,الإدارة العامة للتعليم بمنطقة جازان,المرحلة الثانوية,أهلي,مكتب التعليم بأبي عريش,بنين,416,28,444
1446,2025,جازان,جازان,الإدارة العامة للتعليم بمنطقة جازان,المرحلة الثانوية,أهلي,مكتب التعليم بصامطة,بنين,152,3,155
1446,2025,جازان,جازان,الإدارة العامة للتعليم بمنطقة جازان,المرحلة الثانوية,أهلي,مكتب التعليم بوسط جازان,بنات,319,102,421
1446,2025,جازان,جازان,الإدارة العامة للتعليم بمنطقة جازان,المرحلة الثانوية,أهلي,مكتب التعليم بوسط جازان,بنين,603,134,737
1446,2025,جازان,جازان,الإدارة العامة للتعليم بمنطقة جازان,المرحلة الثانوية,حكومي,مكتب التعليم بأبي عريش,بنات,4516,644,5160
1446,2025,جازان,جازان,الإدارة العامة للتعليم بمنطقة جازان,المرحلة الثانوية,حكومي,مكتب التعليم بأبي عريش,بنين,4120,581,4701
1446,2025,جازان,جازان,الإدارة العامة للتعليم بمنطقة جازان,المرحلة الثانوية,حكومي,مكتب التعليم بالعارضة,بنات,3039,346,3385
1446,2025,جازان,جازان,الإدارة العامة للتعليم بمنطقة جازان,المرحلة الثانوية,حكومي,مكتب التعليم بالعارضة,بنين,2843,318,3161
1446,2025,جازان,جازان,الإدارة العامة للتعليم بمنطقة جازان,المرحلة الثانوية,حكومي,مكتب التعليم بالمسارحة والحرث,بنات,4093,645,4738
1446,2025,جازان,جازان,الإدارة العامة للتعليم بمنطقة جازان,المرحلة الثانوية,حكومي,مكتب التعليم بالمسارحة والحرث,بنين,4205,600,4805
1446,2025,جازان,جازان,الإدارة العامة للتعليم بمنطقة جازان,المرحلة الثانوية,حكومي,مكتب التعليم بصامطة,بنات,4419,1117,5536
1446,2025,جازان,جازان,الإدارة العامة للتعليم بمنطقة جازان,المرحلة الثانوية,حكومي,مكتب التعليم بصامطة,بنين,4464,940,5404
1446,2025,جازان,جازان,الإدارة العامة للتعليم بمنطقة جازان,المرحلة الثانوية,حكومي,مكتب التعليم بوسط جازان,بنات,3975,769,4744
1446,2025,جازان,جازان,الإدارة العامة للتعليم بمنطقة جازان,المرحلة الثانوية,حكومي,مكتب التعليم بوسط جازان,بنين,3603,729,4332
1446,2025,جازان,جازان,الإدارة العامة للتعليم بمنطقة جازان,المرحلة الثانوية,عالمي وأجنبي,مكتب التعليم بوسط جازان,بنات,28,54,82
1446,2025,جازان,جازان,الإدارة العامة للتعليم بمنطقة جازان,المرحلة الثانوية,عالمي وأجنبي,مكتب التعليم بوسط جازان,بنين,39,66,105
1446,2025,جازان,جازان,الإدارة العامة للتعليم بمنطقة جازان,المرحلة المتوسطة,أهلي,مكتب التعليم بأبي عريش,بنات,64,3,67
1446,2025,جازان,جازان,الإدارة العامة للتعليم بمنطقة جازان,المرحلة المتوسطة,أهلي,مكتب التعليم بأبي عريش,بنين,172,6,178
1446,2025,جازان,جازان,الإدارة العامة للتعليم بمنطقة جازان,المرحلة المتوسطة,أهلي,مكتب التعليم بصامطة,بنات,5,0,5
1446,2025,جازان,جازان,الإدارة العامة للتعليم بمنطقة جازان,المرحلة المتوسطة,أهلي,مكتب التعليم بصامطة,بنين,90,2,92
1446,2025,جازان,جازان,الإدارة العامة للتعليم بمنطقة جازان,المرحلة المتوسطة,أهلي,مكتب التعليم بوسط جازان,بنات,149,14,163
1446,2025,جازان,جازان,الإدارة العامة للتعليم بمنطقة جازان,المرحلة المتوسطة,أهلي,مكتب التعليم بوسط جازان,بنين,412,28,440
1446,2025,جازان,جازان,الإدارة العامة للتعليم بمنطقة جازان,المرحلة المتوسطة,حكومي,مكتب التعليم بأبي عريش,بنات,4718,589,5307
1446,2025,جازان,جازان,الإدارة العامة للتعليم بمنطقة جازان,المرحلة المتوسطة,حكومي,مكتب التعليم بأبي عريش,بنين,4905,655,5560
1446,2025,جازان,جازان,الإدارة العامة للتعليم بمنطقة جازان,المرحلة المتوسطة,حكومي,مكتب التعليم بالعارضة,بنات,2946,324,3270
1446,2025,جازان,جازان,الإدارة العامة للتعليم بمنطقة جازان,المرحلة المتوسطة,حكومي,مكتب التعليم بالعارضة,بنين,2954,402,3356
1446,2025,جازان,جازان,الإدارة العامة للتعليم بمنطقة جازان,المرحلة المتوسطة,حكومي,مكتب التعليم بالمسارحة والحرث,بنات,4150,475,4625
1446,2025,جازان,جازان,الإدارة العامة للتعليم بمنطقة جازان,المرحلة المتوسطة,حكومي,مكتب التعليم بالمسارحة والحرث,بنين,4172,529,4701
1446,2025,جازان,جازان,الإدارة العامة للتعليم بمنطقة جازان,المرحلة المتوسطة,حكومي,مكتب التعليم بصامطة,بنات,4727,1020,5747
1446,2025,جازان,جازان,الإدارة العامة للتعليم بمنطقة جازان,المرحلة المتوسطة,حكومي,مكتب التعليم بصامطة,بنين,4791,1104,5895
1446,2025,جازان,جازان,الإدارة العامة للتعليم بمنطقة جازان,المرحلة المتوسطة,حكومي,مكتب التعليم بوسط جازان,بنات,4169,762,4931
1446,2025,جازان,جازان,الإدارة العامة للتعليم بمنطقة جازان,المرحلة المتوسطة,حكومي,مكتب التعليم بوسط جازان,بنين,4202,775,4977
1446,2025,جازان,جازان,الإدارة العامة للتعليم بمنطقة جازان,المرحلة المتوسطة,عالمي وأجنبي,مكتب التعليم بوسط جازان,بنات,107,192,299
1446,2025,جازان,جازان,الإدارة العامة للتعليم بمنطقة جازان,المرحلة المتوسطة,عالمي وأجنبي,مكتب التعليم بوسط جازان,بنين,127,210,337
1446,2025,جازان,جازان,الإدارة العامة للتعليم بمنطقة جازان,رياض الأطفال,أهلي,مكتب التعليم بأبي عريش,بنات,699,55,754
1446,2025,جازان,جازان,الإدارة العامة للتعليم بمنطقة جازان,رياض الأطفال,أهلي,مكتب التعليم بالعارضة,بنات,94,1,95
1446,2025,جازان,جازان,الإدارة العامة للتعليم بمنطقة جازان,رياض الأطفال,أهلي,مكتب التعليم بالمسارحة والحرث,بنات,62,24,86
1446,2025,جازان,جازان,الإدارة العامة للتعليم بمنطقة جازان,رياض الأطفال,أهلي,مكتب التعليم بصامطة,بنات,396,46,442
1446,2025,جازان,جازان,الإدارة العامة للتعليم بمنطقة جازان,رياض الأطفال,أهلي,مكتب التعليم بوسط جازان,بنات,517,34,551
1446,2025,جازان,جازان,الإدارة العامة للتعليم بمنطقة جازان,رياض الأطفال,حكومي,مكتب التعليم بأبي عريش,بنات,2319,37,2356
1446,2025,جازان,جازان,الإدارة العامة للتعليم بمنطقة جازان,رياض الأطفال,حكومي,مكتب التعليم بالعارضة,بنات,1079,11,1090
1446,2025,جازان,جازان,الإدارة العامة للتعليم بمنطقة جازان,رياض الأطفال,حكومي,مكتب التعليم بالمسارحة والحرث,بنات,2568,24,2592
1446,2025,جازان,جازان,الإدارة العامة للتعليم بمنطقة جازان,رياض الأطفال,حكومي,مكتب التعليم بصامطة,بنات,2979,39,3018
1446,2025,جازان,جازان,الإدارة العامة للتعليم بمنطقة جازان,رياض الأطفال,حكومي,مكتب التعليم بوسط جازان,بنات,2446,58,2504
1446,2025,جازان,جازان,الإدارة العامة للتعليم بمنطقة جازان,رياض الأطفال,عالمي وأجنبي,مكتب التعليم بأبي عريش,بنات,156,9,165
1446,2025,جازان,جازان,الإدارة العامة للتعليم بمنطقة جازان,رياض الأطفال,عالمي وأجنبي,مكتب التعليم بوسط جازان,بنات,701,265,966
1446,2025,حائل,حائل,الإدارة العامة للتعليم بمنطقة حائل,المرحلة الإبتدائية,أهلي,مكتب التعليم بالشملي,بنات,59,0,59
1446,2025,حائل,حائل,الإدارة العامة للتعليم بمنطقة حائل,المرحلة الإبتدائية,أهلي,مكتب التعليم ببقعاء,بنات,32,0,32
1446,2025,حائل,حائل,الإدارة العامة للتعليم بمنطقة حائل,المرحلة الإبتدائية,أهلي,مكتب التعليم بجنوب حائل,بنات,1588,86,1674
1446,2025,حائل,حائل,الإدارة العامة للتعليم بمنطقة حائل,المرحلة الإبتدائية,أهلي,مكتب التعليم بجنوب حائل,بنين,1437,75,1512
1446,2025,حائل,حائل,الإدارة العامة للتعليم بمنطقة حائل,المرحلة الإبتدائية,أهلي,مكتب التعليم بشمال حائل,بنات,972,16,988
1446,2025,حائل,حائل,الإدارة العامة للتعليم بمنطقة حائل,المرحلة الإبتدائية,أهلي,مكتب التعليم بشمال حائل,بنين,478,6,484
1446,2025,حائل,حائل,الإدارة العامة للتعليم بمنطقة حائل,المرحلة الإبتدائية,حكومي,مكتب التعليم بالحائط,بنات,5384,120,5504
1446,2025,حائل,حائل,الإدارة العامة للتعليم بمنطقة حائل,المرحلة الإبتدائية,حكومي,مكتب التعليم بالحائط,بنين,4237,71,4308
1446,2025,حائل,حائل,الإدارة العامة للتعليم بمنطقة حائل,المرحلة الإبتدائية,حكومي,مكتب التعليم بالسليمي,بنات,933,9,942
1446,2025,حائل,حائل,الإدارة العامة للتعليم بمنطقة حائل,المرحلة الإبتدائية,حكومي,مكتب التعليم بالسليمي,بنين,728,8,736
1446,2025,حائل,حائل,الإدارة العامة للتعليم بمنطقة حائل,المرحلة الإبتدائية,حكومي,مكتب التعليم بالشملي,بنات,1185,38,1223
1446,2025,حائل,حائل,الإدارة العامة للتعليم بمنطقة حائل,المرحلة الإبتدائية,حكومي,مكتب التعليم بالشملي,بنين,1072,36,1108
1446,2025,حائل,حائل,الإدارة العامة للتعليم بمنطقة حائل,المرحلة الإبتدائية,حكومي,مكتب التعليم بالشنان,بنات,1576,79,1655
1446,2025,حائل,حائل,الإدارة العامة للتعليم بمنطقة حائل,المرحلة الإبتدائية,حكومي,مكتب التعليم بالشنان,بنين,1052,36,1088
1446,2025,حائل,حائل,الإدارة العامة للتعليم بمنطقة حائل,المرحلة الإبتدائية,حكومي,مكتب التعليم بالغزالة,بنات,1027,17,1044
1446,2025,حائل,حائل,الإدارة العامة للتعليم بمنطقة حائل,المرحلة الإبتدائية,حكومي,مكتب التعليم بالغزالة,بنين,688,10,698
1446,2025,حائل,حائل,الإدارة العامة للتعليم بمنطقة حائل,المرحلة الإبتدائية,حكومي,مكتب التعليم ببقعاء,بنات,3315,199,3514
1446,2025,حائل,حائل,الإدارة العامة للتعليم بمنطقة حائل,المرحلة الإبتدائية,حكومي,مكتب التعليم ببقعاء,بنين,2187,123,2310
1446,2025,حائل,حائل,الإدارة العامة للتعليم بمنطقة حائل,المرحلة الإبتدائية,حكومي,مكتب التعليم بجنوب حائل,بنات,17355,2089,19444
1446,2025,حائل,حائل,الإدارة العامة للتعليم بمنطقة حائل,المرحلة الإبتدائية,حكومي,مكتب التعليم بجنوب حائل,بنين,9478,838,10316
1446,2025,حائل,حائل,الإدارة العامة للتعليم بمنطقة حائل,المرحلة الإبتدائية,حكومي,مكتب التعليم بسميراء,بنات,985,34,1019
1446,2025,حائل,حائل,الإدارة العامة للتعليم بمنطقة حائل,المرحلة الإبتدائية,حكومي,مكتب التعليم بسميراء,بنين,698,8,706
1446,2025,حائل,حائل,الإدارة العامة للتعليم بمنطقة حائل,المرحلة الإبتدائية,حكومي,مكتب التعليم بشمال حائل,بنات,13605,816,14421
1446,2025,حائل,حائل,الإدارة العامة للتعليم بمنطقة حائل,المرحلة الإبتدائية,حكومي,مكتب التعليم بشمال حائل,بنين,8653,363,9016
1446,2025,حائل,حائل,الإدارة العامة للتعليم بمنطقة حائل,المرحلة الإبتدائية,حكومي,مكتب التعليم بموقق,بنات,1002,19,1021
1446,2025,حائل,حائل,الإدارة العامة للتعليم بمنطقة حائل,المرحلة الإبتدائية,حكومي,مكتب التعليم بموقق,بنين,720,9,729
1446,2025,حائل,حائل,الإدارة العامة للتعليم بمنطقة حائل,المرحلة الإبتدائية,عالمي وأجنبي,مكتب التعليم بجنوب حائل,بنات,575,528,1103
1446,2025,حائل,حائل,الإدارة العامة للتعليم بمنطقة حائل,المرحلة الإبتدائية,عالمي وأجنبي,مكتب التعليم بجنوب حائل,بنين,224,367,591
1446,2025,حائل,حائل,الإدارة العامة للتعليم بمنطقة حائل,المرحلة الإبتدائية,عالمي وأجنبي,مكتب التعليم بشمال حائل,بنات,50,232,282
1446,2025,حائل,حائل,الإدارة العامة للتعليم بمنطقة حائل,المرحلة الإبتدائية,عالمي وأجنبي,مكتب التعليم بشمال حائل,بنين,60,269,329
1446,2025,حائل,حائل,الإدارة العامة للتعليم بمنطقة حائل,المرحلة الثانوية,أهلي,مكتب التعليم بجنوب حائل,بنات,662,195,857
1446,2025,حائل,حائل,الإدارة العامة للتعليم بمنطقة حائل,المرحلة الثانوية,أهلي,مكتب التعليم بجنوب حائل,بنين,801,236,1037
1446,2025,حائل,حائل,الإدارة العامة للتعليم بمنطقة حائل,المرحلة الثانوية,أهلي,مكتب التعليم بشمال حائل,بنين,337,7,344
1446,2025,حائل,حائل,الإدارة العامة للتعليم بمنطقة حائل,المرحلة الثانوية,حكومي,مكتب التعليم بالحائط,بنات,2136,21,2157
1446,2025,حائل,حائل,الإدارة العامة للتعليم بمنطقة حائل,المرحلة الثانوية,حكومي,مكتب التعليم بالحائط,بنين,2313,28,2341
1446,2025,حائل,حائل,الإدارة العامة للتعليم بمنطقة حائل,المرحلة الثانوية,حكومي,مكتب التعليم بالسليمي,بنات,380,2,382
1446,2025,حائل,حائل,الإدارة العامة للتعليم بمنطقة حائل,المرحلة الثانوية,حكومي,مكتب التعليم بالسليمي,بنين,504,0,504
1446,2025,حائل,حائل,الإدارة العامة للتعليم بمنطقة حائل,المرحلة الثانوية,حكومي,مكتب التعليم بالشملي,بنات,623,10,633
1446,2025,حائل,حائل,الإدارة العامة للتعليم بمنطقة حائل,المرحلة الثانوية,حكومي,مكتب التعليم بالشملي,بنين,571,10,581
1446,2025,حائل,حائل,الإدارة العامة للتعليم بمنطقة حائل,المرحلة الثانوية,حكومي,مكتب التعليم بالشنان,بنات,517,15,532
1446,2025,حائل,حائل,الإدارة العامة للتعليم بمنطقة حائل,المرحلة الثانوية,حكومي,مكتب التعليم بالشنان,بنين,611,22,633
1446,2025,حائل,حائل,الإدارة العامة للتعليم بمنطقة حائل,المرحلة الثانوية,حكومي,مكتب التعليم بالغزالة,بنات,385,10,395
1446,2025,حائل,حائل,الإدارة العامة للتعليم بمنطقة حائل,المرحلة الثانوية,حكومي,مكتب التعليم بالغزالة,بنين,408,0,408
1446,2025,حائل,حائل,الإدارة العامة للتعليم بمنطقة حائل,المرحلة الثانوية,حكومي,مكتب التعليم ببقعاء,بنات,1042,52,1094
1446,2025,حائل,حائل,الإدارة العامة للتعليم بمنطقة حائل,المرحلة الثانوية,حكومي,مكتب التعليم ببقعاء,بنين,1191,72,1263
1446,2025,حائل,حائل,الإدارة العامة للتعليم بمنطقة حائل,المرحلة الثانوية,حكومي,مكتب التعليم بجنوب حائل,بنات,6393,574,6967
1446,2025,حائل,حائل,الإدارة العامة للتعليم بمنطقة حائل,المرحلة الثانوية,حكومي,مكتب التعليم بجنوب حائل,بنين,5486,539,6025
1446,2025,حائل,حائل,الإدارة العامة للتعليم بمنطقة حائل,المرحلة الثانوية,حكومي,مكتب التعليم بسميراء,بنات,334,5,339
1446,2025,حائل,حائل,الإدارة العامة للتعليم بمنطقة حائل,المرحلة الثانوية,حكومي,مكتب التعليم بسميراء,بنين,408,8,416
1446,2025,حائل,حائل,الإدارة العامة للتعليم بمنطقة حائل,المرحلة الثانوية,حكومي,مكتب التعليم بشمال حائل,بنات,5197,201,5398
1446,2025,حائل,حائل,الإدارة العامة للتعليم بمنطقة حائل,المرحلة الثانوية,حكومي,مكتب التعليم بشمال حائل,بنين,5609,280,5889
1446,2025,حائل,حائل,الإدارة العامة للتعليم بمنطقة حائل,المرحلة الثانوية,حكومي,مكتب التعليم بموقق,بنات,354,8,362
1446,2025,حائل,حائل,الإدارة العامة للتعليم بمنطقة حائل,المرحلة الثانوية,حكومي,مكتب التعليم بموقق,بنين,440,6,446
1446,2025,حائل,حائل,الإدارة العامة للتعليم بمنطقة حائل,المرحلة الثانوية,عالمي وأجنبي,مكتب التعليم بجنوب حائل,بنات,62,18,80
1446,2025,حائل,حائل,الإدارة العامة للتعليم بمنطقة حائل,المرحلة الثانوية,عالمي وأجنبي,مكتب التعليم بجنوب حائل,بنين,74,17,91
1446,2025,حائل,حائل,الإدارة العامة للتعليم بمنطقة حائل,المرحلة الثانوية,عالمي وأجنبي,مكتب التعليم بشمال حائل,بنات,0,9,9
1446,2025,حائل,حائل,الإدارة العامة للتعليم بمنطقة حائل,المرحلة الثانوية,عالمي وأجنبي,مكتب التعليم بشمال حائل,بنين,1,4,5
1446,2025,حائل,حائل,الإدارة العامة للتعليم بمنطقة حائل,المرحلة المتوسطة,أهلي,مكتب التعليم بجنوب حائل,بنات,417,23,440
1446,2025,حائل,حائل,الإدارة العامة للتعليم بمنطقة حائل,المرحلة المتوسطة,أهلي,مكتب التعليم بجنوب حائل,بنين,557,46,603
1446,2025,حائل,حائل,الإدارة العامة للتعليم بمنطقة حائل,المرحلة المتوسطة,أهلي,مكتب التعليم بشمال حائل,بنات,42,1,43
1446,2025,حائل,حائل,الإدارة العامة للتعليم بمنطقة حائل,المرحلة المتوسطة,أهلي,مكتب التعليم بشمال حائل,بنين,324,6,330
1446,2025,حائل,حائل,الإدارة العامة للتعليم بمنطقة حائل,المرحلة المتوسطة,حكومي,مكتب التعليم بالحائط,بنات,2498,36,2534
1446,2025,حائل,حائل,الإدارة العامة للتعليم بمنطقة حائل,المرحلة المتوسطة,حكومي,مكتب التعليم بالحائط,بنين,2443,29,2472
1446,2025,حائل,حائل,الإدارة العامة للتعليم بمنطقة حائل,المرحلة المتوسطة,حكومي,مكتب التعليم بالسليمي,بنات,420,2,422
1446,2025,حائل,حائل,الإدارة العامة للتعليم بمنطقة حائل,المرحلة المتوسطة,حكومي,مكتب التعليم بالسليمي,بنين,489,1,490
1446,2025,حائل,حائل,الإدارة العامة للتعليم بمنطقة حائل,المرحلة المتوسطة,حكومي,مكتب التعليم بالشملي,بنات,619,13,632
1446,2025,حائل,حائل,الإدارة العامة للتعليم بمنطقة حائل,المرحلة المتوسطة,حكومي,مكتب التعليم بالشملي,بنين,544,14,558
1446,2025,حائل,حائل,الإدارة العامة للتعليم بمنطقة حائل,المرحلة المتوسطة,حكومي,مكتب التعليم بالشنان,بنات,606,27,633
1446,2025,حائل,حائل,الإدارة العامة للتعليم بمنطقة حائل,المرحلة المتوسطة,حكومي,مكتب التعليم بالشنان,بنين,641,32,673
1446,2025,حائل,حائل,الإدارة العامة للتعليم بمنطقة حائل,المرحلة المتوسطة,حكومي,مكتب التعليم بالغزالة,بنات,423,17,440
1446,2025,حائل,حائل,الإدارة العامة للتعليم بمنطقة حائل,المرحلة المتوسطة,حكومي,مكتب التعليم بالغزالة,بنين,393,11,404
1446,2025,حائل,حائل,الإدارة العامة للتعليم بمنطقة حائل,المرحلة المتوسطة,حكومي,مكتب التعليم ببقعاء,بنات,1283,72,1355
1446,2025,حائل,حائل,الإدارة العامة للتعليم بمنطقة حائل,المرحلة المتوسطة,حكومي,مكتب التعليم ببقعاء,بنين,1395,62,1457
1446,2025,حائل,حائل,الإدارة العامة للتعليم بمنطقة حائل,المرحلة المتوسطة,حكومي,مكتب التعليم بجنوب حائل,بنات,7118,622,7740
1446,2025,حائل,حائل,الإدارة العامة للتعليم بمنطقة حائل,المرحلة المتوسطة,حكومي,مكتب التعليم بجنوب حائل,بنين,6888,593,7481
1446,2025,حائل,حائل,الإدارة العامة للتعليم بمنطقة حائل,المرحلة المتوسطة,حكومي,مكتب التعليم بسميراء,بنات,388,10,398
1446,2025,حائل,حائل,الإدارة العامة للتعليم بمنطقة حائل,المرحلة المتوسطة,حكومي,مكتب التعليم بسميراء,بنين,449,10,459
1446,2025,حائل,حائل,الإدارة العامة للتعليم بمنطقة حائل,المرحلة المتوسطة,حكومي,مكتب التعليم بشمال حائل,بنات,5653,230,5883
1446,2025,حائل,حائل,الإدارة العامة للتعليم بمنطقة حائل,المرحلة المتوسطة,حكومي,مكتب التعليم بشمال حائل,بنين,5855,204,6059
1446,2025,حائل,حائل,الإدارة العامة للتعليم بمنطقة حائل,المرحلة المتوسطة,حكومي,مكتب التعليم بموقق,بنات,396,6,402
1446,2025,حائل,حائل,الإدارة العامة للتعليم بمنطقة حائل,المرحلة المتوسطة,حكومي,مكتب التعليم بموقق,بنين,476,7,483
1446,2025,حائل,حائل,الإدارة العامة للتعليم بمنطقة حائل,المرحلة المتوسطة,عالمي وأجنبي,مكتب التعليم بجنوب حائل,بنات,140,164,304
1446,2025,حائل,حائل,الإدارة العامة للتعليم بمنطقة حائل,المرحلة المتوسطة,عالمي وأجنبي,مكتب التعليم بجنوب حائل,بنين,122,188,310
1446,2025,حائل,حائل,الإدارة العامة للتعليم بمنطقة حائل,المرحلة المتوسطة,عالمي وأجنبي,مكتب التعليم بشمال حائل,بنات,11,58,69
1446,2025,حائل,حائل,الإدارة العامة للتعليم بمنطقة حائل,المرحلة المتوسطة,عالمي وأجنبي,مكتب التعليم بشمال حائل,بنين,10,87,97
1446,2025,حائل,حائل,الإدارة العامة للتعليم بمنطقة حائل,رياض الأطفال,أهلي,مكتب التعليم بالشملي,بنات,24,3,27
1446,2025,حائل,حائل,الإدارة العامة للتعليم بمنطقة حائل,رياض الأطفال,أهلي,مكتب التعليم ببقعاء,بنات,13,3,16
1446,2025,حائل,حائل,الإدارة العامة للتعليم بمنطقة حائل,رياض الأطفال,أهلي,مكتب التعليم بجنوب حائل,بنات,806,107,913
1446,2025,حائل,حائل,الإدارة العامة للتعليم بمنطقة حائل,رياض الأطفال,أهلي,مكتب التعليم بشمال حائل,بنات,469,11,480
1446,2025,حائل,حائل,الإدارة العامة للتعليم بمنطقة حائل,رياض الأطفال,حكومي,مكتب التعليم بالحائط,بنات,597,0,597
1446,2025,حائل,حائل,الإدارة العامة للتعليم بمنطقة حائل,رياض الأطفال,حكومي,مكتب التعليم بالسليمي,بنات,181,0,181
1446,2025,حائل,حائل,الإدارة العامة للتعليم بمنطقة حائل,رياض الأطفال,حكومي,مكتب التعليم بالشملي,بنات,231,0,231
1446,2025,حائل,حائل,الإدارة العامة للتعليم بمنطقة حائل,رياض الأطفال,حكومي,مكتب التعليم بالشنان,بنات,384,1,385
1446,2025,حائل,حائل,الإدارة العامة للتعليم بمنطقة حائل,رياض الأطفال,حكومي,مكتب التعليم بالغزالة,بنات,161,1,162
1446,2025,حائل,حائل,الإدارة العامة للتعليم بمنطقة حائل,رياض الأطفال,حكومي,مكتب التعليم ببقعاء,بنات,602,0,602
1446,2025,حائل,حائل,الإدارة العامة للتعليم بمنطقة حائل,رياض الأطفال,حكومي,مكتب التعليم بجنوب حائل,بنات,2866,7,2873
1446,2025,حائل,حائل,الإدارة العامة للتعليم بمنطقة حائل,رياض الأطفال,حكومي,مكتب التعليم بسميراء,بنات,256,0,256
1446,2025,حائل,حائل,الإدارة العامة للتعليم بمنطقة حائل,رياض الأطفال,حكومي,مكتب التعليم بشمال حائل,بنات,2199,6,2205
1446,2025,حائل,حائل,الإدارة العامة للتعليم بمنطقة حائل,رياض الأطفال,حكومي,مكتب التعليم بموقق,بنات,185,0,185
1446,2025,حائل,حائل,الإدارة العامة للتعليم بمنطقة حائل,رياض الأطفال,عالمي وأجنبي,مكتب التعليم بالشملي,بنات,36,3,39
1446,2025,حائل,حائل,الإدارة العامة للتعليم بمنطقة حائل,رياض الأطفال,عالمي وأجنبي,مكتب التعليم بجنوب حائل,بنات,172,154,326
1446,2025,حائل,حائل,الإدارة العامة للتعليم بمنطقة حائل,رياض الأطفال,عالمي وأجنبي,مكتب التعليم بشمال حائل,بنات,37,102,139
1446,2025,عسير,عسير,إدارة التعليم بمحافظة النماص,المرحلة الإبتدائية,حكومي,إدارة الإشراف التربوي,بنات,3039,419,3458
1446,2025,عسير,عسير,إدارة التعليم بمحافظة النماص,المرحلة الإبتدائية,حكومي,إدارة الإشراف التربوي,بنين,1088,108,1196
1446,2025,عسير,عسير,إدارة التعليم بمحافظة النماص,المرحلة الثانوية,حكومي,إدارة الإشراف التربوي,بنات,1138,88,1226
1446,2025,عسير,عسير,إدارة التعليم بمحافظة النماص,المرحلة الثانوية,حكومي,إدارة الإشراف التربوي,بنين,1123,79,1202
1446,2025,عسير,عسير,إدارة التعليم بمحافظة النماص,المرحلة المتوسطة,حكومي,إدارة الإشراف التربوي,بنات,1107,86,1193
1446,2025,عسير,عسير,إدارة التعليم بمحافظة النماص,المرحلة المتوسطة,حكومي,إدارة الإشراف التربوي,بنين,1182,94,1276
1446,2025,عسير,عسير,إدارة التعليم بمحافظة النماص,رياض الأطفال,حكومي,إدارة الإشراف التربوي,بنات,684,24,708
1446,2025,عسير,عسير,إدارة التعليم بمحافظة بيشة,المرحلة الإبتدائية,أهلي,مكتب التعليم بوسط بيشة,بنات,354,24,378
1446,2025,عسير,عسير,إدارة التعليم بمحافظة بيشة,المرحلة الإبتدائية,أهلي,مكتب التعليم بوسط بيشة,بنين,685,39,724
1446,2025,عسير,عسير,إدارة التعليم بمحافظة بيشة,المرحلة الإبتدائية,حكومي,مكتب التعليم بالثنية وتبالة,بنات,3445,48,3493
1446,2025,عسير,عسير,إدارة التعليم بمحافظة بيشة,المرحلة الإبتدائية,حكومي,مكتب التعليم بالثنية وتبالة,بنين,1586,19,1605
1446,2025,عسير,عسير,إدارة التعليم بمحافظة بيشة,المرحلة الإبتدائية,حكومي,مكتب التعليم ببلقرن,بنات,4554,341,4895
1446,2025,عسير,عسير,إدارة التعليم بمحافظة بيشة,المرحلة الإبتدائية,حكومي,مكتب التعليم ببلقرن,بنين,1907,111,2018
1446,2025,عسير,عسير,إدارة التعليم بمحافظة بيشة,المرحلة الإبتدائية,حكومي,مكتب التعليم بتثليث,بنات,4601,107,4708
1446,2025,عسير,عسير,إدارة التعليم بمحافظة بيشة,المرحلة الإبتدائية,حكومي,مكتب التعليم بتثليث,بنين,3551,90,3641
1446,2025,عسير,عسير,إدارة التعليم بمحافظة بيشة,المرحلة الإبتدائية,حكومي,مكتب التعليم بوسط بيشة,بنات,13048,1065,14113
1446,2025,عسير,عسير,إدارة التعليم بمحافظة بيشة,المرحلة الإبتدائية,حكومي,مكتب التعليم بوسط بيشة,بنين,5391,383,5774
1446,2025,عسير,عسير,إدارة التعليم بمحافظة بيشة,المرحلة الإبتدائية,عالمي وأجنبي,مكتب التعليم بوسط بيشة,بنات,172,279,451
1446,2025,عسير,عسير,إدارة التعليم بمحافظة بيشة,المرحلة الإبتدائية,عالمي وأجنبي,مكتب التعليم بوسط بيشة,بنين,13,41,54
1446,2025,عسير,عسير,إدارة التعليم بمحافظة بيشة,المرحلة الثانوية,أهلي,مكتب التعليم بوسط بيشة,بنات,93,15,108
1446,2025,عسير,عسير,إدارة التعليم بمحافظة بيشة,المرحلة الثانوية,أهلي,مكتب التعليم بوسط بيشة,بنين,574,66,640
1446,2025,عسير,عسير,إدارة التعليم بمحافظة بيشة,المرحلة الثانوية,حكومي,مكتب التعليم بالثنية وتبالة,بنات,1207,8,1215
1446,2025,عسير,عسير,إدارة التعليم بمحافظة بيشة,المرحلة الثانوية,حكومي,مكتب التعليم بالثنية وتبالة,بنين,1271,11,1282
1446,2025,عسير,عسير,إدارة التعليم بمحافظة بيشة,المرحلة الثانوية,حكومي,مكتب التعليم ببلقرن,بنات,1772,94,1866
1446,2025,عسير,عسير,إدارة التعليم بمحافظة بيشة,المرحلة الثانوية,حكومي,مكتب التعليم ببلقرن,بنين,1496,94,1590
1446,2025,عسير,عسير,إدارة التعليم بمحافظة بيشة,المرحلة الثانوية,حكومي,مكتب التعليم بتثليث,بنات,1577,28,1605
1446,2025,عسير,عسير,إدارة التعليم بمحافظة بيشة,المرحلة الثانوية,حكومي,مكتب التعليم بتثليث,بنين,1831,16,1847
1446,2025,عسير,عسير,إدارة التعليم بمحافظة بيشة,المرحلة الثانوية,حكومي,مكتب التعليم بوسط بيشة,بنات,4467,273,4740
1446,2025,عسير,عسير,إدارة التعليم بمحافظة بيشة,المرحلة الثانوية,حكومي,مكتب التعليم بوسط بيشة,بنين,4023,242,4265
1446,2025,عسير,عسير,إدارة التعليم بمحافظة بيشة,المرحلة المتوسطة,أهلي,مكتب التعليم بوسط بيشة,بنات,70,5,75
1446,2025,عسير,عسير,إدارة التعليم بمحافظة بيشة,المرحلة المتوسطة,أهلي,مكتب التعليم بوسط بيشة,بنين,322,20,342
1446,2025,عسير,عسير,إدارة التعليم بمحافظة بيشة,المرحلة المتوسطة,حكومي,مكتب التعليم بالثنية وتبالة,بنات,1224,12,1236
1446,2025,عسير,عسير,إدارة التعليم بمحافظة بيشة,المرحلة المتوسطة,حكومي,مكتب التعليم بالثنية وتبالة,بنين,1272,12,1284
1446,2025,عسير,عسير,إدارة التعليم بمحافظة بيشة,المرحلة المتوسطة,حكومي,مكتب التعليم ببلقرن,بنات,1638,79,1717
1446,2025,عسير,عسير,إدارة التعليم بمحافظة بيشة,المرحلة المتوسطة,حكومي,مكتب التعليم ببلقرن,بنين,1671,90,1761
1446,2025,عسير,عسير,إدارة التعليم بمحافظة بيشة,المرحلة المتوسطة,حكومي,مكتب التعليم بتثليث,بنات,1898,33,1931
1446,2025,عسير,عسير,إدارة التعليم بمحافظة بيشة,المرحلة المتوسطة,حكومي,مكتب التعليم بتثليث,بنين,2039,29,2068
1446,2025,عسير,عسير,إدارة التعليم بمحافظة بيشة,المرحلة المتوسطة,حكومي,مكتب التعليم بوسط بيشة,بنات,4775,297,5072
1446,2025,عسير,عسير,إدارة التعليم بمحافظة بيشة,المرحلة المتوسطة,حكومي,مكتب التعليم بوسط بيشة,بنين,4810,293,5103
1446,2025,عسير,عسير,إدارة التعليم بمحافظة بيشة,المرحلة المتوسطة,عالمي وأجنبي,مكتب التعليم بوسط بيشة,بنات,22,43,65
1446,2025,عسير,عسير,إدارة التعليم بمحافظة بيشة,المرحلة المتوسطة,عالمي وأجنبي,مكتب التعليم بوسط بيشة,بنين,11,26,37
1446,2025,عسير,عسير,إدارة التعليم بمحافظة بيشة,رياض الأطفال,أهلي,مكتب التعليم ببلقرن,بنات,68,11,79
1446,2025,عسير,عسير,إدارة التعليم بمحافظة بيشة,رياض الأطفال,أهلي,مكتب التعليم بوسط بيشة,بنات,488,30,518
1446,2025,عسير,عسير,إدارة التعليم بمحافظة بيشة,رياض الأطفال,حكومي,مكتب التعليم بالثنية وتبالة,بنات,500,0,500
1446,2025,عسير,عسير,إدارة التعليم بمحافظة بيشة,رياض الأطفال,حكومي,مكتب التعليم ببلقرن,بنات,847,0,847
1446,2025,عسير,عسير,إدارة التعليم بمحافظة بيشة,رياض الأطفال,حكومي,مكتب التعليم بتثليث,بنات,494,0,494
1446,2025,عسير,عسير,إدارة التعليم بمحافظة بيشة,رياض الأطفال,حكومي,مكتب التعليم بوسط بيشة,بنات,2139,2,2141
1446,2025,عسير,عسير,إدارة التعليم بمحافظة بيشة,رياض الأطفال,عالمي وأجنبي,مكتب التعليم بوسط بيشة,بنات,67,71,138
1446,2025,عسير,عسير,إدارة التعليم بمحافظة رجال ألمع,المرحلة الإبتدائية,حكومي,إدارة الإشراف التربوي,بنات,4705,221,4926
1446,2025,عسير,عسير,إدارة التعليم بمحافظة رجال ألمع,المرحلة الإبتدائية,حكومي,إدارة الإشراف التربوي,بنين,1959,109,2068
1446,2025,عسير,عسير,إدارة التعليم بمحافظة رجال ألمع,المرحلة الثانوية,حكومي,إدارة الإشراف التربوي,بنات,1807,46,1853
1446,2025,عسير,عسير,إدارة التعليم بمحافظة رجال ألمع,المرحلة الثانوية,حكومي,إدارة الإشراف التربوي,بنين,2053,39,2092
1446,2025,عسير,عسير,إدارة التعليم بمحافظة رجال ألمع,المرحلة المتوسطة,حكومي,إدارة الإشراف التربوي,بنات,1675,55,1730
1446,2025,عسير,عسير,إدارة التعليم بمحافظة رجال ألمع,المرحلة المتوسطة,حكومي,إدارة الإشراف التربوي,بنين,1827,57,1884
1446,2025,عسير,عسير,إدارة التعليم بمحافظة رجال ألمع,رياض الأطفال,حكومي,إدارة الإشراف التربوي,بنات,867,4,871
1446,2025,عسير,عسير,إدارة التعليم بمحافظة سراة عبيدة,المرحلة الإبتدائية,أهلي,إدارة الإشراف التربوي,بنات,29,0,29
1446,2025,عسير,عسير,إدارة التعليم بمحافظة سراة عبيدة,المرحلة الإبتدائية,حكومي,إدارة الإشراف التربوي,بنات,3538,211,3749
1446,2025,عسير,عسير,إدارة التعليم بمحافظة سراة عبيدة,المرحلة الإبتدائية,حكومي,إدارة الإشراف التربوي,بنين,1051,63,1114
1446,2025,عسير,عسير,إدارة التعليم بمحافظة سراة عبيدة,المرحلة الإبتدائية,حكومي,مكتب التعليم بتهامة,بنات,3588,72,3660
1446,2025,عسير,عسير,إدارة التعليم بمحافظة سراة عبيدة,المرحلة الإبتدائية,حكومي,مكتب التعليم بتهامة,بنين,1626,27,1653
1446,2025,عسير,عسير,إدارة التعليم بمحافظة سراة عبيدة,المرحلة الثانوية,حكومي,إدارة الإشراف التربوي,بنات,1055,40,1095
1446,2025,عسير,عسير,إدارة التعليم بمحافظة سراة عبيدة,المرحلة الثانوية,حكومي,إدارة الإشراف التربوي,بنين,1008,40,1048
1446,2025,عسير,عسير,إدارة التعليم بمحافظة سراة عبيدة,المرحلة الثانوية,حكومي,مكتب التعليم بتهامة,بنات,1061,6,1067
1446,2025,عسير,عسير,إدارة التعليم بمحافظة سراة عبيدة,المرحلة الثانوية,حكومي,مكتب التعليم بتهامة,بنين,1152,12,1164
1446,2025,عسير,عسير,إدارة التعليم بمحافظة سراة عبيدة,المرحلة المتوسطة,حكومي,إدارة الإشراف التربوي,بنات,1140,50,1190
1446,2025,عسير,عسير,إدارة التعليم بمحافظة سراة عبيدة,المرحلة المتوسطة,حكومي,إدارة الإشراف التربوي,بنين,1183,58,1241
1446,2025,عسير,عسير,إدارة التعليم بمحافظة سراة عبيدة,المرحلة المتوسطة,حكومي,مكتب التعليم بتهامة,بنات,1170,9,1179
1446,2025,عسير,عسير,إدارة التعليم بمحافظة سراة عبيدة,المرحلة المتوسطة,حكومي,مكتب التعليم بتهامة,بنين,1364,17,1381
1446,2025,عسير,عسير,إدارة التعليم بمحافظة سراة عبيدة,رياض الأطفال,أهلي,إدارة الإشراف التربوي,بنات,29,4,33
1446,2025,عسير,عسير,إدارة التعليم بمحافظة سراة عبيدة,رياض الأطفال,حكومي,إدارة الإشراف التربوي,بنات,596,1,597
1446,2025,عسير,عسير,إدارة التعليم بمحافظة سراة عبيدة,رياض الأطفال,حكومي,مكتب التعليم بتهامة,بنات,369,0,369
1446,2025,عسير,عسير,إدارة التعليم بمحافظة ظهران الجنوب,المرحلة الإبتدائية,حكومي,إدارة الإشراف التربوي,بنات,4743,423,5166
1446,2025,عسير,عسير,إدارة التعليم بمحافظة ظهران الجنوب,المرحلة الإبتدائية,حكومي,إدارة الإشراف التربوي,بنين,1711,171,1882
1446,2025,عسير,عسير,إدارة التعليم بمحافظة ظهران الجنوب,المرحلة الثانوية,حكومي,إدارة الإشراف التربوي,بنات,1260,75,1335
1446,2025,عسير,عسير,إدارة التعليم بمحافظة ظهران الجنوب,المرحلة الثانوية,حكومي,إدارة الإشراف التربوي,بنين,1365,85,1450
1446,2025,عسير,عسير,إدارة التعليم بمحافظة ظهران الجنوب,المرحلة المتوسطة,حكومي,إدارة الإشراف التربوي,بنات,1543,90,1633
1446,2025,عسير,عسير,إدارة التعليم بمحافظة ظهران الجنوب,المرحلة المتوسطة,حكومي,إدارة الإشراف التربوي,بنين,1463,87,1550
1446,2025,عسير,عسير,إدارة التعليم بمحافظة ظهران الجنوب,رياض الأطفال,أهلي,إدارة الإشراف التربوي,بنات,91,15,106
1446,2025,عسير,عسير,إدارة التعليم بمحافظة ظهران الجنوب,رياض الأطفال,حكومي,إدارة الإشراف التربوي,بنات,851,1,852
1446,2025,عسير,عسير,إدارة التعليم بمحافظة محايل عسير,المرحلة الإبتدائية,أهلي,مكتب التعليم بالمجاردة,بنات,0,0,0
1446,2025,عسير,عسير,إدارة التعليم بمحافظة محايل عسير,المرحلة الإبتدائية,أهلي,مكتب التعليم بمحايل,بنات,324,17,341
1446,2025,عسير,عسير,إدارة التعليم بمحافظة محايل عسير,المرحلة الإبتدائية,أهلي,مكتب التعليم بمحايل,بنين,1,2,3
1446,2025,عسير,عسير,إدارة التعليم بمحافظة محايل عسير,المرحلة الإبتدائية,حكومي,مكتب التعليم بالبرك,بنات,3692,50,3742
1446,2025,عسير,عسير,إدارة التعليم بمحافظة محايل عسير,المرحلة الإبتدائية,حكومي,مكتب التعليم بالبرك,بنين,2235,46,2281
1446,2025,عسير,عسير,إدارة التعليم بمحافظة محايل عسير,المرحلة الإبتدائية,حكومي,مكتب التعليم بالمجاردة,بنات,6093,243,6336
1446,2025,عسير,عسير,إدارة التعليم بمحافظة محايل عسير,المرحلة الإبتدائية,حكومي,مكتب التعليم بالمجاردة,بنين,3476,177,3653
1446,2025,عسير,عسير,إدارة التعليم بمحافظة محايل عسير,المرحلة الإبتدائية,حكومي,مكتب التعليم بقنا,بنات,5013,73,5086
1446,2025,عسير,عسير,إدارة التعليم بمحافظة محايل عسير,المرحلة الإبتدائية,حكومي,مكتب التعليم بقنا,بنين,3098,55,3153
1446,2025,عسير,عسير,إدارة التعليم بمحافظة محايل عسير,المرحلة الإبتدائية,حكومي,مكتب التعليم بمحايل,بنات,11732,914,12646
1446,2025,عسير,عسير,إدارة التعليم بمحافظة محايل عسير,المرحلة الإبتدائية,حكومي,مكتب التعليم بمحايل,بنين,6305,421,6726
1446,2025,عسير,عسير,إدارة التعليم بمحافظة محايل عسير,المرحلة الإبتدائية,عالمي وأجنبي,مكتب التعليم بمحايل,بنات,141,84,225
1446,2025,عسير,عسير,إدارة التعليم بمحافظة محايل عسير,المرحلة الإبتدائية,عالمي وأجنبي,مكتب التعليم بمحايل,بنين,48,34,82
1446,2025,عسير,عسير,إدارة التعليم بمحافظة محايل عسير,المرحلة الثانوية,حكومي,مكتب التعليم بالبرك,بنات,1394,17,1411
1446,2025,عسير,عسير,إدارة التعليم بمحافظة محايل عسير,المرحلة الثانوية,حكومي,مكتب التعليم بالبرك,بنين,1476,8,1484
1446,2025,عسير,عسير,إدارة التعليم بمحافظة محايل عسير,المرحلة الثانوية,حكومي,مكتب التعليم بالمجاردة,بنات,2619,65,2684
1446,2025,عسير,عسير,إدارة التعليم بمحافظة محايل عسير,المرحلة الثانوية,حكومي,مكتب التعليم بالمجاردة,بنين,2729,57,2786
1446,2025,عسير,عسير,إدارة التعليم بمحافظة محايل عسير,المرحلة الثانوية,حكومي,مكتب التعليم بقنا,بنات,1932,15,1947
1446,2025,عسير,عسير,إدارة التعليم بمحافظة محايل عسير,المرحلة الثانوية,حكومي,مكتب التعليم بقنا,بنين,2046,23,2069
1446,2025,عسير,عسير,إدارة التعليم بمحافظة محايل عسير,المرحلة الثانوية,حكومي,مكتب التعليم بمحايل,بنات,4195,150,4345
1446,2025,عسير,عسير,إدارة التعليم بمحافظة محايل عسير,المرحلة الثانوية,حكومي,مكتب التعليم بمحايل,بنين,4250,215,4465
1446,2025,عسير,عسير,إدارة التعليم بمحافظة محايل عسير,المرحلة المتوسطة,حكومي,مكتب التعليم بالبرك,بنات,1431,19,1450
1446,2025,عسير,عسير,إدارة التعليم بمحافظة محايل عسير,المرحلة المتوسطة,حكومي,مكتب التعليم بالبرك,بنين,1588,16,1604
1446,2025,عسير,عسير,إدارة التعليم بمحافظة محايل عسير,المرحلة المتوسطة,حكومي,مكتب التعليم بالمجاردة,بنات,2537,66,2603
1446,2025,عسير,عسير,إدارة التعليم بمحافظة محايل عسير,المرحلة المتوسطة,حكومي,مكتب التعليم بالمجاردة,بنين,2652,79,2731
1446,2025,عسير,عسير,إدارة التعليم بمحافظة محايل عسير,المرحلة المتوسطة,حكومي,مكتب التعليم بقنا,بنات,1923,28,1951
1446,2025,عسير,عسير,إدارة التعليم بمحافظة محايل عسير,المرحلة المتوسطة,حكومي,مكتب التعليم بقنا,بنين,2019,31,2050
1446,2025,عسير,عسير,إدارة التعليم بمحافظة محايل عسير,المرحلة المتوسطة,حكومي,مكتب التعليم بمحايل,بنات,4319,239,4558
1446,2025,عسير,عسير,إدارة التعليم بمحافظة محايل عسير,المرحلة المتوسطة,حكومي,مكتب التعليم بمحايل,بنين,4462,243,4705
1446,2025,عسير,عسير,إدارة التعليم بمحافظة محايل عسير,المرحلة المتوسطة,عالمي وأجنبي,مكتب التعليم بمحايل,بنات,13,10,23
1446,2025,عسير,عسير,إدارة التعليم بمحافظة محايل عسير,المرحلة المتوسطة,عالمي وأجنبي,مكتب التعليم بمحايل,بنين,12,16,28
1446,2025,عسير,عسير,إدارة التعليم بمحافظة محايل عسير,رياض الأطفال,أهلي,مكتب التعليم بالبرك,بنات,20,3,23
1446,2025,عسير,عسير,إدارة التعليم بمحافظة محايل عسير,رياض الأطفال,أهلي,مكتب التعليم بالمجاردة,بنات,86,11,97
1446,2025,عسير,عسير,إدارة التعليم بمحافظة محايل عسير,رياض الأطفال,أهلي,مكتب التعليم بمحايل,بنات,254,20,274
1446,2025,عسير,عسير,إدارة التعليم بمحافظة محايل عسير,رياض الأطفال,حكومي,مكتب التعليم بالبرك,بنات,485,0,485
1446,2025,عسير,عسير,إدارة التعليم بمحافظة محايل عسير,رياض الأطفال,حكومي,مكتب التعليم بالمجاردة,بنات,1226,3,1229
1446,2025,عسير,عسير,إدارة التعليم بمحافظة محايل عسير,رياض الأطفال,حكومي,مكتب التعليم بقنا,بنات,919,0,919
1446,2025,عسير,عسير,إدارة التعليم بمحافظة محايل عسير,رياض الأطفال,حكومي,مكتب التعليم بمحايل,بنات,1959,1,1960
1446,2025,عسير,عسير,إدارة التعليم بمحافظة محايل عسير,رياض الأطفال,عالمي وأجنبي,مكتب التعليم بمحايل,بنات,35,8,43
1446,2025,عسير,عسير,الإدارة العامة للتعليم بمنطقة عسير,المرحلة الإبتدائية,أهلي,مكتب التعليم بأحد رفيدة,بنات,162,0,162
1446,2025,عسير,عسير,الإدارة العامة للتعليم بمنطقة عسير,المرحلة الإبتدائية,أهلي,مكتب التعليم بجنوب أبها,بنات,963,45,1008
1446,2025,عسير,عسير,الإدارة العامة للتعليم بمنطقة عسير,المرحلة الإبتدائية,أهلي,مكتب التعليم بجنوب أبها,بنين,1136,53,1189
1446,2025,عسير,عسير,الإدارة العامة للتعليم بمنطقة عسير,المرحلة الإبتدائية,أهلي,مكتب التعليم بجنوب خميس مشيط,بنات,867,54,921
1446,2025,عسير,عسير,الإدارة العامة للتعليم بمنطقة عسير,المرحلة الإبتدائية,أهلي,مكتب التعليم بجنوب خميس مشيط,بنين,1376,59,1435
1446,2025,عسير,عسير,الإدارة العامة للتعليم بمنطقة عسير,المرحلة الإبتدائية,أهلي,مكتب التعليم بشمال أبها,بنات,442,21,463
1446,2025,عسير,عسير,الإدارة العامة للتعليم بمنطقة عسير,المرحلة الإبتدائية,أهلي,مكتب التعليم بشمال أبها,بنين,199,4,203
1446,2025,عسير,عسير,الإدارة العامة للتعليم بمنطقة عسير,المرحلة الإبتدائية,أهلي,مكتب التعليم بشمال خميس مشيط,بنات,1031,79,1110
1446,2025,عسير,عسير,الإدارة العامة للتعليم بمنطقة عسير,المرحلة الإبتدائية,أهلي,مكتب التعليم بشمال خميس مشيط,بنين,811,28,839
1446,2025,عسير,عسير,الإدارة العامة للتعليم بمنطقة عسير,المرحلة الإبتدائية,حكومي,مكتب التعليم بأحد رفيدة,بنات,9785,579,10364
1446,2025,عسير,عسير,الإدارة العامة للتعليم بمنطقة عسير,المرحلة الإبتدائية,حكومي,مكتب التعليم بأحد رفيدة,بنين,6725,462,7187
1446,2025,عسير,عسير,الإدارة العامة للتعليم بمنطقة عسير,المرحلة الإبتدائية,حكومي,مكتب التعليم بجنوب أبها,بنات,12105,1842,13947
1446,2025,عسير,عسير,الإدارة العامة للتعليم بمنطقة عسير,المرحلة الإبتدائية,حكومي,مكتب التعليم بجنوب أبها,بنين,7234,1246,8480
1446,2025,عسير,عسير,الإدارة العامة للتعليم بمنطقة عسير,المرحلة الإبتدائية,حكومي,مكتب التعليم بجنوب خميس مشيط,بنات,22762,3893,26655
1446,2025,عسير,عسير,الإدارة العامة للتعليم بمنطقة عسير,المرحلة الإبتدائية,حكومي,مكتب التعليم بجنوب خميس مشيط,بنين,12709,2318,15027
1446,2025,عسير,عسير,الإدارة العامة للتعليم بمنطقة عسير,المرحلة الإبتدائية,حكومي,مكتب التعليم بشمال أبها,بنات,10597,823,11420
1446,2025,عسير,عسير,الإدارة العامة للتعليم بمنطقة عسير,المرحلة الإبتدائية,حكومي,مكتب التعليم بشمال أبها,بنين,5403,403,5806
1446,2025,عسير,عسير,الإدارة العامة للتعليم بمنطقة عسير,المرحلة الإبتدائية,حكومي,مكتب التعليم بشمال خميس مشيط,بنات,13847,1590,15437
1446,2025,عسير,عسير,الإدارة العامة للتعليم بمنطقة عسير,المرحلة الإبتدائية,حكومي,مكتب التعليم بشمال خميس مشيط,بنين,9385,971,10356
1446,2025,عسير,عسير,الإدارة العامة للتعليم بمنطقة عسير,المرحلة الإبتدائية,حكومي,مكتب التعليم بطريب والعرين,بنات,2168,89,2257
1446,2025,عسير,عسير,الإدارة العامة للتعليم بمنطقة عسير,المرحلة الإبتدائية,حكومي,مكتب التعليم بطريب والعرين,بنين,1273,41,1314
1446,2025,عسير,عسير,الإدارة العامة للتعليم بمنطقة عسير,المرحلة الإبتدائية,عالمي وأجنبي,مكتب التعليم بجنوب أبها,بنات,637,299,936
1446,2025,عسير,عسير,الإدارة العامة للتعليم بمنطقة عسير,المرحلة الإبتدائية,عالمي وأجنبي,مكتب التعليم بجنوب أبها,بنين,290,160,450
1446,2025,عسير,عسير,الإدارة العامة للتعليم بمنطقة عسير,المرحلة الإبتدائية,عالمي وأجنبي,مكتب التعليم بجنوب خميس مشيط,بنات,812,1202,2014
1446,2025,عسير,عسير,الإدارة العامة للتعليم بمنطقة عسير,المرحلة الإبتدائية,عالمي وأجنبي,مكتب التعليم بجنوب خميس مشيط,بنين,294,540,834
1446,2025,عسير,عسير,الإدارة العامة للتعليم بمنطقة عسير,المرحلة الإبتدائية,عالمي وأجنبي,مكتب التعليم بشمال خميس مشيط,بنات,157,482,639
1446,2025,عسير,عسير,الإدارة العامة للتعليم بمنطقة عسير,المرحلة الإبتدائية,عالمي وأجنبي,مكتب التعليم بشمال خميس مشيط,بنين,8,259,267
1446,2025,عسير,عسير,الإدارة العامة للتعليم بمنطقة عسير,المرحلة الثانوية,أهلي,مكتب التعليم بجنوب أبها,بنات,350,26,376
1446,2025,عسير,عسير,الإدارة العامة للتعليم بمنطقة عسير,المرحلة الثانوية,أهلي,مكتب التعليم بجنوب أبها,بنين,748,97,845
1446,2025,عسير,عسير,الإدارة العامة للتعليم بمنطقة عسير,المرحلة الثانوية,أهلي,مكتب التعليم بجنوب خميس مشيط,بنات,678,151,829
1446,2025,عسير,عسير,الإدارة العامة للتعليم بمنطقة عسير,المرحلة الثانوية,أهلي,مكتب التعليم بجنوب خميس مشيط,بنين,1718,222,1940
1446,2025,عسير,عسير,الإدارة العامة للتعليم بمنطقة عسير,المرحلة الثانوية,أهلي,مكتب التعليم بشمال أبها,بنات,400,65,465
1446,2025,عسير,عسير,الإدارة العامة للتعليم بمنطقة عسير,المرحلة الثانوية,أهلي,مكتب التعليم بشمال أبها,بنين,341,7,348
1446,2025,عسير,عسير,الإدارة العامة للتعليم بمنطقة عسير,المرحلة الثانوية,أهلي,مكتب التعليم بشمال خميس مشيط,بنات,274,33,307
1446,2025,عسير,عسير,الإدارة العامة للتعليم بمنطقة عسير,المرحلة الثانوية,أهلي,مكتب التعليم بشمال خميس مشيط,بنين,814,23,837
1446,2025,عسير,عسير,الإدارة العامة للتعليم بمنطقة عسير,المرحلة الثانوية,حكومي,مكتب التعليم بأحد رفيدة,بنات,3957,143,4100
1446,2025,عسير,عسير,الإدارة العامة للتعليم بمنطقة عسير,المرحلة الثانوية,حكومي,مكتب التعليم بأحد رفيدة,بنين,3570,149,3719
1446,2025,عسير,عسير,الإدارة العامة للتعليم بمنطقة عسير,المرحلة الثانوية,حكومي,مكتب التعليم بجنوب أبها,بنات,4010,525,4535
1446,2025,عسير,عسير,الإدارة العامة للتعليم بمنطقة عسير,المرحلة الثانوية,حكومي,مكتب التعليم بجنوب أبها,بنين,5115,556,5671
1446,2025,عسير,عسير,الإدارة العامة للتعليم بمنطقة عسير,المرحلة الثانوية,حكومي,مكتب التعليم بجنوب خميس مشيط,بنات,9579,935,10514
1446,2025,عسير,عسير,الإدارة العامة للتعليم بمنطقة عسير,المرحلة الثانوية,حكومي,مكتب التعليم بجنوب خميس مشيط,بنين,7952,943,8895
1446,2025,عسير,عسير,الإدارة العامة للتعليم بمنطقة عسير,المرحلة الثانوية,حكومي,مكتب التعليم بشمال أبها,بنات,5038,232,5270
1446,2025,عسير,عسير,الإدارة العامة للتعليم بمنطقة عسير,المرحلة الثانوية,حكومي,مكتب التعليم بشمال أبها,بنين,3242,163,3405
1446,2025,عسير,عسير,الإدارة العامة للتعليم بمنطقة عسير,المرحلة الثانوية,حكومي,مكتب التعليم بشمال خميس مشيط,بنات,4453,379,4832
1446,2025,عسير,عسير,الإدارة العامة للتعليم بمنطقة عسير,المرحلة الثانوية,حكومي,مكتب التعليم بشمال خميس مشيط,بنين,4083,441,4524
1446,2025,عسير,عسير,الإدارة العامة للتعليم بمنطقة عسير,المرحلة الثانوية,حكومي,مكتب التعليم بطريب والعرين,بنات,857,19,876
1446,2025,عسير,عسير,الإدارة العامة للتعليم بمنطقة عسير,المرحلة الثانوية,حكومي,مكتب التعليم بطريب والعرين,بنين,724,11,735
1446,2025,عسير,عسير,الإدارة العامة للتعليم بمنطقة عسير,المرحلة الثانوية,عالمي وأجنبي,مكتب التعليم بجنوب أبها,بنات,49,35,84
1446,2025,عسير,عسير,الإدارة العامة للتعليم بمنطقة عسير,المرحلة الثانوية,عالمي وأجنبي,مكتب التعليم بجنوب أبها,بنين,44,31,75
1446,2025,عسير,عسير,الإدارة العامة للتعليم بمنطقة عسير,المرحلة الثانوية,عالمي وأجنبي,مكتب التعليم بجنوب خميس مشيط,بنات,31,178,209
1446,2025,عسير,عسير,الإدارة العامة للتعليم بمنطقة عسير,المرحلة الثانوية,عالمي وأجنبي,مكتب التعليم بجنوب خميس مشيط,بنين,38,131,169
1446,2025,عسير,عسير,الإدارة العامة للتعليم بمنطقة عسير,المرحلة الثانوية,عالمي وأجنبي,مكتب التعليم بشمال خميس مشيط,بنات,1,0,1
1446,2025,عسير,عسير,الإدارة العامة للتعليم بمنطقة عسير,المرحلة الثانوية,عالمي وأجنبي,مكتب التعليم بشمال خميس مشيط,بنين,0,47,47
1446,2025,عسير,عسير,الإدارة العامة للتعليم بمنطقة عسير,المرحلة المتوسطة,أهلي,مكتب التعليم بجنوب أبها,بنات,242,6,248
1446,2025,عسير,عسير,الإدارة العامة للتعليم بمنطقة عسير,المرحلة المتوسطة,أهلي,مكتب التعليم بجنوب أبها,بنين,622,20,642
1446,2025,عسير,عسير,الإدارة العامة للتعليم بمنطقة عسير,المرحلة المتوسطة,أهلي,مكتب التعليم بجنوب خميس مشيط,بنات,334,20,354
1446,2025,عسير,عسير,الإدارة العامة للتعليم بمنطقة عسير,المرحلة المتوسطة,أهلي,مكتب التعليم بجنوب خميس مشيط,بنين,893,22,915
1446,2025,عسير,عسير,الإدارة العامة للتعليم بمنطقة عسير,المرحلة المتوسطة,أهلي,مكتب التعليم بشمال أبها,بنات,120,3,123
1446,2025,عسير,عسير,الإدارة العامة للتعليم بمنطقة عسير,المرحلة المتوسطة,أهلي,مكتب التعليم بشمال أبها,بنين,227,5,232
1446,2025,عسير,عسير,الإدارة العامة للتعليم بمنطقة عسير,المرحلة المتوسطة,أهلي,مكتب التعليم بشمال خميس مشيط,بنات,154,4,158
1446,2025,عسير,عسير,الإدارة العامة للتعليم بمنطقة عسير,المرحلة المتوسطة,أهلي,مكتب التعليم بشمال خميس مشيط,بنين,607,14,621
1446,2025,عسير,عسير,الإدارة العامة للتعليم بمنطقة عسير,المرحلة المتوسطة,حكومي,مكتب التعليم بأحد رفيدة,بنات,4079,180,4259
1446,2025,عسير,عسير,الإدارة العامة للتعليم بمنطقة عسير,المرحلة المتوسطة,حكومي,مكتب التعليم بأحد رفيدة,بنين,4094,185,4279
1446,2025,عسير,عسير,الإدارة العامة للتعليم بمنطقة عسير,المرحلة المتوسطة,حكومي,مكتب التعليم بجنوب أبها,بنات,5194,622,5816
1446,2025,عسير,عسير,الإدارة العامة للتعليم بمنطقة عسير,المرحلة المتوسطة,حكومي,مكتب التعليم بجنوب أبها,بنين,5518,710,6228
1446,2025,عسير,عسير,الإدارة العامة للتعليم بمنطقة عسير,المرحلة المتوسطة,حكومي,مكتب التعليم بجنوب خميس مشيط,بنات,9363,1019,10382
1446,2025,عسير,عسير,الإدارة العامة للتعليم بمنطقة عسير,المرحلة المتوسطة,حكومي,مكتب التعليم بجنوب خميس مشيط,بنين,9477,1166,10643
1446,2025,عسير,عسير,الإدارة العامة للتعليم بمنطقة عسير,المرحلة المتوسطة,حكومي,مكتب التعليم بشمال أبها,بنات,4168,178,4346
1446,2025,عسير,عسير,الإدارة العامة للتعليم بمنطقة عسير,المرحلة المتوسطة,حكومي,مكتب التعليم بشمال أبها,بنين,3727,181,3908
1446,2025,عسير,عسير,الإدارة العامة للتعليم بمنطقة عسير,المرحلة المتوسطة,حكومي,مكتب التعليم بشمال خميس مشيط,بنات,5439,451,5890
1446,2025,عسير,عسير,الإدارة العامة للتعليم بمنطقة عسير,المرحلة المتوسطة,حكومي,مكتب التعليم بشمال خميس مشيط,بنين,4953,490,5443
1446,2025,عسير,عسير,الإدارة العامة للتعليم بمنطقة عسير,المرحلة المتوسطة,حكومي,مكتب التعليم بطريب والعرين,بنات,886,13,899
1446,2025,عسير,عسير,الإدارة العامة للتعليم بمنطقة عسير,المرحلة المتوسطة,حكومي,مكتب التعليم بطريب والعرين,بنين,869,23,892
1446,2025,عسير,عسير,الإدارة العامة للتعليم بمنطقة عسير,المرحلة المتوسطة,عالمي وأجنبي,مكتب التعليم بجنوب أبها,بنات,105,45,150
1446,2025,عسير,عسير,الإدارة العامة للتعليم بمنطقة عسير,المرحلة المتوسطة,عالمي وأجنبي,مكتب التعليم بجنوب أبها,بنين,116,102,218
1446,2025,عسير,عسير,الإدارة العامة للتعليم بمنطقة عسير,المرحلة المتوسطة,عالمي وأجنبي,مكتب التعليم بجنوب خميس مشيط,بنات,108,338,446
1446,2025,عسير,عسير,الإدارة العامة للتعليم بمنطقة عسير,المرحلة المتوسطة,عالمي وأجنبي,مكتب التعليم بجنوب خميس مشيط,بنين,119,297,416
1446,2025,عسير,عسير,الإدارة العامة للتعليم بمنطقة عسير,المرحلة المتوسطة,عالمي وأجنبي,مكتب التعليم بشمال خميس مشيط,بنات,15,63,78
1446,2025,عسير,عسير,الإدارة العامة للتعليم بمنطقة عسير,المرحلة المتوسطة,عالمي وأجنبي,مكتب التعليم بشمال خميس مشيط,بنين,3,141,144
1446,2025,عسير,عسير,الإدارة العامة للتعليم بمنطقة عسير,رياض الأطفال,أهلي,مكتب التعليم بأحد رفيدة,بنات,383,5,388
1446,2025,عسير,عسير,الإدارة العامة للتعليم بمنطقة عسير,رياض الأطفال,أهلي,مكتب التعليم بجنوب أبها,بنات,845,38,883
1446,2025,عسير,عسير,الإدارة العامة للتعليم بمنطقة عسير,رياض الأطفال,أهلي,مكتب التعليم بجنوب خميس مشيط,بنات,773,17,790
1446,2025,عسير,عسير,الإدارة العامة للتعليم بمنطقة عسير,رياض الأطفال,أهلي,مكتب التعليم بشمال أبها,بنات,200,3,203
1446,2025,عسير,عسير,الإدارة العامة للتعليم بمنطقة عسير,رياض الأطفال,أهلي,مكتب التعليم بشمال خميس مشيط,بنات,435,20,455
1446,2025,عسير,عسير,الإدارة العامة للتعليم بمنطقة عسير,رياض الأطفال,حكومي,مكتب التعليم بأحد رفيدة,بنات,1314,3,1317
1446,2025,عسير,عسير,الإدارة العامة للتعليم بمنطقة عسير,رياض الأطفال,حكومي,مكتب التعليم بجنوب أبها,بنات,2463,16,2479
1446,2025,عسير,عسير,الإدارة العامة للتعليم بمنطقة عسير,رياض الأطفال,حكومي,مكتب التعليم بجنوب خميس مشيط,بنات,3634,13,3647
1446,2025,عسير,عسير,الإدارة العامة للتعليم بمنطقة عسير,رياض الأطفال,حكومي,مكتب التعليم بشمال أبها,بنات,1877,1,1878
1446,2025,عسير,عسير,الإدارة العامة للتعليم بمنطقة عسير,رياض الأطفال,حكومي,مكتب التعليم بشمال خميس مشيط,بنات,2110,11,2121
1446,2025,عسير,عسير,الإدارة العامة للتعليم بمنطقة عسير,رياض الأطفال,حكومي,مكتب التعليم بطريب والعرين,بنات,405,0,405
1446,2025,عسير,عسير,الإدارة العامة للتعليم بمنطقة عسير,رياض الأطفال,عالمي وأجنبي,مكتب التعليم بجنوب أبها,بنات,247,87,334
1446,2025,عسير,عسير,الإدارة العامة للتعليم بمنطقة عسير,رياض الأطفال,عالمي وأجنبي,مكتب التعليم بجنوب خميس مشيط,بنات,330,432,762
1446,2025,عسير,عسير,الإدارة العامة للتعليم بمنطقة عسير,رياض الأطفال,عالمي وأجنبي,مكتب التعليم بشمال خميس مشيط,بنات,75,130,205
1446,2025,مكة المكرمة,الطائف,الإدارة العامة للتعليم بمحافظة الطائف,المرحلة الإبتدائية,أهلي,مكتب التعليم بالخرمة,بنات,134,4,138
1446,2025,مكة المكرمة,الطائف,الإدارة العامة للتعليم بمحافظة الطائف,المرحلة الإبتدائية,أهلي,مكتب التعليم بالخرمة,بنين,128,5,133
1446,2025,مكة المكرمة,الطائف,الإدارة العامة للتعليم بمحافظة الطائف,المرحلة الإبتدائية,أهلي,مكتب التعليم بتربة,بنين,325,11,336
1446,2025,مكة المكرمة,الطائف,الإدارة العامة للتعليم بمحافظة الطائف,المرحلة الإبتدائية,أهلي,مكتب التعليم بجنوب الطائف,بنات,54,2,56
1446,2025,مكة المكرمة,الطائف,الإدارة العامة للتعليم بمحافظة الطائف,المرحلة الإبتدائية,أهلي,مكتب التعليم بجنوب الطائف,بنين,633,15,648
1446,2025,مكة المكرمة,الطائف,الإدارة العامة للتعليم بمحافظة الطائف,المرحلة الإبتدائية,أهلي,مكتب التعليم برنية,بنات,56,0,56
1446,2025,مكة المكرمة,الطائف,الإدارة العامة للتعليم بمحافظة الطائف,المرحلة الإبتدائية,أهلي,مكتب التعليم برنية,بنين,143,1,144
1446,2025,مكة المكرمة,الطائف,الإدارة العامة للتعليم بمحافظة الطائف,المرحلة الإبتدائية,أهلي,مكتب التعليم بشرق الطائف,بنات,1009,43,1052
1446,2025,مكة المكرمة,الطائف,الإدارة العامة للتعليم بمحافظة الطائف,المرحلة الإبتدائية,أهلي,مكتب التعليم بشرق الطائف,بنين,828,45,873
1446,2025,مكة المكرمة,الطائف,الإدارة العامة للتعليم بمحافظة الطائف,المرحلة الإبتدائية,أهلي,مكتب التعليم بشمال الطائف,بنات,323,12,335
1446,2025,مكة المكرمة,الطائف,الإدارة العامة للتعليم بمحافظة الطائف,المرحلة الإبتدائية,أهلي,مكتب التعليم بشمال الطائف,بنين,950,21,971
1446,2025,مكة المكرمة,الطائف,الإدارة العامة للتعليم بمحافظة الطائف,المرحلة الإبتدائية,أهلي,مكتب التعليم بغرب الطائف,بنات,1159,60,1219
1446,2025,مكة المكرمة,الطائف,الإدارة العامة للتعليم بمحافظة الطائف,المرحلة الإبتدائية,أهلي,مكتب التعليم بغرب الطائف,بنين,1293,77,1370
1446,2025,مكة المكرمة,الطائف,الإدارة العامة للتعليم بمحافظة الطائف,المرحلة الإبتدائية,حكومي,مكتب التعليم بالخرمة,بنات,3177,156,3333
1446,2025,مكة المكرمة,الطائف,الإدارة العامة للتعليم بمحافظة الطائف,المرحلة الإبتدائية,حكومي,مكتب التعليم بالخرمة,بنين,1316,78,1394
1446,2025,مكة المكرمة,الطائف,الإدارة العامة للتعليم بمحافظة الطائف,المرحلة الإبتدائية,حكومي,مكتب التعليم بالمويه,بنات,2854,120,2974
1446,2025,مكة المكرمة,الطائف,الإدارة العامة للتعليم بمحافظة الطائف,المرحلة الإبتدائية,حكومي,مكتب التعليم بالمويه,بنين,1162,28,1190
1446,2025,مكة المكرمة,الطائف,الإدارة العامة للتعليم بمحافظة الطائف,المرحلة الإبتدائية,حكومي,مكتب التعليم بتربة,بنات,3323,283,3606
1446,2025,مكة المكرمة,الطائف,الإدارة العامة للتعليم بمحافظة الطائف,المرحلة الإبتدائية,حكومي,مكتب التعليم بتربة,بنين,1361,85,1446
1446,2025,مكة المكرمة,الطائف,الإدارة العامة للتعليم بمحافظة الطائف,المرحلة الإبتدائية,حكومي,مكتب التعليم بجنوب الطائف,بنات,9761,1711,11472
1446,2025,مكة المكرمة,الطائف,الإدارة العامة للتعليم بمحافظة الطائف,المرحلة الإبتدائية,حكومي,مكتب التعليم بجنوب الطائف,بنين,4310,687,4997
1446,2025,مكة المكرمة,الطائف,الإدارة العامة للتعليم بمحافظة الطائف,المرحلة الإبتدائية,حكومي,مكتب التعليم برنية,بنات,3865,219,4084
1446,2025,مكة المكرمة,الطائف,الإدارة العامة للتعليم بمحافظة الطائف,المرحلة الإبتدائية,حكومي,مكتب التعليم برنية,بنين,1665,96,1761
1446,2025,مكة المكرمة,الطائف,الإدارة العامة للتعليم بمحافظة الطائف,المرحلة الإبتدائية,حكومي,مكتب التعليم بشرق الطائف,بنات,18341,3566,21907
1446,2025,مكة المكرمة,الطائف,الإدارة العامة للتعليم بمحافظة الطائف,المرحلة الإبتدائية,حكومي,مكتب التعليم بشرق الطائف,بنين,7651,1635,9286
1446,2025,مكة المكرمة,الطائف,الإدارة العامة للتعليم بمحافظة الطائف,المرحلة الإبتدائية,حكومي,مكتب التعليم بشمال الطائف,بنات,17215,1314,18529
1446,2025,مكة المكرمة,الطائف,الإدارة العامة للتعليم بمحافظة الطائف,المرحلة الإبتدائية,حكومي,مكتب التعليم بشمال الطائف,بنين,7351,674,8025
1446,2025,مكة المكرمة,الطائف,الإدارة العامة للتعليم بمحافظة الطائف,المرحلة الإبتدائية,حكومي,مكتب التعليم بغرب الطائف,بنات,14246,1990,16236
1446,2025,مكة المكرمة,الطائف,الإدارة العامة للتعليم بمحافظة الطائف,المرحلة الإبتدائية,حكومي,مكتب التعليم بغرب الطائف,بنين,6691,900,7591
1446,2025,مكة المكرمة,الطائف,الإدارة العامة للتعليم بمحافظة الطائف,المرحلة الإبتدائية,حكومي,مكتب التعليم بميسان,بنات,1875,110,1985
1446,2025,مكة المكرمة,الطائف,الإدارة العامة للتعليم بمحافظة الطائف,المرحلة الإبتدائية,حكومي,مكتب التعليم بميسان,بنين,679,39,718
1446,2025,مكة المكرمة,الطائف,الإدارة العامة للتعليم بمحافظة الطائف,المرحلة الإبتدائية,عالمي وأجنبي,مكتب التعليم بجنوب الطائف,بنات,101,12,113
1446,2025,مكة المكرمة,الطائف,الإدارة العامة للتعليم بمحافظة الطائف,المرحلة الإبتدائية,عالمي وأجنبي,مكتب التعليم برنية,بنات,12,4,16
1446,2025,مكة المكرمة,الطائف,الإدارة العامة للتعليم بمحافظة الطائف,المرحلة الإبتدائية,عالمي وأجنبي,مكتب التعليم برنية,بنين,0,0,0
1446,2025,مكة المكرمة,الطائف,الإدارة العامة للتعليم بمحافظة الطائف,المرحلة الإبتدائية,عالمي وأجنبي,مكتب التعليم بشرق الطائف,بنات,31,14,45
1446,2025,مكة المكرمة,الطائف,الإدارة العامة للتعليم بمحافظة الطائف,المرحلة الإبتدائية,عالمي وأجنبي,مكتب التعليم بشرق الطائف,بنين,81,527,608
1446,2025,مكة المكرمة,الطائف,الإدارة العامة للتعليم بمحافظة الطائف,المرحلة الإبتدائية,عالمي وأجنبي,مكتب التعليم بغرب الطائف,بنات,1055,681,1736
1446,2025,مكة المكرمة,الطائف,الإدارة العامة للتعليم بمحافظة الطائف,المرحلة الإبتدائية,عالمي وأجنبي,مكتب التعليم بغرب الطائف,بنين,426,341,767
1446,2025,مكة المكرمة,الطائف,الإدارة العامة للتعليم بمحافظة الطائف,المرحلة الثانوية,أهلي,مكتب التعليم بالخرمة,بنين,89,8,97
1446,2025,مكة المكرمة,الطائف,الإدارة العامة للتعليم بمحافظة الطائف,المرحلة الثانوية,أهلي,مكتب التعليم بتربة,بنين,45,6,51
1446,2025,مكة المكرمة,الطائف,الإدارة العامة للتعليم بمحافظة الطائف,المرحلة الثانوية,أهلي,مكتب التعليم بجنوب الطائف,بنات,139,2,141
1446,2025,مكة المكرمة,الطائف,الإدارة العامة للتعليم بمحافظة الطائف,المرحلة الثانوية,أهلي,مكتب التعليم بجنوب الطائف,بنين,367,8,375
1446,2025,مكة المكرمة,الطائف,الإدارة العامة للتعليم بمحافظة الطائف,المرحلة الثانوية,أهلي,مكتب التعليم برنية,بنين,77,5,82
1446,2025,مكة المكرمة,الطائف,الإدارة العامة للتعليم بمحافظة الطائف,المرحلة الثانوية,أهلي,مكتب التعليم بشرق الطائف,بنات,833,194,1027
1446,2025,مكة المكرمة,الطائف,الإدارة العامة للتعليم بمحافظة الطائف,المرحلة الثانوية,أهلي,مكتب التعليم بشرق الطائف,بنين,1427,267,1694
1446,2025,مكة المكرمة,الطائف,الإدارة العامة للتعليم بمحافظة الطائف,المرحلة الثانوية,أهلي,مكتب التعليم بشمال الطائف,بنات,322,3,325
1446,2025,مكة المكرمة,الطائف,الإدارة العامة للتعليم بمحافظة الطائف,المرحلة الثانوية,أهلي,مكتب التعليم بشمال الطائف,بنين,1105,14,1119
1446,2025,مكة المكرمة,الطائف,الإدارة العامة للتعليم بمحافظة الطائف,المرحلة الثانوية,أهلي,مكتب التعليم بغرب الطائف,بنات,948,122,1070
1446,2025,مكة المكرمة,الطائف,الإدارة العامة للتعليم بمحافظة الطائف,المرحلة الثانوية,أهلي,مكتب التعليم بغرب الطائف,بنين,942,44,986
1446,2025,مكة المكرمة,الطائف,الإدارة العامة للتعليم بمحافظة الطائف,المرحلة الثانوية,حكومي,مكتب التعليم بالخرمة,بنات,1133,55,1188
1446,2025,مكة المكرمة,الطائف,الإدارة العامة للتعليم بمحافظة الطائف,المرحلة الثانوية,حكومي,مكتب التعليم بالخرمة,بنين,923,24,947
1446,2025,مكة المكرمة,الطائف,الإدارة العامة للتعليم بمحافظة الطائف,المرحلة الثانوية,حكومي,مكتب التعليم بالمويه,بنات,842,17,859
1446,2025,مكة المكرمة,الطائف,الإدارة العامة للتعليم بمحافظة الطائف,المرحلة الثانوية,حكومي,مكتب التعليم بالمويه,بنين,1071,16,1087
1446,2025,مكة المكرمة,الطائف,الإدارة العامة للتعليم بمحافظة الطائف,المرحلة الثانوية,حكومي,مكتب التعليم بتربة,بنات,1120,66,1186
1446,2025,مكة المكرمة,الطائف,الإدارة العامة للتعليم بمحافظة الطائف,المرحلة الثانوية,حكومي,مكتب التعليم بتربة,بنين,1198,79,1277
1446,2025,مكة المكرمة,الطائف,الإدارة العامة للتعليم بمحافظة الطائف,المرحلة الثانوية,حكومي,مكتب التعليم بجنوب الطائف,بنات,3019,459,3478
1446,2025,مكة المكرمة,الطائف,الإدارة العامة للتعليم بمحافظة الطائف,المرحلة الثانوية,حكومي,مكتب التعليم بجنوب الطائف,بنين,4327,468,4795
1446,2025,مكة المكرمة,الطائف,الإدارة العامة للتعليم بمحافظة الطائف,المرحلة الثانوية,حكومي,مكتب التعليم برنية,بنات,1319,55,1374
1446,2025,مكة المكرمة,الطائف,الإدارة العامة للتعليم بمحافظة الطائف,المرحلة الثانوية,حكومي,مكتب التعليم برنية,بنين,1370,47,1417
1446,2025,مكة المكرمة,الطائف,الإدارة العامة للتعليم بمحافظة الطائف,المرحلة الثانوية,حكومي,مكتب التعليم بشرق الطائف,بنات,6307,923,7230
1446,2025,مكة المكرمة,الطائف,الإدارة العامة للتعليم بمحافظة الطائف,المرحلة الثانوية,حكومي,مكتب التعليم بشرق الطائف,بنين,5863,868,6731
1446,2025,مكة المكرمة,الطائف,الإدارة العامة للتعليم بمحافظة الطائف,المرحلة الثانوية,حكومي,مكتب التعليم بشمال الطائف,بنات,5455,278,5733
1446,2025,مكة المكرمة,الطائف,الإدارة العامة للتعليم بمحافظة الطائف,المرحلة الثانوية,حكومي,مكتب التعليم بشمال الطائف,بنين,4710,234,4944
1446,2025,مكة المكرمة,الطائف,الإدارة العامة للتعليم بمحافظة الطائف,المرحلة الثانوية,حكومي,مكتب التعليم بغرب الطائف,بنات,5326,561,5887
1446,2025,مكة المكرمة,الطائف,الإدارة العامة للتعليم بمحافظة الطائف,المرحلة الثانوية,حكومي,مكتب التعليم بغرب الطائف,بنين,4045,565,4610
1446,2025,مكة المكرمة,الطائف,الإدارة العامة للتعليم بمحافظة الطائف,المرحلة الثانوية,حكومي,مكتب التعليم بميسان,بنات,592,29,621
1446,2025,مكة المكرمة,الطائف,الإدارة العامة للتعليم بمحافظة الطائف,المرحلة الثانوية,حكومي,مكتب التعليم بميسان,بنين,602,20,622
1446,2025,مكة المكرمة,الطائف,الإدارة العامة للتعليم بمحافظة الطائف,المرحلة الثانوية,عالمي وأجنبي,مكتب التعليم بشرق الطائف,بنات,0,0,0
1446,2025,مكة المكرمة,الطائف,الإدارة العامة للتعليم بمحافظة الطائف,المرحلة الثانوية,عالمي وأجنبي,مكتب التعليم بشرق الطائف,بنين,1,153,154
1446,2025,مكة المكرمة,الطائف,الإدارة العامة للتعليم بمحافظة الطائف,المرحلة الثانوية,عالمي وأجنبي,مكتب التعليم بغرب الطائف,بنات,63,52,115
1446,2025,مكة المكرمة,الطائف,الإدارة العامة للتعليم بمحافظة الطائف,المرحلة الثانوية,عالمي وأجنبي,مكتب التعليم بغرب الطائف,بنين,56,83,139
1446,2025,مكة المكرمة,الطائف,الإدارة العامة للتعليم بمحافظة الطائف,المرحلة المتوسطة,أهلي,مكتب التعليم بالخرمة,بنين,61,2,63
1446,2025,مكة المكرمة,الطائف,الإدارة العامة للتعليم بمحافظة الطائف,المرحلة المتوسطة,أهلي,مكتب التعليم بتربة,بنين,65,2,67
1446,2025,مكة المكرمة,الطائف,الإدارة العامة للتعليم بمحافظة الطائف,المرحلة المتوسطة,أهلي,مكتب التعليم بجنوب الطائف,بنات,34,3,37
1446,2025,مكة المكرمة,الطائف,الإدارة العامة للتعليم بمحافظة الطائف,المرحلة المتوسطة,أهلي,مكتب التعليم بجنوب الطائف,بنين,296,10,306
1446,2025,مكة المكرمة,الطائف,الإدارة العامة للتعليم بمحافظة الطائف,المرحلة المتوسطة,أهلي,مكتب التعليم برنية,بنين,52,1,53
1446,2025,مكة المكرمة,الطائف,الإدارة العامة للتعليم بمحافظة الطائف,المرحلة المتوسطة,أهلي,مكتب التعليم بشرق الطائف,بنات,221,9,230
1446,2025,مكة المكرمة,الطائف,الإدارة العامة للتعليم بمحافظة الطائف,المرحلة المتوسطة,أهلي,مكتب التعليم بشرق الطائف,بنين,470,21,491
1446,2025,مكة المكرمة,الطائف,الإدارة العامة للتعليم بمحافظة الطائف,المرحلة المتوسطة,أهلي,مكتب التعليم بشمال الطائف,بنات,62,1,63
1446,2025,مكة المكرمة,الطائف,الإدارة العامة للتعليم بمحافظة الطائف,المرحلة المتوسطة,أهلي,مكتب التعليم بشمال الطائف,بنين,399,3,402
1446,2025,مكة المكرمة,الطائف,الإدارة العامة للتعليم بمحافظة الطائف,المرحلة المتوسطة,أهلي,مكتب التعليم بغرب الطائف,بنات,441,11,452
1446,2025,مكة المكرمة,الطائف,الإدارة العامة للتعليم بمحافظة الطائف,المرحلة المتوسطة,أهلي,مكتب التعليم بغرب الطائف,بنين,753,54,807
1446,2025,مكة المكرمة,الطائف,الإدارة العامة للتعليم بمحافظة الطائف,المرحلة المتوسطة,حكومي,مكتب التعليم بالخرمة,بنات,1106,53,1159
1446,2025,مكة المكرمة,الطائف,الإدارة العامة للتعليم بمحافظة الطائف,المرحلة المتوسطة,حكومي,مكتب التعليم بالخرمة,بنين,1048,43,1091
1446,2025,مكة المكرمة,الطائف,الإدارة العامة للتعليم بمحافظة الطائف,المرحلة المتوسطة,حكومي,مكتب التعليم بالمويه,بنات,975,25,1000
1446,2025,مكة المكرمة,الطائف,الإدارة العامة للتعليم بمحافظة الطائف,المرحلة المتوسطة,حكومي,مكتب التعليم بالمويه,بنين,918,23,941
1446,2025,مكة المكرمة,الطائف,الإدارة العامة للتعليم بمحافظة الطائف,المرحلة المتوسطة,حكومي,مكتب التعليم بتربة,بنات,1320,70,1390
1446,2025,مكة المكرمة,الطائف,الإدارة العامة للتعليم بمحافظة الطائف,المرحلة المتوسطة,حكومي,مكتب التعليم بتربة,بنين,1290,78,1368
1446,2025,مكة المكرمة,الطائف,الإدارة العامة للتعليم بمحافظة الطائف,المرحلة المتوسطة,حكومي,مكتب التعليم بجنوب الطائف,بنات,3641,455,4096
1446,2025,مكة المكرمة,الطائف,الإدارة العامة للتعليم بمحافظة الطائف,المرحلة المتوسطة,حكومي,مكتب التعليم بجنوب الطائف,بنين,3551,451,4002
1446,2025,مكة المكرمة,الطائف,الإدارة العامة للتعليم بمحافظة الطائف,المرحلة المتوسطة,حكومي,مكتب التعليم برنية,بنات,1427,66,1493
1446,2025,مكة المكرمة,الطائف,الإدارة العامة للتعليم بمحافظة الطائف,المرحلة المتوسطة,حكومي,مكتب التعليم برنية,بنين,1357,49,1406
1446,2025,مكة المكرمة,الطائف,الإدارة العامة للتعليم بمحافظة الطائف,المرحلة المتوسطة,حكومي,مكتب التعليم بشرق الطائف,بنات,7099,1094,8193
1446,2025,مكة المكرمة,الطائف,الإدارة العامة للتعليم بمحافظة الطائف,المرحلة المتوسطة,حكومي,مكتب التعليم بشرق الطائف,بنين,7006,1130,8136
1446,2025,مكة المكرمة,الطائف,الإدارة العامة للتعليم بمحافظة الطائف,المرحلة المتوسطة,حكومي,مكتب التعليم بشمال الطائف,بنات,5942,348,6290
1446,2025,مكة المكرمة,الطائف,الإدارة العامة للتعليم بمحافظة الطائف,المرحلة المتوسطة,حكومي,مكتب التعليم بشمال الطائف,بنين,5930,327,6257
1446,2025,مكة المكرمة,الطائف,الإدارة العامة للتعليم بمحافظة الطائف,المرحلة المتوسطة,حكومي,مكتب التعليم بغرب الطائف,بنات,5633,611,6244
1446,2025,مكة المكرمة,الطائف,الإدارة العامة للتعليم بمحافظة الطائف,المرحلة المتوسطة,حكومي,مكتب التعليم بغرب الطائف,بنين,5359,665,6024
1446,2025,مكة المكرمة,الطائف,الإدارة العامة للتعليم بمحافظة الطائف,المرحلة المتوسطة,حكومي,مكتب التعليم بميسان,بنات,626,22,648
1446,2025,مكة المكرمة,الطائف,الإدارة العامة للتعليم بمحافظة الطائف,المرحلة المتوسطة,حكومي,مكتب التعليم بميسان,بنين,668,25,693
1446,2025,مكة المكرمة,الطائف,الإدارة العامة للتعليم بمحافظة الطائف,المرحلة المتوسطة,عالمي وأجنبي,مكتب التعليم بشرق الطائف,بنات,0,15,15
1446,2025,مكة المكرمة,الطائف,الإدارة العامة للتعليم بمحافظة الطائف,المرحلة المتوسطة,عالمي وأجنبي,مكتب التعليم بشرق الطائف,بنين,30,326,356
1446,2025,مكة المكرمة,الطائف,الإدارة العامة للتعليم بمحافظة الطائف,المرحلة المتوسطة,عالمي وأجنبي,مكتب التعليم بغرب الطائف,بنات,168,209,377
1446,2025,مكة المكرمة,الطائف,الإدارة العامة للتعليم بمحافظة الطائف,المرحلة المتوسطة,عالمي وأجنبي,مكتب التعليم بغرب الطائف,بنين,177,200,377
1446,2025,مكة المكرمة,الطائف,الإدارة العامة للتعليم بمحافظة الطائف,رياض الأطفال,أهلي,مكتب التعليم بالخرمة,بنات,116,7,123
1446,2025,مكة المكرمة,الطائف,الإدارة العامة للتعليم بمحافظة الطائف,رياض الأطفال,أهلي,مكتب التعليم بتربة,بنات,73,10,83
1446,2025,مكة المكرمة,الطائف,الإدارة العامة للتعليم بمحافظة الطائف,رياض الأطفال,أهلي,مكتب التعليم بجنوب الطائف,بنات,15,0,15
1446,2025,مكة المكرمة,الطائف,الإدارة العامة للتعليم بمحافظة الطائف,رياض الأطفال,أهلي,مكتب التعليم برنية,بنات,52,13,65
1446,2025,مكة المكرمة,الطائف,الإدارة العامة للتعليم بمحافظة الطائف,رياض الأطفال,أهلي,مكتب التعليم بشرق الطائف,بنات,530,39,569
1446,2025,مكة المكرمة,الطائف,الإدارة العامة للتعليم بمحافظة الطائف,رياض الأطفال,أهلي,مكتب التعليم بشمال الطائف,بنات,275,5,280
1446,2025,مكة المكرمة,الطائف,الإدارة العامة للتعليم بمحافظة الطائف,رياض الأطفال,أهلي,مكتب التعليم بغرب الطائف,بنات,527,37,564
1446,2025,مكة المكرمة,الطائف,الإدارة العامة للتعليم بمحافظة الطائف,رياض الأطفال,حكومي,مكتب التعليم بالخرمة,بنات,558,0,558
1446,2025,مكة المكرمة,الطائف,الإدارة العامة للتعليم بمحافظة الطائف,رياض الأطفال,حكومي,مكتب التعليم بالمويه,بنات,490,0,490
1446,2025,مكة المكرمة,الطائف,الإدارة العامة للتعليم بمحافظة الطائف,رياض الأطفال,حكومي,مكتب التعليم بتربة,بنات,491,1,492
1446,2025,مكة المكرمة,الطائف,الإدارة العامة للتعليم بمحافظة الطائف,رياض الأطفال,حكومي,مكتب التعليم بجنوب الطائف,بنات,1940,7,1947
1446,2025,مكة المكرمة,الطائف,الإدارة العامة للتعليم بمحافظة الطائف,رياض الأطفال,حكومي,مكتب التعليم برنية,بنات,634,0,634
1446,2025,مكة المكرمة,الطائف,الإدارة العامة للتعليم بمحافظة الطائف,رياض الأطفال,حكومي,مكتب التعليم بشرق الطائف,بنات,3396,24,3420
1446,2025,مكة المكرمة,الطائف,الإدارة العامة للتعليم بمحافظة الطائف,رياض الأطفال,حكومي,مكتب التعليم بشمال الطائف,بنات,2777,2,2779
1446,2025,مكة المكرمة,الطائف,الإدارة العامة للتعليم بمحافظة الطائف,رياض الأطفال,حكومي,مكتب التعليم بغرب الطائف,بنات,2168,4,2172
1446,2025,مكة المكرمة,الطائف,الإدارة العامة للتعليم بمحافظة الطائف,رياض الأطفال,حكومي,مكتب التعليم بميسان,بنات,296,0,296
1446,2025,مكة المكرمة,الطائف,الإدارة العامة للتعليم بمحافظة الطائف,رياض الأطفال,عالمي وأجنبي,مكتب التعليم بجنوب الطائف,بنات,39,8,47
1446,2025,مكة المكرمة,الطائف,الإدارة العامة للتعليم بمحافظة الطائف,رياض الأطفال,عالمي وأجنبي,مكتب التعليم برنية,بنات,1,6,7
1446,2025,مكة المكرمة,الطائف,الإدارة العامة للتعليم بمحافظة الطائف,رياض الأطفال,عالمي وأجنبي,مكتب التعليم بشرق الطائف,بنات,12,1,13
1446,2025,مكة المكرمة,الطائف,الإدارة العامة للتعليم بمحافظة الطائف,رياض الأطفال,عالمي وأجنبي,مكتب التعليم بشمال الطائف,بنات,15,0,15
1446,2025,مكة المكرمة,الطائف,الإدارة العامة للتعليم بمحافظة الطائف,رياض الأطفال,عالمي وأجنبي,مكتب التعليم بغرب الطائف,بنات,421,210,631
1446,2025,مكة المكرمة,جدة,الإدارة العامة للتعليم بمحافظة جدة,المرحلة الإبتدائية,أهلي,مكتب التعليم العالمي والأجنبي بجدة - بنات,بنات,17201,5892,23093
1446,2025,مكة المكرمة,جدة,الإدارة العامة للتعليم بمحافظة جدة,المرحلة الإبتدائية,أهلي,مكتب التعليم العالمي والأجنبي بجدة - بنات,بنين,16169,3984,20153
1446,2025,مكة المكرمة,جدة,الإدارة العامة للتعليم بمحافظة جدة,المرحلة الإبتدائية,حكومي,مكتب التعليم بأبحر,بنات,10950,2281,13231
1446,2025,مكة المكرمة,جدة,الإدارة العامة للتعليم بمحافظة جدة,المرحلة الإبتدائية,حكومي,مكتب التعليم بأبحر,بنين,3875,583,4458
1446,2025,مكة المكرمة,جدة,الإدارة العامة للتعليم بمحافظة جدة,المرحلة الإبتدائية,حكومي,مكتب التعليم بالجوهرة,بنات,8742,7173,15915
1446,2025,مكة المكرمة,جدة,الإدارة العامة للتعليم بمحافظة جدة,المرحلة الإبتدائية,حكومي,مكتب التعليم بالجوهرة,بنين,7558,7751,15309
1446,2025,مكة المكرمة,جدة,الإدارة العامة للتعليم بمحافظة جدة,المرحلة الإبتدائية,حكومي,مكتب التعليم بالحمدانية,بنات,17365,848,18213
1446,2025,مكة المكرمة,جدة,الإدارة العامة للتعليم بمحافظة جدة,المرحلة الإبتدائية,حكومي,مكتب التعليم بالحمدانية,بنين,9626,607,10233
1446,2025,مكة المكرمة,جدة,الإدارة العامة للتعليم بمحافظة جدة,المرحلة الإبتدائية,حكومي,مكتب التعليم بالسلامة,بنات,10328,9255,19583
1446,2025,مكة المكرمة,جدة,الإدارة العامة للتعليم بمحافظة جدة,المرحلة الإبتدائية,حكومي,مكتب التعليم بالسلامة,بنين,4415,3459,7874
1446,2025,مكة المكرمة,جدة,الإدارة العامة للتعليم بمحافظة جدة,المرحلة الإبتدائية,حكومي,مكتب التعليم بالصفا,بنات,19684,5302,24986
1446,2025,مكة المكرمة,جدة,الإدارة العامة للتعليم بمحافظة جدة,المرحلة الإبتدائية,حكومي,مكتب التعليم بالصفا,بنين,10271,2724,12995
1446,2025,مكة المكرمة,جدة,الإدارة العامة للتعليم بمحافظة جدة,المرحلة الإبتدائية,حكومي,مكتب التعليم بالفضيلة,بنات,16687,3035,19722
1446,2025,مكة المكرمة,جدة,الإدارة العامة للتعليم بمحافظة جدة,المرحلة الإبتدائية,حكومي,مكتب التعليم بالفضيلة,بنين,7686,2068,9754
1446,2025,مكة المكرمة,جدة,الإدارة العامة للتعليم بمحافظة جدة,المرحلة الإبتدائية,حكومي,مكتب التعليم بالفيحاء,بنات,10128,12444,22572
1446,2025,مكة المكرمة,جدة,الإدارة العامة للتعليم بمحافظة جدة,المرحلة الإبتدائية,حكومي,مكتب التعليم بالفيحاء,بنين,4924,4482,9406
1446,2025,مكة المكرمة,جدة,الإدارة العامة للتعليم بمحافظة جدة,المرحلة الإبتدائية,حكومي,مكتب التعليم بالواحة,بنات,13941,2299,16240
1446,2025,مكة المكرمة,جدة,الإدارة العامة للتعليم بمحافظة جدة,المرحلة الإبتدائية,حكومي,مكتب التعليم بالواحة,بنين,9340,1438,10778
1446,2025,مكة المكرمة,جدة,الإدارة العامة للتعليم بمحافظة جدة,المرحلة الإبتدائية,حكومي,مكتب التعليم بخليص,بنات,3625,297,3922
1446,2025,مكة المكرمة,جدة,الإدارة العامة للتعليم بمحافظة جدة,المرحلة الإبتدائية,حكومي,مكتب التعليم بخليص,بنين,1701,166,1867
1446,2025,مكة المكرمة,جدة,الإدارة العامة للتعليم بمحافظة جدة,المرحلة الإبتدائية,حكومي,مكتب التعليم برابغ,بنات,5358,637,5995
1446,2025,مكة المكرمة,جدة,الإدارة العامة للتعليم بمحافظة جدة,المرحلة الإبتدائية,حكومي,مكتب التعليم برابغ,بنين,2393,313,2706
1446,2025,مكة المكرمة,جدة,الإدارة العامة للتعليم بمحافظة جدة,المرحلة الإبتدائية,عالمي وأجنبي,مكتب التعليم العالمي والأجنبي بجدة - بنات,بنات,16260,16759,33019
1446,2025,مكة المكرمة,جدة,الإدارة العامة للتعليم بمحافظة جدة,المرحلة الإبتدائية,عالمي وأجنبي,مكتب التعليم العالمي والأجنبي بجدة - بنات,بنين,5249,14593,19842
1446,2025,مكة المكرمة,جدة,الإدارة العامة للتعليم بمحافظة جدة,المرحلة الثانوية,أهلي,مكتب التعليم العالمي والأجنبي بجدة - بنات,بنات,6221,2798,9019
1446,2025,مكة المكرمة,جدة,الإدارة العامة للتعليم بمحافظة جدة,المرحلة الثانوية,أهلي,مكتب التعليم العالمي والأجنبي بجدة - بنات,بنين,11790,3496,15286
1446,2025,مكة المكرمة,جدة,الإدارة العامة للتعليم بمحافظة جدة,المرحلة الثانوية,حكومي,مكتب التعليم بأبحر,بنات,4619,696,5315
1446,2025,مكة المكرمة,جدة,الإدارة العامة للتعليم بمحافظة جدة,المرحلة الثانوية,حكومي,مكتب التعليم بأبحر,بنين,4553,585,5138
1446,2025,مكة المكرمة,جدة,الإدارة العامة للتعليم بمحافظة جدة,المرحلة الثانوية,حكومي,مكتب التعليم بالجوهرة,بنات,3862,2830,6692
1446,2025,مكة المكرمة,جدة,الإدارة العامة للتعليم بمحافظة جدة,المرحلة الثانوية,حكومي,مكتب التعليم بالجوهرة,بنين,4575,3957,8532
1446,2025,مكة المكرمة,جدة,الإدارة العامة للتعليم بمحافظة جدة,المرحلة الثانوية,حكومي,مكتب التعليم بالحمدانية,بنات,7338,400,7738
1446,2025,مكة المكرمة,جدة,الإدارة العامة للتعليم بمحافظة جدة,المرحلة الثانوية,حكومي,مكتب التعليم بالحمدانية,بنين,5901,342,6243
1446,2025,مكة المكرمة,جدة,الإدارة العامة للتعليم بمحافظة جدة,المرحلة الثانوية,حكومي,مكتب التعليم بالسلامة,بنات,3960,3576,7536
1446,2025,مكة المكرمة,جدة,الإدارة العامة للتعليم بمحافظة جدة,المرحلة الثانوية,حكومي,مكتب التعليم بالسلامة,بنين,4964,3367,8331
1446,2025,مكة المكرمة,جدة,الإدارة العامة للتعليم بمحافظة جدة,المرحلة الثانوية,حكومي,مكتب التعليم بالصفا,بنات,8163,1848,10011
1446,2025,مكة المكرمة,جدة,الإدارة العامة للتعليم بمحافظة جدة,المرحلة الثانوية,حكومي,مكتب التعليم بالصفا,بنين,6392,2378,8770
1446,2025,مكة المكرمة,جدة,الإدارة العامة للتعليم بمحافظة جدة,المرحلة الثانوية,حكومي,مكتب التعليم بالفضيلة,بنات,5763,1053,6816
1446,2025,مكة المكرمة,جدة,الإدارة العامة للتعليم بمحافظة جدة,المرحلة الثانوية,حكومي,مكتب التعليم بالفضيلة,بنين,4955,946,5901
1446,2025,مكة المكرمة,جدة,الإدارة العامة للتعليم بمحافظة جدة,المرحلة الثانوية,حكومي,مكتب التعليم بالفيحاء,بنات,4524,5137,9661
1446,2025,مكة المكرمة,جدة,الإدارة العامة للتعليم بمحافظة جدة,المرحلة الثانوية,حكومي,مكتب التعليم بالفيحاء,بنين,3862,3836,7698
1446,2025,مكة المكرمة,جدة,الإدارة العامة للتعليم بمحافظة جدة,المرحلة الثانوية,حكومي,مكتب التعليم بالواحة,بنات,5919,1066,6985
1446,2025,مكة المكرمة,جدة,الإدارة العامة للتعليم بمحافظة جدة,المرحلة الثانوية,حكومي,مكتب التعليم بالواحة,بنين,4755,925,5680
1446,2025,مكة المكرمة,جدة,الإدارة العامة للتعليم بمحافظة جدة,المرحلة الثانوية,حكومي,مكتب التعليم بخليص,بنات,1277,103,1380
1446,2025,مكة المكرمة,جدة,الإدارة العامة للتعليم بمحافظة جدة,المرحلة الثانوية,حكومي,مكتب التعليم بخليص,بنين,1294,101,1395
1446,2025,مكة المكرمة,جدة,الإدارة العامة للتعليم بمحافظة جدة,المرحلة الثانوية,حكومي,مكتب التعليم برابغ,بنات,1827,174,2001
1446,2025,مكة المكرمة,جدة,الإدارة العامة للتعليم بمحافظة جدة,المرحلة الثانوية,حكومي,مكتب التعليم برابغ,بنين,1673,170,1843
1446,2025,مكة المكرمة,جدة,الإدارة العامة للتعليم بمحافظة جدة,المرحلة الثانوية,عالمي وأجنبي,مكتب التعليم العالمي والأجنبي بجدة - بنات,بنات,3307,2162,5469
1446,2025,مكة المكرمة,جدة,الإدارة العامة للتعليم بمحافظة جدة,المرحلة الثانوية,عالمي وأجنبي,مكتب التعليم العالمي والأجنبي بجدة - بنات,بنين,3401,8876,12277
1446,2025,مكة المكرمة,جدة,الإدارة العامة للتعليم بمحافظة جدة,المرحلة المتوسطة,أهلي,مكتب التعليم العالمي والأجنبي بجدة - بنات,بنات,4841,1204,6045
1446,2025,مكة المكرمة,جدة,الإدارة العامة للتعليم بمحافظة جدة,المرحلة المتوسطة,أهلي,مكتب التعليم العالمي والأجنبي بجدة - بنات,بنين,8576,1740,10316
1446,2025,مكة المكرمة,جدة,الإدارة العامة للتعليم بمحافظة جدة,المرحلة المتوسطة,حكومي,مكتب التعليم بأبحر,بنات,4616,646,5262
1446,2025,مكة المكرمة,جدة,الإدارة العامة للتعليم بمحافظة جدة,المرحلة المتوسطة,حكومي,مكتب التعليم بأبحر,بنين,4443,740,5183
1446,2025,مكة المكرمة,جدة,الإدارة العامة للتعليم بمحافظة جدة,المرحلة المتوسطة,حكومي,مكتب التعليم بالجوهرة,بنات,3828,3240,7068
1446,2025,مكة المكرمة,جدة,الإدارة العامة للتعليم بمحافظة جدة,المرحلة المتوسطة,حكومي,مكتب التعليم بالجوهرة,بنين,5065,4765,9830
1446,2025,مكة المكرمة,جدة,الإدارة العامة للتعليم بمحافظة جدة,المرحلة المتوسطة,حكومي,مكتب التعليم بالحمدانية,بنات,7617,409,8026
1446,2025,مكة المكرمة,جدة,الإدارة العامة للتعليم بمحافظة جدة,المرحلة المتوسطة,حكومي,مكتب التعليم بالحمدانية,بنين,7191,467,7658
1446,2025,مكة المكرمة,جدة,الإدارة العامة للتعليم بمحافظة جدة,المرحلة المتوسطة,حكومي,مكتب التعليم بالسلامة,بنات,4072,2987,7059
1446,2025,مكة المكرمة,جدة,الإدارة العامة للتعليم بمحافظة جدة,المرحلة المتوسطة,حكومي,مكتب التعليم بالسلامة,بنين,4842,3541,8383
1446,2025,مكة المكرمة,جدة,الإدارة العامة للتعليم بمحافظة جدة,المرحلة المتوسطة,حكومي,مكتب التعليم بالصفا,بنات,8335,2149,10484
1446,2025,مكة المكرمة,جدة,الإدارة العامة للتعليم بمحافظة جدة,المرحلة المتوسطة,حكومي,مكتب التعليم بالصفا,بنين,7490,2742,10232
1446,2025,مكة المكرمة,جدة,الإدارة العامة للتعليم بمحافظة جدة,المرحلة المتوسطة,حكومي,مكتب التعليم بالفضيلة,بنات,6468,1182,7650
1446,2025,مكة المكرمة,جدة,الإدارة العامة للتعليم بمحافظة جدة,المرحلة المتوسطة,حكومي,مكتب التعليم بالفضيلة,بنين,5943,909,6852
1446,2025,مكة المكرمة,جدة,الإدارة العامة للتعليم بمحافظة جدة,المرحلة المتوسطة,حكومي,مكتب التعليم بالفيحاء,بنات,4895,5440,10335
1446,2025,مكة المكرمة,جدة,الإدارة العامة للتعليم بمحافظة جدة,المرحلة المتوسطة,حكومي,مكتب التعليم بالفيحاء,بنين,3549,3708,7257
1446,2025,مكة المكرمة,جدة,الإدارة العامة للتعليم بمحافظة جدة,المرحلة المتوسطة,حكومي,مكتب التعليم بالواحة,بنات,5876,1150,7026
1446,2025,مكة المكرمة,جدة,الإدارة العامة للتعليم بمحافظة جدة,المرحلة المتوسطة,حكومي,مكتب التعليم بالواحة,بنين,6146,1280,7426
1446,2025,مكة المكرمة,جدة,الإدارة العامة للتعليم بمحافظة جدة,المرحلة المتوسطة,حكومي,مكتب التعليم بخليص,بنات,1332,99,1431
1446,2025,مكة المكرمة,جدة,الإدارة العامة للتعليم بمحافظة جدة,المرحلة المتوسطة,حكومي,مكتب التعليم بخليص,بنين,1294,119,1413
1446,2025,مكة المكرمة,جدة,الإدارة العامة للتعليم بمحافظة جدة,المرحلة المتوسطة,حكومي,مكتب التعليم برابغ,بنات,1897,171,2068
1446,2025,مكة المكرمة,جدة,الإدارة العامة للتعليم بمحافظة جدة,المرحلة المتوسطة,حكومي,مكتب التعليم برابغ,بنين,1857,181,2038
1446,2025,مكة المكرمة,جدة,الإدارة العامة للتعليم بمحافظة جدة,المرحلة المتوسطة,عالمي وأجنبي,مكتب التعليم العالمي والأجنبي بجدة - بنات,بنات,3832,3685,7517
1446,2025,مكة المكرمة,جدة,الإدارة العامة للتعليم بمحافظة جدة,المرحلة المتوسطة,عالمي وأجنبي,مكتب التعليم العالمي والأجنبي بجدة - بنات,بنين,4257,10876,15133
1446,2025,مكة المكرمة,جدة,الإدارة العامة للتعليم بمحافظة جدة,رياض الأطفال,أهلي,مكتب التعليم العالمي والأجنبي بجدة - بنات,بنات,5494,950,6444
1446,2025,مكة المكرمة,جدة,الإدارة العامة للتعليم بمحافظة جدة,رياض الأطفال,حكومي,مكتب التعليم بأبحر,بنات,2368,41,2409
1446,2025,مكة المكرمة,جدة,الإدارة العامة للتعليم بمحافظة جدة,رياض الأطفال,حكومي,مكتب التعليم بالجوهرة,بنات,1212,21,1233
1446,2025,مكة المكرمة,جدة,الإدارة العامة للتعليم بمحافظة جدة,رياض الأطفال,حكومي,مكتب التعليم بالحمدانية,بنات,2594,21,2615
1446,2025,مكة المكرمة,جدة,الإدارة العامة للتعليم بمحافظة جدة,رياض الأطفال,حكومي,مكتب التعليم بالسلامة,بنات,2059,102,2161
1446,2025,مكة المكرمة,جدة,الإدارة العامة للتعليم بمحافظة جدة,رياض الأطفال,حكومي,مكتب التعليم بالصفا,بنات,2522,53,2575
1446,2025,مكة المكرمة,جدة,الإدارة العامة للتعليم بمحافظة جدة,رياض الأطفال,حكومي,مكتب التعليم بالفضيلة,بنات,2411,21,2432
1446,2025,مكة المكرمة,جدة,الإدارة العامة للتعليم بمحافظة جدة,رياض الأطفال,حكومي,مكتب التعليم بالفيحاء,بنات,1912,95,2007
1446,2025,مكة المكرمة,جدة,الإدارة العامة للتعليم بمحافظة جدة,رياض الأطفال,حكومي,مكتب التعليم بالواحة,بنات,364,2,366
1446,2025,مكة المكرمة,جدة,الإدارة العامة للتعليم بمحافظة جدة,رياض الأطفال,حكومي,مكتب التعليم بخليص,بنات,788,4,792
1446,2025,مكة المكرمة,جدة,الإدارة العامة للتعليم بمحافظة جدة,رياض الأطفال,حكومي,مكتب التعليم برابغ,بنات,1057,4,1061
1446,2025,مكة المكرمة,جدة,الإدارة العامة للتعليم بمحافظة جدة,رياض الأطفال,عالمي وأجنبي,مكتب التعليم العالمي والأجنبي بجدة - بنات,بنات,6046,4857,10903
1446,2025,مكة المكرمة,مكة المكرمة,إدارة التعليم بمحافظة القنفذة,المرحلة الإبتدائية,أهلي,إدارة الإشراف التربوي,بنات,85,12,97
1446,2025,مكة المكرمة,مكة المكرمة,إدارة التعليم بمحافظة القنفذة,المرحلة الإبتدائية,أهلي,مكتب التعليم بالعرضيات,بنات,12,1,13
1446,2025,مكة المكرمة,مكة المكرمة,إدارة التعليم بمحافظة القنفذة,المرحلة الإبتدائية,حكومي,إدارة الإشراف التربوي,بنات,9062,668,9730
1446,2025,مكة المكرمة,مكة المكرمة,إدارة التعليم بمحافظة القنفذة,المرحلة الإبتدائية,حكومي,إدارة الإشراف التربوي,بنين,3248,208,3456
1446,2025,مكة المكرمة,مكة المكرمة,إدارة التعليم بمحافظة القنفذة,المرحلة الإبتدائية,حكومي,مكتب التعليم بالعرضيات,بنات,4812,285,5097
1446,2025,مكة المكرمة,مكة المكرمة,إدارة التعليم بمحافظة القنفذة,المرحلة الإبتدائية,حكومي,مكتب التعليم بالعرضيات,بنين,1881,83,1964
1446,2025,مكة المكرمة,مكة المكرمة,إدارة التعليم بمحافظة القنفذة,المرحلة الإبتدائية,حكومي,مكتب التعليم بحلي,بنات,6975,420,7395
1446,2025,مكة المكرمة,مكة المكرمة,إدارة التعليم بمحافظة القنفذة,المرحلة الإبتدائية,حكومي,مكتب التعليم بحلي,بنين,2539,120,2659
1446,2025,مكة المكرمة,مكة المكرمة,إدارة التعليم بمحافظة القنفذة,المرحلة الإبتدائية,عالمي وأجنبي,إدارة الإشراف التربوي,بنات,88,54,142
1446,2025,مكة المكرمة,مكة المكرمة,إدارة التعليم بمحافظة القنفذة,المرحلة الثانوية,حكومي,إدارة الإشراف التربوي,بنات,2866,165,3031
1446,2025,مكة المكرمة,مكة المكرمة,إدارة التعليم بمحافظة القنفذة,المرحلة الثانوية,حكومي,إدارة الإشراف التربوي,بنين,2941,124,3065
1446,2025,مكة المكرمة,مكة المكرمة,إدارة التعليم بمحافظة القنفذة,المرحلة الثانوية,حكومي,مكتب التعليم بالعرضيات,بنات,1430,47,1477
1446,2025,مكة المكرمة,مكة المكرمة,إدارة التعليم بمحافظة القنفذة,المرحلة الثانوية,حكومي,مكتب التعليم بالعرضيات,بنين,1768,38,1806
1446,2025,مكة المكرمة,مكة المكرمة,إدارة التعليم بمحافظة القنفذة,المرحلة الثانوية,حكومي,مكتب التعليم بحلي,بنات,2173,71,2244
1446,2025,مكة المكرمة,مكة المكرمة,إدارة التعليم بمحافظة القنفذة,المرحلة الثانوية,حكومي,مكتب التعليم بحلي,بنين,2299,69,2368
1446,2025,مكة المكرمة,مكة المكرمة,إدارة التعليم بمحافظة القنفذة,المرحلة المتوسطة,حكومي,إدارة الإشراف التربوي,بنات,3097,151,3248
1446,2025,مكة المكرمة,مكة المكرمة,إدارة التعليم بمحافظة القنفذة,المرحلة المتوسطة,حكومي,إدارة الإشراف التربوي,بنين,3311,177,3488
1446,2025,مكة المكرمة,مكة المكرمة,إدارة التعليم بمحافظة القنفذة,المرحلة المتوسطة,حكومي,مكتب التعليم بالعرضيات,بنات,1598,51,1649
1446,2025,مكة المكرمة,مكة المكرمة,إدارة التعليم بمحافظة القنفذة,المرحلة المتوسطة,حكومي,مكتب التعليم بالعرضيات,بنين,1843,67,1910
1446,2025,مكة المكرمة,مكة المكرمة,إدارة التعليم بمحافظة القنفذة,المرحلة المتوسطة,حكومي,مكتب التعليم بحلي,بنات,2346,86,2432
1446,2025,مكة المكرمة,مكة المكرمة,إدارة التعليم بمحافظة القنفذة,المرحلة المتوسطة,حكومي,مكتب التعليم بحلي,بنين,2455,96,2551
1446,2025,مكة المكرمة,مكة المكرمة,إدارة التعليم بمحافظة القنفذة,المرحلة المتوسطة,عالمي وأجنبي,إدارة الإشراف التربوي,بنات,11,8,19
1446,2025,مكة المكرمة,مكة المكرمة,إدارة التعليم بمحافظة القنفذة,رياض الأطفال,أهلي,إدارة الإشراف التربوي,بنات,106,19,125
1446,2025,مكة المكرمة,مكة المكرمة,إدارة التعليم بمحافظة القنفذة,رياض الأطفال,أهلي,مكتب التعليم بالعرضيات,بنات,68,27,95
1446,2025,مكة المكرمة,مكة المكرمة,إدارة التعليم بمحافظة القنفذة,رياض الأطفال,أهلي,مكتب التعليم بحلي,بنات,227,24,251
1446,2025,مكة المكرمة,مكة المكرمة,إدارة التعليم بمحافظة القنفذة,رياض الأطفال,حكومي,إدارة الإشراف التربوي,بنات,1886,4,1890
1446,2025,مكة المكرمة,مكة المكرمة,إدارة التعليم بمحافظة القنفذة,رياض الأطفال,حكومي,مكتب التعليم بالعرضيات,بنات,673,3,676
1446,2025,مكة المكرمة,مكة المكرمة,إدارة التعليم بمحافظة القنفذة,رياض الأطفال,حكومي,مكتب التعليم بحلي,بنات,1386,0,1386
1446,2025,مكة المكرمة,مكة المكرمة,إدارة التعليم بمحافظة القنفذة,رياض الأطفال,عالمي وأجنبي,إدارة الإشراف التربوي,بنات,45,14,59
1446,2025,مكة المكرمة,مكة المكرمة,إدارة التعليم بمحافظة الليث,المرحلة الإبتدائية,أهلي,إدارة الإشراف التربوي,بنات,96,3,99
1446,2025,مكة المكرمة,مكة المكرمة,إدارة التعليم بمحافظة الليث,المرحلة الإبتدائية,حكومي,إدارة الإشراف التربوي,بنات,5738,367,6105
1446,2025,مكة المكرمة,مكة المكرمة,إدارة التعليم بمحافظة الليث,المرحلة الإبتدائية,حكومي,إدارة الإشراف التربوي,بنين,2395,165,2560
1446,2025,مكة المكرمة,مكة المكرمة,إدارة التعليم بمحافظة الليث,المرحلة الإبتدائية,حكومي,مكتب التعليم بأضم,بنات,2396,256,2652
1446,2025,مكة المكرمة,مكة المكرمة,إدارة التعليم بمحافظة الليث,المرحلة الإبتدائية,حكومي,مكتب التعليم بأضم,بنين,972,57,1029
1446,2025,مكة المكرمة,مكة المكرمة,إدارة التعليم بمحافظة الليث,المرحلة الثانوية,حكومي,إدارة الإشراف التربوي,بنات,1974,76,2050
1446,2025,مكة المكرمة,مكة المكرمة,إدارة التعليم بمحافظة الليث,المرحلة الثانوية,حكومي,إدارة الإشراف التربوي,بنين,2227,58,2285
1446,2025,مكة المكرمة,مكة المكرمة,إدارة التعليم بمحافظة الليث,المرحلة الثانوية,حكومي,مكتب التعليم بأضم,بنات,893,42,935
1446,2025,مكة المكرمة,مكة المكرمة,إدارة التعليم بمحافظة الليث,المرحلة الثانوية,حكومي,مكتب التعليم بأضم,بنين,1016,44,1060
1446,2025,مكة المكرمة,مكة المكرمة,إدارة التعليم بمحافظة الليث,المرحلة المتوسطة,حكومي,إدارة الإشراف التربوي,بنات,2169,96,2265
1446,2025,مكة المكرمة,مكة المكرمة,إدارة التعليم بمحافظة الليث,المرحلة المتوسطة,حكومي,إدارة الإشراف التربوي,بنين,2346,94,2440
1446,2025,مكة المكرمة,مكة المكرمة,إدارة التعليم بمحافظة الليث,المرحلة المتوسطة,حكومي,مكتب التعليم بأضم,بنات,855,68,923
1446,2025,مكة المكرمة,مكة المكرمة,إدارة التعليم بمحافظة الليث,المرحلة المتوسطة,حكومي,مكتب التعليم بأضم,بنين,1006,71,1077
1446,2025,مكة المكرمة,مكة المكرمة,إدارة التعليم بمحافظة الليث,رياض الأطفال,أهلي,إدارة الإشراف التربوي,بنات,159,7,166
1446,2025,مكة المكرمة,مكة المكرمة,إدارة التعليم بمحافظة الليث,رياض الأطفال,أهلي,مكتب التعليم بأضم,بنات,35,11,46
1446,2025,مكة المكرمة,مكة المكرمة,إدارة التعليم بمحافظة الليث,رياض الأطفال,حكومي,إدارة الإشراف التربوي,بنات,1279,3,1282
1446,2025,مكة المكرمة,مكة المكرمة,إدارة التعليم بمحافظة الليث,رياض الأطفال,حكومي,مكتب التعليم بأضم,بنات,418,2,420
1446,2025,مكة المكرمة,مكة المكرمة,الإدارة العامة للتعليم بمنطقة مكة المكرمة,المرحلة الإبتدائية,أهلي,مكتب التعليم بالتنعيم,بنات,857,71,928
1446,2025,مكة المكرمة,مكة المكرمة,الإدارة العامة للتعليم بمنطقة مكة المكرمة,المرحلة الإبتدائية,أهلي,مكتب التعليم بالتنعيم,بنين,866,132,998
1446,2025,مكة المكرمة,مكة المكرمة,الإدارة العامة للتعليم بمنطقة مكة المكرمة,المرحلة الإبتدائية,أهلي,مكتب التعليم بالجموم,بنات,119,6,125
1446,2025,مكة المكرمة,مكة المكرمة,الإدارة العامة للتعليم بمنطقة مكة المكرمة,المرحلة الإبتدائية,أهلي,مكتب التعليم بالجموم,بنين,182,4,186
1446,2025,مكة المكرمة,مكة المكرمة,الإدارة العامة للتعليم بمنطقة مكة المكرمة,المرحلة الإبتدائية,أهلي,مكتب التعليم بالشرائع,بنات,969,76,1045
1446,2025,مكة المكرمة,مكة المكرمة,الإدارة العامة للتعليم بمنطقة مكة المكرمة,المرحلة الإبتدائية,أهلي,مكتب التعليم بالشرائع,بنين,901,42,943
1446,2025,مكة المكرمة,مكة المكرمة,الإدارة العامة للتعليم بمنطقة مكة المكرمة,المرحلة الإبتدائية,أهلي,مكتب التعليم بالشوقية,بنات,2197,284,2481
1446,2025,مكة المكرمة,مكة المكرمة,الإدارة العامة للتعليم بمنطقة مكة المكرمة,المرحلة الإبتدائية,أهلي,مكتب التعليم بالشوقية,بنين,1807,178,1985
1446,2025,مكة المكرمة,مكة المكرمة,الإدارة العامة للتعليم بمنطقة مكة المكرمة,المرحلة الإبتدائية,أهلي,مكتب التعليم بالعوالي,بنات,1057,219,1276
1446,2025,مكة المكرمة,مكة المكرمة,الإدارة العامة للتعليم بمنطقة مكة المكرمة,المرحلة الإبتدائية,أهلي,مكتب التعليم بالعوالي,بنين,1259,766,2025
1446,2025,مكة المكرمة,مكة المكرمة,الإدارة العامة للتعليم بمنطقة مكة المكرمة,المرحلة الإبتدائية,أهلي,مكتب التعليم بالمعابدة,بنات,236,27,263
1446,2025,مكة المكرمة,مكة المكرمة,الإدارة العامة للتعليم بمنطقة مكة المكرمة,المرحلة الإبتدائية,أهلي,مكتب التعليم بالمعابدة,بنين,0,0,0
1446,2025,مكة المكرمة,مكة المكرمة,الإدارة العامة للتعليم بمنطقة مكة المكرمة,المرحلة الإبتدائية,أهلي,مكتب التعليم بمحافظة بحرة,بنات,122,12,134
1446,2025,مكة المكرمة,مكة المكرمة,الإدارة العامة للتعليم بمنطقة مكة المكرمة,المرحلة الإبتدائية,أهلي,مكتب التعليم بمحافظة بحرة,بنين,239,5,244
1446,2025,مكة المكرمة,مكة المكرمة,الإدارة العامة للتعليم بمنطقة مكة المكرمة,المرحلة الإبتدائية,حكومي,مكتب التعليم بالتنعيم,بنات,15098,7932,23030
1446,2025,مكة المكرمة,مكة المكرمة,الإدارة العامة للتعليم بمنطقة مكة المكرمة,المرحلة الإبتدائية,حكومي,مكتب التعليم بالتنعيم,بنين,6532,4513,11045
1446,2025,مكة المكرمة,مكة المكرمة,الإدارة العامة للتعليم بمنطقة مكة المكرمة,المرحلة الإبتدائية,حكومي,مكتب التعليم بالجموم,بنات,5686,688,6374
1446,2025,مكة المكرمة,مكة المكرمة,الإدارة العامة للتعليم بمنطقة مكة المكرمة,المرحلة الإبتدائية,حكومي,مكتب التعليم بالجموم,بنين,2656,483,3139
1446,2025,مكة المكرمة,مكة المكرمة,الإدارة العامة للتعليم بمنطقة مكة المكرمة,المرحلة الإبتدائية,حكومي,مكتب التعليم بالشرائع,بنات,21311,2184,23495
1446,2025,مكة المكرمة,مكة المكرمة,الإدارة العامة للتعليم بمنطقة مكة المكرمة,المرحلة الإبتدائية,حكومي,مكتب التعليم بالشرائع,بنين,10519,1520,12039
1446,2025,مكة المكرمة,مكة المكرمة,الإدارة العامة للتعليم بمنطقة مكة المكرمة,المرحلة الإبتدائية,حكومي,مكتب التعليم بالشوقية,بنات,12875,5971,18846
1446,2025,مكة المكرمة,مكة المكرمة,الإدارة العامة للتعليم بمنطقة مكة المكرمة,المرحلة الإبتدائية,حكومي,مكتب التعليم بالشوقية,بنين,8174,6990,15164
1446,2025,مكة المكرمة,مكة المكرمة,الإدارة العامة للتعليم بمنطقة مكة المكرمة,المرحلة الإبتدائية,حكومي,مكتب التعليم بالعوالي,بنات,11696,8457,20153
1446,2025,مكة المكرمة,مكة المكرمة,الإدارة العامة للتعليم بمنطقة مكة المكرمة,المرحلة الإبتدائية,حكومي,مكتب التعليم بالعوالي,بنين,5979,3841,9820
1446,2025,مكة المكرمة,مكة المكرمة,الإدارة العامة للتعليم بمنطقة مكة المكرمة,المرحلة الإبتدائية,حكومي,مكتب التعليم بالكامل,بنات,760,46,806
1446,2025,مكة المكرمة,مكة المكرمة,الإدارة العامة للتعليم بمنطقة مكة المكرمة,المرحلة الإبتدائية,حكومي,مكتب التعليم بالكامل,بنين,307,16,323
1446,2025,مكة المكرمة,مكة المكرمة,الإدارة العامة للتعليم بمنطقة مكة المكرمة,المرحلة الإبتدائية,حكومي,مكتب التعليم بالمعابدة,بنات,7309,15494,22803
1446,2025,مكة المكرمة,مكة المكرمة,الإدارة العامة للتعليم بمنطقة مكة المكرمة,المرحلة الإبتدائية,حكومي,مكتب التعليم بالمعابدة,بنين,3233,7241,10474
1446,2025,مكة المكرمة,مكة المكرمة,الإدارة العامة للتعليم بمنطقة مكة المكرمة,المرحلة الإبتدائية,حكومي,مكتب التعليم بمحافظة بحرة,بنات,6032,847,6879
1446,2025,مكة المكرمة,مكة المكرمة,الإدارة العامة للتعليم بمنطقة مكة المكرمة,المرحلة الإبتدائية,حكومي,مكتب التعليم بمحافظة بحرة,بنين,3697,892,4589
1446,2025,مكة المكرمة,مكة المكرمة,الإدارة العامة للتعليم بمنطقة مكة المكرمة,المرحلة الإبتدائية,عالمي وأجنبي,مكتب التعليم العالمي والأجنبي بمكة المكرمة - بنات,بنات,2118,1750,3868
1446,2025,مكة المكرمة,مكة المكرمة,الإدارة العامة للتعليم بمنطقة مكة المكرمة,المرحلة الإبتدائية,عالمي وأجنبي,مكتب التعليم العالمي والأجنبي بمكة المكرمة - بنات,بنين,612,381,993
1446,2025,مكة المكرمة,مكة المكرمة,الإدارة العامة للتعليم بمنطقة مكة المكرمة,المرحلة الإبتدائية,عالمي وأجنبي,مكتب التعليم بالتنعيم,بنين,327,652,979
1446,2025,مكة المكرمة,مكة المكرمة,الإدارة العامة للتعليم بمنطقة مكة المكرمة,المرحلة الثانوية,أهلي,مكتب التعليم بالتنعيم,بنات,451,40,491
1446,2025,مكة المكرمة,مكة المكرمة,الإدارة العامة للتعليم بمنطقة مكة المكرمة,المرحلة الثانوية,أهلي,مكتب التعليم بالتنعيم,بنين,1515,251,1766
1446,2025,مكة المكرمة,مكة المكرمة,الإدارة العامة للتعليم بمنطقة مكة المكرمة,المرحلة الثانوية,أهلي,مكتب التعليم بالجموم,بنين,323,7,330
1446,2025,مكة المكرمة,مكة المكرمة,الإدارة العامة للتعليم بمنطقة مكة المكرمة,المرحلة الثانوية,أهلي,مكتب التعليم بالشرائع,بنات,450,35,485
1446,2025,مكة المكرمة,مكة المكرمة,الإدارة العامة للتعليم بمنطقة مكة المكرمة,المرحلة الثانوية,أهلي,مكتب التعليم بالشرائع,بنين,1315,32,1347
1446,2025,مكة المكرمة,مكة المكرمة,الإدارة العامة للتعليم بمنطقة مكة المكرمة,المرحلة الثانوية,أهلي,مكتب التعليم بالشوقية,بنات,1228,311,1539
1446,2025,مكة المكرمة,مكة المكرمة,الإدارة العامة للتعليم بمنطقة مكة المكرمة,المرحلة الثانوية,أهلي,مكتب التعليم بالشوقية,بنين,1423,280,1703
1446,2025,مكة المكرمة,مكة المكرمة,الإدارة العامة للتعليم بمنطقة مكة المكرمة,المرحلة الثانوية,أهلي,مكتب التعليم بالعوالي,بنات,577,152,729
1446,2025,مكة المكرمة,مكة المكرمة,الإدارة العامة للتعليم بمنطقة مكة المكرمة,المرحلة الثانوية,أهلي,مكتب التعليم بالعوالي,بنين,1353,170,1523
1446,2025,مكة المكرمة,مكة المكرمة,الإدارة العامة للتعليم بمنطقة مكة المكرمة,المرحلة الثانوية,أهلي,مكتب التعليم بالمعابدة,بنات,0,0,0
1446,2025,مكة المكرمة,مكة المكرمة,الإدارة العامة للتعليم بمنطقة مكة المكرمة,المرحلة الثانوية,أهلي,مكتب التعليم بالمعابدة,بنين,0,0,0
1446,2025,مكة المكرمة,مكة المكرمة,الإدارة العامة للتعليم بمنطقة مكة المكرمة,المرحلة الثانوية,حكومي,مكتب التعليم بالتنعيم,بنات,5103,2096,7199
1446,2025,مكة المكرمة,مكة المكرمة,الإدارة العامة للتعليم بمنطقة مكة المكرمة,المرحلة الثانوية,حكومي,مكتب التعليم بالتنعيم,بنين,4167,1931,6098
1446,2025,مكة المكرمة,مكة المكرمة,الإدارة العامة للتعليم بمنطقة مكة المكرمة,المرحلة الثانوية,حكومي,مكتب التعليم بالجموم,بنات,2132,259,2391
1446,2025,مكة المكرمة,مكة المكرمة,الإدارة العامة للتعليم بمنطقة مكة المكرمة,المرحلة الثانوية,حكومي,مكتب التعليم بالجموم,بنين,1773,199,1972
1446,2025,مكة المكرمة,مكة المكرمة,الإدارة العامة للتعليم بمنطقة مكة المكرمة,المرحلة الثانوية,حكومي,مكتب التعليم بالشرائع,بنات,7387,731,8118
1446,2025,مكة المكرمة,مكة المكرمة,الإدارة العامة للتعليم بمنطقة مكة المكرمة,المرحلة الثانوية,حكومي,مكتب التعليم بالشرائع,بنين,6189,704,6893
1446,2025,مكة المكرمة,مكة المكرمة,الإدارة العامة للتعليم بمنطقة مكة المكرمة,المرحلة الثانوية,حكومي,مكتب التعليم بالشوقية,بنات,4635,3115,7750
1446,2025,مكة المكرمة,مكة المكرمة,الإدارة العامة للتعليم بمنطقة مكة المكرمة,المرحلة الثانوية,حكومي,مكتب التعليم بالشوقية,بنين,5665,3464,9129
1446,2025,مكة المكرمة,مكة المكرمة,الإدارة العامة للتعليم بمنطقة مكة المكرمة,المرحلة الثانوية,حكومي,مكتب التعليم بالعوالي,بنات,4571,2939,7510
1446,2025,مكة المكرمة,مكة المكرمة,الإدارة العامة للتعليم بمنطقة مكة المكرمة,المرحلة الثانوية,حكومي,مكتب التعليم بالعوالي,بنين,3309,1540,4849
1446,2025,مكة المكرمة,مكة المكرمة,الإدارة العامة للتعليم بمنطقة مكة المكرمة,المرحلة الثانوية,حكومي,مكتب التعليم بالكامل,بنات,302,11,313
1446,2025,مكة المكرمة,مكة المكرمة,الإدارة العامة للتعليم بمنطقة مكة المكرمة,المرحلة الثانوية,حكومي,مكتب التعليم بالكامل,بنين,317,8,325
1446,2025,مكة المكرمة,مكة المكرمة,الإدارة العامة للتعليم بمنطقة مكة المكرمة,المرحلة الثانوية,حكومي,مكتب التعليم بالمعابدة,بنات,2988,4540,7528
1446,2025,مكة المكرمة,مكة المكرمة,الإدارة العامة للتعليم بمنطقة مكة المكرمة,المرحلة الثانوية,حكومي,مكتب التعليم بالمعابدة,بنين,2731,4317,7048
1446,2025,مكة المكرمة,مكة المكرمة,الإدارة العامة للتعليم بمنطقة مكة المكرمة,المرحلة الثانوية,حكومي,مكتب التعليم بمحافظة بحرة,بنات,2324,383,2707
1446,2025,مكة المكرمة,مكة المكرمة,الإدارة العامة للتعليم بمنطقة مكة المكرمة,المرحلة الثانوية,حكومي,مكتب التعليم بمحافظة بحرة,بنين,2335,266,2601
1446,2025,مكة المكرمة,مكة المكرمة,الإدارة العامة للتعليم بمنطقة مكة المكرمة,المرحلة الثانوية,عالمي وأجنبي,مكتب التعليم العالمي والأجنبي بمكة المكرمة - بنات,بنات,241,121,362
1446,2025,مكة المكرمة,مكة المكرمة,الإدارة العامة للتعليم بمنطقة مكة المكرمة,المرحلة الثانوية,عالمي وأجنبي,مكتب التعليم العالمي والأجنبي بمكة المكرمة - بنات,بنين,152,86,238
1446,2025,مكة المكرمة,مكة المكرمة,الإدارة العامة للتعليم بمنطقة مكة المكرمة,المرحلة الثانوية,عالمي وأجنبي,مكتب التعليم بالتنعيم,بنين,113,92,205
1446,2025,مكة المكرمة,مكة المكرمة,الإدارة العامة للتعليم بمنطقة مكة المكرمة,المرحلة المتوسطة,أهلي,مكتب التعليم بالتنعيم,بنات,186,10,196
1446,2025,مكة المكرمة,مكة المكرمة,الإدارة العامة للتعليم بمنطقة مكة المكرمة,المرحلة المتوسطة,أهلي,مكتب التعليم بالتنعيم,بنين,679,74,753
1446,2025,مكة المكرمة,مكة المكرمة,الإدارة العامة للتعليم بمنطقة مكة المكرمة,المرحلة المتوسطة,أهلي,مكتب التعليم بالجموم,بنين,140,2,142
1446,2025,مكة المكرمة,مكة المكرمة,الإدارة العامة للتعليم بمنطقة مكة المكرمة,المرحلة المتوسطة,أهلي,مكتب التعليم بالشرائع,بنات,244,6,250
1446,2025,مكة المكرمة,مكة المكرمة,الإدارة العامة للتعليم بمنطقة مكة المكرمة,المرحلة المتوسطة,أهلي,مكتب التعليم بالشرائع,بنين,558,9,567
1446,2025,مكة المكرمة,مكة المكرمة,الإدارة العامة للتعليم بمنطقة مكة المكرمة,المرحلة المتوسطة,أهلي,مكتب التعليم بالشوقية,بنات,715,91,806
1446,2025,مكة المكرمة,مكة المكرمة,الإدارة العامة للتعليم بمنطقة مكة المكرمة,المرحلة المتوسطة,أهلي,مكتب التعليم بالشوقية,بنين,1056,95,1151
1446,2025,مكة المكرمة,مكة المكرمة,الإدارة العامة للتعليم بمنطقة مكة المكرمة,المرحلة المتوسطة,أهلي,مكتب التعليم بالعوالي,بنات,334,51,385
1446,2025,مكة المكرمة,مكة المكرمة,الإدارة العامة للتعليم بمنطقة مكة المكرمة,المرحلة المتوسطة,أهلي,مكتب التعليم بالعوالي,بنين,746,163,909
1446,2025,مكة المكرمة,مكة المكرمة,الإدارة العامة للتعليم بمنطقة مكة المكرمة,المرحلة المتوسطة,أهلي,مكتب التعليم بالمعابدة,بنات,0,0,0
1446,2025,مكة المكرمة,مكة المكرمة,الإدارة العامة للتعليم بمنطقة مكة المكرمة,المرحلة المتوسطة,أهلي,مكتب التعليم بالمعابدة,بنين,0,0,0
1446,2025,مكة المكرمة,مكة المكرمة,الإدارة العامة للتعليم بمنطقة مكة المكرمة,المرحلة المتوسطة,أهلي,مكتب التعليم بمحافظة بحرة,بنين,177,2,179
1446,2025,مكة المكرمة,مكة المكرمة,الإدارة العامة للتعليم بمنطقة مكة المكرمة,المرحلة المتوسطة,حكومي,مكتب التعليم بالتنعيم,بنات,5788,3053,8841
1446,2025,مكة المكرمة,مكة المكرمة,الإدارة العامة للتعليم بمنطقة مكة المكرمة,المرحلة المتوسطة,حكومي,مكتب التعليم بالتنعيم,بنين,4892,3037,7929
1446,2025,مكة المكرمة,مكة المكرمة,الإدارة العامة للتعليم بمنطقة مكة المكرمة,المرحلة المتوسطة,حكومي,مكتب التعليم بالجموم,بنات,2236,276,2512
1446,2025,مكة المكرمة,مكة المكرمة,الإدارة العامة للتعليم بمنطقة مكة المكرمة,المرحلة المتوسطة,حكومي,مكتب التعليم بالجموم,بنين,2056,263,2319
1446,2025,مكة المكرمة,مكة المكرمة,الإدارة العامة للتعليم بمنطقة مكة المكرمة,المرحلة المتوسطة,حكومي,مكتب التعليم بالشرائع,بنات,7691,850,8541
1446,2025,مكة المكرمة,مكة المكرمة,الإدارة العامة للتعليم بمنطقة مكة المكرمة,المرحلة المتوسطة,حكومي,مكتب التعليم بالشرائع,بنين,7538,822,8360
1446,2025,مكة المكرمة,مكة المكرمة,الإدارة العامة للتعليم بمنطقة مكة المكرمة,المرحلة المتوسطة,حكومي,مكتب التعليم بالشوقية,بنات,5138,3719,8857
1446,2025,مكة المكرمة,مكة المكرمة,الإدارة العامة للتعليم بمنطقة مكة المكرمة,المرحلة المتوسطة,حكومي,مكتب التعليم بالشوقية,بنين,6265,3917,10182
1446,2025,مكة المكرمة,مكة المكرمة,الإدارة العامة للتعليم بمنطقة مكة المكرمة,المرحلة المتوسطة,حكومي,مكتب التعليم بالعوالي,بنات,4889,3193,8082
1446,2025,مكة المكرمة,مكة المكرمة,الإدارة العامة للتعليم بمنطقة مكة المكرمة,المرحلة المتوسطة,حكومي,مكتب التعليم بالعوالي,بنين,4118,2242,6360
1446,2025,مكة المكرمة,مكة المكرمة,الإدارة العامة للتعليم بمنطقة مكة المكرمة,المرحلة المتوسطة,حكومي,مكتب التعليم بالكامل,بنات,312,9,321
1446,2025,مكة المكرمة,مكة المكرمة,الإدارة العامة للتعليم بمنطقة مكة المكرمة,المرحلة المتوسطة,حكومي,مكتب التعليم بالكامل,بنين,273,19,292
1446,2025,مكة المكرمة,مكة المكرمة,الإدارة العامة للتعليم بمنطقة مكة المكرمة,المرحلة المتوسطة,حكومي,مكتب التعليم بالمعابدة,بنات,2651,5073,7724
1446,2025,مكة المكرمة,مكة المكرمة,الإدارة العامة للتعليم بمنطقة مكة المكرمة,المرحلة المتوسطة,حكومي,مكتب التعليم بالمعابدة,بنين,3292,5669,8961
1446,2025,مكة المكرمة,مكة المكرمة,الإدارة العامة للتعليم بمنطقة مكة المكرمة,المرحلة المتوسطة,حكومي,مكتب التعليم بمحافظة بحرة,بنات,2411,420,2831
1446,2025,مكة المكرمة,مكة المكرمة,الإدارة العامة للتعليم بمنطقة مكة المكرمة,المرحلة المتوسطة,حكومي,مكتب التعليم بمحافظة بحرة,بنين,2234,319,2553
1446,2025,مكة المكرمة,مكة المكرمة,الإدارة العامة للتعليم بمنطقة مكة المكرمة,المرحلة المتوسطة,عالمي وأجنبي,مكتب التعليم العالمي والأجنبي بمكة المكرمة - بنات,بنات,396,505,901
1446,2025,مكة المكرمة,مكة المكرمة,الإدارة العامة للتعليم بمنطقة مكة المكرمة,المرحلة المتوسطة,عالمي وأجنبي,مكتب التعليم العالمي والأجنبي بمكة المكرمة - بنات,بنين,210,221,431
1446,2025,مكة المكرمة,مكة المكرمة,الإدارة العامة للتعليم بمنطقة مكة المكرمة,المرحلة المتوسطة,عالمي وأجنبي,مكتب التعليم بالتنعيم,بنين,134,388,522
1446,2025,مكة المكرمة,مكة المكرمة,الإدارة العامة للتعليم بمنطقة مكة المكرمة,رياض الأطفال,أهلي,مكتب التعليم بالتنعيم,بنات,1022,48,1070
1446,2025,مكة المكرمة,مكة المكرمة,الإدارة العامة للتعليم بمنطقة مكة المكرمة,رياض الأطفال,أهلي,مكتب التعليم بالجموم,بنات,168,6,174
1446,2025,مكة المكرمة,مكة المكرمة,الإدارة العامة للتعليم بمنطقة مكة المكرمة,رياض الأطفال,أهلي,مكتب التعليم بالشرائع,بنات,856,23,879
1446,2025,مكة المكرمة,مكة المكرمة,الإدارة العامة للتعليم بمنطقة مكة المكرمة,رياض الأطفال,أهلي,مكتب التعليم بالشوقية,بنات,1418,166,1584
1446,2025,مكة المكرمة,مكة المكرمة,الإدارة العامة للتعليم بمنطقة مكة المكرمة,رياض الأطفال,أهلي,مكتب التعليم بالعوالي,بنات,657,69,726
1446,2025,مكة المكرمة,مكة المكرمة,الإدارة العامة للتعليم بمنطقة مكة المكرمة,رياض الأطفال,أهلي,مكتب التعليم بالمعابدة,بنات,258,30,288
1446,2025,مكة المكرمة,مكة المكرمة,الإدارة العامة للتعليم بمنطقة مكة المكرمة,رياض الأطفال,أهلي,مكتب التعليم بمحافظة بحرة,بنات,165,7,172
1446,2025,مكة المكرمة,مكة المكرمة,الإدارة العامة للتعليم بمنطقة مكة المكرمة,رياض الأطفال,حكومي,مكتب التعليم بالتنعيم,بنات,2701,101,2802
1446,2025,مكة المكرمة,مكة المكرمة,الإدارة العامة للتعليم بمنطقة مكة المكرمة,رياض الأطفال,حكومي,مكتب التعليم بالجموم,بنات,998,2,1000
1446,2025,مكة المكرمة,مكة المكرمة,الإدارة العامة للتعليم بمنطقة مكة المكرمة,رياض الأطفال,حكومي,مكتب التعليم بالشرائع,بنات,3071,29,3100
1446,2025,مكة المكرمة,مكة المكرمة,الإدارة العامة للتعليم بمنطقة مكة المكرمة,رياض الأطفال,حكومي,مكتب التعليم بالشوقية,بنات,1242,89,1331
1446,2025,مكة المكرمة,مكة المكرمة,الإدارة العامة للتعليم بمنطقة مكة المكرمة,رياض الأطفال,حكومي,مكتب التعليم بالعوالي,بنات,1596,27,1623
1446,2025,مكة المكرمة,مكة المكرمة,الإدارة العامة للتعليم بمنطقة مكة المكرمة,رياض الأطفال,حكومي,مكتب التعليم بالكامل,بنات,151,0,151
1446,2025,مكة المكرمة,مكة المكرمة,الإدارة العامة للتعليم بمنطقة مكة المكرمة,رياض الأطفال,حكومي,مكتب التعليم بالمعابدة,بنات,1745,89,1834
1446,2025,مكة المكرمة,مكة المكرمة,الإدارة العامة للتعليم بمنطقة مكة المكرمة,رياض الأطفال,حكومي,مكتب التعليم بمحافظة بحرة,بنات,798,6,804
1446,2025,مكة المكرمة,مكة المكرمة,الإدارة العامة للتعليم بمنطقة مكة المكرمة,رياض الأطفال,عالمي وأجنبي,مكتب التعليم العالمي والأجنبي بمكة المكرمة - بنات,بنات,808,447,1255
1446,2025,نجران,نجران,إدارة التعليم بمحافظة شرورة,المرحلة الإبتدائية,أهلي,إدارة الإشراف التربوي,بنات,374,24,398
1446,2025,نجران,نجران,إدارة التعليم بمحافظة شرورة,المرحلة الإبتدائية,أهلي,إدارة الإشراف التربوي,بنين,404,37,441
1446,2025,نجران,نجران,إدارة التعليم بمحافظة شرورة,المرحلة الإبتدائية,حكومي,إدارة الإشراف التربوي,بنات,8756,2743,11499
1446,2025,نجران,نجران,إدارة التعليم بمحافظة شرورة,المرحلة الإبتدائية,حكومي,إدارة الإشراف التربوي,بنين,2690,750,3440
1446,2025,نجران,نجران,إدارة التعليم بمحافظة شرورة,المرحلة الإبتدائية,عالمي وأجنبي,إدارة الإشراف التربوي,بنات,38,70,108
1446,2025,نجران,نجران,إدارة التعليم بمحافظة شرورة,المرحلة الإبتدائية,عالمي وأجنبي,إدارة الإشراف التربوي,بنين,28,12,40
1446,2025,نجران,نجران,إدارة التعليم بمحافظة شرورة,المرحلة الثانوية,أهلي,إدارة الإشراف التربوي,بنات,22,8,30
1446,2025,نجران,نجران,إدارة التعليم بمحافظة شرورة,المرحلة الثانوية,أهلي,إدارة الإشراف التربوي,بنين,279,29,308
1446,2025,نجران,نجران,إدارة التعليم بمحافظة شرورة,المرحلة الثانوية,حكومي,إدارة الإشراف التربوي,بنات,2480,589,3069
1446,2025,نجران,نجران,إدارة التعليم بمحافظة شرورة,المرحلة الثانوية,حكومي,إدارة الإشراف التربوي,بنين,2214,614,2828
1446,2025,نجران,نجران,إدارة التعليم بمحافظة شرورة,المرحلة المتوسطة,أهلي,إدارة الإشراف التربوي,بنات,25,4,29
1446,2025,نجران,نجران,إدارة التعليم بمحافظة شرورة,المرحلة المتوسطة,أهلي,إدارة الإشراف التربوي,بنين,177,10,187
1446,2025,نجران,نجران,إدارة التعليم بمحافظة شرورة,المرحلة المتوسطة,حكومي,إدارة الإشراف التربوي,بنات,2742,776,3518
1446,2025,نجران,نجران,إدارة التعليم بمحافظة شرورة,المرحلة المتوسطة,حكومي,إدارة الإشراف التربوي,بنين,2625,735,3360
1446,2025,نجران,نجران,إدارة التعليم بمحافظة شرورة,المرحلة المتوسطة,عالمي وأجنبي,إدارة الإشراف التربوي,بنات,2,16,18
1446,2025,نجران,نجران,إدارة التعليم بمحافظة شرورة,رياض الأطفال,أهلي,إدارة الإشراف التربوي,بنات,249,7,256
1446,2025,نجران,نجران,إدارة التعليم بمحافظة شرورة,رياض الأطفال,حكومي,إدارة الإشراف التربوي,بنات,1588,80,1668
1446,2025,نجران,نجران,إدارة التعليم بمحافظة شرورة,رياض الأطفال,عالمي وأجنبي,إدارة الإشراف التربوي,بنات,20,37,57
1446,2025,نجران,نجران,الإدارة العامة للتعليم بمنطقة نجران,المرحلة الإبتدائية,أهلي,مكتب التعليم بشرق نجران,بنات,189,12,201
1446,2025,نجران,نجران,الإدارة العامة للتعليم بمنطقة نجران,المرحلة الإبتدائية,أهلي,مكتب التعليم بشرق نجران,بنين,125,2,127
1446,2025,نجران,نجران,الإدارة العامة للتعليم بمنطقة نجران,المرحلة الإبتدائية,أهلي,مكتب التعليم بشمال نجران,بنين,74,6,80
1446,2025,نجران,نجران,الإدارة العامة للتعليم بمنطقة نجران,المرحلة الإبتدائية,أهلي,مكتب التعليم بوسط نجران,بنات,2125,84,2209
1446,2025,نجران,نجران,الإدارة العامة للتعليم بمنطقة نجران,المرحلة الإبتدائية,أهلي,مكتب التعليم بوسط نجران,بنين,1289,83,1372
1446,2025,نجران,نجران,الإدارة العامة للتعليم بمنطقة نجران,المرحلة الإبتدائية,حكومي,مكتب التعليم بشرق نجران,بنات,10455,2138,12593
1446,2025,نجران,نجران,الإدارة العامة للتعليم بمنطقة نجران,المرحلة الإبتدائية,حكومي,مكتب التعليم بشرق نجران,بنين,4760,1534,6294
1446,2025,نجران,نجران,الإدارة العامة للتعليم بمنطقة نجران,المرحلة الإبتدائية,حكومي,مكتب التعليم بشمال نجران,بنات,4635,408,5043
1446,2025,نجران,نجران,الإدارة العامة للتعليم بمنطقة نجران,المرحلة الإبتدائية,حكومي,مكتب التعليم بشمال نجران,بنين,2084,186,2270
1446,2025,نجران,نجران,الإدارة العامة للتعليم بمنطقة نجران,المرحلة الإبتدائية,حكومي,مكتب التعليم بوسط نجران,بنات,20957,4996,25953
1446,2025,نجران,نجران,الإدارة العامة للتعليم بمنطقة نجران,المرحلة الإبتدائية,حكومي,مكتب التعليم بوسط نجران,بنين,8182,2280,10462
1446,2025,نجران,نجران,الإدارة العامة للتعليم بمنطقة نجران,المرحلة الإبتدائية,حكومي,مكتب التعليم بيدمة,بنات,1534,98,1632
1446,2025,نجران,نجران,الإدارة العامة للتعليم بمنطقة نجران,المرحلة الإبتدائية,حكومي,مكتب التعليم بيدمة,بنين,907,35,942
1446,2025,نجران,نجران,الإدارة العامة للتعليم بمنطقة نجران,المرحلة الإبتدائية,عالمي وأجنبي,مكتب التعليم بشرق نجران,بنات,29,2,31
1446,2025,نجران,نجران,الإدارة العامة للتعليم بمنطقة نجران,المرحلة الإبتدائية,عالمي وأجنبي,مكتب التعليم بوسط نجران,بنات,274,459,733
1446,2025,نجران,نجران,الإدارة العامة للتعليم بمنطقة نجران,المرحلة الإبتدائية,عالمي وأجنبي,مكتب التعليم بوسط نجران,بنين,11,244,255
1446,2025,نجران,نجران,الإدارة العامة للتعليم بمنطقة نجران,المرحلة الثانوية,أهلي,مكتب التعليم بشرق نجران,بنات,11,2,13
1446,2025,نجران,نجران,الإدارة العامة للتعليم بمنطقة نجران,المرحلة الثانوية,أهلي,مكتب التعليم بشرق نجران,بنين,37,1,38
1446,2025,نجران,نجران,الإدارة العامة للتعليم بمنطقة نجران,المرحلة الثانوية,أهلي,مكتب التعليم بوسط نجران,بنات,243,88,331
1446,2025,نجران,نجران,الإدارة العامة للتعليم بمنطقة نجران,المرحلة الثانوية,أهلي,مكتب التعليم بوسط نجران,بنين,1641,152,1793
1446,2025,نجران,نجران,الإدارة العامة للتعليم بمنطقة نجران,المرحلة الثانوية,حكومي,مكتب التعليم بشرق نجران,بنات,2883,585,3468
1446,2025,نجران,نجران,الإدارة العامة للتعليم بمنطقة نجران,المرحلة الثانوية,حكومي,مكتب التعليم بشرق نجران,بنين,2905,602,3507
1446,2025,نجران,نجران,الإدارة العامة للتعليم بمنطقة نجران,المرحلة الثانوية,حكومي,مكتب التعليم بشمال نجران,بنات,1292,102,1394
1446,2025,نجران,نجران,الإدارة العامة للتعليم بمنطقة نجران,المرحلة الثانوية,حكومي,مكتب التعليم بشمال نجران,بنين,1437,96,1533
1446,2025,نجران,نجران,الإدارة العامة للتعليم بمنطقة نجران,المرحلة الثانوية,حكومي,مكتب التعليم بوسط نجران,بنات,5562,980,6542
1446,2025,نجران,نجران,الإدارة العامة للتعليم بمنطقة نجران,المرحلة الثانوية,حكومي,مكتب التعليم بوسط نجران,بنين,4671,977,5648
1446,2025,نجران,نجران,الإدارة العامة للتعليم بمنطقة نجران,المرحلة الثانوية,حكومي,مكتب التعليم بيدمة,بنات,478,18,496
1446,2025,نجران,نجران,الإدارة العامة للتعليم بمنطقة نجران,المرحلة الثانوية,حكومي,مكتب التعليم بيدمة,بنين,505,16,521
1446,2025,نجران,نجران,الإدارة العامة للتعليم بمنطقة نجران,المرحلة المتوسطة,أهلي,مكتب التعليم بشرق نجران,بنات,24,1,25
1446,2025,نجران,نجران,الإدارة العامة للتعليم بمنطقة نجران,المرحلة المتوسطة,أهلي,مكتب التعليم بشرق نجران,بنين,62,2,64
1446,2025,نجران,نجران,الإدارة العامة للتعليم بمنطقة نجران,المرحلة المتوسطة,أهلي,مكتب التعليم بشمال نجران,بنين,27,1,28
1446,2025,نجران,نجران,الإدارة العامة للتعليم بمنطقة نجران,المرحلة المتوسطة,أهلي,مكتب التعليم بوسط نجران,بنات,168,11,179
1446,2025,نجران,نجران,الإدارة العامة للتعليم بمنطقة نجران,المرحلة المتوسطة,أهلي,مكتب التعليم بوسط نجران,بنين,841,51,892
1446,2025,نجران,نجران,الإدارة العامة للتعليم بمنطقة نجران,المرحلة المتوسطة,حكومي,مكتب التعليم بشرق نجران,بنات,3557,640,4197
1446,2025,نجران,نجران,الإدارة العامة للتعليم بمنطقة نجران,المرحلة المتوسطة,حكومي,مكتب التعليم بشرق نجران,بنين,3488,738,4226
1446,2025,نجران,نجران,الإدارة العامة للتعليم بمنطقة نجران,المرحلة المتوسطة,حكومي,مكتب التعليم بشمال نجران,بنات,1447,122,1569
1446,2025,نجران,نجران,الإدارة العامة للتعليم بمنطقة نجران,المرحلة المتوسطة,حكومي,مكتب التعليم بشمال نجران,بنين,1502,113,1615
1446,2025,نجران,نجران,الإدارة العامة للتعليم بمنطقة نجران,المرحلة المتوسطة,حكومي,مكتب التعليم بوسط نجران,بنات,7836,1499,9335
1446,2025,نجران,نجران,الإدارة العامة للتعليم بمنطقة نجران,المرحلة المتوسطة,حكومي,مكتب التعليم بوسط نجران,بنين,7378,1442,8820
1446,2025,نجران,نجران,الإدارة العامة للتعليم بمنطقة نجران,المرحلة المتوسطة,حكومي,مكتب التعليم بيدمة,بنات,555,23,578
1446,2025,نجران,نجران,الإدارة العامة للتعليم بمنطقة نجران,المرحلة المتوسطة,حكومي,مكتب التعليم بيدمة,بنين,602,27,629
1446,2025,نجران,نجران,الإدارة العامة للتعليم بمنطقة نجران,المرحلة المتوسطة,عالمي وأجنبي,مكتب التعليم بشمال نجران,بنين,1,5,6
1446,2025,نجران,نجران,الإدارة العامة للتعليم بمنطقة نجران,المرحلة المتوسطة,عالمي وأجنبي,مكتب التعليم بوسط نجران,بنات,5,91,96
1446,2025,نجران,نجران,الإدارة العامة للتعليم بمنطقة نجران,المرحلة المتوسطة,عالمي وأجنبي,مكتب التعليم بوسط نجران,بنين,5,126,131
1446,2025,نجران,نجران,الإدارة العامة للتعليم بمنطقة نجران,رياض الأطفال,أهلي,مكتب التعليم بشرق نجران,بنات,104,1,105
1446,2025,نجران,نجران,الإدارة العامة للتعليم بمنطقة نجران,رياض الأطفال,أهلي,مكتب التعليم بوسط نجران,بنات,830,75,905
1446,2025,نجران,نجران,الإدارة العامة للتعليم بمنطقة نجران,رياض الأطفال,حكومي,مكتب التعليم بشرق نجران,بنات,1719,25,1744
1446,2025,نجران,نجران,الإدارة العامة للتعليم بمنطقة نجران,رياض الأطفال,حكومي,مكتب التعليم بشمال نجران,بنات,830,9,839
1446,2025,نجران,نجران,الإدارة العامة للتعليم بمنطقة نجران,رياض الأطفال,حكومي,مكتب التعليم بوسط نجران,بنات,4840,47,4887
1446,2025,نجران,نجران,الإدارة العامة للتعليم بمنطقة نجران,رياض الأطفال,حكومي,مكتب التعليم بيدمة,بنات,288,2,290
1446,2025,نجران,نجران,الإدارة العامة للتعليم بمنطقة نجران,رياض الأطفال,عالمي وأجنبي,مكتب التعليم بشرق نجران,بنات,15,2,17
1446,2025,نجران,نجران,الإدارة العامة للتعليم بمنطقة نجران,رياض الأطفال,عالمي وأجنبي,مكتب التعليم بوسط نجران,بنات,148,158,306
الإجمالي الكلي,,,,,,,,,5651305,1164199,6815504
