العاملين في القطاع الخاص ,,,,,,,,,,المنشأت في القطاع الخاص ,,,,,,,,,
تصنيف العاملين في القطلاع الخاص (سعودي/غير سعودي),,,,,,تصنيف العاملين في القطاع الخاص حسب المهنة,,,,تصنيف المنشآت حسب النوع (رئيسي/فرعي),,,,,تصنيف المنشآت في القطاع الخاص حسب عدة ابعاد ,,,,
سعودي,," 2,316,565 ",,,,المهنة,اجمالي العاملين,,,نوع المنشآة,,العدد,,,المنطقة, النشاط الاقتصادي,حجم المنشأة,لون النطاق,عدد المنشأت 
غير سعودي,," 8,655,437 ",,,,لم يحدد,2,,,رئيسي,," 1,707,738 ",,,الباحة,غير خاضعة لانشطة ISIC4,نطاق ابيض,نطاق أبيض,"7,319"
,,,,,, طبيب جراح مسالك بولية,243,,,فرعي,," 624,100 ",,,الجوف,غير خاضعة لانشطة ISIC4,نطاق ابيض,نطاق أبيض,"15,035"
تصنيف العاملين في القطاع الخاص حسب الجنس  (ذكر/أنثى),,,,,,إحصائي,526,,,,,,,,الحدود الشمالية,غير خاضعة لانشطة ISIC4,نطاق ابيض,نطاق أبيض,"4,828"
سعودي-ذكر,," 1,370,768 ",,,,احصائي اكتواري,33,,,أجمالي عدد المنشآت في القطاع الخاص,,," 2,333,442 ",,الرياض,غير خاضعة لانشطة ISIC4,نطاق ابيض,نطاق أبيض,"69,752"
سعودي انثى,," 945,797 ",,,,احصائي تطبيقي,12,,,,,,,,الشرقية,غير خاضعة لانشطة ISIC4,نطاق ابيض,نطاق أبيض,"34,019"
وافد-ذكر,," 8,320,573 ",,,,إحصائي صحي,35,,,تصنيف المنشآت حسب النوع (شركة/مؤسسة),,,,,القصيم,غير خاضعة لانشطة ISIC4,نطاق ابيض,نطاق أبيض,"28,815"
وافد-انثى,," 334,864 ",,,,احصائي عام,152,,,النوع,,رئيسي ,فرعي ,,القصيم,تجارة الجملة والتجزئة وإصلاح المركبات ذات المحركات والدرجات النارية,نطاق ابيض,نطاق أبيض,1
,,,,,,أخ,1,,,شركة,شركة," 249,266 "," 57,639 ",,المدينة,غير خاضعة لانشطة ISIC4,نطاق ابيض,نطاق أبيض,"24,110"
,,,,,,اختصاصي اجناس وسلالات,0,,,مؤسسة,مؤسسة," 1,458,469 "," 566,461 ",,تبوك,غير خاضعة لانشطة ISIC4,نطاق ابيض,نطاق أبيض,"13,673"
أجمالي العاملين في القطاع الخاص ,,,,,,اختصاصي احصاء,26,,,,,,,,جازان,غير خاضعة لانشطة ISIC4,نطاق ابيض,نطاق أبيض,"9,852"
" 10,972,002 ",,,,,,اختصاصي احياء مائية,22,,,تصنيف المنشأت حسب المنطقة الإدارية,,,,,حائل,غير خاضعة لانشطة ISIC4,نطاق ابيض,نطاق أبيض,"16,896"
,,,,,,اختصاصي اختبارات نفسيه,0,,,المنطقة,,العدد,,,عسير,غير خاضعة لانشطة ISIC4,نطاق ابيض,نطاق أبيض,"37,790"
,,,,,,اختصاصي ادوية طبيعية,3,,,الباحة,,"23,882",,,مكة المكرمة,غير خاضعة لانشطة ISIC4,نطاق ابيض,نطاق أبيض,"43,204"
,,,,,,اختصاصي ادوية عام,14,,,الجوف,,"43,385",,,مكة المكرمة,التشييد,نطاق ابيض,نطاق أبيض,1
,,,,,,اختصاصي ادوية كيميائية,4,,,الحدود الشمالية,,"23,265",,,مكة المكرمة,النقل والتخزين,نطاق ابيض,نطاق أبيض,1
,,,,,,اختصاصي ارشاد زراعي,20,,,الرياض,,"898,047",,,نجران,غير خاضعة لانشطة ISIC4,نطاق ابيض,نطاق أبيض,"15,115"
,,,,,,اختصاصي اعادة تأمين,0,,,الشرقية,,"268,270",,,الباحة,غير خاضعة لانشطة ISIC4,صغيرة (فئة ب),احمر,7
,,,,,,اختصاصي آفات زراعية,10,,,القصيم,,"126,309",,,الباحة,أنشطة الخدمات الأخرى,صغيرة (فئة ب),احمر,13
,,,,,,اختصاصي البيئه البحريه,21,,,المدينة,,"125,058",,,الباحة,أنشطة خدمات الاقامة والطعام,صغيرة (فئة ب),احمر,90
,,,,,,اختصاصي امدادات طائرات,0,,,تبوك,,"57,394",,,الباحة,أنشطة صحة الانسان والعمل الاجتماعي,صغيرة (فئة ب),احمر,1
,,,,,,اختصاصي امراض الحيوان,2,,,جازان,,"77,791",,,الباحة,الأنشطة العقارية,صغيرة (فئة ب),احمر,3
,,,,,,اختصاصي امراض النبات,3,,,حائل,,"68,331",,,الباحة,الأنشطة المهنية والعلمية والتقنية,صغيرة (فئة ب),احمر,1
,,,,,,اختصاصي امصال,1,,,عسير,,"145,770",,,الباحة,التشييد,صغيرة (فئة ب),احمر,43
,,,,,,اختصاصي انتاج افلام,25,,,مكة المكرمة,,"421,998",,,الباحة,التعدين واستغلال المحاجر,صغيرة (فئة ب),احمر,1
,,,,,,اختصاصي بستنة عام,1,,,نجران,,"53,942",,,الباحة,التعليم,صغيرة (فئة ب),احمر,1
,,,,,,اختصاصي بكتيريا,8,,,,,,,,الباحة,الخدمات الإدارية وخدمات الدعم,صغيرة (فئة ب),احمر,26
,,,,,,اختصاصي تأمين -عام,2,,,,,,,,الباحة,الزراعة والحراجة وصيد الأسماك,صغيرة (فئة ب),احمر,4
,,,,,,اختصاصي تأمين ضد المخاطر,0,,,,,,,,الباحة,الصناعة التحويلية,صغيرة (فئة ب),احمر,42
,,,,,,اختصاصي تحاليل طبية,977,,,,,,,,الباحة,المعلومات والاتصالات,صغيرة (فئة ب),احمر,1
,,,,,,اختصاصي تخطيط طبي,27,,,,,,,,الباحة,النقل والتخزين,صغيرة (فئة ب),احمر,6
,,,,,,اختصاصي تربية حيوان,6,,,,,,,,الباحة,تجارة الجملة والتجزئة وإصلاح المركبات ذات المحركات والدرجات النارية,صغيرة (فئة ب),احمر,201
,,,,,,اختصاصي تربية دواجن,3,,,,,,,,الجوف,غير خاضعة لانشطة ISIC4,صغيرة (فئة ب),احمر,43
,,,,,,اختصاصي تربية مواشي,9,,,,,,,,الجوف,أنشطة الخدمات الأخرى,صغيرة (فئة ب),احمر,28
,,,,,,اختصاصي تربية نحل,0,,,,,,,,الجوف,أنشطة خدمات الاقامة والطعام,صغيرة (فئة ب),احمر,90
,,,,,,اختصاصي تركيب نظارات طبية,18,,,,,,,,الجوف,أنشطة صحة الانسان والعمل الاجتماعي,صغيرة (فئة ب),احمر,1
,,,,,,اختصاصي ترميم اثار,0,,,,,,,,الجوف,إمدادات المياه وأنشطة الصرف الصحي وإدارة النفايات ومعالجتها,صغيرة (فئة ب),احمر,1
,,,,,,اختصاصي تسويق,19184,,,,,,,,الجوف,الأنشطة العقارية,صغيرة (فئة ب),احمر,7
,,,,,,اختصاصي تصوير طبي,499,,,,,,,,الجوف,الأنشطة المهنية والعلمية والتقنية,صغيرة (فئة ب),احمر,3
,,,,,,اختصاصي تصوير فوتغرافي,76,,,,,,,,الجوف,التشييد,صغيرة (فئة ب),احمر,67
,,,,,,اختصاصي تعليم بواسطة الادوات السمعية والبصرية,62,,,,,,,,الجوف,التعدين واستغلال المحاجر,صغيرة (فئة ب),احمر,1
,,,,,,اختصاصي تغذية عام,740,,,,,,,,الجوف,التعليم,صغيرة (فئة ب),احمر,6
,,,,,,اختصاصي تغذية مرضى,598,,,,,,,,الجوف,الخدمات الإدارية وخدمات الدعم,صغيرة (فئة ب),احمر,23
,,,,,,اختصاصي تمريض امومه وطفولة,22,,,,,,,,الجوف,الزراعة والحراجة وصيد الأسماك,صغيرة (فئة ب),احمر,27
,,,,,,اختصاصي تمريض جراحة,10,,,,,,,,الجوف,الصناعة التحويلية,صغيرة (فئة ب),احمر,54
,,,,,,اختصاصي تمريض صحة عامة,107,,,,,,,,الجوف,الفنون والترفيه والتسلية,صغيرة (فئة ب),احمر,3
,,,,,,اختصاصي تمريض عام,1839,,,,,,,,الجوف,المعلومات والاتصالات,صغيرة (فئة ب),احمر,1
,,,,,,اختصاصي تنقيب اثار,1,,,,,,,,الجوف,النقل والتخزين,صغيرة (فئة ب),احمر,13
,,,,,,اختصاصي تهجين حيوان ( علم وراثة ),3,,,,,,,,الجوف,تجارة الجملة والتجزئة وإصلاح المركبات ذات المحركات والدرجات النارية,صغيرة (فئة ب),احمر,346
,,,,,,اختصاصي تهجين نبات,0,,,,,,,,الحدود الشمالية,غير خاضعة لانشطة ISIC4,صغيرة (فئة ب),احمر,6
,,,,,,اختصاصي توثيق البرامج والنظم,80,,,,,,,,الحدود الشمالية,أنشطة الخدمات الأخرى,صغيرة (فئة ب),احمر,10
,,,,,,اختصاصي ثروة حيوانية عام,13,,,,,,,,الحدود الشمالية,أنشطة خدمات الاقامة والطعام,صغيرة (فئة ب),احمر,73
,,,,,,اختصاصي حدائق,11,,,,,,,,الحدود الشمالية,أنشطة صحة الانسان والعمل الاجتماعي,صغيرة (فئة ب),احمر,2
,,,,,,اختصاصي حشرات,62,,,,,,,,الحدود الشمالية,الأنشطة العقارية,صغيرة (فئة ب),احمر,1
,,,,,,اختصاصي خدمة اجتماعية,805,,,,,,,,الحدود الشمالية,الأنشطة المهنية والعلمية والتقنية,صغيرة (فئة ب),احمر,2
,,,,,,اختصاصي خلايا حيه,5,,,,,,,,الحدود الشمالية,التشييد,صغيرة (فئة ب),احمر,43
,,,,,,اختصاصي رعاية اجتماعية,176,,,,,,,,الحدود الشمالية,التعدين واستغلال المحاجر,صغيرة (فئة ب),احمر,1
,,,,,,اختصاصي رعاية احداث,8,,,,,,,,الحدود الشمالية,التعليم,صغيرة (فئة ب),احمر,3
,,,,,,اختصاصي رعاية معوقين,185,,,,,,,,الحدود الشمالية,الخدمات الإدارية وخدمات الدعم,صغيرة (فئة ب),احمر,11
,,,,,,اختصاصي رياضيات,8,,,,,,,,الحدود الشمالية,الزراعة والحراجة وصيد الأسماك,صغيرة (فئة ب),احمر,6
,,,,,,اختصاصي زراعة محمية,7,,,,,,,,الحدود الشمالية,الصناعة التحويلية,صغيرة (فئة ب),احمر,39
,,,,,,اختصاصي طب اطفال,64,,,,,,,,الحدود الشمالية,الفنون والترفيه والتسلية,صغيرة (فئة ب),احمر,1
,,,,,,اختصاصي علم اجتماع عام,88,,,,,,,,الحدود الشمالية,المعلومات والاتصالات,صغيرة (فئة ب),احمر,2
,,,,,,اختصاصي علم التشريح,1,,,,,,,,الحدود الشمالية,النقل والتخزين,صغيرة (فئة ب),احمر,19
,,,,,,اختصاصي علم امراض عام ( امراض الانسان ),36,,,,,,,,الحدود الشمالية,تجارة الجملة والتجزئة وإصلاح المركبات ذات المحركات والدرجات النارية,صغيرة (فئة ب),احمر,204
,,,,,,اختصاصي علم حيوان - عام,0,,,,,,,,الحدود الشمالية,لأنشطة المالية وأنشطة التأمين,صغيرة (فئة ب),احمر,1
,,,,,,اختصاصي علم نبات عام,25,,,,,,,,الرياض,غير خاضعة لانشطة ISIC4,صغيرة (فئة ب),احمر,"3,560"
,,,,,,اختصاصي علم نفس اجتماعي,12,,,,,,,,الرياض,أنشطة الخدمات الأخرى,صغيرة (فئة ب),احمر,647
,,,,,,اختصاصي علم نفس صناعي,3,,,,,,,,الرياض,أنشطة خدمات الاقامة والطعام,صغيرة (فئة ب),احمر,"1,327"
,,,,,,اختصاصي علم نفس عام,280,,,,,,,,الرياض,أنشطة صحة الانسان والعمل الاجتماعي,صغيرة (فئة ب),احمر,168
,,,,,,اختصاصي علم نفس علاجي,0,,,,,,,,الرياض,إمدادات الكهرباء والغاز والبخار وتكييف الهواء,صغيرة (فئة ب),احمر,8
,,,,,,اختصاصي علم وظائف اعضاء ( فسيولوجي ),11,,,,,,,,الرياض,إمدادات المياه وأنشطة الصرف الصحي وإدارة النفايات ومعالجتها,صغيرة (فئة ب),احمر,19
,,,,,,اختصاصي علوم اقتصادية,2,,,,,,,,الرياض,الأنشطة العقارية,صغيرة (فئة ب),احمر,165
,,,,,,اختصاصي غابات ومراعي,2,,,,,,,,الرياض,الأنشطة المهنية والعلمية والتقنية,صغيرة (فئة ب),احمر,241
,,,,,,اختصاصي في اعمال الوقاية من الحريق,352,,,,,,,,الرياض,"الإدارة العامة والدفاع , الضمان الاجتماعي الالزامي",صغيرة (فئة ب),احمر,4
,,,,,,اختصاصي في التلوث البحري,1,,,,,,,,الرياض,التشييد,صغيرة (فئة ب),احمر,"2,808"
,,,,,,اختصاصي في تربية الاسماك,1,,,,,,,,الرياض,التعدين واستغلال المحاجر,صغيرة (فئة ب),احمر,35
,,,,,,اختصاصي في شئون الافراد,0,,,,,,,,الرياض,التعليم,صغيرة (فئة ب),احمر,110
,,,,,,اختصاصي في علم التربة,23,,,,,,,,الرياض,الخدمات الإدارية وخدمات الدعم,صغيرة (فئة ب),احمر,826
,,,,,,اختصاصي في عيم الاحياء عام,60,,,,,,,,الرياض,الزراعة والحراجة وصيد الأسماك,صغيرة (فئة ب),احمر,339
,,,,,,اختصاصي فيزياء بحريه,5,,,,,,,,الرياض,الصناعة التحويلية,صغيرة (فئة ب),احمر,"1,968"
,,,,,,اختصاصي فيزياء حيوية ( بيوفيزيائي ),5,,,,,,,,الرياض,الفنون والترفيه والتسلية,صغيرة (فئة ب),احمر,72
,,,,,,اختصاصي قياس البصر,75,,,,,,,,الرياض,المعلومات والاتصالات,صغيرة (فئة ب),احمر,177
,,,,,,اختصاصي قياس وتقويم,14,,,,,,,,الرياض,النقل والتخزين,صغيرة (فئة ب),احمر,781
,,,,,,اختصاصي كيمياء حيوية ( بيوكيميائي ),14,,,,,,,,الرياض,تجارة الجملة والتجزئة وإصلاح المركبات ذات المحركات والدرجات النارية,صغيرة (فئة ب),احمر,"5,797"
,,,,,,اختصاصي كيمياء وبيئة بحرية,31,,,,,,,,الرياض,لأنشطة المالية وأنشطة التأمين,صغيرة (فئة ب),احمر,31
,,,,,,اختصاصي مبيدات حشرية,35,,,,,,,,الشرقية,غير خاضعة لانشطة ISIC4,صغيرة (فئة ب),احمر,179
,,,,,,اختصاصي محاصيل حقلية عام,32,,,,,,,,الشرقية,أنشطة الخدمات الأخرى,صغيرة (فئة ب),احمر,260
,,,,,,اختصاصي مختبر انسجة حيه,673,,,,,,,,الشرقية,أنشطة خدمات الاقامة والطعام,صغيرة (فئة ب),احمر,"1,061"
,,,,,,اختصاصي مركز بيانات,242,,,,,,,,الشرقية,أنشطة صحة الانسان والعمل الاجتماعي,صغيرة (فئة ب),احمر,31
,,,,,,اختصاصي مصائد,2,,,,,,,,الشرقية,إمدادات الكهرباء والغاز والبخار وتكييف الهواء,صغيرة (فئة ب),احمر,5
,,,,,,اختصاصي مطافي طائرات,8,,,,,,,,الشرقية,إمدادات المياه وأنشطة الصرف الصحي وإدارة النفايات ومعالجتها,صغيرة (فئة ب),احمر,6
,,,,,,اختصاصي معالجة الاشعة,486,,,,,,,,الشرقية,الأنشطة العقارية,صغيرة (فئة ب),احمر,69
,,,,,,اختصاصي معالجة طبيعية,505,,,,,,,,الشرقية,الأنشطة المهنية والعلمية والتقنية,صغيرة (فئة ب),احمر,46
,,,,,,اختصاصي مكياج,102,,,,,,,,الشرقية,التشييد,صغيرة (فئة ب),احمر,"1,328"
,,,,,,اختصاصي نحت,0,,,,,,,,الشرقية,التعدين واستغلال المحاجر,صغيرة (فئة ب),احمر,17
,,,,,,اختصاصي وسائل تعليمية,172,,,,,,,,الشرقية,التعليم,صغيرة (فئة ب),احمر,16
,,,,,,اخصائي,1057,,,,,,,,الشرقية,الخدمات الإدارية وخدمات الدعم,صغيرة (فئة ب),احمر,247
,,,,,,أخصائي أبحاث أسواق,335,,,,,,,,الشرقية,الزراعة والحراجة وصيد الأسماك,صغيرة (فئة ب),احمر,72
,,,,,,اخصائي ابر صينية,0,,,,,,,,الشرقية,الصناعة التحويلية,صغيرة (فئة ب),احمر,511
,,,,,,أخصائي آثار,40,,,,,,,,الشرقية,الفنون والترفيه والتسلية,صغيرة (فئة ب),احمر,13
,,,,,,أخصائي أجهزة طبية,13,,,,,,,,الشرقية,المعلومات والاتصالات,صغيرة (فئة ب),احمر,29
,,,,,,أخصائي أحوال مدنية,6,,,,,,,,الشرقية,النقل والتخزين,صغيرة (فئة ب),احمر,186
,,,,,,أخصائي اختبار اختراقات,31,,,,,,,,الشرقية,تجارة الجملة والتجزئة وإصلاح المركبات ذات المحركات والدرجات النارية,صغيرة (فئة ب),احمر,"3,003"
,,,,,,أخصائي أداء مؤسسي,207,,,,,,,,الشرقية,لأنشطة المالية وأنشطة التأمين,صغيرة (فئة ب),احمر,5
,,,,,,أخصائي إدارة اداء,729,,,,,,,,القصيم,غير خاضعة لانشطة ISIC4,صغيرة (فئة ب),احمر,125
,,,,,,أخصائي إدارة أزمات,35,,,,,,,,القصيم,أنشطة الخدمات الأخرى,صغيرة (فئة ب),احمر,245
,,,,,,أخصائي إدارة التغيير,110,,,,,,,,القصيم,أنشطة خدمات الاقامة والطعام,صغيرة (فئة ب),احمر,359
,,,,,,أخصائي إدارة الجودة,1206,,,,,,,,القصيم,أنشطة صحة الانسان والعمل الاجتماعي,صغيرة (فئة ب),احمر,18
,,,,,,أخصائي إدارة الطوارئ,112,,,,,,,,القصيم,إمدادات الكهرباء والغاز والبخار وتكييف الهواء,صغيرة (فئة ب),احمر,1
,,,,,,أخصائي إدارة المعلومات والمعرفة,75,,,,,,,,القصيم,إمدادات المياه وأنشطة الصرف الصحي وإدارة النفايات ومعالجتها,صغيرة (فئة ب),احمر,3
,,,,,,أخصائي إدارة تمريض,69,,,,,,,,القصيم,الأنشطة العقارية,صغيرة (فئة ب),احمر,18
,,,,,,أخصائي إدارة خدمات,5794,,,,,,,,القصيم,الأنشطة المهنية والعلمية والتقنية,صغيرة (فئة ب),احمر,24
,,,,,,أخصائي إدارة شبكات,697,,,,,,,,القصيم,التشييد,صغيرة (فئة ب),احمر,842
,,,,,,أخصائي إدارة صيدلانية,35,,,,,,,,القصيم,التعدين واستغلال المحاجر,صغيرة (فئة ب),احمر,5
,,,,,,أخصائي إدارة عقود التقنية,92,,,,,,,,القصيم,التعليم,صغيرة (فئة ب),احمر,11
,,,,,,أخصائي إدارة عقود تقنية,199,,,,,,,,القصيم,الخدمات الإدارية وخدمات الدعم,صغيرة (فئة ب),احمر,224
,,,,,,أخصائي إدارة قواعد بيانات,673,,,,,,,,القصيم,الزراعة والحراجة وصيد الأسماك,صغيرة (فئة ب),احمر,66
,,,,,,أخصائي إدارة مخاطر,722,,,,,,,,القصيم,الصناعة التحويلية,صغيرة (فئة ب),احمر,330
,,,,,,أخصائي إدارة مشاريع,8593,,,,,,,,القصيم,الفنون والترفيه والتسلية,صغيرة (فئة ب),احمر,11
,,,,,,أخصائي إدارة هوية وصلاحيات,27,,,,,,,,القصيم,المعلومات والاتصالات,صغيرة (فئة ب),احمر,8
,,,,,,أخصائي إداري,20412,,,,,,,,القصيم,النقل والتخزين,صغيرة (فئة ب),احمر,86
,,,,,,أخصائي أدوية طبيعية,2,,,,,,,,القصيم,تجارة الجملة والتجزئة وإصلاح المركبات ذات المحركات والدرجات النارية,صغيرة (فئة ب),احمر,"1,176"
,,,,,,أخصائي ارتباط وظيفي,18,,,,,,,,القصيم,لأنشطة المالية وأنشطة التأمين,صغيرة (فئة ب),احمر,1
,,,,,,أخصائي إرشاد آثار,1,,,,,,,,المدينة,غير خاضعة لانشطة ISIC4,صغيرة (فئة ب),احمر,104
,,,,,,أخصائي إرشاد زراعي,1024,,,,,,,,المدينة,أنشطة الخدمات الأخرى,صغيرة (فئة ب),احمر,82
,,,,,,أخصائي إرشاد سياحي,243,,,,,,,,المدينة,أنشطة خدمات الاقامة والطعام,صغيرة (فئة ب),احمر,531
,,,,,,أخصائي إرشاد نفسي,48,,,,,,,,المدينة,أنشطة صحة الانسان والعمل الاجتماعي,صغيرة (فئة ب),احمر,15
,,,,,,أخصائي أرصاد جوية,26,,,,,,,,المدينة,إمدادات الكهرباء والغاز والبخار وتكييف الهواء,صغيرة (فئة ب),احمر,1
,,,,,,أخصائي أساليب تعليم,308,,,,,,,,المدينة,إمدادات المياه وأنشطة الصرف الصحي وإدارة النفايات ومعالجتها,صغيرة (فئة ب),احمر,6
,,,,,,أخصائي استثمار,520,,,,,,,,المدينة,الأنشطة العقارية,صغيرة (فئة ب),احمر,38
,,,,,,أخصائي استجابة لحوادث سيبرانية,33,,,,,,,,المدينة,الأنشطة المهنية والعلمية والتقنية,صغيرة (فئة ب),احمر,17
,,,,,,أخصائي استجابة لحوادث سيبرانية أنظمة تحكم صناعي وتقنيات تشغيلية,5,,,,,,,,المدينة,التشييد,صغيرة (فئة ب),احمر,391
,,,,,,أخصائي استراتيجيات,907,,,,,,,,المدينة,التعدين واستغلال المحاجر,صغيرة (فئة ب),احمر,3
,,,,,,أخصائي استشارات أعمال,6952,,,,,,,,المدينة,التعليم,صغيرة (فئة ب),احمر,8
,,,,,,أخصائي استشارات أمن سيبراني,204,,,,,,,,المدينة,الخدمات الإدارية وخدمات الدعم,صغيرة (فئة ب),احمر,138
,,,,,,أخصائي استشارات مالية,1015,,,,,,,,المدينة,الزراعة والحراجة وصيد الأسماك,صغيرة (فئة ب),احمر,19
,,,,,,أخصائي استقدام,269,,,,,,,,المدينة,الصناعة التحويلية,صغيرة (فئة ب),احمر,188
,,,,,,أخصائي استمرارية الأعمال,1021,,,,,,,,المدينة,الفنون والترفيه والتسلية,صغيرة (فئة ب),احمر,6
,,,,,,أخصائي أسرة وطفولة,17,,,,,,,,المدينة,المعلومات والاتصالات,صغيرة (فئة ب),احمر,17
,,,,,,أخصائي إشراف تربوي,179,,,,,,,,المدينة,النقل والتخزين,صغيرة (فئة ب),احمر,55
,,,,,,أخصائي إشراف طلابي,101,,,,,,,,المدينة,تجارة الجملة والتجزئة وإصلاح المركبات ذات المحركات والدرجات النارية,صغيرة (فئة ب),احمر,"1,632"
,,,,,,أخصائي اضطرابات تخاطب,953,,,,,,,,المدينة,لأنشطة المالية وأنشطة التأمين,صغيرة (فئة ب),احمر,1
,,,,,,أخصائي أطراف صناعية وأجهزة تعويضية,31,,,,,,,,تبوك,غير خاضعة لانشطة ISIC4,صغيرة (فئة ب),احمر,26
,,,,,,أخصائي إعادة تأهيل تربة,25,,,,,,,,تبوك,أنشطة الخدمات الأخرى,صغيرة (فئة ب),احمر,58
,,,,,,أخصائي أعاقة عقلية,3,,,,,,,,تبوك,أنشطة خدمات الاقامة والطعام,صغيرة (فئة ب),احمر,240
,,,,,,أخصائي إعلامي,719,,,,,,,,تبوك,أنشطة صحة الانسان والعمل الاجتماعي,صغيرة (فئة ب),احمر,4
,,,,,,أخصائي اقتصاد,1310,,,,,,,,تبوك,إمدادات الكهرباء والغاز والبخار وتكييف الهواء,صغيرة (فئة ب),احمر,1
,,,,,,أخصائي اقتصاد قياسي,9,,,,,,,,تبوك,إمدادات المياه وأنشطة الصرف الصحي وإدارة النفايات ومعالجتها,صغيرة (فئة ب),احمر,1
,,,,,,أخصائي اكتشاف تهديدات سيبرانية,13,,,,,,,,تبوك,الأنشطة العقارية,صغيرة (فئة ب),احمر,10
,,,,,,أخصائي آلات موسيقية,12,,,,,,,,تبوك,الأنشطة المهنية والعلمية والتقنية,صغيرة (فئة ب),احمر,5
,,,,,,أخصائي الاستعاضةالسنية,0,,,,,,,,تبوك,التشييد,صغيرة (فئة ب),احمر,124
,,,,,,أخصائي البنية التحتية,39,,,,,,,,تبوك,التعدين واستغلال المحاجر,صغيرة (فئة ب),احمر,1
,,,,,,اخصائي التحول الالكتروني,82,,,,,,,,تبوك,التعليم,صغيرة (فئة ب),احمر,5
,,,,,,أخصائي التزام,853,,,,,,,,تبوك,الخدمات الإدارية وخدمات الدعم,صغيرة (فئة ب),احمر,41
,,,,,,أخصائي التزام في أمن سيبراني,71,,,,,,,,تبوك,الزراعة والحراجة وصيد الأسماك,صغيرة (فئة ب),احمر,12
,,,,,,أخصائي التفويض المسبق للتغطية بالتأمين الطبي,21,,,,,,,,تبوك,الصناعة التحويلية,صغيرة (فئة ب),احمر,94
,,,,,,أخصائي أمراض اللثة,7,,,,,,,,تبوك,الفنون والترفيه والتسلية,صغيرة (فئة ب),احمر,3
,,,,,,أخصائي أمراض نطق و تخاطب,1,,,,,,,,تبوك,النقل والتخزين,صغيرة (فئة ب),احمر,25
,,,,,,أخصائي أمراض نطق وسمع,302,,,,,,,,تبوك,تجارة الجملة والتجزئة وإصلاح المركبات ذات المحركات والدرجات النارية,صغيرة (فئة ب),احمر,524
,,,,,,اخصائي أمن المعلومات,226,,,,,,,,جازان,غير خاضعة لانشطة ISIC4,صغيرة (فئة ب),احمر,51
,,,,,,أخصائي أمن بيانات,346,,,,,,,,جازان,أنشطة الخدمات الأخرى,صغيرة (فئة ب),احمر,39
,,,,,,أخصائي أمن سيبراني,1143,,,,,,,,جازان,أنشطة خدمات الاقامة والطعام,صغيرة (فئة ب),احمر,300
,,,,,,أخصائي أمني,1718,,,,,,,,جازان,أنشطة صحة الانسان والعمل الاجتماعي,صغيرة (فئة ب),احمر,8
,,,,,,أخصائي أنشطة ثقافية,65,,,,,,,,جازان,إمدادات الكهرباء والغاز والبخار وتكييف الهواء,صغيرة (فئة ب),احمر,2
,,,,,,أخصائي أنشطة طلابية,206,,,,,,,,جازان,إمدادات المياه وأنشطة الصرف الصحي وإدارة النفايات ومعالجتها,صغيرة (فئة ب),احمر,4
,,,,,,أخصائي أوبئة بيطرية,3,,,,,,,,جازان,الأنشطة العقارية,صغيرة (فئة ب),احمر,8
,,,,,,اخصائي اول,6,,,,,,,,جازان,الأنشطة المهنية والعلمية والتقنية,صغيرة (فئة ب),احمر,6
,,,,,,أخصائي أول فحص جودة / كارتوغرافي,0,,,,,,,,جازان,التشييد,صغيرة (فئة ب),احمر,184
,,,,,,أخصائي إيرادات حكومية,39,,,,,,,,جازان,التعدين واستغلال المحاجر,صغيرة (فئة ب),احمر,4
,,,,,,أخصائي ائتمان,1022,,,,,,,,جازان,التعليم,صغيرة (فئة ب),احمر,2
,,,,,,أخصائي بحث تربوي,7,,,,,,,,جازان,الخدمات الإدارية وخدمات الدعم,صغيرة (فئة ب),احمر,40
,,,,,,أخصائي بحث ديني,53,,,,,,,,جازان,الزراعة والحراجة وصيد الأسماك,صغيرة (فئة ب),احمر,30
,,,,,,أخصائي بحث فتاوى,3,,,,,,,,جازان,الصناعة التحويلية,صغيرة (فئة ب),احمر,108
,,,,,,أخصائي بحث قضايا,77,,,,,,,,جازان,الفنون والترفيه والتسلية,صغيرة (فئة ب),احمر,12
,,,,,,أخصائي براءة الاختراع,2,,,,,,,,جازان,المعلومات والاتصالات,صغيرة (فئة ب),احمر,5
,,,,,,أخصائي بصريات,1307,,,,,,,,جازان,النقل والتخزين,صغيرة (فئة ب),احمر,28
,,,,,,أخصائي بيانات ضخمة,37,,,,,,,,جازان,تجارة الجملة والتجزئة وإصلاح المركبات ذات المحركات والدرجات النارية,صغيرة (فئة ب),احمر,863
,,,,,,أخصائي بيئي,693,,,,,,,,حائل,غير خاضعة لانشطة ISIC4,صغيرة (فئة ب),احمر,99
,,,,,,أخصائي تاريخ,9,,,,,,,,حائل,أنشطة الخدمات الأخرى,صغيرة (فئة ب),احمر,38
,,,,,,أخصائي تأمين,3321,,,,,,,,حائل,أنشطة خدمات الاقامة والطعام,صغيرة (فئة ب),احمر,119
,,,,,,أخصائي تجارة الكترونية,750,,,,,,,,حائل,أنشطة صحة الانسان والعمل الاجتماعي,صغيرة (فئة ب),احمر,6
,,,,,,أخصائي تجاري,620,,,,,,,,حائل,إمدادات المياه وأنشطة الصرف الصحي وإدارة النفايات ومعالجتها,صغيرة (فئة ب),احمر,2
,,,,,,أخصائي تحليل الأعمال,911,,,,,,,,حائل,الأنشطة العقارية,صغيرة (فئة ب),احمر,25
,,,,,,أخصائي تحليل جنائي رقمي,6,,,,,,,,حائل,الأنشطة المهنية والعلمية والتقنية,صغيرة (فئة ب),احمر,18
,,,,,,أخصائي تحليل مالي,8788,,,,,,,,حائل,التشييد,صغيرة (فئة ب),احمر,173
,,,,,,أخصائي تحول رقمي,404,,,,,,,,حائل,التعدين واستغلال المحاجر,صغيرة (فئة ب),احمر,1
,,,,,,أخصائي تخطيط قوى عاملة,346,,,,,,,,حائل,التعليم,صغيرة (فئة ب),احمر,4
,,,,,,أخصائي تخطيط مالي,384,,,,,,,,حائل,الخدمات الإدارية وخدمات الدعم,صغيرة (فئة ب),احمر,34
,,,,,,أخصائي تداول أوراق مالية,46,,,,,,,,حائل,الزراعة والحراجة وصيد الأسماك,صغيرة (فئة ب),احمر,29
,,,,,,أخصائي تدريب,2,,,,,,,,حائل,الصناعة التحويلية,صغيرة (فئة ب),احمر,83
,,,,,,أخصائي تدريب وتطوير موارد بشرية,2295,,,,,,,,حائل,الفنون والترفيه والتسلية,صغيرة (فئة ب),احمر,9
,,,,,,أخصائي تربية حيوانات,353,,,,,,,,حائل,المعلومات والاتصالات,صغيرة (فئة ب),احمر,1
,,,,,,أخصائي تربية خاصة,0,,,,,,,,حائل,النقل والتخزين,صغيرة (فئة ب),احمر,34
,,,,,,أخصائي تركيب صوتي,26,,,,,,,,حائل,تجارة الجملة والتجزئة وإصلاح المركبات ذات المحركات والدرجات النارية,صغيرة (فئة ب),احمر,453
,,,,,,أخصائي ترميم آثار,42,,,,,,,,حائل,لأنشطة المالية وأنشطة التأمين,صغيرة (فئة ب),احمر,1
,,,,,,أخصائي ترميم وثائق ومخطوطات,11,,,,,,,,عسير,غير خاضعة لانشطة ISIC4,صغيرة (فئة ب),احمر,72
,,,,,,أخصائي ترميم ولوحات فنية,19,,,,,,,,عسير,أنشطة الخدمات الأخرى,صغيرة (فئة ب),احمر,80
,,,,,,أخصائي تروية قلبية,10,,,,,,,,عسير,أنشطة خدمات الاقامة والطعام,صغيرة (فئة ب),احمر,532
,,,,,,أخصائي تسويق,158995,,,,,,,,عسير,أنشطة صحة الانسان والعمل الاجتماعي,صغيرة (فئة ب),احمر,18
,,,,,,أخصائي تشغيل الأنظمة,191,,,,,,,,عسير,إمدادات المياه وأنشطة الصرف الصحي وإدارة النفايات ومعالجتها,صغيرة (فئة ب),احمر,1
,,,,,,أخصائي تشفير,6,,,,,,,,عسير,الأنشطة العقارية,صغيرة (فئة ب),احمر,24
,,,,,,أخصائي تصميم برامج تدريبية,409,,,,,,,,عسير,الأنشطة المهنية والعلمية والتقنية,صغيرة (فئة ب),احمر,18
,,,,,,أخصائي تصنيف وظيفي ومهني,19,,,,,,,,عسير,"الإدارة العامة والدفاع , الضمان الاجتماعي الالزامي",صغيرة (فئة ب),احمر,1
,,,,,,أخصائي تطوير إداري,1743,,,,,,,,عسير,التشييد,صغيرة (فئة ب),احمر,246
,,,,,,أخصائي تطوير البرمجيات,450,,,,,,,,عسير,التعدين واستغلال المحاجر,صغيرة (فئة ب),احمر,1
,,,,,,أخصائي تطوير سياحي,99,,,,,,,,عسير,التعليم,صغيرة (فئة ب),احمر,4
,,,,,,أخصائي تطوير مناهج,178,,,,,,,,عسير,الخدمات الإدارية وخدمات الدعم,صغيرة (فئة ب),احمر,67
,,,,,,أخصائي تطوير منتجات مالية,194,,,,,,,,عسير,الزراعة والحراجة وصيد الأسماك,صغيرة (فئة ب),احمر,72
,,,,,,أخصائي تعاقب وظيفي,6,,,,,,,,عسير,الصناعة التحويلية,صغيرة (فئة ب),احمر,194
,,,,,,أخصائي تعاون دولي,92,,,,,,,,عسير,الفنون والترفيه والتسلية,صغيرة (فئة ب),احمر,11
,,,,,,أخصائي تعويضات,101,,,,,,,,عسير,المعلومات والاتصالات,صغيرة (فئة ب),احمر,11
,,,,,,أخصائي تغذية,2158,,,,,,,,عسير,النقل والتخزين,صغيرة (فئة ب),احمر,54
,,,,,,أخصائي تغذية رياضيين,12,,,,,,,,عسير,تجارة الجملة والتجزئة وإصلاح المركبات ذات المحركات والدرجات النارية,صغيرة (فئة ب),احمر,"1,427"
,,,,,,أخصائي تغذية سريرية,387,,,,,,,,عسير,لأنشطة المالية وأنشطة التأمين,صغيرة (فئة ب),احمر,1
,,,,,,أخصائي تقنية إشعاعية,2182,,,,,,,,مكة المكرمة,غير خاضعة لانشطة ISIC4,صغيرة (فئة ب),احمر,399
,,,,,,أخصائي تقنية حيوية,35,,,,,,,,مكة المكرمة,أنشطة الخدمات الأخرى,صغيرة (فئة ب),احمر,341
,,,,,,أخصائي تقنية هندسة  إلكترونية,183,,,,,,,,مكة المكرمة,أنشطة خدمات الاقامة والطعام,صغيرة (فئة ب),احمر,"1,550"
,,,,,,أخصائي تقنية هندسة  تقنية معلومات,739,,,,,,,,مكة المكرمة,أنشطة صحة الانسان والعمل الاجتماعي,صغيرة (فئة ب),احمر,43
,,,,,,أخصائي تقنية هندسة  شبكات,174,,,,,,,,مكة المكرمة,إمدادات الكهرباء والغاز والبخار وتكييف الهواء,صغيرة (فئة ب),احمر,4
,,,,,,أخصائي تقنية هندسة  كهرباء,205,,,,,,,,مكة المكرمة,إمدادات المياه وأنشطة الصرف الصحي وإدارة النفايات ومعالجتها,صغيرة (فئة ب),احمر,31
,,,,,,أخصائي تقنية هندسة  كيميائية,46,,,,,,,,مكة المكرمة,الأنشطة العقارية,صغيرة (فئة ب),احمر,184
,,,,,,أخصائي تقنية هندسة  مدنية,90,,,,,,,,مكة المكرمة,الأنشطة المهنية والعلمية والتقنية,صغيرة (فئة ب),احمر,83
,,,,,,أخصائي تقنية هندسة  ميكانيكية,209,,,,,,,,مكة المكرمة,التشييد,صغيرة (فئة ب),احمر,"1,750"
,,,,,,أخصائي تقنية هندسة أجهزة طبية,94,,,,,,,,مكة المكرمة,التعدين واستغلال المحاجر,صغيرة (فئة ب),احمر,11
,,,,,,أخصائي تقنية هندسة إنتاج,68,,,,,,,,مكة المكرمة,التعليم,صغيرة (فئة ب),احمر,46
,,,,,,أخصائي تقويم أسنان,2,,,,,,,,مكة المكرمة,الخدمات الإدارية وخدمات الدعم,صغيرة (فئة ب),احمر,508
,,,,,,اخصائي تقييم ثغرات,45,,,,,,,,مكة المكرمة,الزراعة والحراجة وصيد الأسماك,صغيرة (فئة ب),احمر,63
,,,,,,أخصائي تلوث هواء,23,,,,,,,,مكة المكرمة,الصناعة التحويلية,صغيرة (فئة ب),احمر,561
,,,,,,أخصائي تمريض,24566,,,,,,,,مكة المكرمة,الفنون والترفيه والتسلية,صغيرة (فئة ب),احمر,41
,,,,,,أخصائي تمريض أطفال,5,,,,,,,,مكة المكرمة,المعلومات والاتصالات,صغيرة (فئة ب),احمر,70
,,,,,,أخصائي تمريض الرعاية الحرجة,8,,,,,,,,مكة المكرمة,النقل والتخزين,صغيرة (فئة ب),احمر,382
,,,,,,أخصائي تمريض النساء والولادة,91,,,,,,,,مكة المكرمة,تجارة الجملة والتجزئة وإصلاح المركبات ذات المحركات والدرجات النارية,صغيرة (فئة ب),احمر,"5,483"
,,,,,,أخصائي تمريض أمومة وطفولة,35,,,,,,,,مكة المكرمة,لأنشطة المالية وأنشطة التأمين,صغيرة (فئة ب),احمر,28
,,,,,,أخصائي تمريض باطني وجراحي,8,,,,,,,,نجران,غير خاضعة لانشطة ISIC4,صغيرة (فئة ب),احمر,79
,,,,,,أخصائي تمريض تخدير,151,,,,,,,,نجران,أنشطة الخدمات الأخرى,صغيرة (فئة ب),احمر,60
,,,,,,أخصائي تمريض حديثي الولادة,4,,,,,,,,نجران,أنشطة خدمات الاقامة والطعام,صغيرة (فئة ب),احمر,91
,,,,,,أخصائي تمريض رعاية أولية,46,,,,,,,,نجران,أنشطة صحة الانسان والعمل الاجتماعي,صغيرة (فئة ب),احمر,2
,,,,,,أخصائي تمريض رعاية حرجة أطفال,2,,,,,,,,نجران,إمدادات المياه وأنشطة الصرف الصحي وإدارة النفايات ومعالجتها,صغيرة (فئة ب),احمر,2
,,,,,,أخصائي تمريض رعاية كبار السن,12,,,,,,,,نجران,الأنشطة العقارية,صغيرة (فئة ب),احمر,14
,,,,,,أخصائي تمريض سريري,138,,,,,,,,نجران,الأنشطة المهنية والعلمية والتقنية,صغيرة (فئة ب),احمر,9
,,,,,,أخصائي تمريض صحة مجتمع,19,,,,,,,,نجران,التشييد,صغيرة (فئة ب),احمر,133
,,,,,,أخصائي تمريض صحة نفسية وعقلية,47,,,,,,,,نجران,التعليم,صغيرة (فئة ب),احمر,2
,,,,,,أخصائي تمريض طوارئ,407,,,,,,,,نجران,الخدمات الإدارية وخدمات الدعم,صغيرة (فئة ب),احمر,30
,,,,,,أخصائي تمريض متخصص,478,,,,,,,,نجران,الزراعة والحراجة وصيد الأسماك,صغيرة (فئة ب),احمر,64
,,,,,,أخصائي تمويل شركات,130,,,,,,,,نجران,الصناعة التحويلية,صغيرة (فئة ب),احمر,59
,,,,,,أخصائي تنظيم إداري,1971,,,,,,,,نجران,الفنون والترفيه والتسلية,صغيرة (فئة ب),احمر,5
,,,,,,أخصائي تنظيم مؤتمرات وفعاليات,493,,,,,,,,نجران,المعلومات والاتصالات,صغيرة (فئة ب),احمر,2
,,,,,,أخصائي تنقيب اثار,3,,,,,,,,نجران,النقل والتخزين,صغيرة (فئة ب),احمر,46
,,,,,,أخصائي تنقيب بيانات,59,,,,,,,,نجران,تجارة الجملة والتجزئة وإصلاح المركبات ذات المحركات والدرجات النارية,صغيرة (فئة ب),احمر,324
,,,,,,أخصائي تواصل داخلي,684,,,,,,,,الرياض,الخدمات الإدارية وخدمات الدعم,عملاقة,احمر,2
,,,,,,أخصائي توجيه تربوي,70,,,,,,,,الرياض,الصناعة التحويلية,عملاقة,احمر,1
,,,,,,أخصائي توجيه مهني,447,,,,,,,,الرياض,النقل والتخزين,عملاقة,احمر,2
,,,,,,أخصائي توريد للعلامات التجارية الخاصة,137,,,,,,,,الشرقية,أنشطة خدمات الاقامة والطعام,عملاقة,احمر,1
,,,,,,أخصائي توظيف,2437,,,,,,,,الشرقية,التشييد,عملاقة,احمر,2
,,,,,,أخصائي توعية جمهور,37,,,,,,,,الشرقية,التعدين واستغلال المحاجر,عملاقة,احمر,2
,,,,,,اخصائي ثاني,109,,,,,,,,الشرقية,الخدمات الإدارية وخدمات الدعم,عملاقة,احمر,5
,,,,,,أخصائي جغرافيا,286,,,,,,,,الشرقية,الصناعة التحويلية,عملاقة,احمر,3
,,,,,,أخصائي جمركي,169,,,,,,,,الشرقية,النقل والتخزين,عملاقة,احمر,2
,,,,,,أخصائي جودة,4271,,,,,,,,حائل,الصناعة التحويلية,عملاقة,احمر,1
,,,,,,أخصائي جودة مياه,130,,,,,,,,مكة المكرمة,التشييد,عملاقة,احمر,1
,,,,,,أخصائي حج وعمرة,8,,,,,,,,مكة المكرمة,الصناعة التحويلية,عملاقة,احمر,2
,,,,,,أخصائي حسابات ضرائب,442,,,,,,,,الباحة,تجارة الجملة والتجزئة وإصلاح المركبات ذات المحركات والدرجات النارية,كبيرة,احمر,2
,,,,,,أخصائي حماية بيئة,157,,,,,,,,الجوف,الخدمات الإدارية وخدمات الدعم,كبيرة,احمر,1
,,,,,,أخصائي حمية غذائية,24,,,,,,,,الجوف,تجارة الجملة والتجزئة وإصلاح المركبات ذات المحركات والدرجات النارية,كبيرة,احمر,3
,,,,,,أخصائي حوسبة سحابية,71,,,,,,,,الحدود الشمالية,الصناعة التحويلية,كبيرة,احمر,1
,,,,,,أخصائي حوسبة سحابية آمنة,11,,,,,,,,الحدود الشمالية,تجارة الجملة والتجزئة وإصلاح المركبات ذات المحركات والدرجات النارية,كبيرة,احمر,4
,,,,,,اخصائي خدمات التقنية,1087,,,,,,,,الرياض,غير خاضعة لانشطة ISIC4,كبيرة,احمر,6
,,,,,,أخصائي خدمات مصرفية,2081,,,,,,,,الرياض,أنشطة الخدمات الأخرى,كبيرة,احمر,3
,,,,,,أخصائي خدمة اجتماعية,2114,,,,,,,,الرياض,أنشطة خدمات الاقامة والطعام,كبيرة,احمر,8
,,,,,,أخصائي خدمة عملاء,33113,,,,,,,,الرياض,أنشطة صحة الانسان والعمل الاجتماعي,كبيرة,احمر,10
,,,,,,أخصائي خرائط رقمية,0,,,,,,,,الرياض,إمدادات المياه وأنشطة الصرف الصحي وإدارة النفايات ومعالجتها,كبيرة,احمر,2
,,,,,,أخصائي خزانة,126,,,,,,,,الرياض,التشييد,كبيرة,احمر,83
,,,,,,أخصائي خصوصية وحماية بيانات,46,,,,,,,,الرياض,التعدين واستغلال المحاجر,كبيرة,احمر,1
,,,,,,أخصائي خوادم,177,,,,,,,,الرياض,التعليم,كبيرة,احمر,1
,,,,,,أخصائي دعاية وإعلان,1136,,,,,,,,الرياض,الخدمات الإدارية وخدمات الدعم,كبيرة,احمر,9
,,,,,,أخصائي دعم فني,8205,,,,,,,,الرياض,الزراعة والحراجة وصيد الأسماك,كبيرة,احمر,6
,,,,,,أخصائي دفاع سيبراني بنية تحتية,42,,,,,,,,الرياض,الصناعة التحويلية,كبيرة,احمر,18
,,,,,,أخصائي ذكاء اصطناعي,105,,,,,,,,الرياض,المعلومات والاتصالات,كبيرة,احمر,2
,,,,,,أخصائي ذكاء اصطناعي أمن سيبراني,23,,,,,,,,الرياض,النقل والتخزين,كبيرة,احمر,12
,,,,,,أخصائي ذكاء أعمال,422,,,,,,,,الرياض,تجارة الجملة والتجزئة وإصلاح المركبات ذات المحركات والدرجات النارية,كبيرة,احمر,43
,,,,,,أخصائي رصد زلازل,1,,,,,,,,الشرقية,غير خاضعة لانشطة ISIC4,كبيرة,احمر,1
,,,,,,أخصائي رعاية أحداث,11,,,,,,,,الشرقية,التشييد,كبيرة,احمر,39
,,,,,,أخصائي رعاية تنفسية,609,,,,,,,,الشرقية,الخدمات الإدارية وخدمات الدعم,كبيرة,احمر,7
,,,,,,أخصائي رعاية طبية طارئة,1295,,,,,,,,الشرقية,الصناعة التحويلية,كبيرة,احمر,7
,,,,,,أخصائي رقابة آثار,4,,,,,,,,الشرقية,النقل والتخزين,كبيرة,احمر,1
,,,,,,أخصائي رقابة إدارية,786,,,,,,,,الشرقية,تجارة الجملة والتجزئة وإصلاح المركبات ذات المحركات والدرجات النارية,كبيرة,احمر,39
,,,,,,أخصائي رقابة إعلامية,29,,,,,,,,القصيم,أنشطة خدمات الاقامة والطعام,كبيرة,احمر,1
,,,,,,أخصائي رقابة أنظمة عمل,62,,,,,,,,القصيم,إمدادات المياه وأنشطة الصرف الصحي وإدارة النفايات ومعالجتها,كبيرة,احمر,1
,,,,,,أخصائي رقابة سياحية,81,,,,,,,,القصيم,التشييد,كبيرة,احمر,5
,,,,,,أخصائي رقابة عمليات,1737,,,,,,,,القصيم,الخدمات الإدارية وخدمات الدعم,كبيرة,احمر,3
,,,,,,أخصائي رقابة فندقية,73,,,,,,,,القصيم,تجارة الجملة والتجزئة وإصلاح المركبات ذات المحركات والدرجات النارية,كبيرة,احمر,6
,,,,,,أخصائي رقابة مالية,423,,,,,,,,المدينة,أنشطة خدمات الاقامة والطعام,كبيرة,احمر,1
,,,,,,أخصائي روماتيزم و تأهيل,0,,,,,,,,المدينة,الخدمات الإدارية وخدمات الدعم,كبيرة,احمر,2
,,,,,,أخصائي زراعي,1115,,,,,,,,المدينة,الصناعة التحويلية,كبيرة,احمر,4
,,,,,,أخصائي سلامة وصحة مهنية,944,,,,,,,,المدينة,تجارة الجملة والتجزئة وإصلاح المركبات ذات المحركات والدرجات النارية,كبيرة,احمر,5
,,,,,,أخصائي سمعيات,97,,,,,,,,تبوك,أنشطة خدمات الاقامة والطعام,كبيرة,احمر,1
,,,,,,أخصائي سياحة,366,,,,,,,,تبوك,الأنشطة المهنية والعلمية والتقنية,كبيرة,احمر,1
,,,,,,أخصائي سياسات,63,,,,,,,,تبوك,الخدمات الإدارية وخدمات الدعم,كبيرة,احمر,1
,,,,,,أخصائي سياسات أمن سيبراني,27,,,,,,,,تبوك,تجارة الجملة والتجزئة وإصلاح المركبات ذات المحركات والدرجات النارية,كبيرة,احمر,3
,,,,,,أخصائي شؤون طلاب,149,,,,,,,,جازان,التشييد,كبيرة,احمر,1
,,,,,,أخصائي شؤون طيران,535,,,,,,,,جازان,الصناعة التحويلية,كبيرة,احمر,1
,,,,,,أخصائي شؤون مناطق,8,,,,,,,,جازان,تجارة الجملة والتجزئة وإصلاح المركبات ذات المحركات والدرجات النارية,كبيرة,احمر,3
,,,,,,أخصائي صحة عامة,648,,,,,,,,حائل,التشييد,كبيرة,احمر,1
,,,,,,أخصائي صحة وسلامة مهنية,4778,,,,,,,,حائل,الخدمات الإدارية وخدمات الدعم,كبيرة,احمر,2
,,,,,,أخصائي صعوبات تعلم,5,,,,,,,,حائل,تجارة الجملة والتجزئة وإصلاح المركبات ذات المحركات والدرجات النارية,كبيرة,احمر,4
,,,,,,أخصائي ضمان اجتماعي,3,,,,,,,,عسير,إمدادات المياه وأنشطة الصرف الصحي وإدارة النفايات ومعالجتها,كبيرة,احمر,1
,,,,,,أخصائي ضمان الجودة الطبية,39,,,,,,,,عسير,التشييد,كبيرة,احمر,2
,,,,,,أخصائي طب أسنان أطفال,0,,,,,,,,عسير,الخدمات الإدارية وخدمات الدعم,كبيرة,احمر,1
,,,,,,أخصائي طب شعبي,1,,,,,,,,عسير,تجارة الجملة والتجزئة وإصلاح المركبات ذات المحركات والدرجات النارية,كبيرة,احمر,10
,,,,,,أخصائي عقود,4104,,,,,,,,مكة المكرمة,غير خاضعة لانشطة ISIC4,كبيرة,احمر,2
,,,,,,أخصائي علاج بالفن التشيكلي,0,,,,,,,,مكة المكرمة,أنشطة خدمات الاقامة والطعام,كبيرة,احمر,1
,,,,,,اخصائي علاج بالفنون,7,,,,,,,,مكة المكرمة,الأنشطة العقارية,كبيرة,احمر,1
,,,,,,أخصائي علاج تنفسي,0,,,,,,,,مكة المكرمة,التشييد,كبيرة,احمر,11
,,,,,,أخصائي علاج جذور و عصب,0,,,,,,,,مكة المكرمة,التعدين واستغلال المحاجر,كبيرة,احمر,1
,,,,,,أخصائي علاج طبيعي,3730,,,,,,,,مكة المكرمة,الخدمات الإدارية وخدمات الدعم,كبيرة,احمر,3
,,,,,,اخصائي علاج طبيعي خاص,65,,,,,,,,مكة المكرمة,الصناعة التحويلية,كبيرة,احمر,6
,,,,,,أخصائي علاج قدم,26,,,,,,,,مكة المكرمة,النقل والتخزين,كبيرة,احمر,1
,,,,,,أخصائي علاج وظيفي,455,,,,,,,,مكة المكرمة,تجارة الجملة والتجزئة وإصلاح المركبات ذات المحركات والدرجات النارية,كبيرة,احمر,34
,,,,,,اخصائي علاج وظيفي,0,,,,,,,,نجران,الصناعة التحويلية,كبيرة,احمر,1
,,,,,,أخصائي علاقات عامة,8069,,,,,,,,نجران,تجارة الجملة والتجزئة وإصلاح المركبات ذات المحركات والدرجات النارية,كبيرة,احمر,2
,,,,,,أخصائي علاقات مستثمرين,294,,,,,,,,الباحة,أنشطة خدمات الاقامة والطعام,متوسطة (فئة أ),احمر,10
,,,,,,أخصائي علم اجتماع,184,,,,,,,,الباحة,الخدمات الإدارية وخدمات الدعم,متوسطة (فئة أ),احمر,3
,,,,,,أخصائي علوم أجنة,6,,,,,,,,الباحة,تجارة الجملة والتجزئة وإصلاح المركبات ذات المحركات والدرجات النارية,متوسطة (فئة أ),احمر,13
,,,,,,أخصائي علوم أحياء,226,,,,,,,,الجوف,الأنشطة المهنية والعلمية والتقنية,متوسطة (فئة أ),احمر,1
,,,,,,أخصائي علوم أحياء بحرية,92,,,,,,,,الجوف,التشييد,متوسطة (فئة أ),احمر,3
,,,,,,أخصائي علوم أحياء دقيقة,120,,,,,,,,الجوف,التعدين واستغلال المحاجر,متوسطة (فئة أ),احمر,1
,,,,,,أخصائي علوم أدوية,37,,,,,,,,الجوف,الصناعة التحويلية,متوسطة (فئة أ),احمر,2
,,,,,,أخصائي علوم المحيطات,2,,,,,,,,الجوف,النقل والتخزين,متوسطة (فئة أ),احمر,1
,,,,,,أخصائي علوم إنسان,3,,,,,,,,الجوف,تجارة الجملة والتجزئة وإصلاح المركبات ذات المحركات والدرجات النارية,متوسطة (فئة أ),احمر,7
,,,,,,أخصائي علوم أوبئة,31,,,,,,,,الحدود الشمالية,التشييد,متوسطة (فئة أ),احمر,2
,,,,,,أخصائي علوم بكتريا,31,,,,,,,,الحدود الشمالية,تجارة الجملة والتجزئة وإصلاح المركبات ذات المحركات والدرجات النارية,متوسطة (فئة أ),احمر,3
,,,,,,أخصائي علوم بيانات,247,,,,,,,,الرياض,غير خاضعة لانشطة ISIC4,متوسطة (فئة أ),احمر,13
,,,,,,أخصائي علوم بيانات أمن سيبراني,21,,,,,,,,الرياض,أنشطة الخدمات الأخرى,متوسطة (فئة أ),احمر,46
,,,,,,أخصائي علوم حاسب آلي,5390,,,,,,,,الرياض,أنشطة خدمات الاقامة والطعام,متوسطة (فئة أ),احمر,46
,,,,,,أخصائي علوم حشرات,688,,,,,,,,الرياض,أنشطة صحة الانسان والعمل الاجتماعي,متوسطة (فئة أ),احمر,13
,,,,,,أخصائي علوم حيوانات,22,,,,,,,,الرياض,إمدادات المياه وأنشطة الصرف الصحي وإدارة النفايات ومعالجتها,متوسطة (فئة أ),احمر,6
,,,,,,أخصائي علوم رياضيات,43,,,,,,,,الرياض,الأنشطة العقارية,متوسطة (فئة أ),احمر,11
,,,,,,أخصائي علوم سياسية,7,,,,,,,,الرياض,الأنشطة المهنية والعلمية والتقنية,متوسطة (فئة أ),احمر,5
,,,,,,أخصائي علوم صيدلانية,41,,,,,,,,الرياض,التشييد,متوسطة (فئة أ),احمر,429
,,,,,,أخصائي علوم طبية,10,,,,,,,,الرياض,التعدين واستغلال المحاجر,متوسطة (فئة أ),احمر,7
,,,,,,أخصائي علوم فلك,2,,,,,,,,الرياض,التعليم,متوسطة (فئة أ),احمر,5
,,,,,,أخصائي علوم فيزياء حيوية,20,,,,,,,,الرياض,الخدمات الإدارية وخدمات الدعم,متوسطة (فئة أ),احمر,86
,,,,,,أخصائي علوم فيزياء نووية,15,,,,,,,,الرياض,الزراعة والحراجة وصيد الأسماك,متوسطة (فئة أ),احمر,67
,,,,,,أخصائي علوم فيزيائية فلكية,1,,,,,,,,الرياض,الصناعة التحويلية,متوسطة (فئة أ),احمر,146
,,,,,,أخصائي علوم كيمياء حيوية,86,,,,,,,,الرياض,المعلومات والاتصالات,متوسطة (فئة أ),احمر,13
,,,,,,أخصائي علوم مناخ,3,,,,,,,,الرياض,النقل والتخزين,متوسطة (فئة أ),احمر,65
,,,,,,أخصائي علوم نبات,249,,,,,,,,الرياض,تجارة الجملة والتجزئة وإصلاح المركبات ذات المحركات والدرجات النارية,متوسطة (فئة أ),احمر,233
,,,,,,أخصائي علوم وراثة,18,,,,,,,,الرياض,لأنشطة المالية وأنشطة التأمين,متوسطة (فئة أ),احمر,2
,,,,,,أخصائي عمليات بريدية,223,,,,,,,,الشرقية,غير خاضعة لانشطة ISIC4,متوسطة (فئة أ),احمر,2
,,,,,,أخصائي عمليات موارد بشرية,13592,,,,,,,,الشرقية,أنشطة الخدمات الأخرى,متوسطة (فئة أ),احمر,1
,,,,,,أخصائي فلسفة,4,,,,,,,,الشرقية,أنشطة خدمات الاقامة والطعام,متوسطة (فئة أ),احمر,57
,,,,,,أخصائي فندقة,175,,,,,,,,الشرقية,أنشطة صحة الانسان والعمل الاجتماعي,متوسطة (فئة أ),احمر,3
,,,,,,أخصائي فندقية,9,,,,,,,,الشرقية,الأنشطة العقارية,متوسطة (فئة أ),احمر,2
,,,,,,أخصائي فيزياء طبية,109,,,,,,,,الشرقية,الأنشطة المهنية والعلمية والتقنية,متوسطة (فئة أ),احمر,3
,,,,,,أخصائي قانوني,9034,,,,,,,,الشرقية,التشييد,متوسطة (فئة أ),احمر,117
,,,,,,أخصائي قانوني أمن سيبراني,10,,,,,,,,الشرقية,التعدين واستغلال المحاجر,متوسطة (فئة أ),احمر,3
,,,,,,أخصائي قبالة,684,,,,,,,,الشرقية,الخدمات الإدارية وخدمات الدعم,متوسطة (فئة أ),احمر,8
,,,,,,أخصائي قبول وتسجيل,264,,,,,,,,الشرقية,الصناعة التحويلية,متوسطة (فئة أ),احمر,45
,,,,,,أخصائي قياس وتقويم,64,,,,,,,,الشرقية,المعلومات والاتصالات,متوسطة (فئة أ),احمر,1
,,,,,,اخصائي لغات,270,,,,,,,,الشرقية,النقل والتخزين,متوسطة (فئة أ),احمر,25
,,,,,,أخصائي لغوي,232,,,,,,,,الشرقية,تجارة الجملة والتجزئة وإصلاح المركبات ذات المحركات والدرجات النارية,متوسطة (فئة أ),احمر,118
,,,,,,أخصائي مبيعات,28645,,,,,,,,الشرقية,لأنشطة المالية وأنشطة التأمين,متوسطة (فئة أ),احمر,1
,,,,,,أخصائي مبيعات أجهزة تقنية المعلومات والاتصالات,196,,,,,,,,القصيم,غير خاضعة لانشطة ISIC4,متوسطة (فئة أ),احمر,3
,,,,,,أخصائي مبيعات مستلزمات طبية,400,,,,,,,,القصيم,أنشطة الخدمات الأخرى,متوسطة (فئة أ),احمر,6
,,,,,,أخصائي مبيعات منتجات صناعية,365,,,,,,,,القصيم,أنشطة خدمات الاقامة والطعام,متوسطة (فئة أ),احمر,12
,,,,,,أخصائي مبيعات منتجات صيدلانية,185,,,,,,,,القصيم,أنشطة صحة الانسان والعمل الاجتماعي,متوسطة (فئة أ),احمر,1
,,,,,,أخصائي مبيعات نظم تقنية المعلومات والاتصالات,192,,,,,,,,القصيم,الأنشطة المهنية والعلمية والتقنية,متوسطة (فئة أ),احمر,2
,,,,,,أخصائي متاحف,4,,,,,,,,القصيم,التشييد,متوسطة (فئة أ),احمر,121
,,,,,,أخصائي محميات طبيعية,3,,,,,,,,القصيم,الخدمات الإدارية وخدمات الدعم,متوسطة (فئة أ),احمر,27
,,,,,,أخصائي مخاطر أمن سيبراني,153,,,,,,,,القصيم,الزراعة والحراجة وصيد الأسماك,متوسطة (فئة أ),احمر,5
,,,,,,أخصائي مخاطر أمن سيبراني أنظمة تحكم صناعي وتقنيات تشغيلية,13,,,,,,,,القصيم,الصناعة التحويلية,متوسطة (فئة أ),احمر,50
,,,,,,أخصائي مختبر,1105,,,,,,,,القصيم,النقل والتخزين,متوسطة (فئة أ),احمر,9
,,,,,,أخصائي مختبرات سريرية,302,,,,,,,,القصيم,تجارة الجملة والتجزئة وإصلاح المركبات ذات المحركات والدرجات النارية,متوسطة (فئة أ),احمر,21
,,,,,,أخصائي مختبرات طبية,4344,,,,,,,,المدينة,أنشطة خدمات الاقامة والطعام,متوسطة (فئة أ),احمر,23
,,,,,,أخصائي مراسم,26,,,,,,,,المدينة,أنشطة صحة الانسان والعمل الاجتماعي,متوسطة (فئة أ),احمر,5
,,,,,,أخصائي مراقبة مخزون,838,,,,,,,,المدينة,الأنشطة العقارية,متوسطة (فئة أ),احمر,1
,,,,,,أخصائي مراقبة موارد بشرية,816,,,,,,,,المدينة,التشييد,متوسطة (فئة أ),احمر,12
,,,,,,أخصائي مركز البيانات والبيئة الحية,28,,,,,,,,المدينة,التعليم,متوسطة (فئة أ),احمر,2
,,,,,,أخصائي مزارع أسماك و قشريات,55,,,,,,,,المدينة,الخدمات الإدارية وخدمات الدعم,متوسطة (فئة أ),احمر,12
,,,,,,أخصائي مسار وظيفي,18,,,,,,,,المدينة,الصناعة التحويلية,متوسطة (فئة أ),احمر,12
,,,,,,أخصائي مساندة,1653,,,,,,,,المدينة,الفنون والترفيه والتسلية,متوسطة (فئة أ),احمر,1
,,,,,,أخصائي مستودعات,1874,,,,,,,,المدينة,النقل والتخزين,متوسطة (فئة أ),احمر,2
,,,,,,أخصائي مسح جوي رقمي,0,,,,,,,,المدينة,تجارة الجملة والتجزئة وإصلاح المركبات ذات المحركات والدرجات النارية,متوسطة (فئة أ),احمر,62
,,,,,,أخصائي مشتريات,6846,,,,,,,,تبوك,أنشطة خدمات الاقامة والطعام,متوسطة (فئة أ),احمر,9
,,,,,,أخصائي معدات بحرية,26,,,,,,,,تبوك,التشييد,متوسطة (فئة أ),احمر,2
,,,,,,أخصائي معلوماتية صحية,643,,,,,,,,تبوك,الخدمات الإدارية وخدمات الدعم,متوسطة (فئة أ),احمر,3
,,,,,,أخصائي مكافحة عدوى,1,,,,,,,,تبوك,الصناعة التحويلية,متوسطة (فئة أ),احمر,3
,,,,,,اخصائي مكتب إدارة المشاريع,2,,,,,,,,تبوك,تجارة الجملة والتجزئة وإصلاح المركبات ذات المحركات والدرجات النارية,متوسطة (فئة أ),احمر,5
,,,,,,أخصائي مكتب الدعم الفني,181,,,,,,,,جازان,غير خاضعة لانشطة ISIC4,متوسطة (فئة أ),احمر,1
,,,,,,أخصائي مكتبات,74,,,,,,,,جازان,أنشطة خدمات الاقامة والطعام,متوسطة (فئة أ),احمر,7
,,,,,,أخصائي مناقصات,242,,,,,,,,جازان,إمدادات الكهرباء والغاز والبخار وتكييف الهواء,متوسطة (فئة أ),احمر,1
,,,,,,أخصائي موازنة مالية,437,,,,,,,,جازان,التشييد,متوسطة (فئة أ),احمر,5
,,,,,,اخصائي مواصفات ومقاييس وجودة,381,,,,,,,,جازان,التعدين واستغلال المحاجر,متوسطة (فئة أ),احمر,1
,,,,,,أخصائي مونتاج,70,,,,,,,,جازان,الصناعة التحويلية,متوسطة (فئة أ),احمر,8
,,,,,,أخصائي مؤثرات,5,,,,,,,,جازان,النقل والتخزين,متوسطة (فئة أ),احمر,9
,,,,,,اخصائي نطق و سمع خاص,35,,,,,,,,جازان,تجارة الجملة والتجزئة وإصلاح المركبات ذات المحركات والدرجات النارية,متوسطة (فئة أ),احمر,25
,,,,,,أخصائي نفسي,1456,,,,,,,,حائل,غير خاضعة لانشطة ISIC4,متوسطة (فئة أ),احمر,2
,,,,,,اخصائي هندسة البرمجيات,317,,,,,,,,حائل,أنشطة خدمات الاقامة والطعام,متوسطة (فئة أ),احمر,4
,,,,,,أخصائي هندسة برمجيات ضارة,34,,,,,,,,حائل,الأنشطة المهنية والعلمية والتقنية,متوسطة (فئة أ),احمر,1
,,,,,,أخصائي هندسة قيمية,7,,,,,,,,حائل,التشييد,متوسطة (فئة أ),احمر,5
,,,,,,أخصائي وثائق ومخطوطات,668,,,,,,,,حائل,الخدمات الإدارية وخدمات الدعم,متوسطة (فئة أ),احمر,1
,,,,,,أخصائي وخز بإبر صينية,9,,,,,,,,حائل,الصناعة التحويلية,متوسطة (فئة أ),احمر,4
,,,,,,أخصائي وسائل تعليمية,204,,,,,,,,حائل,تجارة الجملة والتجزئة وإصلاح المركبات ذات المحركات والدرجات النارية,متوسطة (فئة أ),احمر,10
,,,,,,اخصائي وقاية إشعاعية,70,,,,,,,,عسير,غير خاضعة لانشطة ISIC4,متوسطة (فئة أ),احمر,1
,,,,,,إداري أمن معلومات,107,,,,,,,,عسير,أنشطة الخدمات الأخرى,متوسطة (فئة أ),احمر,1
,,,,,,إداري انترنت,200,,,,,,,,عسير,أنشطة خدمات الاقامة والطعام,متوسطة (فئة أ),احمر,23
,,,,,,إداري تقارير,1,,,,,,,,عسير,أنشطة صحة الانسان والعمل الاجتماعي,متوسطة (فئة أ),احمر,1
,,,,,,إداري شبكات,105,,,,,,,,عسير,إمدادات المياه وأنشطة الصرف الصحي وإدارة النفايات ومعالجتها,متوسطة (فئة أ),احمر,2
,,,,,,إداري قواعد البيانات,289,,,,,,,,عسير,الأنشطة العقارية,متوسطة (فئة أ),احمر,1
,,,,,,إداري مواقع إلكترونية,687,,,,,,,,عسير,التشييد,متوسطة (فئة أ),احمر,14
,,,,,,اساتذة المرحلة الجامعية والتعليم العالي الاخرون,289,,,,,,,,عسير,التعدين واستغلال المحاجر,متوسطة (فئة أ),احمر,1
,,,,,,استاذ آداب,0,,,,,,,,عسير,الخدمات الإدارية وخدمات الدعم,متوسطة (فئة أ),احمر,1
,,,,,,أستاذ إدارة وأعمال,47,,,,,,,,عسير,الزراعة والحراجة وصيد الأسماك,متوسطة (فئة أ),احمر,1
,,,,,,أستاذ أدب ولغويات,200,,,,,,,,عسير,الصناعة التحويلية,متوسطة (فئة أ),احمر,9
,,,,,,استاذ ارصاد,0,,,,,,,,عسير,النقل والتخزين,متوسطة (فئة أ),احمر,1
,,,,,,استاذ تاريخ,0,,,,,,,,عسير,تجارة الجملة والتجزئة وإصلاح المركبات ذات المحركات والدرجات النارية,متوسطة (فئة أ),احمر,37
,,,,,,استاذ تربية,55,,,,,,,,مكة المكرمة,غير خاضعة لانشطة ISIC4,متوسطة (فئة أ),احمر,4
,,,,,,استاذ تربية رياضية,11,,,,,,,,مكة المكرمة,أنشطة الخدمات الأخرى,متوسطة (فئة أ),احمر,7
,,,,,,أستاذ تعليم عالي,1636,,,,,,,,مكة المكرمة,أنشطة خدمات الاقامة والطعام,متوسطة (فئة أ),احمر,90
,,,,,,أستاذ تقنية معلومات واتصالات,71,,,,,,,,مكة المكرمة,أنشطة صحة الانسان والعمل الاجتماعي,متوسطة (فئة أ),احمر,16
,,,,,,استاذ جراحة,1,,,,,,,,مكة المكرمة,إمدادات المياه وأنشطة الصرف الصحي وإدارة النفايات ومعالجتها,متوسطة (فئة أ),احمر,1
,,,,,,استاذ جغرافيا,0,,,,,,,,مكة المكرمة,الأنشطة العقارية,متوسطة (فئة أ),احمر,6
,,,,,,استاذ رياضيات,58,,,,,,,,مكة المكرمة,التشييد,متوسطة (فئة أ),احمر,77
,,,,,,أستاذ رياضيات وإحصاء,73,,,,,,,,مكة المكرمة,التعدين واستغلال المحاجر,متوسطة (فئة أ),احمر,2
,,,,,,أستاذ صحافة وإعلام,5,,,,,,,,مكة المكرمة,التعليم,متوسطة (فئة أ),احمر,7
,,,,,,استاذ صيدلة,0,,,,,,,,مكة المكرمة,الخدمات الإدارية وخدمات الدعم,متوسطة (فئة أ),احمر,33
,,,,,,استاذ طب اسنان,0,,,,,,,,مكة المكرمة,الصناعة التحويلية,متوسطة (فئة أ),احمر,43
,,,,,,استاذ طب بشري,1,,,,,,,,مكة المكرمة,الفنون والترفيه والتسلية,متوسطة (فئة أ),احمر,2
,,,,,,استاذ علم اجتماع,0,,,,,,,,مكة المكرمة,المعلومات والاتصالات,متوسطة (فئة أ),احمر,1
,,,,,,استاذ علم الاحصاء,0,,,,,,,,مكة المكرمة,النقل والتخزين,متوسطة (فئة أ),احمر,27
,,,,,,استاذ علم الادوية,0,,,,,,,,مكة المكرمة,تجارة الجملة والتجزئة وإصلاح المركبات ذات المحركات والدرجات النارية,متوسطة (فئة أ),احمر,155
,,,,,,استاذ علم تطبيقات الارض (جيولوجيا),4,,,,,,,,نجران,أنشطة الخدمات الأخرى,متوسطة (فئة أ),احمر,2
,,,,,,استاذ علم حيوان,0,,,,,,,,نجران,أنشطة خدمات الاقامة والطعام,متوسطة (فئة أ),احمر,4
,,,,,,استاذ علم مكتبات,3,,,,,,,,نجران,إمدادات المياه وأنشطة الصرف الصحي وإدارة النفايات ومعالجتها,متوسطة (فئة أ),احمر,1
,,,,,,استاذ علم نبات,2,,,,,,,,نجران,التشييد,متوسطة (فئة أ),احمر,7
,,,,,,استاذ علم نفس,0,,,,,,,,نجران,الخدمات الإدارية وخدمات الدعم,متوسطة (فئة أ),احمر,2
,,,,,,أستاذ علوم اجتماعية وسلوكية,46,,,,,,,,نجران,الصناعة التحويلية,متوسطة (فئة أ),احمر,4
,,,,,,استاذ علوم اقتصادية,0,,,,,,,,نجران,النقل والتخزين,متوسطة (فئة أ),احمر,1
,,,,,,أستاذ علوم إنسانية,13,,,,,,,,نجران,تجارة الجملة والتجزئة وإصلاح المركبات ذات المحركات والدرجات النارية,متوسطة (فئة أ),احمر,8
,,,,,,أستاذ علوم بيطرية,5,,,,,,,,الباحة,أنشطة خدمات الاقامة والطعام,متوسطة (فئة ب),احمر,2
,,,,,,أستاذ علوم بيئة,3,,,,,,,,الباحة,التشييد,متوسطة (فئة ب),احمر,1
,,,,,,أستاذ علوم تربوية,31,,,,,,,,الباحة,الصناعة التحويلية,متوسطة (فئة ب),احمر,1
,,,,,,أستاذ علوم حيوية,11,,,,,,,,الباحة,النقل والتخزين,متوسطة (فئة ب),احمر,1
,,,,,,استاذ علوم دينية,11,,,,,,,,الجوف,أنشطة خدمات الاقامة والطعام,متوسطة (فئة ب),احمر,1
,,,,,,أستاذ علوم زراعية,21,,,,,,,,الجوف,الخدمات الإدارية وخدمات الدعم,متوسطة (فئة ب),احمر,1
,,,,,,استاذ علوم زراعية,0,,,,,,,,الجوف,الصناعة التحويلية,متوسطة (فئة ب),احمر,1
,,,,,,أستاذ علوم صحية,160,,,,,,,,الجوف,تجارة الجملة والتجزئة وإصلاح المركبات ذات المحركات والدرجات النارية,متوسطة (فئة ب),احمر,3
,,,,,,استاذ علوم طبية مساعدة,0,,,,,,,,الحدود الشمالية,أنشطة خدمات الاقامة والطعام,متوسطة (فئة ب),احمر,1
,,,,,,أستاذ علوم غابات,0,,,,,,,,الحدود الشمالية,الصناعة التحويلية,متوسطة (فئة ب),احمر,2
,,,,,,أستاذ علوم فيزيائية,45,,,,,,,,الرياض,غير خاضعة لانشطة ISIC4,متوسطة (فئة ب),احمر,10
,,,,,,أستاذ علوم كيميائية,45,,,,,,,,الرياض,أنشطة الخدمات الأخرى,متوسطة (فئة ب),احمر,17
,,,,,,أستاذ علوم لوجيستية ونقل,15,,,,,,,,الرياض,أنشطة خدمات الاقامة والطعام,متوسطة (فئة ب),احمر,19
,,,,,,استاذ علوم مالية وتجارية,6,,,,,,,,الرياض,أنشطة صحة الانسان والعمل الاجتماعي,متوسطة (فئة ب),احمر,10
,,,,,,أستاذ علوم هندسة معمارية وبناء,10,,,,,,,,الرياض,إمدادات الكهرباء والغاز والبخار وتكييف الهواء,متوسطة (فئة ب),احمر,1
,,,,,,أستاذ علوم هندسية,56,,,,,,,,الرياض,إمدادات المياه وأنشطة الصرف الصحي وإدارة النفايات ومعالجتها,متوسطة (فئة ب),احمر,1
,,,,,,أستاذ فندقة وسياحة,11,,,,,,,,الرياض,الأنشطة العقارية,متوسطة (فئة ب),احمر,7
,,,,,,أستاذ فنون,33,,,,,,,,الرياض,الأنشطة المهنية والعلمية والتقنية,متوسطة (فئة ب),احمر,2
,,,,,,استاذ فنون تشكيلية,0,,,,,,,,الرياض,التشييد,متوسطة (فئة ب),احمر,276
,,,,,,استاذ فيزياء,0,,,,,,,,الرياض,التعدين واستغلال المحاجر,متوسطة (فئة ب),احمر,4
,,,,,,أستاذ قانون,22,,,,,,,,الرياض,التعليم,متوسطة (فئة ب),احمر,9
,,,,,,استاذ قانون,0,,,,,,,,الرياض,الخدمات الإدارية وخدمات الدعم,متوسطة (فئة ب),احمر,108
,,,,,,استاذ كيمياء,0,,,,,,,,الرياض,الزراعة والحراجة وصيد الأسماك,متوسطة (فئة ب),احمر,63
,,,,,,استاذ لغات,0,,,,,,,,الرياض,الصناعة التحويلية,متوسطة (فئة ب),احمر,47
,,,,,,أستاذ مساعد,1,,,,,,,,الرياض,المعلومات والاتصالات,متوسطة (فئة ب),احمر,9
,,,,,,استاذ ملاحة جوية,0,,,,,,,,الرياض,النقل والتخزين,متوسطة (فئة ب),احمر,12
,,,,,,استاذ موسيقى,0,,,,,,,,الرياض,تجارة الجملة والتجزئة وإصلاح المركبات ذات المحركات والدرجات النارية,متوسطة (فئة ب),احمر,136
,,,,,,استاذ نظم معلومات,0,,,,,,,,الرياض,لأنشطة المالية وأنشطة التأمين,متوسطة (فئة ب),احمر,2
,,,,,,استاذ هندسة الكترونية,0,,,,,,,,الشرقية,أنشطة خدمات الاقامة والطعام,متوسطة (فئة ب),احمر,21
,,,,,,أستاذ هندسة حاسب آلي,0,,,,,,,,الشرقية,الأنشطة العقارية,متوسطة (فئة ب),احمر,3
,,,,,,استاذ هندسة صحة وبيئة,3,,,,,,,,الشرقية,التشييد,متوسطة (فئة ب),احمر,58
,,,,,,استاذ هندسة صناعية,0,,,,,,,,الشرقية,التعدين واستغلال المحاجر,متوسطة (فئة ب),احمر,2
,,,,,,استاذ هندسة كهربائية,0,,,,,,,,الشرقية,الخدمات الإدارية وخدمات الدعم,متوسطة (فئة ب),احمر,7
,,,,,,استاذ هندسة مدنية,0,,,,,,,,الشرقية,الصناعة التحويلية,متوسطة (فئة ب),احمر,25
,,,,,,استاذ هندسة معمارية,9,,,,,,,,الشرقية,المعلومات والاتصالات,متوسطة (فئة ب),احمر,1
,,,,,,استاذ هندسة ميكانيكية,0,,,,,,,,الشرقية,النقل والتخزين,متوسطة (فئة ب),احمر,14
,,,,,,استشاري,179,,,,,,,,الشرقية,تجارة الجملة والتجزئة وإصلاح المركبات ذات المحركات والدرجات النارية,متوسطة (فئة ب),احمر,68
,,,,,,استشاري أدوية,0,,,,,,,,القصيم,أنشطة الخدمات الأخرى,متوسطة (فئة ب),احمر,6
,,,,,,استشاري أسنان,59,,,,,,,,القصيم,أنشطة خدمات الاقامة والطعام,متوسطة (فئة ب),احمر,4
,,,,,,استشاري اسنان صحة عامة,0,,,,,,,,القصيم,أنشطة صحة الانسان والعمل الاجتماعي,متوسطة (فئة ب),احمر,2
,,,,,,استشاري أشعة,0,,,,,,,,القصيم,الأنشطة العقارية,متوسطة (فئة ب),احمر,1
,,,,,,إستشاري أطفال,0,,,,,,,,القصيم,التشييد,متوسطة (فئة ب),احمر,50
,,,,,,استشاري امراض مهنية,0,,,,,,,,القصيم,التعليم,متوسطة (فئة ب),احمر,2
,,,,,,استشاري أمراض نفسية,0,,,,,,,,القصيم,الخدمات الإدارية وخدمات الدعم,متوسطة (فئة ب),احمر,30
,,,,,,استشاري أنف وأذن وحنجرة,0,,,,,,,,القصيم,الزراعة والحراجة وصيد الأسماك,متوسطة (فئة ب),احمر,1
,,,,,,إستشاري أوعية دموية,0,,,,,,,,القصيم,الصناعة التحويلية,متوسطة (فئة ب),احمر,15
,,,,,,إستشاري باطنية,0,,,,,,,,القصيم,النقل والتخزين,متوسطة (فئة ب),احمر,1
,,,,,,استشاري تحاليل طبية,0,,,,,,,,القصيم,تجارة الجملة والتجزئة وإصلاح المركبات ذات المحركات والدرجات النارية,متوسطة (فئة ب),احمر,27
,,,,,,استشاري تخدير,0,,,,,,,,المدينة,أنشطة الخدمات الأخرى,متوسطة (فئة ب),احمر,1
,,,,,,استشاري تركيب نظارات طبية,0,,,,,,,,المدينة,أنشطة خدمات الاقامة والطعام,متوسطة (فئة ب),احمر,2
,,,,,,استشاري تغذية,39,,,,,,,,المدينة,أنشطة صحة الانسان والعمل الاجتماعي,متوسطة (فئة ب),احمر,1
,,,,,,استشاري تمريض,0,,,,,,,,المدينة,التشييد,متوسطة (فئة ب),احمر,7
,,,,,,استشاري تمريض امومة وطفولة,0,,,,,,,,المدينة,التعليم,متوسطة (فئة ب),احمر,1
,,,,,,استشاري تمريض جراحة,0,,,,,,,,المدينة,الخدمات الإدارية وخدمات الدعم,متوسطة (فئة ب),احمر,7
,,,,,,استشاري جراحة انف واذن وحنجرة,0,,,,,,,,المدينة,الصناعة التحويلية,متوسطة (فئة ب),احمر,9
,,,,,,استشاري جراحة اوعية دموية,0,,,,,,,,المدينة,النقل والتخزين,متوسطة (فئة ب),احمر,2
,,,,,,استشاري جراحة تجميل,0,,,,,,,,المدينة,تجارة الجملة والتجزئة وإصلاح المركبات ذات المحركات والدرجات النارية,متوسطة (فئة ب),احمر,21
,,,,,,استشاري جراحة دماغ واعصاب,0,,,,,,,,تبوك,أنشطة خدمات الاقامة والطعام,متوسطة (فئة ب),احمر,1
,,,,,,استشاري جراحة عامة,0,,,,,,,,تبوك,الأنشطة العقارية,متوسطة (فئة ب),احمر,1
,,,,,,استشاري جراحة عظام,0,,,,,,,,تبوك,الخدمات الإدارية وخدمات الدعم,متوسطة (فئة ب),احمر,5
,,,,,,استشاري جراحة عيون,0,,,,,,,,تبوك,الزراعة والحراجة وصيد الأسماك,متوسطة (فئة ب),احمر,1
,,,,,,استشاري جراحة فم واسنان,0,,,,,,,,تبوك,الصناعة التحويلية,متوسطة (فئة ب),احمر,1
,,,,,,إستشاري جراحة قلب,0,,,,,,,,تبوك,تجارة الجملة والتجزئة وإصلاح المركبات ذات المحركات والدرجات النارية,متوسطة (فئة ب),احمر,3
,,,,,,استشاري جراحة مسالك بولية,0,,,,,,,,جازان,أنشطة خدمات الاقامة والطعام,متوسطة (فئة ب),احمر,3
,,,,,,إستشاري جلدية,1,,,,,,,,جازان,الأنشطة العقارية,متوسطة (فئة ب),احمر,2
,,,,,,إستشاري دماغ و أعصاب,0,,,,,,,,جازان,التشييد,متوسطة (فئة ب),احمر,1
,,,,,,استشاري شرعي,0,,,,,,,,جازان,تجارة الجملة والتجزئة وإصلاح المركبات ذات المحركات والدرجات النارية,متوسطة (فئة ب),احمر,7
,,,,,,إستشاري صحة عامة,0,,,,,,,,حائل,التشييد,متوسطة (فئة ب),احمر,4
,,,,,,إستشاري صدرية,0,,,,,,,,حائل,الزراعة والحراجة وصيد الأسماك,متوسطة (فئة ب),احمر,2
,,,,,,إستشاري طب عام,0,,,,,,,,حائل,الصناعة التحويلية,متوسطة (فئة ب),احمر,1
,,,,,,استشاري عظام,0,,,,,,,,حائل,تجارة الجملة والتجزئة وإصلاح المركبات ذات المحركات والدرجات النارية,متوسطة (فئة ب),احمر,7
,,,,,,استشاري علاج طبيعي,0,,,,,,,,عسير,أنشطة صحة الانسان والعمل الاجتماعي,متوسطة (فئة ب),احمر,1
,,,,,,إستشاري عيون,0,,,,,,,,عسير,التشييد,متوسطة (فئة ب),احمر,6
,,,,,,إستشاري غدد,0,,,,,,,,عسير,الخدمات الإدارية وخدمات الدعم,متوسطة (فئة ب),احمر,1
,,,,,,إستشاري قلب,0,,,,,,,,عسير,الصناعة التحويلية,متوسطة (فئة ب),احمر,2
,,,,,,استشاري مختبرانسجة حية,0,,,,,,,,عسير,تجارة الجملة والتجزئة وإصلاح المركبات ذات المحركات والدرجات النارية,متوسطة (فئة ب),احمر,13
,,,,,,إستشاري مسالك بولية,0,,,,,,,,مكة المكرمة,غير خاضعة لانشطة ISIC4,متوسطة (فئة ب),احمر,2
,,,,,,استشاري معالجة الاشعة,0,,,,,,,,مكة المكرمة,أنشطة الخدمات الأخرى,متوسطة (فئة ب),احمر,1
,,,,,,إستشاري نساء و ولادة,2,,,,,,,,مكة المكرمة,أنشطة خدمات الاقامة والطعام,متوسطة (فئة ب),احمر,19
,,,,,,اسكافي,334,,,,,,,,مكة المكرمة,أنشطة صحة الانسان والعمل الاجتماعي,متوسطة (فئة ب),احمر,5
,,,,,,اطباء بشريون اخرون,6,,,,,,,,مكة المكرمة,الأنشطة العقارية,متوسطة (فئة ب),احمر,5
,,,,,,إطفائي,1741,,,,,,,,مكة المكرمة,التشييد,متوسطة (فئة ب),احمر,44
,,,,,,اطفائي,971,,,,,,,,مكة المكرمة,التعدين واستغلال المحاجر,متوسطة (فئة ب),احمر,1
,,,,,,إكتواري,98,,,,,,,,مكة المكرمة,التعليم,متوسطة (فئة ب),احمر,5
,,,,,,الفنيون في الهندسة الاخرون,987,,,,,,,,مكة المكرمة,الخدمات الإدارية وخدمات الدعم,متوسطة (فئة ب),احمر,17
,,,,,,الكتروني اجهزة تحكم,49,,,,,,,,مكة المكرمة,الزراعة والحراجة وصيد الأسماك,متوسطة (فئة ب),احمر,1
,,,,,,الكتروني اجهزة حماية,47,,,,,,,,مكة المكرمة,الصناعة التحويلية,متوسطة (فئة ب),احمر,25
,,,,,,الكتروني صناعي عام,218,,,,,,,,مكة المكرمة,الفنون والترفيه والتسلية,متوسطة (فئة ب),احمر,2
,,,,,,الكتروني صيانة اجهزة اتصال عام,249,,,,,,,,مكة المكرمة,النقل والتخزين,متوسطة (فئة ب),احمر,15
,,,,,,الكتروني صيانة اجهزة رصد,2,,,,,,,,مكة المكرمة,تجارة الجملة والتجزئة وإصلاح المركبات ذات المحركات والدرجات النارية,متوسطة (فئة ب),احمر,81
,,,,,,الكتروني صيانة اجهزة طبية,138,,,,,,,,مكة المكرمة,لأنشطة المالية وأنشطة التأمين,متوسطة (فئة ب),احمر,4
,,,,,,الكتروني صيانة الات مبرمجة,61,,,,,,,,نجران,أنشطة خدمات الاقامة والطعام,متوسطة (فئة ب),احمر,2
,,,,,,الكتروني صيانة تلفاز,0,,,,,,,,نجران,أنشطة صحة الانسان والعمل الاجتماعي,متوسطة (فئة ب),احمر,2
,,,,,,الكتروني صيانة حاسبات,121,,,,,,,,نجران,الأنشطة العقارية,متوسطة (فئة ب),احمر,2
,,,,,,الكتروني صيانة راديو وتلفاز عام,0,,,,,,,,نجران,التشييد,متوسطة (فئة ب),احمر,4
,,,,,,الكتروني صيانة مذياع,15,,,,,,,,نجران,الزراعة والحراجة وصيد الأسماك,متوسطة (فئة ب),احمر,1
,,,,,,الكتروني صيانة مقاسم,50,,,,,,,,نجران,الصناعة التحويلية,متوسطة (فئة ب),احمر,3
,,,,,,الكتروني صيانة مقاسم عام,23,,,,,,,,نجران,تجارة الجملة والتجزئة وإصلاح المركبات ذات المحركات والدرجات النارية,متوسطة (فئة ب),احمر,2
,,,,,,الكتروني صيانة هاتف,11,,,,,,,,الباحة,الصناعة التحويلية,متوسطة (فئة ج),احمر,1
,,,,,,إلكتروني طائرات,82,,,,,,,,الباحة,النقل والتخزين,متوسطة (فئة ج),احمر,1
,,,,,,النائب العام,211,,,,,,,,الجوف,التشييد,متوسطة (فئة ج),احمر,3
,,,,,,أم مواطن,1,,,,,,,,الجوف,الخدمات الإدارية وخدمات الدعم,متوسطة (فئة ج),احمر,2
,,,,,,إمام مسجد,30,,,,,,,,الجوف,النقل والتخزين,متوسطة (فئة ج),احمر,1
,,,,,,أمين سر دائرة قضائية,0,,,,,,,,الجوف,تجارة الجملة والتجزئة وإصلاح المركبات ذات المحركات والدرجات النارية,متوسطة (فئة ج),احمر,1
,,,,,,أمين سر لجنة,19,,,,,,,,الحدود الشمالية,إمدادات المياه وأنشطة الصرف الصحي وإدارة النفايات ومعالجتها,متوسطة (فئة ج),احمر,1
,,,,,,أمين صندوق,13589,,,,,,,,الحدود الشمالية,التشييد,متوسطة (فئة ج),احمر,1
,,,,,,أمين عام منظمة ذات اهتمامات خاصة,83,,,,,,,,الحدود الشمالية,النقل والتخزين,متوسطة (فئة ج),احمر,1
,,,,,,أمين متجر,109,,,,,,,,الرياض,غير خاضعة لانشطة ISIC4,متوسطة (فئة ج),احمر,5
,,,,,,أمين متحف,11,,,,,,,,الرياض,أنشطة الخدمات الأخرى,متوسطة (فئة ج),احمر,9
,,,,,,امين متحف,12,,,,,,,,الرياض,أنشطة خدمات الاقامة والطعام,متوسطة (فئة ج),احمر,27
,,,,,,أمين مجلس,75,,,,,,,,الرياض,أنشطة صحة الانسان والعمل الاجتماعي,متوسطة (فئة ج),احمر,9
,,,,,,أمين محفوظات,1112,,,,,,,,الرياض,الأنشطة العقارية,متوسطة (فئة ج),احمر,3
,,,,,,أمين مخزن,7691,,,,,,,,الرياض,الأنشطة المهنية والعلمية والتقنية,متوسطة (فئة ج),احمر,1
,,,,,,امين مخزن,3385,,,,,,,,الرياض,التشييد,متوسطة (فئة ج),احمر,135
,,,,,,أمين مستودع فني,1134,,,,,,,,الرياض,التعليم,متوسطة (فئة ج),احمر,5
,,,,,,أمين معرض,257,,,,,,,,الرياض,الخدمات الإدارية وخدمات الدعم,متوسطة (فئة ج),احمر,29
,,,,,,أمين مكتبة,281,,,,,,,,الرياض,الزراعة والحراجة وصيد الأسماك,متوسطة (فئة ج),احمر,18
,,,,,,امين مكتبه,234,,,,,,,,الرياض,الصناعة التحويلية,متوسطة (فئة ج),احمر,45
,,,,,,أمين منطقة,10,,,,,,,,الرياض,الفنون والترفيه والتسلية,متوسطة (فئة ج),احمر,1
,,,,,,امين وثائق ومحفوظات,1109,,,,,,,,الرياض,المعلومات والاتصالات,متوسطة (فئة ج),احمر,5
,,,,,,باحث,659,,,,,,,,الرياض,النقل والتخزين,متوسطة (فئة ج),احمر,18
,,,,,,باحث اجتماعي,21,,,,,,,,الرياض,تجارة الجملة والتجزئة وإصلاح المركبات ذات المحركات والدرجات النارية,متوسطة (فئة ج),احمر,51
,,,,,,باحث اجتماعي عام,918,,,,,,,,الرياض,لأنشطة المالية وأنشطة التأمين,متوسطة (فئة ج),احمر,1
,,,,,,باحث أكاديمي,381,,,,,,,,الشرقية,أنشطة خدمات الاقامة والطعام,متوسطة (فئة ج),احمر,12
,,,,,,باحث أمن سيبراني,24,,,,,,,,الشرقية,أنشطة صحة الانسان والعمل الاجتماعي,متوسطة (فئة ج),احمر,2
,,,,,,باحث تنظيم,15,,,,,,,,الشرقية,إمدادات الكهرباء والغاز والبخار وتكييف الهواء,متوسطة (فئة ج),احمر,1
,,,,,,باحث نفسي,32,,,,,,,,الشرقية,إمدادات المياه وأنشطة الصرف الصحي وإدارة النفايات ومعالجتها,متوسطة (فئة ج),احمر,3
,,,,,,بائع,155394,,,,,,,,الشرقية,الأنشطة العقارية,متوسطة (فئة ج),احمر,1
,,,,,,بائع أثاث,2145,,,,,,,,الشرقية,الأنشطة المهنية والعلمية والتقنية,متوسطة (فئة ج),احمر,1
,,,,,,بائع اثاث خشبي,713,,,,,,,,الشرقية,التشييد,متوسطة (فئة ج),احمر,23
,,,,,,بائع اثاث معدني,77,,,,,,,,الشرقية,التعدين واستغلال المحاجر,متوسطة (فئة ج),احمر,2
,,,,,,بائع اجهزة دقيقة,303,,,,,,,,الشرقية,التعليم,متوسطة (فئة ج),احمر,1
,,,,,,بائع اجهزة طبية,62,,,,,,,,الشرقية,الخدمات الإدارية وخدمات الدعم,متوسطة (فئة ج),احمر,5
,,,,,,بائع اجهزة علمية عام,9,,,,,,,,الشرقية,الزراعة والحراجة وصيد الأسماك,متوسطة (فئة ج),احمر,1
,,,,,,بائع اجهزة كهربائية منزلية,1039,,,,,,,,الشرقية,الصناعة التحويلية,متوسطة (فئة ج),احمر,26
,,,,,,بائع اجهزة مخبرية,5,,,,,,,,الشرقية,النقل والتخزين,متوسطة (فئة ج),احمر,10
,,,,,,بائع اجهزة مساحة,6,,,,,,,,الشرقية,تجارة الجملة والتجزئة وإصلاح المركبات ذات المحركات والدرجات النارية,متوسطة (فئة ج),احمر,29
,,,,,,بائع اجهزة موسيقية كهربائية,5,,,,,,,,القصيم,أنشطة الخدمات الأخرى,متوسطة (فئة ج),احمر,1
,,,,,,بائع احذية,328,,,,,,,,القصيم,التشييد,متوسطة (فئة ج),احمر,30
,,,,,,بائع احذية وحقائب,2353,,,,,,,,القصيم,الخدمات الإدارية وخدمات الدعم,متوسطة (فئة ج),احمر,14
,,,,,,بائع اخشاب,48,,,,,,,,القصيم,الصناعة التحويلية,متوسطة (فئة ج),احمر,7
,,,,,,بائع ادوات رياضية,51,,,,,,,,القصيم,النقل والتخزين,متوسطة (فئة ج),احمر,1
,,,,,,بائع ادوات صناعية,0,,,,,,,,القصيم,تجارة الجملة والتجزئة وإصلاح المركبات ذات المحركات والدرجات النارية,متوسطة (فئة ج),احمر,10
,,,,,,بائع ادوات منزلية,516,,,,,,,,المدينة,غير خاضعة لانشطة ISIC4,متوسطة (فئة ج),احمر,1
,,,,,,بائع أدوات موسيقية,46,,,,,,,,المدينة,أنشطة خدمات الاقامة والطعام,متوسطة (فئة ج),احمر,3
,,,,,,بائع ادوات موسيقية,1,,,,,,,,المدينة,أنشطة صحة الانسان والعمل الاجتماعي,متوسطة (فئة ج),احمر,2
,,,,,,بائع أدوات وأجهزة منزلية,4006,,,,,,,,المدينة,التشييد,متوسطة (فئة ج),احمر,7
,,,,,,بائع ادوات واجهزة منزلية عام,995,,,,,,,,المدينة,التعدين واستغلال المحاجر,متوسطة (فئة ج),احمر,1
,,,,,,بائع ادوات والات زراعية,25,,,,,,,,المدينة,الصناعة التحويلية,متوسطة (فئة ج),احمر,2
,,,,,,بائع أسطوانات غاز,157,,,,,,,,المدينة,النقل والتخزين,متوسطة (فئة ج),احمر,3
,,,,,,بائع اسماك,769,,,,,,,,المدينة,تجارة الجملة والتجزئة وإصلاح المركبات ذات المحركات والدرجات النارية,متوسطة (فئة ج),احمر,11
,,,,,,بائع أسواق,1529,,,,,,,,تبوك,أنشطة خدمات الاقامة والطعام,متوسطة (فئة ج),احمر,1
,,,,,,بائع اشرطة تسجيل,2,,,,,,,,تبوك,التشييد,متوسطة (فئة ج),احمر,5
,,,,,,بائع اطارات,50,,,,,,,,تبوك,النقل والتخزين,متوسطة (فئة ج),احمر,2
,,,,,,بائع اعلاف,5,,,,,,,,تبوك,تجارة الجملة والتجزئة وإصلاح المركبات ذات المحركات والدرجات النارية,متوسطة (فئة ج),احمر,8
,,,,,,بائع افلام واشرطة فيديو,2,,,,,,,,جازان,التشييد,متوسطة (فئة ج),احمر,1
,,,,,,بائع اقمشة,416,,,,,,,,جازان,الزراعة والحراجة وصيد الأسماك,متوسطة (فئة ج),احمر,2
,,,,,,بائع الات تصوير,16,,,,,,,,جازان,الصناعة التحويلية,متوسطة (فئة ج),احمر,2
,,,,,,بائع الات صناعية,53,,,,,,,,جازان,النقل والتخزين,متوسطة (فئة ج),احمر,2
,,,,,,بائع الات طابعة واستنساخ,5,,,,,,,,جازان,تجارة الجملة والتجزئة وإصلاح المركبات ذات المحركات والدرجات النارية,متوسطة (فئة ج),احمر,3
,,,,,,بائع الات كهربائية,133,,,,,,,,حائل,التشييد,متوسطة (فئة ج),احمر,1
,,,,,,بائع الزهور الطبيعية,175,,,,,,,,حائل,الصناعة التحويلية,متوسطة (فئة ج),احمر,2
,,,,,,بائع العاب اطفال,273,,,,,,,,حائل,النقل والتخزين,متوسطة (فئة ج),احمر,1
,,,,,,بائع العدد ولوازم النجارة,114,,,,,,,,حائل,تجارة الجملة والتجزئة وإصلاح المركبات ذات المحركات والدرجات النارية,متوسطة (فئة ج),احمر,4
,,,,,,بائع اليات انشاء,21,,,,,,,,عسير,أنشطة خدمات الاقامة والطعام,متوسطة (فئة ج),احمر,1
,,,,,,بائع اليات انشائية عام,10,,,,,,,,عسير,التشييد,متوسطة (فئة ج),احمر,5
,,,,,,بائع اليات طرق,2,,,,,,,,عسير,التعليم,متوسطة (فئة ج),احمر,2
,,,,,,بائع بذور واسمدة زراعية,25,,,,,,,,عسير,الخدمات الإدارية وخدمات الدعم,متوسطة (فئة ج),احمر,2
,,,,,,بائع تجهيزات الري,4,,,,,,,,عسير,الصناعة التحويلية,متوسطة (فئة ج),احمر,4
,,,,,,بائع تجهيزات الطب البيطري,1,,,,,,,,عسير,النقل والتخزين,متوسطة (فئة ج),احمر,4
,,,,,,بائع تجهيزات زراعيه عام,19,,,,,,,,عسير,تجارة الجملة والتجزئة وإصلاح المركبات ذات المحركات والدرجات النارية,متوسطة (فئة ج),احمر,9
,,,,,,بائع تجهيزات صناعيه عام,38,,,,,,,,مكة المكرمة,أنشطة خدمات الاقامة والطعام,متوسطة (فئة ج),احمر,22
,,,,,,بائع تجهيزات طبية عام,46,,,,,,,,مكة المكرمة,أنشطة صحة الانسان والعمل الاجتماعي,متوسطة (فئة ج),احمر,1
,,,,,,بائع تجهيزات مكتبة عام,39,,,,,,,,مكة المكرمة,إمدادات المياه وأنشطة الصرف الصحي وإدارة النفايات ومعالجتها,متوسطة (فئة ج),احمر,3
,,,,,,بائع تحف نحاسية,0,,,,,,,,مكة المكرمة,الأنشطة العقارية,متوسطة (فئة ج),احمر,1
,,,,,,بائع تذاكر,382,,,,,,,,مكة المكرمة,التشييد,متوسطة (فئة ج),احمر,32
,,,,,,بائع جرائد,111,,,,,,,,مكة المكرمة,التعليم,متوسطة (فئة ج),احمر,1
,,,,,,بائع حاسبات,285,,,,,,,,مكة المكرمة,الخدمات الإدارية وخدمات الدعم,متوسطة (فئة ج),احمر,7
,,,,,,بائع حقائب,166,,,,,,,,مكة المكرمة,الصناعة التحويلية,متوسطة (فئة ج),احمر,20
,,,,,,بائع حلويات,3431,,,,,,,,مكة المكرمة,الفنون والترفيه والتسلية,متوسطة (فئة ج),احمر,6
,,,,,,بائع حلي اصطناعية,162,,,,,,,,مكة المكرمة,النقل والتخزين,متوسطة (فئة ج),احمر,4
,,,,,,بائع حلي ذهبية,1,,,,,,,,مكة المكرمة,تجارة الجملة والتجزئة وإصلاح المركبات ذات المحركات والدرجات النارية,متوسطة (فئة ج),احمر,31
,,,,,,بائع حلي فضية,0,,,,,,,,نجران,أنشطة خدمات الاقامة والطعام,متوسطة (فئة ج),احمر,1
,,,,,,بائع خبز ومعجنات,1,,,,,,,,نجران,الخدمات الإدارية وخدمات الدعم,متوسطة (فئة ج),احمر,1
,,,,,,بائع خضار وفاكهة متجول,584,,,,,,,,نجران,النقل والتخزين,متوسطة (فئة ج),احمر,2
,,,,,,بائع خضار وفواكهة,864,,,,,,,,نجران,تجارة الجملة والتجزئة وإصلاح المركبات ذات المحركات والدرجات النارية,متوسطة (فئة ج),احمر,2
,,,,,,بائع دراجات نارية,7,,,,,,,,الباحة,غير خاضعة لانشطة ISIC4,صغيرة (فئة أ),احمر صغير (فئة أ),44
,,,,,,بائع دراجات هوائية,11,,,,,,,,الباحة,أنشطة الخدمات الأخرى,صغيرة (فئة أ),احمر صغير (فئة أ),62
,,,,,,بائع دهانات (اصباغ),257,,,,,,,,الباحة,أنشطة خدمات الاقامة والطعام,صغيرة (فئة أ),احمر صغير (فئة أ),120
,,,,,,بائع زهور اصطناعية,0,,,,,,,,الباحة,أنشطة صحة الانسان والعمل الاجتماعي,صغيرة (فئة أ),احمر صغير (فئة أ),8
,,,,,,بائع زهور ونباتات,1221,,,,,,,,الباحة,إمدادات الكهرباء والغاز والبخار وتكييف الهواء,صغيرة (فئة أ),احمر صغير (فئة أ),1
,,,,,,بائع ساعات,2636,,,,,,,,الباحة,إمدادات المياه وأنشطة الصرف الصحي وإدارة النفايات ومعالجتها,صغيرة (فئة أ),احمر صغير (فئة أ),3
,,,,,,بائع سجاد وبسط,369,,,,,,,,الباحة,الأنشطة العقارية,صغيرة (فئة أ),احمر صغير (فئة أ),8
,,,,,,بائع شتلات زراعية,9,,,,,,,,الباحة,الأنشطة المهنية والعلمية والتقنية,صغيرة (فئة أ),احمر صغير (فئة أ),10
,,,,,,بائع طعام متجول,110,,,,,,,,الباحة,التشييد,صغيرة (فئة أ),احمر صغير (فئة أ),177
,,,,,,بائع عطور,12468,,,,,,,,الباحة,التعدين واستغلال المحاجر,صغيرة (فئة أ),احمر صغير (فئة أ),1
,,,,,,بائع غاز,2,,,,,,,,الباحة,الخدمات الإدارية وخدمات الدعم,صغيرة (فئة أ),احمر صغير (فئة أ),25
,,,,,,بائع فحم وخشب وقود,2,,,,,,,,الباحة,الزراعة والحراجة وصيد الأسماك,صغيرة (فئة أ),احمر صغير (فئة أ),17
,,,,,,بائع فحم وخشب ووقود,148,,,,,,,,الباحة,الصناعة التحويلية,صغيرة (فئة أ),احمر صغير (فئة أ),92
,,,,,,بائع قرطاسية,225,,,,,,,,الباحة,الفنون والترفيه والتسلية,صغيرة (فئة أ),احمر صغير (فئة أ),4
,,,,,,بائع قطع جديدة للمركبات,1990,,,,,,,,الباحة,المعلومات والاتصالات,صغيرة (فئة أ),احمر صغير (فئة أ),2
,,,,,,بائع قطع غيار مركبات,7750,,,,,,,,الباحة,النقل والتخزين,صغيرة (فئة أ),احمر صغير (فئة أ),13
,,,,,,بائع قطع غيار مستعملة للمركبات,26,,,,,,,,الباحة,تجارة الجملة والتجزئة وإصلاح المركبات ذات المحركات والدرجات النارية,صغيرة (فئة أ),احمر صغير (فئة أ),312
,,,,,,بائع كتب,38,,,,,,,,الجوف,غير خاضعة لانشطة ISIC4,صغيرة (فئة أ),احمر صغير (فئة أ),152
,,,,,,بائع كشك,579,,,,,,,,الجوف,أنشطة الخدمات الأخرى,صغيرة (فئة أ),احمر صغير (فئة أ),82
,,,,,,بائع لوازم انشائية عام,95,,,,,,,,الجوف,أنشطة خدمات الاقامة والطعام,صغيرة (فئة أ),احمر صغير (فئة أ),156
,,,,,,بائع لوازم تكييف,153,,,,,,,,الجوف,أنشطة صحة الانسان والعمل الاجتماعي,صغيرة (فئة أ),احمر صغير (فئة أ),9
,,,,,,بائع لوازم تمديدات صحية,257,,,,,,,,الجوف,إمدادات المياه وأنشطة الصرف الصحي وإدارة النفايات ومعالجتها,صغيرة (فئة أ),احمر صغير (فئة أ),3
,,,,,,بائع لوازم تمديدات كهربائية,384,,,,,,,,الجوف,الأنشطة العقارية,صغيرة (فئة أ),احمر صغير (فئة أ),14
,,,,,,بائع لوازم خياطة,28,,,,,,,,الجوف,الأنشطة المهنية والعلمية والتقنية,صغيرة (فئة أ),احمر صغير (فئة أ),22
,,,,,,بائع لوازم خياطة وحياكة,404,,,,,,,,الجوف,التشييد,صغيرة (فئة أ),احمر صغير (فئة أ),245
,,,,,,بائع لوازم رحلات,0,,,,,,,,الجوف,التعدين واستغلال المحاجر,صغيرة (فئة أ),احمر صغير (فئة أ),3
,,,,,,بائع لوازم زراعية,994,,,,,,,,الجوف,التعليم,صغيرة (فئة أ),احمر صغير (فئة أ),4
,,,,,,بائع لوازم مركبات,2111,,,,,,,,الجوف,الخدمات الإدارية وخدمات الدعم,صغيرة (فئة أ),احمر صغير (فئة أ),43
,,,,,,بائع لوحات فنية,7,,,,,,,,الجوف,الزراعة والحراجة وصيد الأسماك,صغيرة (فئة أ),احمر صغير (فئة أ),65
,,,,,,بائع مأكولات ومشروبات,4334,,,,,,,,الجوف,الصناعة التحويلية,صغيرة (فئة أ),احمر صغير (فئة أ),147
,,,,,,بائع مباشر,1486,,,,,,,,الجوف,الفنون والترفيه والتسلية,صغيرة (فئة أ),احمر صغير (فئة أ),9
,,,,,,بائع مبيدات آفات زراعية,2,,,,,,,,الجوف,المعلومات والاتصالات,صغيرة (فئة أ),احمر صغير (فئة أ),8
,,,,,,بائع متجول,377,,,,,,,,الجوف,النقل والتخزين,صغيرة (فئة أ),احمر صغير (فئة أ),43
,,,,,,بائع مجوهرات,6161,,,,,,,,الجوف,تجارة الجملة والتجزئة وإصلاح المركبات ذات المحركات والدرجات النارية,صغيرة (فئة أ),احمر صغير (فئة أ),551
,,,,,,بائع مخصبات زراعية,0,,,,,,,,الحدود الشمالية,غير خاضعة لانشطة ISIC4,صغيرة (فئة أ),احمر صغير (فئة أ),57
,,,,,,بائع مرطبات,0,,,,,,,,الحدود الشمالية,أنشطة الخدمات الأخرى,صغيرة (فئة أ),احمر صغير (فئة أ),85
,,,,,,بائع مركبات,1183,,,,,,,,الحدود الشمالية,أنشطة خدمات الاقامة والطعام,صغيرة (فئة أ),احمر صغير (فئة أ),178
,,,,,,بائع مركبات جديدة,593,,,,,,,,الحدود الشمالية,أنشطة صحة الانسان والعمل الاجتماعي,صغيرة (فئة أ),احمر صغير (فئة أ),6
,,,,,,بائع مركبات مستعملة,38,,,,,,,,الحدود الشمالية,إمدادات المياه وأنشطة الصرف الصحي وإدارة النفايات ومعالجتها,صغيرة (فئة أ),احمر صغير (فئة أ),5
,,,,,,بائع مستحضرات ادوات التجميل عام,1979,,,,,,,,الحدود الشمالية,الأنشطة العقارية,صغيرة (فئة أ),احمر صغير (فئة أ),13
,,,,,,بائع مستحضرات وأدوات تجميل,2280,,,,,,,,الحدود الشمالية,الأنشطة المهنية والعلمية والتقنية,صغيرة (فئة أ),احمر صغير (فئة أ),7
,,,,,,بائع معادن,58,,,,,,,,الحدود الشمالية,التشييد,صغيرة (فئة أ),احمر صغير (فئة أ),294
,,,,,,بائع مفارش وبطانيات,2,,,,,,,,الحدود الشمالية,التعدين واستغلال المحاجر,صغيرة (فئة أ),احمر صغير (فئة أ),2
,,,,,,بائع ملابس اطفال,1,,,,,,,,الحدود الشمالية,التعليم,صغيرة (فئة أ),احمر صغير (فئة أ),1
,,,,,,بائع ملابس جاهزة,23501,,,,,,,,الحدود الشمالية,الخدمات الإدارية وخدمات الدعم,صغيرة (فئة أ),احمر صغير (فئة أ),47
,,,,,,بائع ملابس جلدية,0,,,,,,,,الحدود الشمالية,الزراعة والحراجة وصيد الأسماك,صغيرة (فئة أ),احمر صغير (فئة أ),7
,,,,,,بائع ملابس رجالية,0,,,,,,,,الحدود الشمالية,الصناعة التحويلية,صغيرة (فئة أ),احمر صغير (فئة أ),94
,,,,,,بائع ملابس رياضية,288,,,,,,,,الحدود الشمالية,الفنون والترفيه والتسلية,صغيرة (فئة أ),احمر صغير (فئة أ),8
,,,,,,بائع ملابس نسائية,0,,,,,,,,الحدود الشمالية,المعلومات والاتصالات,صغيرة (فئة أ),احمر صغير (فئة أ),6
,,,,,,بائع منتجات البان,87,,,,,,,,الحدود الشمالية,النقل والتخزين,صغيرة (فئة أ),احمر صغير (فئة أ),31
,,,,,,بائع منتجات تراثية (سياحة),7,,,,,,,,الحدود الشمالية,تجارة الجملة والتجزئة وإصلاح المركبات ذات المحركات والدرجات النارية,صغيرة (فئة أ),احمر صغير (فئة أ),500
,,,,,,بائع منتجات دواجن,73,,,,,,,,الحدود الشمالية,لأنشطة المالية وأنشطة التأمين,صغيرة (فئة أ),احمر صغير (فئة أ),3
,,,,,,بائع منتجات نفطية عام,43,,,,,,,,الرياض,غير خاضعة لانشطة ISIC4,صغيرة (فئة أ),احمر صغير (فئة أ),"31,845"
,,,,,,بائع منسوجات,3478,,,,,,,,الرياض,أنشطة الخدمات الأخرى,صغيرة (فئة أ),احمر صغير (فئة أ),"2,379"
,,,,,,بائع منسوجات وجلود عام,192,,,,,,,,الرياض,أنشطة خدمات الاقامة والطعام,صغيرة (فئة أ),احمر صغير (فئة أ),"3,735"
,,,,,,بائع مواد ابنية,609,,,,,,,,الرياض,أنشطة صحة الانسان والعمل الاجتماعي,صغيرة (فئة أ),احمر صغير (فئة أ),607
,,,,,,بائع مواد انشائية,3681,,,,,,,,الرياض,إمدادات الكهرباء والغاز والبخار وتكييف الهواء,صغيرة (فئة أ),احمر صغير (فئة أ),25
,,,,,,بائع مواد انشائية عام,687,,,,,,,,الرياض,إمدادات المياه وأنشطة الصرف الصحي وإدارة النفايات ومعالجتها,صغيرة (فئة أ),احمر صغير (فئة أ),55
,,,,,,بائع مواد تموينيه / عام,3512,,,,,,,,الرياض,الأنشطة العقارية,صغيرة (فئة أ),احمر صغير (فئة أ),674
,,,,,,بائع مواشي,407,,,,,,,,الرياض,الأنشطة المهنية والعلمية والتقنية,صغيرة (فئة أ),احمر صغير (فئة أ),"1,315"
,,,,,,بائع نظارات,706,,,,,,,,الرياض,التشييد,صغيرة (فئة أ),احمر صغير (فئة أ),"10,675"
,,,,,,بائع هاتفي,883,,,,,,,,الرياض,التعدين واستغلال المحاجر,صغيرة (فئة أ),احمر صغير (فئة أ),100
,,,,,,بائع هدايا وتحف عام,453,,,,,,,,الرياض,التعليم,صغيرة (فئة أ),احمر صغير (فئة أ),299
,,,,,,بائع وقود سائل محطة تعبئة,45,,,,,,,,الرياض,الخدمات الإدارية وخدمات الدعم,صغيرة (فئة أ),احمر صغير (فئة أ),"2,276"
,,,,,,بائعة ملابس داخلية نسائية,316,,,,,,,,الرياض,الزراعة والحراجة وصيد الأسماك,صغيرة (فئة أ),احمر صغير (فئة أ),"1,074"
,,,,,,بحّار,1131,,,,,,,,الرياض,الصناعة التحويلية,صغيرة (فئة أ),احمر صغير (فئة أ),"4,232"
,,,,,,بحار,210,,,,,,,,الرياض,الفنون والترفيه والتسلية,صغيرة (فئة أ),احمر صغير (فئة أ),459
,,,,,,بحار عادي,0,,,,,,,,الرياض,المعلومات والاتصالات,صغيرة (فئة أ),احمر صغير (فئة أ),616
,,,,,,بحار متمرس,897,,,,,,,,الرياض,النقل والتخزين,صغيرة (فئة أ),احمر صغير (فئة أ),"7,147"
,,,,,,براد,146,,,,,,,,الرياض,تجارة الجملة والتجزئة وإصلاح المركبات ذات المحركات والدرجات النارية,صغيرة (فئة أ),احمر صغير (فئة أ),"16,079"
,,,,,,براد انابيب,36,,,,,,,,الرياض,لأنشطة المالية وأنشطة التأمين,صغيرة (فئة أ),احمر صغير (فئة أ),106
,,,,,,براد انابيب عام,0,,,,,,,,الشرقية,غير خاضعة لانشطة ISIC4,صغيرة (فئة أ),احمر صغير (فئة أ),"1,066"
,,,,,,براد عام,290,,,,,,,,الشرقية,أنشطة الخدمات الأخرى,صغيرة (فئة أ),احمر صغير (فئة أ),"1,235"
,,,,,,براد عده,0,,,,,,,,الشرقية,أنشطة خدمات الاقامة والطعام,صغيرة (فئة أ),احمر صغير (فئة أ),"2,157"
,,,,,,براد ميكانيكي تجميع الات وماكينات وتجهيزها,0,,,,,,,,الشرقية,أنشطة صحة الانسان والعمل الاجتماعي,صغيرة (فئة أ),احمر صغير (فئة أ),62
,,,,,,براد ميكانيكي تجميع صيانة الات التعدين وتجهيز الات,5,,,,,,,,الشرقية,إمدادات الكهرباء والغاز والبخار وتكييف الهواء,صغيرة (فئة أ),احمر صغير (فئة أ),14
,,,,,,براد ميكانيكي تجميع ماكينة صنع ادوات معدنية,0,,,,,,,,الشرقية,إمدادات المياه وأنشطة الصرف الصحي وإدارة النفايات ومعالجتها,صغيرة (فئة أ),احمر صغير (فئة أ),31
,,,,,,براد ميكانيكي تجميع محرك بحري وتجهيزه وصيانته,11,,,,,,,,الشرقية,الأنشطة العقارية,صغيرة (فئة أ),احمر صغير (فئة أ),247
,,,,,,براد ميكانيكي تجميع وتجهيز محرط الاحتراق الداخلي,64,,,,,,,,الشرقية,الأنشطة المهنية والعلمية والتقنية,صغيرة (فئة أ),احمر صغير (فئة أ),137
,,,,,,براد ميكانيكي تركيب الات وماكينات وصيانتها,3,,,,,,,,الشرقية,"الإدارة العامة والدفاع , الضمان الاجتماعي الالزامي",صغيرة (فئة أ),احمر صغير (فئة أ),1
,,,,,,براد ميكيانيكي تجميع تربينة وتجهيزها ما عدا الخاصة,0,,,,,,,,الشرقية,التشييد,صغيرة (فئة أ),احمر صغير (فئة أ),"5,668"
,,,,,,براد ميكيانيكي تجهيز معدات حفر الارض ونقل الاتربة,6,,,,,,,,الشرقية,التعدين واستغلال المحاجر,صغيرة (فئة أ),احمر صغير (فئة أ),46
,,,,,,بقال,12791,,,,,,,,الشرقية,التعليم,صغيرة (فئة أ),احمر صغير (فئة أ),37
,,,,,,بنّاء طوب,3530,,,,,,,,الشرقية,الخدمات الإدارية وخدمات الدعم,صغيرة (فئة أ),احمر صغير (فئة أ),749
,,,,,,بناء,62455,,,,,,,,الشرقية,الزراعة والحراجة وصيد الأسماك,صغيرة (فئة أ),احمر صغير (فئة أ),332
,,,,,,بناء حجر,3228,,,,,,,,الشرقية,الصناعة التحويلية,صغيرة (فئة أ),احمر صغير (فئة أ),"1,512"
,,,,,,بناء خرسانة,1029,,,,,,,,الشرقية,الفنون والترفيه والتسلية,صغيرة (فئة أ),احمر صغير (فئة أ),98
,,,,,,بناء خرسانة جاهزة,1049,,,,,,,,الشرقية,المعلومات والاتصالات,صغيرة (فئة أ),احمر صغير (فئة أ),116
,,,,,,بناء طوب,81,,,,,,,,الشرقية,النقل والتخزين,صغيرة (فئة أ),احمر صغير (فئة أ),507
,,,,,,بناء طوب حراري,5,,,,,,,,الشرقية,تجارة الجملة والتجزئة وإصلاح المركبات ذات المحركات والدرجات النارية,صغيرة (فئة أ),احمر صغير (فئة أ),"6,406"
,,,,,,بناء طوب مداخن المباني,0,,,,,,,,الشرقية,لأنشطة المالية وأنشطة التأمين,صغيرة (فئة أ),احمر صغير (فئة أ),36
,,,,,,بناء عام,645,,,,,,,,القصيم,غير خاضعة لانشطة ISIC4,صغيرة (فئة أ),احمر صغير (فئة أ),716
,,,,,,بناء قرميد,1,,,,,,,,القصيم,أنشطة الخدمات الأخرى,صغيرة (فئة أ),احمر صغير (فئة أ),507
,,,,,,بناء مداخن,56,,,,,,,,القصيم,أنشطة خدمات الاقامة والطعام,صغيرة (فئة أ),احمر صغير (فئة أ),963
,,,,,,بواب,251,,,,,,,,القصيم,أنشطة صحة الانسان والعمل الاجتماعي,صغيرة (فئة أ),احمر صغير (فئة أ),30
,,,,,,تاجر,19,,,,,,,,القصيم,إمدادات الكهرباء والغاز والبخار وتكييف الهواء,صغيرة (فئة أ),احمر صغير (فئة أ),2
,,,,,,تاجر رقمي,12,,,,,,,,القصيم,إمدادات المياه وأنشطة الصرف الصحي وإدارة النفايات ومعالجتها,صغيرة (فئة أ),احمر صغير (فئة أ),21
,,,,,,تاجر عملات أجنبية,3,,,,,,,,القصيم,الأنشطة العقارية,صغيرة (فئة أ),احمر صغير (فئة أ),83
,,,,,,تكنولوجي في صناعة الزجاج و الخزف,0,,,,,,,,القصيم,الأنشطة المهنية والعلمية والتقنية,صغيرة (فئة أ),احمر صغير (فئة أ),55
,,,,,,جامع بيانات,1186,,,,,,,,القصيم,التشييد,صغيرة (فئة أ),احمر صغير (فئة أ),"2,473"
,,,,,,جامع تبرعات,4,,,,,,,,القصيم,التعدين واستغلال المحاجر,صغيرة (فئة أ),احمر صغير (فئة أ),11
,,,,,,جامع ثمار ونباتات برية للاكتفاء الذاتي,2,,,,,,,,القصيم,التعليم,صغيرة (فئة أ),احمر صغير (فئة أ),13
,,,,,,جامع عينات,119,,,,,,,,القصيم,الخدمات الإدارية وخدمات الدعم,صغيرة (فئة أ),احمر صغير (فئة أ),464
,,,,,,جامع عينات تربة,232,,,,,,,,القصيم,الزراعة والحراجة وصيد الأسماك,صغيرة (فئة أ),احمر صغير (فئة أ),183
,,,,,,جامع عينات في تحلية المياه,12,,,,,,,,القصيم,الصناعة التحويلية,صغيرة (فئة أ),احمر صغير (فئة أ),783
,,,,,,جامع مياه,46,,,,,,,,القصيم,الفنون والترفيه والتسلية,صغيرة (فئة أ),احمر صغير (فئة أ),29
,,,,,,جامع نفايات,740,,,,,,,,القصيم,المعلومات والاتصالات,صغيرة (فئة أ),احمر صغير (فئة أ),45
,,,,,,جراح اختصاصي انف واذن وحنجره,6,,,,,,,,القصيم,النقل والتخزين,صغيرة (فئة أ),احمر صغير (فئة أ),251
,,,,,,جراح اختصاصي اوعية دموية,3,,,,,,,,القصيم,تجارة الجملة والتجزئة وإصلاح المركبات ذات المحركات والدرجات النارية,صغيرة (فئة أ),احمر صغير (فئة أ),"2,472"
,,,,,,جراح اختصاصي تجميل,17,,,,,,,,القصيم,لأنشطة المالية وأنشطة التأمين,صغيرة (فئة أ),احمر صغير (فئة أ),5
,,,,,,جراح اختصاصي جراحة عامة,51,,,,,,,,المدينة,غير خاضعة لانشطة ISIC4,صغيرة (فئة أ),احمر صغير (فئة أ),514
,,,,,,جراح اختصاصي دماغ واعصاب,4,,,,,,,,المدينة,أنشطة الخدمات الأخرى,صغيرة (فئة أ),احمر صغير (فئة أ),430
,,,,,,جراح اختصاصي عظام,21,,,,,,,,المدينة,أنشطة خدمات الاقامة والطعام,صغيرة (فئة أ),احمر صغير (فئة أ),"1,046"
,,,,,,جراح إختصاصي عيون,16,,,,,,,,المدينة,أنشطة صحة الانسان والعمل الاجتماعي,صغيرة (فئة أ),احمر صغير (فئة أ),52
,,,,,,جراح اختصاصي قلب,1,,,,,,,,المدينة,إمدادات الكهرباء والغاز والبخار وتكييف الهواء,صغيرة (فئة أ),احمر صغير (فئة أ),3
,,,,,,جراح اختصاصي مسالك بولية,7,,,,,,,,المدينة,إمدادات المياه وأنشطة الصرف الصحي وإدارة النفايات ومعالجتها,صغيرة (فئة أ),احمر صغير (فئة أ),6
,,,,,,جراح أخصائي,63,,,,,,,,المدينة,الأنشطة العقارية,صغيرة (فئة أ),احمر صغير (فئة أ),132
,,,,,,جراح فم ووجه وفكين,1553,,,,,,,,المدينة,الأنشطة المهنية والعلمية والتقنية,صغيرة (فئة أ),احمر صغير (فئة أ),54
,,,,,,جزّار,13862,,,,,,,,المدينة,"الإدارة العامة والدفاع , الضمان الاجتماعي الالزامي",صغيرة (فئة أ),احمر صغير (فئة أ),1
,,,,,,جزّاز صوف,8,,,,,,,,المدينة,التشييد,صغيرة (فئة أ),احمر صغير (فئة أ),"1,677"
,,,,,,جزار بالمجزرة,0,,,,,,,,المدينة,التعدين واستغلال المحاجر,صغيرة (فئة أ),احمر صغير (فئة أ),22
,,,,,,جزار حيوانات,0,,,,,,,,المدينة,التعليم,صغيرة (فئة أ),احمر صغير (فئة أ),16
,,,,,,جزار دواجن,1,,,,,,,,المدينة,الخدمات الإدارية وخدمات الدعم,صغيرة (فئة أ),احمر صغير (فئة أ),335
,,,,,,جزار عام,79,,,,,,,,المدينة,الزراعة والحراجة وصيد الأسماك,صغيرة (فئة أ),احمر صغير (فئة أ),136
,,,,,,جغرافي,0,,,,,,,,المدينة,الصناعة التحويلية,صغيرة (فئة أ),احمر صغير (فئة أ),564
,,,,,,جلاء بلاط,793,,,,,,,,المدينة,الفنون والترفيه والتسلية,صغيرة (فئة أ),احمر صغير (فئة أ),36
,,,,,,جندي استخبارات,1,,,,,,,,المدينة,المعلومات والاتصالات,صغيرة (فئة أ),احمر صغير (فئة أ),46
,,,,,,جندي أمن,35,,,,,,,,المدينة,النقل والتخزين,صغيرة (فئة أ),احمر صغير (فئة أ),145
,,,,,,جندي أمن داخلي,7,,,,,,,,المدينة,تجارة الجملة والتجزئة وإصلاح المركبات ذات المحركات والدرجات النارية,صغيرة (فئة أ),احمر صغير (فئة أ),"2,982"
,,,,,,جندي دفاع,0,,,,,,,,المدينة,لأنشطة المالية وأنشطة التأمين,صغيرة (فئة أ),احمر صغير (فئة أ),8
,,,,,,جواهرجي,10,,,,,,,,تبوك,غير خاضعة لانشطة ISIC4,صغيرة (فئة أ),احمر صغير (فئة أ),139
,,,,,,جيوفيزيائي,339,,,,,,,,تبوك,أنشطة الخدمات الأخرى,صغيرة (فئة أ),احمر صغير (فئة أ),208
,,,,,,جيولوجي,2163,,,,,,,,تبوك,أنشطة خدمات الاقامة والطعام,صغيرة (فئة أ),احمر صغير (فئة أ),397
,,,,,,جيولوجي تعدين ( مصادر طبيعية ),25,,,,,,,,تبوك,أنشطة صحة الانسان والعمل الاجتماعي,صغيرة (فئة أ),احمر صغير (فئة أ),9
,,,,,,جيولوجي تعدين مصادر طبيعية,94,,,,,,,,تبوك,إمدادات الكهرباء والغاز والبخار وتكييف الهواء,صغيرة (فئة أ),احمر صغير (فئة أ),2
,,,,,,جيولوجي عام,3,,,,,,,,تبوك,إمدادات المياه وأنشطة الصرف الصحي وإدارة النفايات ومعالجتها,صغيرة (فئة أ),احمر صغير (فئة أ),12
,,,,,,جيولوجي فيزيائي,122,,,,,,,,تبوك,الأنشطة العقارية,صغيرة (فئة أ),احمر صغير (فئة أ),38
,,,,,,جيولوجي مياه,9,,,,,,,,تبوك,الأنشطة المهنية والعلمية والتقنية,صغيرة (فئة أ),احمر صغير (فئة أ),12
,,,,,,جيولوجي نفط,175,,,,,,,,تبوك,التشييد,صغيرة (فئة أ),احمر صغير (فئة أ),698
,,,,,,حِرَفي منتجات خشبية,140,,,,,,,,تبوك,التعدين واستغلال المحاجر,صغيرة (فئة أ),احمر صغير (فئة أ),8
,,,,,,حِرَفي نسج قصب وخيزران وسعف و خوص,384,,,,,,,,تبوك,التعليم,صغيرة (فئة أ),احمر صغير (فئة أ),5
,,,,,,حارس,21713,,,,,,,,تبوك,الخدمات الإدارية وخدمات الدعم,صغيرة (فئة أ),احمر صغير (فئة أ),134
,,,,,,حارس استراحة,16,,,,,,,,تبوك,الزراعة والحراجة وصيد الأسماك,صغيرة (فئة أ),احمر صغير (فئة أ),107
,,,,,,حارس أمن,59018,,,,,,,,تبوك,الصناعة التحويلية,صغيرة (فئة أ),احمر صغير (فئة أ),255
,,,,,,حارس أمن خاص,22632,,,,,,,,تبوك,الفنون والترفيه والتسلية,صغيرة (فئة أ),احمر صغير (فئة أ),21
,,,,,,حارس حديقة حيوان,3,,,,,,,,تبوك,المعلومات والاتصالات,صغيرة (فئة أ),احمر صغير (فئة أ),13
,,,,,,حارس سجن,28,,,,,,,,تبوك,النقل والتخزين,صغيرة (فئة أ),احمر صغير (فئة أ),72
,,,,,,حارس شخصي,1620,,,,,,,,تبوك,تجارة الجملة والتجزئة وإصلاح المركبات ذات المحركات والدرجات النارية,صغيرة (فئة أ),احمر صغير (فئة أ),"1,078"
,,,,,,حارس عمارة,77,,,,,,,,تبوك,لأنشطة المالية وأنشطة التأمين,صغيرة (فئة أ),احمر صغير (فئة أ),2
,,,,,,حارس محمية طبيعية,14,,,,,,,,جازان,غير خاضعة لانشطة ISIC4,صغيرة (فئة أ),احمر صغير (فئة أ),298
,,,,,,حارس ممر مشاة,592,,,,,,,,جازان,أنشطة الخدمات الأخرى,صغيرة (فئة أ),احمر صغير (فئة أ),291
,,,,,,حارس منزلي,102,,,,,,,,جازان,أنشطة خدمات الاقامة والطعام,صغيرة (فئة أ),احمر صغير (فئة أ),743
,,,,,,حاسب كميات,1356,,,,,,,,جازان,أنشطة صحة الانسان والعمل الاجتماعي,صغيرة (فئة أ),احمر صغير (فئة أ),23
,,,,,,حاضنة أطفال,1444,,,,,,,,جازان,إمدادات الكهرباء والغاز والبخار وتكييف الهواء,صغيرة (فئة أ),احمر صغير (فئة أ),3
,,,,,,حائك,22,,,,,,,,جازان,إمدادات المياه وأنشطة الصرف الصحي وإدارة النفايات ومعالجتها,صغيرة (فئة أ),احمر صغير (فئة أ),12
,,,,,,حائك شبك صيد,14,,,,,,,,جازان,الأنشطة العقارية,صغيرة (فئة أ),احمر صغير (فئة أ),55
,,,,,,حائك يدوي,0,,,,,,,,جازان,الأنشطة المهنية والعلمية والتقنية,صغيرة (فئة أ),احمر صغير (فئة أ),37
,,,,,,حجار,153,,,,,,,,جازان,التشييد,صغيرة (فئة أ),احمر صغير (فئة أ),955
,,,,,,حدّاد,115906,,,,,,,,جازان,التعدين واستغلال المحاجر,صغيرة (فئة أ),احمر صغير (فئة أ),9
,,,,,,حدّاد مراجل,157,,,,,,,,جازان,التعليم,صغيرة (فئة أ),احمر صغير (فئة أ),14
,,,,,,حدّاد مطرقة آلية,17,,,,,,,,جازان,الخدمات الإدارية وخدمات الدعم,صغيرة (فئة أ),احمر صغير (فئة أ),117
,,,,,,حدّاد مكبس تشكيلي,640,,,,,,,,جازان,الزراعة والحراجة وصيد الأسماك,صغيرة (فئة أ),احمر صغير (فئة أ),139
,,,,,,حدّاد نصال,7,,,,,,,,جازان,الصناعة التحويلية,صغيرة (فئة أ),احمر صغير (فئة أ),404
,,,,,,حداّد صفيح,6345,,,,,,,,جازان,الفنون والترفيه والتسلية,صغيرة (فئة أ),احمر صغير (فئة أ),27
,,,,,,حداّد نحاس,741,,,,,,,,جازان,المعلومات والاتصالات,صغيرة (فئة أ),احمر صغير (فئة أ),12
,,,,,,حداد,892,,,,,,,,جازان,النقل والتخزين,صغيرة (فئة أ),احمر صغير (فئة أ),103
,,,,,,حداد ابواب فولاذية,1,,,,,,,,جازان,تجارة الجملة والتجزئة وإصلاح المركبات ذات المحركات والدرجات النارية,صغيرة (فئة أ),احمر صغير (فئة أ),"1,924"
,,,,,,حداد ابواب معدنية,24,,,,,,,,جازان,لأنشطة المالية وأنشطة التأمين,صغيرة (فئة أ),احمر صغير (فئة أ),3
,,,,,,حداد اثاث معدني,0,,,,,,,,حائل,غير خاضعة لانشطة ISIC4,صغيرة (فئة أ),احمر صغير (فئة أ),919
,,,,,,حداد اثاث معدني عام,2,,,,,,,,حائل,أنشطة الخدمات الأخرى,صغيرة (فئة أ),احمر صغير (فئة أ),261
,,,,,,حداد اسلحة,2,,,,,,,,حائل,أنشطة خدمات الاقامة والطعام,صغيرة (فئة أ),احمر صغير (فئة أ),383
,,,,,,حداد اقفال,2,,,,,,,,حائل,أنشطة صحة الانسان والعمل الاجتماعي,صغيرة (فئة أ),احمر صغير (فئة أ),26
,,,,,,حداد الواح معدنية,6,,,,,,,,حائل,إمدادات الكهرباء والغاز والبخار وتكييف الهواء,صغيرة (فئة أ),احمر صغير (فئة أ),3
,,,,,,حداد الواح معدنية عام,3,,,,,,,,حائل,إمدادات المياه وأنشطة الصرف الصحي وإدارة النفايات ومعالجتها,صغيرة (فئة أ),احمر صغير (فئة أ),5
,,,,,,حداد انشاءات معدنية,508,,,,,,,,حائل,الأنشطة العقارية,صغيرة (فئة أ),احمر صغير (فئة أ),44
,,,,,,حداد انشاءات معدنية عام,24,,,,,,,,حائل,الأنشطة المهنية والعلمية والتقنية,صغيرة (فئة أ),احمر صغير (فئة أ),37
,,,,,,حداد ترميم هياكل مركبات,1,,,,,,,,حائل,التشييد,صغيرة (فئة أ),احمر صغير (فئة أ),772
,,,,,,حداد تسليح بناء,233,,,,,,,,حائل,التعدين واستغلال المحاجر,صغيرة (فئة أ),احمر صغير (فئة أ),1
,,,,,,حداد كير (عربي),1,,,,,,,,حائل,التعليم,صغيرة (فئة أ),احمر صغير (فئة أ),5
,,,,,,حداد نوابض (زنبركات),0,,,,,,,,حائل,الخدمات الإدارية وخدمات الدعم,صغيرة (فئة أ),احمر صغير (فئة أ),162
,,,,,,حذاء خيل,25,,,,,,,,حائل,الزراعة والحراجة وصيد الأسماك,صغيرة (فئة أ),احمر صغير (فئة أ),157
,,,,,,حطَاب,6,,,,,,,,حائل,الصناعة التحويلية,صغيرة (فئة أ),احمر صغير (فئة أ),242
,,,,,,حفار آبار بحرية,199,,,,,,,,حائل,الفنون والترفيه والتسلية,صغيرة (فئة أ),احمر صغير (فئة أ),19
,,,,,,حفار آبار برية,1141,,,,,,,,حائل,المعلومات والاتصالات,صغيرة (فئة أ),احمر صغير (فئة أ),17
,,,,,,حفار اختام,3,,,,,,,,حائل,النقل والتخزين,صغيرة (فئة أ),احمر صغير (فئة أ),247
,,,,,,حفار اساسات (قواعد),37,,,,,,,,حائل,تجارة الجملة والتجزئة وإصلاح المركبات ذات المحركات والدرجات النارية,صغيرة (فئة أ),احمر صغير (فئة أ),"1,073"
,,,,,,حفار الواح الطباعة المعدنية باليد,5,,,,,,,,حائل,لأنشطة المالية وأنشطة التأمين,صغيرة (فئة أ),احمر صغير (فئة أ),3
,,,,,,حفار حروف على الاحجار,0,,,,,,,,عسير,غير خاضعة لانشطة ISIC4,صغيرة (فئة أ),احمر صغير (فئة أ),327
,,,,,,حفار خشب,3,,,,,,,,عسير,أنشطة الخدمات الأخرى,صغيرة (فئة أ),احمر صغير (فئة أ),387
,,,,,,حفار فوتغرافي عام,1,,,,,,,,عسير,أنشطة خدمات الاقامة والطعام,صغيرة (فئة أ),احمر صغير (فئة أ),"1,042"
,,,,,,حفار قبور,1,,,,,,,,عسير,أنشطة صحة الانسان والعمل الاجتماعي,صغيرة (فئة أ),احمر صغير (فئة أ),24
,,,,,,حفار معادن بالاحماض,0,,,,,,,,عسير,إمدادات الكهرباء والغاز والبخار وتكييف الهواء,صغيرة (فئة أ),احمر صغير (فئة أ),2
,,,,,,حكم العاب قوى محترف,8,,,,,,,,عسير,إمدادات المياه وأنشطة الصرف الصحي وإدارة النفايات ومعالجتها,صغيرة (فئة أ),احمر صغير (فئة أ),13
,,,,,,حكم رياضة بالكرة محترف,1,,,,,,,,عسير,الأنشطة العقارية,صغيرة (فئة أ),احمر صغير (فئة أ),67
,,,,,,حكم سباقات مركبات محترف,0,,,,,,,,عسير,الأنشطة المهنية والعلمية والتقنية,صغيرة (فئة أ),احمر صغير (فئة أ),53
,,,,,,حكم فروسية محترف,1,,,,,,,,عسير,"الإدارة العامة والدفاع , الضمان الاجتماعي الالزامي",صغيرة (فئة أ),احمر صغير (فئة أ),1
,,,,,,حلّاب,15,,,,,,,,عسير,التشييد,صغيرة (فئة أ),احمر صغير (فئة أ),"1,320"
,,,,,,حلاب مواشي,143,,,,,,,,عسير,التعدين واستغلال المحاجر,صغيرة (فئة أ),احمر صغير (فئة أ),16
,,,,,,حلاق,74821,,,,,,,,عسير,التعليم,صغيرة (فئة أ),احمر صغير (فئة أ),13
,,,,,,حلاق جلود بالالة,0,,,,,,,,عسير,الخدمات الإدارية وخدمات الدعم,صغيرة (فئة أ),احمر صغير (فئة أ),239
,,,,,,حلاق جلود باليد,1,,,,,,,,عسير,الزراعة والحراجة وصيد الأسماك,صغيرة (فئة أ),احمر صغير (فئة أ),124
,,,,,,حلاق رجالي,409,,,,,,,,عسير,الصناعة التحويلية,صغيرة (فئة أ),احمر صغير (فئة أ),599
,,,,,,حمال,2024,,,,,,,,عسير,الفنون والترفيه والتسلية,صغيرة (فئة أ),احمر صغير (فئة أ),36
,,,,,,خادم غرفة,16,,,,,,,,عسير,المعلومات والاتصالات,صغيرة (فئة أ),احمر صغير (فئة أ),32
,,,,,,خادم مسجد,75,,,,,,,,عسير,النقل والتخزين,صغيرة (فئة أ),احمر صغير (فئة أ),185
,,,,,,خازن,190,,,,,,,,عسير,تجارة الجملة والتجزئة وإصلاح المركبات ذات المحركات والدرجات النارية,صغيرة (فئة أ),احمر صغير (فئة أ),"2,373"
,,,,,,خازن قطع غيار المركبات,1,,,,,,,,عسير,لأنشطة المالية وأنشطة التأمين,صغيرة (فئة أ),احمر صغير (فئة أ),7
,,,,,,خبّاز,20341,,,,,,,,مكة المكرمة,غير خاضعة لانشطة ISIC4,صغيرة (فئة أ),احمر صغير (فئة أ),"2,240"
,,,,,,خبّاز حلويات,1889,,,,,,,,مكة المكرمة,أنشطة الخدمات الأخرى,صغيرة (فئة أ),احمر صغير (فئة أ),"1,583"
,,,,,,خباز تنور,2,,,,,,,,مكة المكرمة,أنشطة خدمات الاقامة والطعام,صغيرة (فئة أ),احمر صغير (فئة أ),"3,508"
,,,,,,خباز عام,150,,,,,,,,مكة المكرمة,أنشطة صحة الانسان والعمل الاجتماعي,صغيرة (فئة أ),احمر صغير (فئة أ),154
,,,,,,خباز فرن,12,,,,,,,,مكة المكرمة,إمدادات الكهرباء والغاز والبخار وتكييف الهواء,صغيرة (فئة أ),احمر صغير (فئة أ),17
,,,,,,خبير,220,,,,,,,,مكة المكرمة,إمدادات المياه وأنشطة الصرف الصحي وإدارة النفايات ومعالجتها,صغيرة (فئة أ),احمر صغير (فئة أ),89
,,,,,,خبير تأمين,0,,,,,,,,مكة المكرمة,الأنشطة العقارية,صغيرة (فئة أ),احمر صغير (فئة أ),589
,,,,,,خبير تجميل و تصفيف شعر,765,,,,,,,,مكة المكرمة,الأنشطة المهنية والعلمية والتقنية,صغيرة (فئة أ),احمر صغير (فئة أ),311
,,,,,,خبير تنظيم,0,,,,,,,,مكة المكرمة,التشييد,صغيرة (فئة أ),احمر صغير (فئة أ),"6,661"
,,,,,,خبير جيوديسي,0,,,,,,,,مكة المكرمة,التعدين واستغلال المحاجر,صغيرة (فئة أ),احمر صغير (فئة أ),54
,,,,,,خبير خطوط انتاج,56,,,,,,,,مكة المكرمة,التعليم,صغيرة (فئة أ),احمر صغير (فئة أ),66
,,,,,,خبير خياطة,2,,,,,,,,مكة المكرمة,الخدمات الإدارية وخدمات الدعم,صغيرة (فئة أ),احمر صغير (فئة أ),"1,529"
,,,,,,خبير سلامة وصحة مهنية,50,,,,,,,,مكة المكرمة,الزراعة والحراجة وصيد الأسماك,صغيرة (فئة أ),احمر صغير (فئة أ),235
,,,,,,خبير سلامة ومنع خسائر,32,,,,,,,,مكة المكرمة,الصناعة التحويلية,صغيرة (فئة أ),احمر صغير (فئة أ),"1,835"
,,,,,,خبير عمليات موانىء,0,,,,,,,,مكة المكرمة,الفنون والترفيه والتسلية,صغيرة (فئة أ),احمر صغير (فئة أ),205
,,,,,,خبير قوى عاملة,1,,,,,,,,مكة المكرمة,المعلومات والاتصالات,صغيرة (فئة أ),احمر صغير (فئة أ),289
,,,,,,خبير مبيعات تسويق,892,,,,,,,,مكة المكرمة,النقل والتخزين,صغيرة (فئة أ),احمر صغير (فئة أ),864
,,,,,,خبير متخصص,1,,,,,,,,مكة المكرمة,تجارة الجملة والتجزئة وإصلاح المركبات ذات المحركات والدرجات النارية,صغيرة (فئة أ),احمر صغير (فئة أ),"12,330"
,,,,,,خبير مياه,0,,,,,,,,مكة المكرمة,لأنشطة المالية وأنشطة التأمين,صغيرة (فئة أ),احمر صغير (فئة أ),107
,,,,,,خبير نظم معلومات جغرافية,33,,,,,,,,نجران,غير خاضعة لانشطة ISIC4,صغيرة (فئة أ),احمر صغير (فئة أ),847
,,,,,,خبيرالاستراتيجية والتخطيط,0,,,,,,,,نجران,أنشطة الخدمات الأخرى,صغيرة (فئة أ),احمر صغير (فئة أ),259
,,,,,,خبيررياضي,0,,,,,,,,نجران,أنشطة خدمات الاقامة والطعام,صغيرة (فئة أ),احمر صغير (فئة أ),439
,,,,,,خراط,871,,,,,,,,نجران,أنشطة صحة الانسان والعمل الاجتماعي,صغيرة (فئة أ),احمر صغير (فئة أ),9
,,,,,,خراط خشب,1,,,,,,,,نجران,إمدادات الكهرباء والغاز والبخار وتكييف الهواء,صغيرة (فئة أ),احمر صغير (فئة أ),4
,,,,,,خراط عام,1070,,,,,,,,نجران,إمدادات المياه وأنشطة الصرف الصحي وإدارة النفايات ومعالجتها,صغيرة (فئة أ),احمر صغير (فئة أ),8
,,,,,,خرائط اسطوانات المحرك,0,,,,,,,,نجران,الأنشطة العقارية,صغيرة (فئة أ),احمر صغير (فئة أ),32
,,,,,,خرائط محركات عام,5,,,,,,,,نجران,الأنشطة المهنية والعلمية والتقنية,صغيرة (فئة أ),احمر صغير (فئة أ),36
,,,,,,خزاف عام,13,,,,,,,,نجران,التشييد,صغيرة (فئة أ),احمر صغير (فئة أ),867
,,,,,,خشاب (حطاب),3,,,,,,,,نجران,التعدين واستغلال المحاجر,صغيرة (فئة أ),احمر صغير (فئة أ),10
,,,,,,خطاط,415,,,,,,,,نجران,التعليم,صغيرة (فئة أ),احمر صغير (فئة أ),6
,,,,,,خطاط ورسام,846,,,,,,,,نجران,الخدمات الإدارية وخدمات الدعم,صغيرة (فئة أ),احمر صغير (فئة أ),146
,,,,,,خطيب جمعة,1,,,,,,,,نجران,الزراعة والحراجة وصيد الأسماك,صغيرة (فئة أ),احمر صغير (فئة أ),91
,,,,,,خطيب وامام مسجد,15,,,,,,,,نجران,الصناعة التحويلية,صغيرة (فئة أ),احمر صغير (فئة أ),304
,,,,,,خلاط شاي,1,,,,,,,,نجران,الفنون والترفيه والتسلية,صغيرة (فئة أ),احمر صغير (فئة أ),7
,,,,,,خيّاط ملابس رجالية,15625,,,,,,,,نجران,المعلومات والاتصالات,صغيرة (فئة أ),احمر صغير (فئة أ),16
,,,,,,خيّاط ملابس عسكرية,937,,,,,,,,نجران,النقل والتخزين,صغيرة (فئة أ),احمر صغير (فئة أ),356
,,,,,,خيّاط ملابس فرائية ومشالح,7,,,,,,,,نجران,تجارة الجملة والتجزئة وإصلاح المركبات ذات المحركات والدرجات النارية,صغيرة (فئة أ),احمر صغير (فئة أ),"1,027"
,,,,,,خيّاط ملابس نسائية,9650,,,,,,,,نجران,لأنشطة المالية وأنشطة التأمين,صغيرة (فئة أ),احمر صغير (فئة أ),3
,,,,,,خياط,29418,,,,,,,,الباحة,غير خاضعة لانشطة ISIC4,صغيرة (فئة أ),اخضر صغير (فئة أ),765
,,,,,,خياط احذية,0,,,,,,,,الباحة,أنشطة الخدمات الأخرى,صغيرة (فئة أ),اخضر صغير (فئة أ),872
,,,,,,خياط اغطية المركبات,0,,,,,,,,الباحة,أنشطة خدمات الاقامة والطعام,صغيرة (فئة أ),اخضر صغير (فئة أ),"1,366"
,,,,,,خياط بدل جاهزة,0,,,,,,,,الباحة,أنشطة صحة الانسان والعمل الاجتماعي,صغيرة (فئة أ),اخضر صغير (فئة أ),102
,,,,,,خياط بنطلون,14,,,,,,,,الباحة,إمدادات الكهرباء والغاز والبخار وتكييف الهواء,صغيرة (فئة أ),اخضر صغير (فئة أ),6
,,,,,,خياط حذاء بالالة,0,,,,,,,,الباحة,إمدادات المياه وأنشطة الصرف الصحي وإدارة النفايات ومعالجتها,صغيرة (فئة أ),اخضر صغير (فئة أ),32
,,,,,,خياط خيام,629,,,,,,,,الباحة,الأنشطة العقارية,صغيرة (فئة أ),اخضر صغير (فئة أ),113
,,,,,,خياط عام,494,,,,,,,,الباحة,الأنشطة المهنية والعلمية والتقنية,صغيرة (فئة أ),اخضر صغير (فئة أ),127
,,,,,,خياط قمصان وبجامات,13,,,,,,,,الباحة,التشييد,صغيرة (فئة أ),اخضر صغير (فئة أ),"2,558"
,,,,,,خياط كتب,159,,,,,,,,الباحة,التعدين واستغلال المحاجر,صغيرة (فئة أ),اخضر صغير (فئة أ),17
,,,,,,خياط ملابس اطفال عام,0,,,,,,,,الباحة,التعليم,صغيرة (فئة أ),اخضر صغير (فئة أ),30
,,,,,,خياط ملابس رجالية عام,308,,,,,,,,الباحة,الخدمات الإدارية وخدمات الدعم,صغيرة (فئة أ),اخضر صغير (فئة أ),309
,,,,,,خياط ملابس شعبية,0,,,,,,,,الباحة,الزراعة والحراجة وصيد الأسماك,صغيرة (فئة أ),اخضر صغير (فئة أ),"1,012"
,,,,,,خياط ملابس عسكرية,5,,,,,,,,الباحة,الصناعة التحويلية,صغيرة (فئة أ),اخضر صغير (فئة أ),"1,269"
,,,,,,خياط ملابس نسائية عام,255,,,,,,,,الباحة,الفنون والترفيه والتسلية,صغيرة (فئة أ),اخضر صغير (فئة أ),61
,,,,,,خياط منزلي,5,,,,,,,,الباحة,المعلومات والاتصالات,صغيرة (فئة أ),اخضر صغير (فئة أ),34
,,,,,,خياط ومفصل ملابس عربية,1200,,,,,,,,الباحة,النقل والتخزين,صغيرة (فئة أ),اخضر صغير (فئة أ),169
,,,,,,خيال,74,,,,,,,,الباحة,تجارة الجملة والتجزئة وإصلاح المركبات ذات المحركات والدرجات النارية,صغيرة (فئة أ),اخضر صغير (فئة أ),"3,936"
,,,,,,داعية,201,,,,,,,,الباحة,لأنشطة المالية وأنشطة التأمين,صغيرة (فئة أ),اخضر صغير (فئة أ),13
,,,,,,دباغ جلود,83,,,,,,,,الجوف,غير خاضعة لانشطة ISIC4,صغيرة (فئة أ),اخضر صغير (فئة أ),"2,758"
,,,,,,دفان موتى,0,,,,,,,,الجوف,أنشطة الخدمات الأخرى,صغيرة (فئة أ),اخضر صغير (فئة أ),"1,539"
,,,,,,دلال مزاد,13,,,,,,,,الجوف,أنشطة خدمات الاقامة والطعام,صغيرة (فئة أ),اخضر صغير (فئة أ),"1,964"
,,,,,,دليل زوار ( مزور بالمدينه المنوره ),5,,,,,,,,الجوف,أنشطة صحة الانسان والعمل الاجتماعي,صغيرة (فئة أ),اخضر صغير (فئة أ),89
,,,,,,دليل سياحي,2,,,,,,,,الجوف,إمدادات الكهرباء والغاز والبخار وتكييف الهواء,صغيرة (فئة أ),اخضر صغير (فئة أ),14
,,,,,,دليل متحف,9,,,,,,,,الجوف,إمدادات المياه وأنشطة الصرف الصحي وإدارة النفايات ومعالجتها,صغيرة (فئة أ),اخضر صغير (فئة أ),34
,,,,,,دليل معرض,92,,,,,,,,الجوف,الأنشطة العقارية,صغيرة (فئة أ),اخضر صغير (فئة أ),239
,,,,,,دهّان,55311,,,,,,,,الجوف,الأنشطة المهنية والعلمية والتقنية,صغيرة (فئة أ),اخضر صغير (فئة أ),191
,,,,,,دهّان زخرفي,163,,,,,,,,الجوف,التشييد,صغيرة (فئة أ),اخضر صغير (فئة أ),"3,304"
,,,,,,دهان ابواب خشبية,9,,,,,,,,الجوف,التعدين واستغلال المحاجر,صغيرة (فئة أ),اخضر صغير (فئة أ),33
,,,,,,دهان اثاث خشبية,17,,,,,,,,الجوف,التعليم,صغيرة (فئة أ),اخضر صغير (فئة أ),63
,,,,,,دهان بالرش (المسدس) ماعدا الانشاءات,26,,,,,,,,الجوف,الخدمات الإدارية وخدمات الدعم,صغيرة (فئة أ),اخضر صغير (فئة أ),637
,,,,,,دهان بالغمر يدويا,4,,,,,,,,الجوف,الزراعة والحراجة وصيد الأسماك,صغيرة (فئة أ),اخضر صغير (فئة أ),"1,693"
,,,,,,دهان بالفرشاه ماعا الانشاءات,3,,,,,,,,الجوف,الصناعة التحويلية,صغيرة (فئة أ),اخضر صغير (فئة أ),"2,139"
,,,,,,دهان سفن وانشاءات فولاذية,25,,,,,,,,الجوف,الفنون والترفيه والتسلية,صغيرة (فئة أ),اخضر صغير (فئة أ),124
,,,,,,دهان لافتات,2,,,,,,,,الجوف,المعلومات والاتصالات,صغيرة (فئة أ),اخضر صغير (فئة أ),112
,,,,,,دهان مباني,561,,,,,,,,الجوف,النقل والتخزين,صغيرة (فئة أ),اخضر صغير (فئة أ),694
,,,,,,دهان مركبات,130,,,,,,,,الجوف,تجارة الجملة والتجزئة وإصلاح المركبات ذات المحركات والدرجات النارية,صغيرة (فئة أ),اخضر صغير (فئة أ),"7,334"
,,,,,,دهان مشغولات خشبية عام,52,,,,,,,,الجوف,لأنشطة المالية وأنشطة التأمين,صغيرة (فئة أ),اخضر صغير (فئة أ),14
,,,,,,دهان معادن,1262,,,,,,,,الحدود الشمالية,غير خاضعة لانشطة ISIC4,صغيرة (فئة أ),اخضر صغير (فئة أ),961
,,,,,,ديموجرافي,1,,,,,,,,الحدود الشمالية,أنشطة الخدمات الأخرى,صغيرة (فئة أ),اخضر صغير (فئة أ),"1,158"
,,,,,,راصد احوال مناخية,17,,,,,,,,الحدود الشمالية,أنشطة خدمات الاقامة والطعام,صغيرة (فئة أ),اخضر صغير (فئة أ),"1,632"
,,,,,,راعي حيوانات محمية,73,,,,,,,,الحدود الشمالية,أنشطة صحة الانسان والعمل الاجتماعي,صغيرة (فئة أ),اخضر صغير (فئة أ),62
,,,,,,راعي ماشية,9173,,,,,,,,الحدود الشمالية,إمدادات الكهرباء والغاز والبخار وتكييف الهواء,صغيرة (فئة أ),اخضر صغير (فئة أ),5
,,,,,,رباب اواني نحاسية,0,,,,,,,,الحدود الشمالية,إمدادات المياه وأنشطة الصرف الصحي وإدارة النفايات ومعالجتها,صغيرة (فئة أ),اخضر صغير (فئة أ),27
,,,,,,ربان سفينة,285,,,,,,,,الحدود الشمالية,الأنشطة العقارية,صغيرة (فئة أ),اخضر صغير (فئة أ),186
,,,,,,ربان سفينة ركاب,24,,,,,,,,الحدود الشمالية,الأنشطة المهنية والعلمية والتقنية,صغيرة (فئة أ),اخضر صغير (فئة أ),104
,,,,,,ربان سفينة شحن,35,,,,,,,,الحدود الشمالية,"الإدارة العامة والدفاع , الضمان الاجتماعي الالزامي",صغيرة (فئة أ),اخضر صغير (فئة أ),1
,,,,,,ربان عبارة,6,,,,,,,,الحدود الشمالية,التشييد,صغيرة (فئة أ),اخضر صغير (فئة أ),"3,058"
,,,,,,ربان عباره ( معدية ),20,,,,,,,,الحدود الشمالية,التعدين واستغلال المحاجر,صغيرة (فئة أ),اخضر صغير (فئة أ),20
,,,,,,ربان قاطرة مراكب,21,,,,,,,,الحدود الشمالية,التعليم,صغيرة (فئة أ),اخضر صغير (فئة أ),41
,,,,,,ربان ناقلة,36,,,,,,,,الحدود الشمالية,الخدمات الإدارية وخدمات الدعم,صغيرة (فئة أ),اخضر صغير (فئة أ),349
,,,,,,ربان ناقلة بترول,4,,,,,,,,الحدود الشمالية,الزراعة والحراجة وصيد الأسماك,صغيرة (فئة أ),اخضر صغير (فئة أ),189
,,,,,,رجل أمن,0,,,,,,,,الحدود الشمالية,الصناعة التحويلية,صغيرة (فئة أ),اخضر صغير (فئة أ),"1,192"
,,,,,,رسام الكتروني,133,,,,,,,,الحدود الشمالية,الفنون والترفيه والتسلية,صغيرة (فئة أ),اخضر صغير (فئة أ),90
,,,,,,رسام انشائي ابنية,79,,,,,,,,الحدود الشمالية,المعلومات والاتصالات,صغيرة (فئة أ),اخضر صغير (فئة أ),65
,,,,,,رسام انشائي طرق,34,,,,,,,,الحدود الشمالية,النقل والتخزين,صغيرة (فئة أ),اخضر صغير (فئة أ),323
,,,,,,رسام تخطيط مصانع,30,,,,,,,,الحدود الشمالية,تجارة الجملة والتجزئة وإصلاح المركبات ذات المحركات والدرجات النارية,صغيرة (فئة أ),اخضر صغير (فئة أ),"5,309"
,,,,,,رسام تشكيلي,170,,,,,,,,الحدود الشمالية,لأنشطة المالية وأنشطة التأمين,صغيرة (فئة أ),اخضر صغير (فئة أ),10
,,,,,,رسام تصاميم كهربائية,24,,,,,,,,الرياض,غير خاضعة لانشطة ISIC4,صغيرة (فئة أ),اخضر صغير (فئة أ),"254,274"
,,,,,,رسام تعبيري,50,,,,,,,,الرياض,أنشطة الخدمات الأخرى,صغيرة (فئة أ),اخضر صغير (فئة أ),"18,941"
,,,,,,رسام خرائط,629,,,,,,,,الرياض,أنشطة خدمات الاقامة والطعام,صغيرة (فئة أ),اخضر صغير (فئة أ),"23,712"
,,,,,,رسام خرائط مناخية,0,,,,,,,,الرياض,أنشطة صحة الانسان والعمل الاجتماعي,صغيرة (فئة أ),اخضر صغير (فئة أ),"4,700"
,,,,,,رسام خرائط ومخططات,89,,,,,,,,الرياض,إمدادات الكهرباء والغاز والبخار وتكييف الهواء,صغيرة (فئة أ),اخضر صغير (فئة أ),245
,,,,,,رسام رسوم متحركة,76,,,,,,,,الرياض,إمدادات المياه وأنشطة الصرف الصحي وإدارة النفايات ومعالجتها,صغيرة (فئة أ),اخضر صغير (فئة أ),673
,,,,,,رسام صور زيتية او اثار,15,,,,,,,,الرياض,الأنشطة العقارية,صغيرة (فئة أ),اخضر صغير (فئة أ),"12,137"
,,,,,,رسام عام,1893,,,,,,,,الرياض,الأنشطة المهنية والعلمية والتقنية,صغيرة (فئة أ),اخضر صغير (فئة أ),"14,529"
,,,,,,رسام فني مواصفات,69,,,,,,,,الرياض,"الإدارة العامة والدفاع , الضمان الاجتماعي الالزامي",صغيرة (فئة أ),اخضر صغير (فئة أ),18
,,,,,,رسام كاريكاتير,14,,,,,,,,الرياض,التشييد,صغيرة (فئة أ),اخضر صغير (فئة أ),"59,669"
,,,,,,رسام كهربائي,1422,,,,,,,,الرياض,التعدين واستغلال المحاجر,صغيرة (فئة أ),اخضر صغير (فئة أ),"1,049"
,,,,,,رسام مخططات طرق,66,,,,,,,,الرياض,التعليم,صغيرة (فئة أ),اخضر صغير (فئة أ),"3,109"
,,,,,,رسام معماري,3621,,,,,,,,الرياض,الخدمات الإدارية وخدمات الدعم,صغيرة (فئة أ),اخضر صغير (فئة أ),"16,608"
,,,,,,رسام ميكانيكي,24,,,,,,,,الرياض,الزراعة والحراجة وصيد الأسماك,صغيرة (فئة أ),اخضر صغير (فئة أ),"12,414"
,,,,,,رسام ميكانيكي تكييف وتبريد,1,,,,,,,,الرياض,الصناعة التحويلية,صغيرة (فئة أ),اخضر صغير (فئة أ),"24,424"
,,,,,,رسام ميكانيكي تمديدات صحية وتدفئة,0,,,,,,,,الرياض,الفنون والترفيه والتسلية,صغيرة (فئة أ),اخضر صغير (فئة أ),"4,965"
,,,,,,رسام ميكانيكي عام,150,,,,,,,,الرياض,المعلومات والاتصالات,صغيرة (فئة أ),اخضر صغير (فئة أ),"7,989"
,,,,,,رسام ميكانيكي لحام وصفيح,3,,,,,,,,الرياض,النقل والتخزين,صغيرة (فئة أ),اخضر صغير (فئة أ),"48,758"
,,,,,,رسام نشرات فنية,0,,,,,,,,الرياض,تجارة الجملة والتجزئة وإصلاح المركبات ذات المحركات والدرجات النارية,صغيرة (فئة أ),اخضر صغير (فئة أ),"120,478"
,,,,,,رسام هندسة مدنية,907,,,,,,,,الرياض,لأنشطة المالية وأنشطة التأمين,صغيرة (فئة أ),اخضر صغير (فئة أ),"3,058"
,,,,,,رسام هندسي,2892,,,,,,,,الشرقية,غير خاضعة لانشطة ISIC4,صغيرة (فئة أ),اخضر صغير (فئة أ),"11,666"
,,,,,,رسام وسائل تعليمية,0,,,,,,,,الشرقية,أنشطة الخدمات الأخرى,صغيرة (فئة أ),اخضر صغير (فئة أ),"10,535"
,,,,,,رموز المهن,268,,,,,,,,الشرقية,أنشطة خدمات الاقامة والطعام,صغيرة (فئة أ),اخضر صغير (فئة أ),"14,028"
,,,,,,رياضي تطبيقي,1,,,,,,,,الشرقية,أنشطة صحة الانسان والعمل الاجتماعي,صغيرة (فئة أ),اخضر صغير (فئة أ),974
,,,,,,رياضي محترف,6,,,,,,,,الشرقية,إمدادات الكهرباء والغاز والبخار وتكييف الهواء,صغيرة (فئة أ),اخضر صغير (فئة أ),103
,,,,,,رئيس اتحاد,266,,,,,,,,الشرقية,إمدادات المياه وأنشطة الصرف الصحي وإدارة النفايات ومعالجتها,صغيرة (فئة أ),اخضر صغير (فئة أ),268
,,,,,,رئيس إدارة شبكات الطيران,0,,,,,,,,الشرقية,الأنشطة العقارية,صغيرة (فئة أ),اخضر صغير (فئة أ),"3,697"
,,,,,,رئيس الأطباء,22,,,,,,,,الشرقية,الأنشطة المهنية والعلمية والتقنية,صغيرة (فئة أ),اخضر صغير (فئة أ),"2,374"
,,,,,,رئيس التمريض,44,,,,,,,,الشرقية,"الإدارة العامة والدفاع , الضمان الاجتماعي الالزامي",صغيرة (فئة أ),اخضر صغير (فئة أ),8
,,,,,,رئيس بحري,30,,,,,,,,الشرقية,التشييد,صغيرة (فئة أ),اخضر صغير (فئة أ),"31,680"
,,,,,,رئيس برامج التدقيق الداخلي,45,,,,,,,,الشرقية,التعدين واستغلال المحاجر,صغيرة (فئة أ),اخضر صغير (فئة أ),537
,,,,,,رئيس تحرير,33,,,,,,,,الشرقية,التعليم,صغيرة (فئة أ),اخضر صغير (فئة أ),640
,,,,,,رئيس تنفيذي,14194,,,,,,,,الشرقية,الخدمات الإدارية وخدمات الدعم,صغيرة (فئة أ),اخضر صغير (فئة أ),"5,890"
,,,,,,رئيس تنفيذي أمن سيبراني,50,,,,,,,,الشرقية,الزراعة والحراجة وصيد الأسماك,صغيرة (فئة أ),اخضر صغير (فئة أ),"5,168"
,,,,,,رئيس خدمة في السفينة,3,,,,,,,,الشرقية,الصناعة التحويلية,صغيرة (فئة أ),اخضر صغير (فئة أ),"11,582"
,,,,,,رئيس خدمه في السفينه,0,,,,,,,,الشرقية,الفنون والترفيه والتسلية,صغيرة (فئة أ),اخضر صغير (فئة أ),"1,004"
,,,,,,رئيس دائرة تحقيق وادعاء,1,,,,,,,,الشرقية,المعلومات والاتصالات,صغيرة (فئة أ),اخضر صغير (فئة أ),"1,611"
,,,,,,رئيس دورية,8,,,,,,,,الشرقية,النقل والتخزين,صغيرة (فئة أ),اخضر صغير (فئة أ),"4,037"
,,,,,,رئيس شركة,165,,,,,,,,الشرقية,تجارة الجملة والتجزئة وإصلاح المركبات ذات المحركات والدرجات النارية,صغيرة (فئة أ),اخضر صغير (فئة أ),"52,197"
,,,,,,رئيس شؤون عمليات التشغيل,0,,,,,,,,الشرقية,لأنشطة المالية وأنشطة التأمين,صغيرة (فئة أ),اخضر صغير (فئة أ),662
,,,,,,رئيس طهاه,2397,,,,,,,,القصيم,غير خاضعة لانشطة ISIC4,صغيرة (فئة أ),اخضر صغير (فئة أ),"7,206"
,,,,,,رئيس غرفة تجارة وصناعة,69,,,,,,,,القصيم,أنشطة الخدمات الأخرى,صغيرة (فئة أ),اخضر صغير (فئة أ),"4,062"
,,,,,,رئيس فرقة,389,,,,,,,,القصيم,أنشطة خدمات الاقامة والطعام,صغيرة (فئة أ),اخضر صغير (فئة أ),"5,568"
,,,,,,رئيس قرية,286,,,,,,,,القصيم,أنشطة صحة الانسان والعمل الاجتماعي,صغيرة (فئة أ),اخضر صغير (فئة أ),354
,,,,,,رئيس قسم,1,,,,,,,,القصيم,إمدادات الكهرباء والغاز والبخار وتكييف الهواء,صغيرة (فئة أ),اخضر صغير (فئة أ),19
,,,,,,رئيس قطاع,31,,,,,,,,القصيم,إمدادات المياه وأنشطة الصرف الصحي وإدارة النفايات ومعالجتها,صغيرة (فئة أ),اخضر صغير (فئة أ),142
,,,,,,رئيس مجلس إدارة,3417,,,,,,,,القصيم,الأنشطة العقارية,صغيرة (فئة أ),اخضر صغير (فئة أ),"1,094"
,,,,,,رئيس مجلس اداره,752,,,,,,,,القصيم,الأنشطة المهنية والعلمية والتقنية,صغيرة (فئة أ),اخضر صغير (فئة أ),724
,,,,,,رئيس مركز شؤون مناطق وإمارات,0,,,,,,,,القصيم,"الإدارة العامة والدفاع , الضمان الاجتماعي الالزامي",صغيرة (فئة أ),اخضر صغير (فئة أ),2
,,,,,,رئيس منظمة غير ربحية,107,,,,,,,,القصيم,التشييد,صغيرة (فئة أ),اخضر صغير (فئة أ),"18,413"
,,,,,,رئيس هيئة عامة,9,,,,,,,,القصيم,التعدين واستغلال المحاجر,صغيرة (فئة أ),اخضر صغير (فئة أ),91
,,,,,,رئيس وحدة الإطفاء,146,,,,,,,,القصيم,التعليم,صغيرة (فئة أ),اخضر صغير (فئة أ),192
,,,,,,زجّاج,1319,,,,,,,,القصيم,الخدمات الإدارية وخدمات الدعم,صغيرة (فئة أ),اخضر صغير (فئة أ),"3,052"
,,,,,,زمالة بحثية ما بعد الدكتواراه,10,,,,,,,,القصيم,الزراعة والحراجة وصيد الأسماك,صغيرة (فئة أ),اخضر صغير (فئة أ),"2,799"
,,,,,,زوج محرم,1,,,,,,,,القصيم,الصناعة التحويلية,صغيرة (فئة أ),اخضر صغير (فئة أ),"5,845"
,,,,,,زوج مواطنة,43,,,,,,,,القصيم,الفنون والترفيه والتسلية,صغيرة (فئة أ),اخضر صغير (فئة أ),298
,,,,,,زوجة مواطن,16,,,,,,,,القصيم,المعلومات والاتصالات,صغيرة (فئة أ),اخضر صغير (فئة أ),486
,,,,,,زيارة تجارية,1,,,,,,,,القصيم,النقل والتخزين,صغيرة (فئة أ),اخضر صغير (فئة أ),"1,750"
,,,,,,سابك سطر,0,,,,,,,,القصيم,تجارة الجملة والتجزئة وإصلاح المركبات ذات المحركات والدرجات النارية,صغيرة (فئة أ),اخضر صغير (فئة أ),"20,497"
,,,,,,سابك معادن,605,,,,,,,,القصيم,لأنشطة المالية وأنشطة التأمين,صغيرة (فئة أ),اخضر صغير (فئة أ),131
,,,,,,ساعاتي,10,,,,,,,,المدينة,غير خاضعة لانشطة ISIC4,صغيرة (فئة أ),اخضر صغير (فئة أ),"6,416"
,,,,,,ساقي,136,,,,,,,,المدينة,أنشطة الخدمات الأخرى,صغيرة (فئة أ),اخضر صغير (فئة أ),"5,009"
,,,,,,سائس حيوانات,0,,,,,,,,المدينة,أنشطة خدمات الاقامة والطعام,صغيرة (فئة أ),اخضر صغير (فئة أ),"8,167"
,,,,,,سائس خيل,442,,,,,,,,المدينة,أنشطة صحة الانسان والعمل الاجتماعي,صغيرة (فئة أ),اخضر صغير (فئة أ),491
,,,,,,سائس خيول,1016,,,,,,,,المدينة,إمدادات الكهرباء والغاز والبخار وتكييف الهواء,صغيرة (فئة أ),اخضر صغير (فئة أ),28
,,,,,,سائس كلاب جمركية,1,,,,,,,,المدينة,إمدادات المياه وأنشطة الصرف الصحي وإدارة النفايات ومعالجتها,صغيرة (فئة أ),اخضر صغير (فئة أ),112
,,,,,,سائق  زراعي,10509,,,,,,,,المدينة,الأنشطة العقارية,صغيرة (فئة أ),اخضر صغير (فئة أ),"1,573"
,,,,,,سائق الية تسويه,525,,,,,,,,المدينة,الأنشطة المهنية والعلمية والتقنية,صغيرة (فئة أ),اخضر صغير (فئة أ),671
,,,,,,سائق الية سفلته,5,,,,,,,,المدينة,"الإدارة العامة والدفاع , الضمان الاجتماعي الالزامي",صغيرة (فئة أ),اخضر صغير (فئة أ),4
,,,,,,سائق ترام,23,,,,,,,,المدينة,التشييد,صغيرة (فئة أ),اخضر صغير (فئة أ),"12,969"
,,,,,,سائق تسويق منتجات زراعيه,1999,,,,,,,,المدينة,التعدين واستغلال المحاجر,صغيرة (فئة أ),اخضر صغير (فئة أ),159
,,,,,,سائق جرار زراعي,862,,,,,,,,المدينة,التعليم,صغيرة (فئة أ),اخضر صغير (فئة أ),248
,,,,,,سائق جرافة,992,,,,,,,,المدينة,الخدمات الإدارية وخدمات الدعم,صغيرة (فئة أ),اخضر صغير (فئة أ),"2,656"
,,,,,,سائق جريدر,9,,,,,,,,المدينة,الزراعة والحراجة وصيد الأسماك,صغيرة (فئة أ),اخضر صغير (فئة أ),"2,355"
,,,,,,سائق حادلة (مدحلة),246,,,,,,,,المدينة,الصناعة التحويلية,صغيرة (فئة أ),اخضر صغير (فئة أ),"5,655"
,,,,,,سائق حافلة,57655,,,,,,,,المدينة,الفنون والترفيه والتسلية,صغيرة (فئة أ),اخضر صغير (فئة أ),392
,,,,,,سائق خاص,8264,,,,,,,,المدينة,المعلومات والاتصالات,صغيرة (فئة أ),اخضر صغير (فئة أ),496
,,,,,,سائق خدمة صف سيارات,443,,,,,,,,المدينة,النقل والتخزين,صغيرة (فئة أ),اخضر صغير (فئة أ),"1,457"
,,,,,,سائق خلاط أسمنت,2311,,,,,,,,المدينة,تجارة الجملة والتجزئة وإصلاح المركبات ذات المحركات والدرجات النارية,صغيرة (فئة أ),اخضر صغير (فئة أ),"25,836"
,,,,,,سائق دراجة نارية,11740,,,,,,,,المدينة,لأنشطة المالية وأنشطة التأمين,صغيرة (فئة أ),اخضر صغير (فئة أ),111
,,,,,,سائق رافعة شوكية,12854,,,,,,,,تبوك,غير خاضعة لانشطة ISIC4,صغيرة (فئة أ),اخضر صغير (فئة أ),"2,018"
,,,,,,سائق سيارة,49061,,,,,,,,تبوك,أنشطة الخدمات الأخرى,صغيرة (فئة أ),اخضر صغير (فئة أ),"2,709"
,,,,,,سائق سيارة أجرة,19202,,,,,,,,تبوك,أنشطة خدمات الاقامة والطعام,صغيرة (فئة أ),اخضر صغير (فئة أ),"3,760"
,,,,,,سائق سيارة اجرة,30,,,,,,,,تبوك,أنشطة صحة الانسان والعمل الاجتماعي,صغيرة (فئة أ),اخضر صغير (فئة أ),116
,,,,,,سائق سيارة إسعاف,596,,,,,,,,تبوك,إمدادات الكهرباء والغاز والبخار وتكييف الهواء,صغيرة (فئة أ),اخضر صغير (فئة أ),22
,,,,,,سائق سيارة عمومي,82992,,,,,,,,تبوك,إمدادات المياه وأنشطة الصرف الصحي وإدارة النفايات ومعالجتها,صغيرة (فئة أ),اخضر صغير (فئة أ),84
,,,,,,سائق سيارة نقل صغيرة,15092,,,,,,,,تبوك,الأنشطة العقارية,صغيرة (فئة أ),اخضر صغير (فئة أ),583
,,,,,,سائق شاحنة,136473,,,,,,,,تبوك,الأنشطة المهنية والعلمية والتقنية,صغيرة (فئة أ),اخضر صغير (فئة أ),231
,,,,,,سائق شاحنة بمقطورة,16662,,,,,,,,تبوك,"الإدارة العامة والدفاع , الضمان الاجتماعي الالزامي",صغيرة (فئة أ),اخضر صغير (فئة أ),1
,,,,,,سائق شاحنة ثقيلة,328978,,,,,,,,تبوك,التشييد,صغيرة (فئة أ),اخضر صغير (فئة أ),"6,111"
,,,,,,سائق شاحنة خزان سوائل وغاز,4394,,,,,,,,تبوك,التعدين واستغلال المحاجر,صغيرة (فئة أ),اخضر صغير (فئة أ),52
,,,,,,سائق شاحنة رفع قمامة,4643,,,,,,,,تبوك,التعليم,صغيرة (فئة أ),اخضر صغير (فئة أ),89
,,,,,,سائق شاحنة صغيرة,85900,,,,,,,,تبوك,الخدمات الإدارية وخدمات الدعم,صغيرة (فئة أ),اخضر صغير (فئة أ),"1,199"
,,,,,,سائق عموم المركبات,57694,,,,,,,,تبوك,الزراعة والحراجة وصيد الأسماك,صغيرة (فئة أ),اخضر صغير (فئة أ),"1,632"
,,,,,,سائق عموم اليات الطرق,30412,,,,,,,,تبوك,الصناعة التحويلية,صغيرة (فئة أ),اخضر صغير (فئة أ),"2,696"
,,,,,,سائق غارفة,1398,,,,,,,,تبوك,الفنون والترفيه والتسلية,صغيرة (فئة أ),اخضر صغير (فئة أ),157
,,,,,,سائق قارب,289,,,,,,,,تبوك,المعلومات والاتصالات,صغيرة (فئة أ),اخضر صغير (فئة أ),142
,,,,,,سائق قاطرة,415,,,,,,,,تبوك,النقل والتخزين,صغيرة (فئة أ),اخضر صغير (فئة أ),781
,,,,,,سائق قاطرة منجم او محجر,3,,,,,,,,تبوك,تجارة الجملة والتجزئة وإصلاح المركبات ذات المحركات والدرجات النارية,صغيرة (فئة أ),اخضر صغير (فئة أ),"11,543"
,,,,,,سائق قطار,496,,,,,,,,تبوك,لأنشطة المالية وأنشطة التأمين,صغيرة (فئة أ),اخضر صغير (فئة أ),31
,,,,,,سائق مترو,18,,,,,,,,جازان,غير خاضعة لانشطة ISIC4,صغيرة (فئة أ),اخضر صغير (فئة أ),"3,697"
,,,,,,سائق معدات ثقيلة,48890,,,,,,,,جازان,أنشطة الخدمات الأخرى,صغيرة (فئة أ),اخضر صغير (فئة أ),"3,848"
,,,,,,سائق معدات زراعية,1034,,,,,,,,جازان,أنشطة خدمات الاقامة والطعام,صغيرة (فئة أ),اخضر صغير (فئة أ),"7,605"
,,,,,,سائق ناقلة خشب,3,,,,,,,,جازان,أنشطة صحة الانسان والعمل الاجتماعي,صغيرة (فئة أ),اخضر صغير (فئة أ),214
,,,,,,سائق نقل وقود,1,,,,,,,,جازان,إمدادات الكهرباء والغاز والبخار وتكييف الهواء,صغيرة (فئة أ),اخضر صغير (فئة أ),21
,,,,,,سائق هراسة,26,,,,,,,,جازان,إمدادات المياه وأنشطة الصرف الصحي وإدارة النفايات ومعالجتها,صغيرة (فئة أ),اخضر صغير (فئة أ),136
,,,,,,سائق وايت صرف صحي,1,,,,,,,,جازان,الأنشطة العقارية,صغيرة (فئة أ),اخضر صغير (فئة أ),712
,,,,,,سائق وايت ماء,279,,,,,,,,جازان,الأنشطة المهنية والعلمية والتقنية,صغيرة (فئة أ),اخضر صغير (فئة أ),367
,,,,,,سائق يخت,0,,,,,,,,جازان,"الإدارة العامة والدفاع , الضمان الاجتماعي الالزامي",صغيرة (فئة أ),اخضر صغير (فئة أ),1
,,,,,,سباك,68435,,,,,,,,جازان,التشييد,صغيرة (فئة أ),اخضر صغير (فئة أ),"8,592"
,,,,,,سباك عام,1336,,,,,,,,جازان,التعدين واستغلال المحاجر,صغيرة (فئة أ),اخضر صغير (فئة أ),82
,,,,,,سفرجي منزلي,19,,,,,,,,جازان,التعليم,صغيرة (فئة أ),اخضر صغير (فئة أ),154
,,,,,,سفير,29,,,,,,,,جازان,الخدمات الإدارية وخدمات الدعم,صغيرة (فئة أ),اخضر صغير (فئة أ),"1,175"
,,,,,,سكرتير,19299,,,,,,,,جازان,الزراعة والحراجة وصيد الأسماك,صغيرة (فئة أ),اخضر صغير (فئة أ),"1,910"
,,,,,,سكرتير أول أ,57,,,,,,,,جازان,الصناعة التحويلية,صغيرة (فئة أ),اخضر صغير (فئة أ),"4,425"
,,,,,,سكرتير أول ب,12,,,,,,,,جازان,الفنون والترفيه والتسلية,صغيرة (فئة أ),اخضر صغير (فئة أ),340
,,,,,,سكرتير تحرير,158,,,,,,,,جازان,المعلومات والاتصالات,صغيرة (فئة أ),اخضر صغير (فئة أ),189
,,,,,,سكرتير تنفيذي,6848,,,,,,,,جازان,النقل والتخزين,صغيرة (فئة أ),اخضر صغير (فئة أ),882
,,,,,,سكرتير ثالث,27,,,,,,,,جازان,تجارة الجملة والتجزئة وإصلاح المركبات ذات المحركات والدرجات النارية,صغيرة (فئة أ),اخضر صغير (فئة أ),"19,533"
,,,,,,سكرتير ثاني أ,16,,,,,,,,جازان,لأنشطة المالية وأنشطة التأمين,صغيرة (فئة أ),اخضر صغير (فئة أ),31
,,,,,,سكرتير ثاني ب,10,,,,,,,,حائل,غير خاضعة لانشطة ISIC4,صغيرة (فئة أ),اخضر صغير (فئة أ),"9,588"
,,,,,,سكرتير دبلوماسي,14,,,,,,,,حائل,أنشطة الخدمات الأخرى,صغيرة (فئة أ),اخضر صغير (فئة أ),"2,427"
,,,,,,سكرتير طبي,868,,,,,,,,حائل,أنشطة خدمات الاقامة والطعام,صغيرة (فئة أ),اخضر صغير (فئة أ),"3,015"
,,,,,,سكرتير قانوني,496,,,,,,,,حائل,أنشطة صحة الانسان والعمل الاجتماعي,صغيرة (فئة أ),اخضر صغير (فئة أ),194
,,,,,,سكرتير وكاتب اختزال,539,,,,,,,,حائل,إمدادات الكهرباء والغاز والبخار وتكييف الهواء,صغيرة (فئة أ),اخضر صغير (فئة أ),4
,,,,,,سمّاك,1411,,,,,,,,حائل,إمدادات المياه وأنشطة الصرف الصحي وإدارة النفايات ومعالجتها,صغيرة (فئة أ),اخضر صغير (فئة أ),76
,,,,,,سمسار اراض وعقارات,13,,,,,,,,حائل,الأنشطة العقارية,صغيرة (فئة أ),اخضر صغير (فئة أ),439
,,,,,,سمسار اوراق مالية,0,,,,,,,,حائل,الأنشطة المهنية والعلمية والتقنية,صغيرة (فئة أ),اخضر صغير (فئة أ),427
,,,,,,سمسار تجاري,3,,,,,,,,حائل,"الإدارة العامة والدفاع , الضمان الاجتماعي الالزامي",صغيرة (فئة أ),اخضر صغير (فئة أ),1
,,,,,,سمكري,108,,,,,,,,حائل,التشييد,صغيرة (فئة أ),اخضر صغير (فئة أ),"6,850"
,,,,,,سمكري اجسام مركبات,110,,,,,,,,حائل,التعدين واستغلال المحاجر,صغيرة (فئة أ),اخضر صغير (فئة أ),28
,,,,,,سمكري انابيب البخار,6,,,,,,,,حائل,التعليم,صغيرة (فئة أ),اخضر صغير (فئة أ),84
,,,,,,سمكري طائرات,2,,,,,,,,حائل,الخدمات الإدارية وخدمات الدعم,صغيرة (فئة أ),اخضر صغير (فئة أ),"1,262"
,,,,,,سمكري مركبات,15666,,,,,,,,حائل,الزراعة والحراجة وصيد الأسماك,صغيرة (فئة أ),اخضر صغير (فئة أ),"2,044"
,,,,,,سنّان ومجلّخ أدوات معدنية,206,,,,,,,,حائل,الصناعة التحويلية,صغيرة (فئة أ),اخضر صغير (فئة أ),"2,332"
,,,,,,شرطي تحري,0,,,,,,,,حائل,الفنون والترفيه والتسلية,صغيرة (فئة أ),اخضر صغير (فئة أ),182
,,,,,,شواء دجاج,1175,,,,,,,,حائل,المعلومات والاتصالات,صغيرة (فئة أ),اخضر صغير (فئة أ),133
,,,,,,شواء شورما,16,,,,,,,,حائل,النقل والتخزين,صغيرة (فئة أ),اخضر صغير (فئة أ),"2,155"
,,,,,,شواء لحم,1609,,,,,,,,حائل,تجارة الجملة والتجزئة وإصلاح المركبات ذات المحركات والدرجات النارية,صغيرة (فئة أ),اخضر صغير (فئة أ),"9,983"
,,,,,,شواء وقلاي سمك,5,,,,,,,,حائل,لأنشطة المالية وأنشطة التأمين,صغيرة (فئة أ),اخضر صغير (فئة أ),32
,,,,,,صاحب فندق,4,,,,,,,,عسير,غير خاضعة لانشطة ISIC4,صغيرة (فئة أ),اخضر صغير (فئة أ),"5,492"
,,,,,,صانع أجبان,72,,,,,,,,عسير,أنشطة الخدمات الأخرى,صغيرة (فئة أ),اخضر صغير (فئة أ),"5,549"
,,,,,,صانع اجبان,0,,,,,,,,عسير,أنشطة خدمات الاقامة والطعام,صغيرة (فئة أ),اخضر صغير (فئة أ),"9,911"
,,,,,,صانع احذية بلاستيكية ومطاطية,3,,,,,,,,عسير,أنشطة صحة الانسان والعمل الاجتماعي,صغيرة (فئة أ),اخضر صغير (فئة أ),339
,,,,,,صانع احذية طبية,0,,,,,,,,عسير,إمدادات الكهرباء والغاز والبخار وتكييف الهواء,صغيرة (فئة أ),اخضر صغير (فئة أ),26
,,,,,,صانع أحذية عام,0,,,,,,,,عسير,إمدادات المياه وأنشطة الصرف الصحي وإدارة النفايات ومعالجتها,صغيرة (فئة أ),اخضر صغير (فئة أ),183
,,,,,,صانع أدوات و عدة,174,,,,,,,,عسير,الأنشطة العقارية,صغيرة (فئة أ),اخضر صغير (فئة أ),"1,485"
,,,,,,صانع أسلحة,78,,,,,,,,عسير,الأنشطة المهنية والعلمية والتقنية,صغيرة (فئة أ),اخضر صغير (فئة أ),698
,,,,,,صانع أقط,1,,,,,,,,عسير,"الإدارة العامة والدفاع , الضمان الاجتماعي الالزامي",صغيرة (فئة أ),اخضر صغير (فئة أ),2
,,,,,,صانع أقفال,36,,,,,,,,عسير,التشييد,صغيرة (فئة أ),اخضر صغير (فئة أ),"15,619"
,,,,,,صانع الألبان,147,,,,,,,,عسير,التعدين واستغلال المحاجر,صغيرة (فئة أ),اخضر صغير (فئة أ),163
,,,,,,صانع الشمع,3,,,,,,,,عسير,التعليم,صغيرة (فئة أ),اخضر صغير (فئة أ),123
,,,,,,صانع الظروف الورقية,12,,,,,,,,عسير,الخدمات الإدارية وخدمات الدعم,صغيرة (فئة أ),اخضر صغير (فئة أ),"2,474"
,,,,,,صانع الفخار والسيراميك,693,,,,,,,,عسير,الزراعة والحراجة وصيد الأسماك,صغيرة (فئة أ),اخضر صغير (فئة أ),"4,925"
,,,,,,صانع الواح الطباعة بالصب,0,,,,,,,,عسير,الصناعة التحويلية,صغيرة (فئة أ),اخضر صغير (فئة أ),"8,943"
,,,,,,صانع ايس كريم بالماكينة,7,,,,,,,,عسير,الفنون والترفيه والتسلية,صغيرة (فئة أ),اخضر صغير (فئة أ),387
,,,,,,صانع بخور وعطور,42,,,,,,,,عسير,المعلومات والاتصالات,صغيرة (فئة أ),اخضر صغير (فئة أ),353
,,,,,,صانع بسكويت,2,,,,,,,,عسير,النقل والتخزين,صغيرة (فئة أ),اخضر صغير (فئة أ),"1,786"
,,,,,,صانع ثلج,24,,,,,,,,عسير,تجارة الجملة والتجزئة وإصلاح المركبات ذات المحركات والدرجات النارية,صغيرة (فئة أ),اخضر صغير (فئة أ),"25,945"
,,,,,,صانع حقائب يد,5,,,,,,,,عسير,لأنشطة المالية وأنشطة التأمين,صغيرة (فئة أ),اخضر صغير (فئة أ),70
,,,,,,صانع حلويات,12918,,,,,,,,مكة المكرمة,غير خاضعة لانشطة ISIC4,صغيرة (فئة أ),اخضر صغير (فئة أ),"24,663"
,,,,,,صانع حلويات شرقية,27,,,,,,,,مكة المكرمة,أنشطة الخدمات الأخرى,صغيرة (فئة أ),اخضر صغير (فئة أ),"16,019"
,,,,,,صانع حلويات عام,43,,,,,,,,مكة المكرمة,أنشطة خدمات الاقامة والطعام,صغيرة (فئة أ),اخضر صغير (فئة أ),"27,018"
,,,,,,صانع حلويات غربية,1,,,,,,,,مكة المكرمة,أنشطة صحة الانسان والعمل الاجتماعي,صغيرة (فئة أ),اخضر صغير (فئة أ),"1,771"
,,,,,,صانع حلي ذهبية,39,,,,,,,,مكة المكرمة,إمدادات الكهرباء والغاز والبخار وتكييف الهواء,صغيرة (فئة أ),اخضر صغير (فئة أ),130
,,,,,,صانع حلي فضية,0,,,,,,,,مكة المكرمة,إمدادات المياه وأنشطة الصرف الصحي وإدارة النفايات ومعالجتها,صغيرة (فئة أ),اخضر صغير (فئة أ),637
,,,,,,صانع حلي ومجوهرات عام,5,,,,,,,,مكة المكرمة,الأنشطة العقارية,صغيرة (فئة أ),اخضر صغير (فئة أ),"8,272"
,,,,,,صانع خمائر عام,0,,,,,,,,مكة المكرمة,الأنشطة المهنية والعلمية والتقنية,صغيرة (فئة أ),اخضر صغير (فئة أ),"4,857"
,,,,,,صانع دبس,1,,,,,,,,مكة المكرمة,"الإدارة العامة والدفاع , الضمان الاجتماعي الالزامي",صغيرة (فئة أ),اخضر صغير (فئة أ),22
,,,,,,صانع ذهب وفضة,17,,,,,,,,مكة المكرمة,التشييد,صغيرة (فئة أ),اخضر صغير (فئة أ),"46,781"
,,,,,,صانع زخرفة معادن ثمينة بالريديوم وبالتلوين والمينا,0,,,,,,,,مكة المكرمة,التعدين واستغلال المحاجر,صغيرة (فئة أ),اخضر صغير (فئة أ),583
,,,,,,صانع زهور اصطناعية,187,,,,,,,,مكة المكرمة,التعليم,صغيرة (فئة أ),اخضر صغير (فئة أ),"1,226"
,,,,,,صانع سمن,1,,,,,,,,مكة المكرمة,الخدمات الإدارية وخدمات الدعم,صغيرة (فئة أ),اخضر صغير (فئة أ),"12,057"
,,,,,,صانع شاشة طباعة حريرية,6,,,,,,,,مكة المكرمة,الزراعة والحراجة وصيد الأسماك,صغيرة (فئة أ),اخضر صغير (فئة أ),"4,310"
,,,,,,صانع شطائر (سندويتش),55,,,,,,,,مكة المكرمة,الصناعة التحويلية,صغيرة (فئة أ),اخضر صغير (فئة أ),"16,539"
,,,,,,صانع شمع,22,,,,,,,,مكة المكرمة,الفنون والترفيه والتسلية,صغيرة (فئة أ),اخضر صغير (فئة أ),"2,018"
,,,,,,صانع شوكولاته,0,,,,,,,,مكة المكرمة,المعلومات والاتصالات,صغيرة (فئة أ),اخضر صغير (فئة أ),"3,222"
,,,,,,صانع صنع صفائح رقيقة من المعادن الثمينة,1,,,,,,,,مكة المكرمة,النقل والتخزين,صغيرة (فئة أ),اخضر صغير (فئة أ),"6,536"
,,,,,,صانع طحينة,0,,,,,,,,مكة المكرمة,تجارة الجملة والتجزئة وإصلاح المركبات ذات المحركات والدرجات النارية,صغيرة (فئة أ),اخضر صغير (فئة أ),"96,653"
,,,,,,صانع عصير فواكهة,2848,,,,,,,,مكة المكرمة,لأنشطة المالية وأنشطة التأمين,صغيرة (فئة أ),اخضر صغير (فئة أ),"1,353"
,,,,,,صانع فلافل,5,,,,,,,,نجران,غير خاضعة لانشطة ISIC4,صغيرة (فئة أ),اخضر صغير (فئة أ),"6,431"
,,,,,,صانع فول مدمس,8,,,,,,,,نجران,أنشطة الخدمات الأخرى,صغيرة (فئة أ),اخضر صغير (فئة أ),"1,661"
,,,,,,صانع قشدة,0,,,,,,,,نجران,أنشطة خدمات الاقامة والطعام,صغيرة (فئة أ),اخضر صغير (فئة أ),"2,473"
,,,,,,صانع قطن طبي,2,,,,,,,,نجران,أنشطة صحة الانسان والعمل الاجتماعي,صغيرة (فئة أ),اخضر صغير (فئة أ),97
,,,,,,صانع قهوة عربية,3,,,,,,,,نجران,إمدادات الكهرباء والغاز والبخار وتكييف الهواء,صغيرة (فئة أ),اخضر صغير (فئة أ),7
,,,,,,صانع قهوه وشاي,1038,,,,,,,,نجران,إمدادات المياه وأنشطة الصرف الصحي وإدارة النفايات ومعالجتها,صغيرة (فئة أ),اخضر صغير (فئة أ),47
,,,,,,صانع قوالب الفخار والسيراميك,25,,,,,,,,نجران,الأنشطة العقارية,صغيرة (فئة أ),اخضر صغير (فئة أ),321
,,,,,,صانع قوالب رملية,7,,,,,,,,نجران,الأنشطة المهنية والعلمية والتقنية,صغيرة (فئة أ),اخضر صغير (فئة أ),334
,,,,,,صانع قوالب معدنية,348,,,,,,,,نجران,"الإدارة العامة والدفاع , الضمان الاجتماعي الالزامي",صغيرة (فئة أ),اخضر صغير (فئة أ),1
,,,,,,صانع قوالب وادوات,5,,,,,,,,نجران,التشييد,صغيرة (فئة أ),اخضر صغير (فئة أ),"5,449"
,,,,,,صانع لبان (علك),0,,,,,,,,نجران,التعدين واستغلال المحاجر,صغيرة (فئة أ),اخضر صغير (فئة أ),100
,,,,,,صانع لوحات طباعة اوفست,28,,,,,,,,نجران,التعليم,صغيرة (فئة أ),اخضر صغير (فئة أ),41
,,,,,,صانع مثلجات,0,,,,,,,,نجران,الخدمات الإدارية وخدمات الدعم,صغيرة (فئة أ),اخضر صغير (فئة أ),824
,,,,,,صانع مخللات (طرشي),1,,,,,,,,نجران,الزراعة والحراجة وصيد الأسماك,صغيرة (فئة أ),اخضر صغير (فئة أ),"1,189"
,,,,,,صانع مراتب,177,,,,,,,,نجران,الصناعة التحويلية,صغيرة (فئة أ),اخضر صغير (فئة أ),"2,376"
,,,,,,صانع مشغولات معدنية,13,,,,,,,,نجران,الفنون والترفيه والتسلية,صغيرة (فئة أ),اخضر صغير (فئة أ),121
,,,,,,صانع معجنات,1032,,,,,,,,نجران,المعلومات والاتصالات,صغيرة (فئة أ),اخضر صغير (فئة أ),74
,,,,,,صانع معجنات و فطائر,2582,,,,,,,,نجران,النقل والتخزين,صغيرة (فئة أ),اخضر صغير (فئة أ),"1,462"
,,,,,,صانع مكرونة عام,0,,,,,,,,نجران,تجارة الجملة والتجزئة وإصلاح المركبات ذات المحركات والدرجات النارية,صغيرة (فئة أ),اخضر صغير (فئة أ),"6,993"
,,,,,,صانع منتجات ألبان,703,,,,,,,,نجران,لأنشطة المالية وأنشطة التأمين,صغيرة (فئة أ),اخضر صغير (فئة أ),24
,,,,,,صانع منتجات البان عام,54,,,,,,,,الرياض,النقل والتخزين,صغيرة (فئة أ),اخضر متوسط,2
,,,,,,صانع منتجات جلدية,124,,,,,,,,الرياض,تجارة الجملة والتجزئة وإصلاح المركبات ذات المحركات والدرجات النارية,صغيرة (فئة أ),اخضر متوسط,1
,,,,,,صانع منتجات جلود عام,0,,,,,,,,مكة المكرمة,الصناعة التحويلية,صغيرة (فئة أ),اخضر متوسط,1
,,,,,,صانع منتجات لحوم,1,,,,,,,,الباحة,غير خاضعة لانشطة ISIC4,صغيرة (فئة ب),اخضر متوسط,14
,,,,,,صانع نماذج,27,,,,,,,,الباحة,أنشطة الخدمات الأخرى,صغيرة (فئة ب),اخضر متوسط,32
,,,,,,صانع نماذج احذية,0,,,,,,,,الباحة,أنشطة خدمات الاقامة والطعام,صغيرة (فئة ب),اخضر متوسط,125
,,,,,,صانع نماذج للمنتجات الخزفية,1,,,,,,,,الباحة,أنشطة صحة الانسان والعمل الاجتماعي,صغيرة (فئة ب),اخضر متوسط,4
,,,,,,صانع نماذج معمارية (ماكيت),38,,,,,,,,الباحة,إمدادات المياه وأنشطة الصرف الصحي وإدارة النفايات ومعالجتها,صغيرة (فئة ب),اخضر متوسط,6
,,,,,,صانع نماذج ملابس,25,,,,,,,,الباحة,الأنشطة العقارية,صغيرة (فئة ب),اخضر متوسط,2
,,,,,,صانع ومصلح آلات موسيقية نفخية,2,,,,,,,,الباحة,الأنشطة المهنية والعلمية والتقنية,صغيرة (فئة ب),اخضر متوسط,5
,,,,,,صانع ومصلح آلات موسيقية وترية,3,,,,,,,,الباحة,التشييد,صغيرة (فئة ب),اخضر متوسط,112
,,,,,,صانع ومفصل احذية عام,1,,,,,,,,الباحة,التعدين واستغلال المحاجر,صغيرة (فئة ب),اخضر متوسط,1
,,,,,,صائغ,3677,,,,,,,,الباحة,التعليم,صغيرة (فئة ب),اخضر متوسط,2
,,,,,,صائغ زخرفة معادن ثمينة وطلاء بالمينا,263,,,,,,,,الباحة,الخدمات الإدارية وخدمات الدعم,صغيرة (فئة ب),اخضر متوسط,19
,,,,,,صباغ خيوط,14,,,,,,,,الباحة,الزراعة والحراجة وصيد الأسماك,صغيرة (فئة ب),اخضر متوسط,3
,,,,,,صحفي,47,,,,,,,,الباحة,الصناعة التحويلية,صغيرة (فئة ب),اخضر متوسط,78
,,,,,,صراف,9601,,,,,,,,الباحة,الفنون والترفيه والتسلية,صغيرة (فئة ب),اخضر متوسط,1
,,,,,,صراف اوراق مالية وعملة,164,,,,,,,,الباحة,المعلومات والاتصالات,صغيرة (فئة ب),اخضر متوسط,1
,,,,,,صراف بنك,4170,,,,,,,,الباحة,النقل والتخزين,صغيرة (فئة ب),اخضر متوسط,8
,,,,,,صراف عملات,753,,,,,,,,الباحة,تجارة الجملة والتجزئة وإصلاح المركبات ذات المحركات والدرجات النارية,صغيرة (فئة ب),اخضر متوسط,347
,,,,,,صراف نقود في المؤسسات التجارية,22,,,,,,,,الجوف,غير خاضعة لانشطة ISIC4,صغيرة (فئة ب),اخضر متوسط,25
,,,,,,صقال احذية,0,,,,,,,,الجوف,أنشطة الخدمات الأخرى,صغيرة (فئة ب),اخضر متوسط,51
,,,,,,صقال العدسات,14,,,,,,,,الجوف,أنشطة خدمات الاقامة والطعام,صغيرة (فئة ب),اخضر متوسط,97
,,,,,,صقل الزجاج,0,,,,,,,,الجوف,أنشطة صحة الانسان والعمل الاجتماعي,صغيرة (فئة ب),اخضر متوسط,15
,,,,,,صياد أسماك ساحلي,3170,,,,,,,,الجوف,إمدادات المياه وأنشطة الصرف الصحي وإدارة النفايات ومعالجتها,صغيرة (فئة ب),اخضر متوسط,2
,,,,,,صياد أعالي البحار,26,,,,,,,,الجوف,الأنشطة العقارية,صغيرة (فئة ب),اخضر متوسط,4
,,,,,,صياد اكتفاء ذاتي أسماك,1,,,,,,,,الجوف,الأنشطة المهنية والعلمية والتقنية,صغيرة (فئة ب),اخضر متوسط,3
,,,,,,صياد بحري عام,484,,,,,,,,الجوف,التشييد,صغيرة (فئة ب),اخضر متوسط,118
,,,,,,صياد بري,1,,,,,,,,الجوف,التعدين واستغلال المحاجر,صغيرة (فئة ب),اخضر متوسط,1
,,,,,,صياد سمك بحري,7380,,,,,,,,الجوف,التعليم,صغيرة (فئة ب),اخضر متوسط,15
,,,,,,صياد سمك مياه داخلية,1,,,,,,,,الجوف,الخدمات الإدارية وخدمات الدعم,صغيرة (فئة ب),اخضر متوسط,26
,,,,,,صياد قشريات,2,,,,,,,,الجوف,الزراعة والحراجة وصيد الأسماك,صغيرة (فئة ب),اخضر متوسط,24
,,,,,,صيدلي,32196,,,,,,,,الجوف,الصناعة التحويلية,صغيرة (فئة ب),اخضر متوسط,62
,,,,,,صيدلي رعاية صيدلانية,70,,,,,,,,الجوف,الفنون والترفيه والتسلية,صغيرة (فئة ب),اخضر متوسط,8
,,,,,,ضابط اتصال,7,,,,,,,,الجوف,المعلومات والاتصالات,صغيرة (فئة ب),اخضر متوسط,1
,,,,,,ضابط استخبارات,1,,,,,,,,الجوف,النقل والتخزين,صغيرة (فئة ب),اخضر متوسط,31
,,,,,,ضابط أمن ,2179,,,,,,,,الجوف,تجارة الجملة والتجزئة وإصلاح المركبات ذات المحركات والدرجات النارية,صغيرة (فئة ب),اخضر متوسط,462
,,,,,,ضابط أمن داخلي,85,,,,,,,,الحدود الشمالية,غير خاضعة لانشطة ISIC4,صغيرة (فئة ب),اخضر متوسط,7
,,,,,,ضابط سلامة وصحة مهنية,486,,,,,,,,الحدود الشمالية,أنشطة الخدمات الأخرى,صغيرة (فئة ب),اخضر متوسط,18
,,,,,,ضابط صف,1,,,,,,,,الحدود الشمالية,أنشطة خدمات الاقامة والطعام,صغيرة (فئة ب),اخضر متوسط,75
,,,,,,ضابط صف أمن,5,,,,,,,,الحدود الشمالية,أنشطة صحة الانسان والعمل الاجتماعي,صغيرة (فئة ب),اخضر متوسط,9
,,,,,,ضابط صف أمن داخلي,0,,,,,,,,الحدود الشمالية,إمدادات المياه وأنشطة الصرف الصحي وإدارة النفايات ومعالجتها,صغيرة (فئة ب),اخضر متوسط,3
,,,,,,ضابط علاقات عامة,3552,,,,,,,,الحدود الشمالية,الأنشطة العقارية,صغيرة (فئة ب),اخضر متوسط,4
,,,,,,ضابط عمليات طيران,1,,,,,,,,الحدود الشمالية,الأنشطة المهنية والعلمية والتقنية,صغيرة (فئة ب),اخضر متوسط,3
,,,,,,طابع عام,271,,,,,,,,الحدود الشمالية,التشييد,صغيرة (فئة ب),اخضر متوسط,73
,,,,,,طالب,8,,,,,,,,الحدود الشمالية,التعليم,صغيرة (فئة ب),اخضر متوسط,7
,,,,,,طاهي,95001,,,,,,,,الحدود الشمالية,الخدمات الإدارية وخدمات الدعم,صغيرة (فئة ب),اخضر متوسط,21
,,,,,,طاهي اطعمة اجنبية,10,,,,,,,,الحدود الشمالية,الزراعة والحراجة وصيد الأسماك,صغيرة (فئة ب),اخضر متوسط,1
,,,,,,طاهي اطعمة عربية,9,,,,,,,,الحدود الشمالية,الصناعة التحويلية,صغيرة (فئة ب),اخضر متوسط,32
,,,,,,طاهي عام,1267,,,,,,,,الحدود الشمالية,الفنون والترفيه والتسلية,صغيرة (فئة ب),اخضر متوسط,6
,,,,,,طاهي مأكولات منزلية,42,,,,,,,,الحدود الشمالية,النقل والتخزين,صغيرة (فئة ب),اخضر متوسط,24
,,,,,,طاهي وسائل نقل,39,,,,,,,,الحدود الشمالية,تجارة الجملة والتجزئة وإصلاح المركبات ذات المحركات والدرجات النارية,صغيرة (فئة ب),اخضر متوسط,228
,,,,,,طباخ اسماك,23,,,,,,,,الرياض,غير خاضعة لانشطة ISIC4,صغيرة (فئة ب),اخضر متوسط,"2,693"
,,,,,,طباخ تمور,19,,,,,,,,الرياض,أنشطة الخدمات الأخرى,صغيرة (فئة ب),اخضر متوسط,"1,095"
,,,,,,طباخ فواكه  وخضروات عام,1657,,,,,,,,الرياض,أنشطة خدمات الاقامة والطعام,صغيرة (فئة ب),اخضر متوسط,"1,929"
,,,,,,طباخ منزلي,136,,,,,,,,الرياض,أنشطة صحة الانسان والعمل الاجتماعي,صغيرة (فئة ب),اخضر متوسط,302
,,,,,,طباع,1076,,,,,,,,الرياض,إمدادات الكهرباء والغاز والبخار وتكييف الهواء,صغيرة (فئة ب),اخضر متوسط,18
,,,,,,طباع بالاختام,2,,,,,,,,الرياض,إمدادات المياه وأنشطة الصرف الصحي وإدارة النفايات ومعالجتها,صغيرة (فئة ب),اخضر متوسط,49
,,,,,,طباع بالشيكة الحريرية,1,,,,,,,,الرياض,الأنشطة العقارية,صغيرة (فئة ب),اخضر متوسط,351
,,,,,,طباع صور فوتغرافية,3,,,,,,,,الرياض,الأنشطة المهنية والعلمية والتقنية,صغيرة (فئة ب),اخضر متوسط,624
,,,,,,طباع عام,49,,,,,,,,الرياض,"الإدارة العامة والدفاع , الضمان الاجتماعي الالزامي",صغيرة (فئة ب),اخضر متوسط,1
,,,,,,طباع نسيج,0,,,,,,,,الرياض,التشييد,صغيرة (فئة ب),اخضر متوسط,"3,481"
,,,,,,طبيب,2859,,,,,,,,الرياض,التعدين واستغلال المحاجر,صغيرة (فئة ب),اخضر متوسط,40
,,,,,,طبيب اختصاصي اشعة,79,,,,,,,,الرياض,التعليم,صغيرة (فئة ب),اخضر متوسط,261
,,,,,,طبيب اختصاصي امراض الدم,7,,,,,,,,الرياض,الخدمات الإدارية وخدمات الدعم,صغيرة (فئة ب),اخضر متوسط,871
,,,,,,طبيب اختصاصي امراض مهنية,10,,,,,,,,الرياض,الزراعة والحراجة وصيد الأسماك,صغيرة (فئة ب),اخضر متوسط,212
,,,,,,طبيب اختصاصي امراض نفسية,33,,,,,,,,الرياض,الصناعة التحويلية,صغيرة (فئة ب),اخضر متوسط,"1,925"
,,,,,,طبيب اختصاصي امعاء وقولون,3,,,,,,,,الرياض,الفنون والترفيه والتسلية,صغيرة (فئة ب),اخضر متوسط,170
,,,,,,طبيب اختصاصي انف واذن وحنجره,18,,,,,,,,الرياض,المعلومات والاتصالات,صغيرة (فئة ب),اخضر متوسط,524
,,,,,,طبيب اختصاصي اوعية دموية,3,,,,,,,,الرياض,النقل والتخزين,صغيرة (فئة ب),اخضر متوسط,"1,035"
,,,,,,طبيب اختصاصي باطني,98,,,,,,,,الرياض,تجارة الجملة والتجزئة وإصلاح المركبات ذات المحركات والدرجات النارية,صغيرة (فئة ب),اخضر متوسط,"8,127"
,,,,,,طبيب اختصاصي تخدير,35,,,,,,,,الرياض,لأنشطة المالية وأنشطة التأمين,صغيرة (فئة ب),اخضر متوسط,71
,,,,,,طبيب اختصاصي تناسلية,4,,,,,,,,الشرقية,غير خاضعة لانشطة ISIC4,صغيرة (فئة ب),اخضر متوسط,240
,,,,,,طبيب اختصاصي تنظير,2,,,,,,,,الشرقية,أنشطة الخدمات الأخرى,صغيرة (فئة ب),اخضر متوسط,646
,,,,,,طبيب اختصاصي جراحة فم واسنان,95,,,,,,,,الشرقية,أنشطة خدمات الاقامة والطعام,صغيرة (فئة ب),اخضر متوسط,"1,597"
,,,,,,طبيب اختصاصي جلدية,53,,,,,,,,الشرقية,أنشطة صحة الانسان والعمل الاجتماعي,صغيرة (فئة ب),اخضر متوسط,99
,,,,,,طبيب اختصاصي حساسية,2,,,,,,,,الشرقية,إمدادات الكهرباء والغاز والبخار وتكييف الهواء,صغيرة (فئة ب),اخضر متوسط,13
,,,,,,طبيب اختصاصي دماغ واعصاب,16,,,,,,,,الشرقية,إمدادات المياه وأنشطة الصرف الصحي وإدارة النفايات ومعالجتها,صغيرة (فئة ب),اخضر متوسط,37
,,,,,,طبيب اختصاصي شرعي,1,,,,,,,,الشرقية,الأنشطة العقارية,صغيرة (فئة ب),اخضر متوسط,96
,,,,,,طبيب اختصاصي صحة عام,123,,,,,,,,الشرقية,الأنشطة المهنية والعلمية والتقنية,صغيرة (فئة ب),اخضر متوسط,169
,,,,,,طبيب اختصاصي صدر,30,,,,,,,,الشرقية,التشييد,صغيرة (فئة ب),اخضر متوسط,"2,391"
,,,,,,طبيب اختصاصي طب المناطق الحارة,3,,,,,,,,الشرقية,التعدين واستغلال المحاجر,صغيرة (فئة ب),اخضر متوسط,13
,,,,,,طبيب اختصاصي طب رياضي,1,,,,,,,,الشرقية,التعليم,صغيرة (فئة ب),اخضر متوسط,112
,,,,,,طبيب اختصاصي طب عام,2606,,,,,,,,الشرقية,الخدمات الإدارية وخدمات الدعم,صغيرة (فئة ب),اخضر متوسط,410
,,,,,,طبيب اختصاصي طب نووي,11,,,,,,,,الشرقية,الزراعة والحراجة وصيد الأسماك,صغيرة (فئة ب),اخضر متوسط,134
,,,,,,طبيب اختصاصي عظام,19,,,,,,,,الشرقية,الصناعة التحويلية,صغيرة (فئة ب),اخضر متوسط,"1,205"
,,,,,,طبيب اختصاصي علاج طبيعي,321,,,,,,,,الشرقية,الفنون والترفيه والتسلية,صغيرة (فئة ب),اخضر متوسط,74
,,,,,,طبيب اختصاصي عيون,58,,,,,,,,الشرقية,المعلومات والاتصالات,صغيرة (فئة ب),اخضر متوسط,117
,,,,,,طبيب اختصاصي غدد,15,,,,,,,,الشرقية,النقل والتخزين,صغيرة (فئة ب),اخضر متوسط,483
,,,,,,طبيب اختصاصي قلب,18,,,,,,,,الشرقية,تجارة الجملة والتجزئة وإصلاح المركبات ذات المحركات والدرجات النارية,صغيرة (فئة ب),اخضر متوسط,"4,792"
,,,,,,طبيب اختصاصي مسالك بولية,11,,,,,,,,الشرقية,لأنشطة المالية وأنشطة التأمين,صغيرة (فئة ب),اخضر متوسط,19
,,,,,,طبيب اختصاصي نساء وولادة,75,,,,,,,,القصيم,غير خاضعة لانشطة ISIC4,صغيرة (فئة ب),اخضر متوسط,105
,,,,,,طبيب اختصاصي نقل دم,5,,,,,,,,القصيم,أنشطة الخدمات الأخرى,صغيرة (فئة ب),اخضر متوسط,136
,,,,,,طبيب أخصائي,4006,,,,,,,,القصيم,أنشطة خدمات الاقامة والطعام,صغيرة (فئة ب),اخضر متوسط,348
,,,,,,طبيب استشاري,166,,,,,,,,القصيم,أنشطة صحة الانسان والعمل الاجتماعي,صغيرة (فئة ب),اخضر متوسط,31
,,,,,,طبيب أسرة,296,,,,,,,,القصيم,إمدادات الكهرباء والغاز والبخار وتكييف الهواء,صغيرة (فئة ب),اخضر متوسط,2
,,,,,,طبيب أسنان أطفال,168,,,,,,,,القصيم,إمدادات المياه وأنشطة الصرف الصحي وإدارة النفايات ومعالجتها,صغيرة (فئة ب),اخضر متوسط,19
,,,,,,طبيب أسنان الأسرة,169,,,,,,,,القصيم,الأنشطة العقارية,صغيرة (فئة ب),اخضر متوسط,17
,,,,,,طبيب اسنان صحة عام,0,,,,,,,,القصيم,الأنشطة المهنية والعلمية والتقنية,صغيرة (فئة ب),اخضر متوسط,24
,,,,,,طبيب أسنان عام,7551,,,,,,,,القصيم,التشييد,صغيرة (فئة ب),اخضر متوسط,567
,,,,,,طبيب اسنان عام,2118,,,,,,,,القصيم,التعدين واستغلال المحاجر,صغيرة (فئة ب),اخضر متوسط,2
,,,,,,طبيب أشعة تشخيصية,391,,,,,,,,القصيم,التعليم,صغيرة (فئة ب),اخضر متوسط,25
,,,,,,طبيب أطفال,1623,,,,,,,,القصيم,الخدمات الإدارية وخدمات الدعم,صغيرة (فئة ب),اخضر متوسط,123
,,,,,,طبيب أعصاب الأطفال,4,,,,,,,,القصيم,الزراعة والحراجة وصيد الأسماك,صغيرة (فئة ب),اخضر متوسط,52
,,,,,,طبيب أمراض الدم,63,,,,,,,,القصيم,الصناعة التحويلية,صغيرة (فئة ب),اخضر متوسط,291
,,,,,,طبيب أمراض جلدية,1836,,,,,,,,القصيم,الفنون والترفيه والتسلية,صغيرة (فئة ب),اخضر متوسط,11
,,,,,,طبيب أمراض حساسية ومناعة,10,,,,,,,,القصيم,المعلومات والاتصالات,صغيرة (فئة ب),اخضر متوسط,10
,,,,,,طبيب أمراض رثوية,17,,,,,,,,القصيم,النقل والتخزين,صغيرة (فئة ب),اخضر متوسط,132
,,,,,,طبيب أمراض غدد صماء,50,,,,,,,,القصيم,تجارة الجملة والتجزئة وإصلاح المركبات ذات المحركات والدرجات النارية,صغيرة (فئة ب),اخضر متوسط,"1,272"
,,,,,,طبيب أمراض وراثية,3,,,,,,,,القصيم,لأنشطة المالية وأنشطة التأمين,صغيرة (فئة ب),اخضر متوسط,1
,,,,,,طبيب باطني,1439,,,,,,,,المدينة,غير خاضعة لانشطة ISIC4,صغيرة (فئة ب),اخضر متوسط,99
,,,,,,طبيب بيطري,3640,,,,,,,,المدينة,أنشطة الخدمات الأخرى,صغيرة (فئة ب),اخضر متوسط,173
,,,,,,طبيب بيطري اختصاصي دواجن,0,,,,,,,,المدينة,أنشطة خدمات الاقامة والطعام,صغيرة (فئة ب),اخضر متوسط,590
,,,,,,طبيب بيطري اختصاصي مواشي,0,,,,,,,,المدينة,أنشطة صحة الانسان والعمل الاجتماعي,صغيرة (فئة ب),اخضر متوسط,36
,,,,,,طبيب بيطري صحة عام,0,,,,,,,,المدينة,إمدادات الكهرباء والغاز والبخار وتكييف الهواء,صغيرة (فئة ب),اخضر متوسط,2
,,,,,,طبيب بيطري عام,95,,,,,,,,المدينة,إمدادات المياه وأنشطة الصرف الصحي وإدارة النفايات ومعالجتها,صغيرة (فئة ب),اخضر متوسط,13
,,,,,,طبيب تخدير,614,,,,,,,,المدينة,الأنشطة العقارية,صغيرة (فئة ب),اخضر متوسط,33
,,,,,,طبيب تقويم أسنان ووجه وفكين,1210,,,,,,,,المدينة,الأنشطة المهنية والعلمية والتقنية,صغيرة (فئة ب),اخضر متوسط,36
,,,,,,طبيب جراح,652,,,,,,,,المدينة,التشييد,صغيرة (فئة ب),اخضر متوسط,673
,,,,,,طبيب جراح أنف وأذن وحنجرة ورأس وعنق,430,,,,,,,,المدينة,التعدين واستغلال المحاجر,صغيرة (فئة ب),اخضر متوسط,7
,,,,,,طبيب جراح تجميل,147,,,,,,,,المدينة,التعليم,صغيرة (فئة ب),اخضر متوسط,48
,,,,,,طبيب جراح عظام,487,,,,,,,,المدينة,الخدمات الإدارية وخدمات الدعم,صغيرة (فئة ب),اخضر متوسط,134
,,,,,,طبيب جراح عيون,596,,,,,,,,المدينة,الزراعة والحراجة وصيد الأسماك,صغيرة (فئة ب),اخضر متوسط,38
,,,,,,طبيب جراح قلب وصدر,43,,,,,,,,المدينة,الصناعة التحويلية,صغيرة (فئة ب),اخضر متوسط,258
,,,,,,طبيب جراح مخ وأعصاب,60,,,,,,,,المدينة,الفنون والترفيه والتسلية,صغيرة (فئة ب),اخضر متوسط,21
,,,,,,طبيب جهاز تنفسي,63,,,,,,,,المدينة,المعلومات والاتصالات,صغيرة (فئة ب),اخضر متوسط,10
,,,,,,طبيب جهاز هضمي,51,,,,,,,,المدينة,النقل والتخزين,صغيرة (فئة ب),اخضر متوسط,94
,,,,,,طبيب شرعي,6,,,,,,,,المدينة,تجارة الجملة والتجزئة وإصلاح المركبات ذات المحركات والدرجات النارية,صغيرة (فئة ب),اخضر متوسط,"1,776"
,,,,,,طبيب صحة عامة,1160,,,,,,,,المدينة,لأنشطة المالية وأنشطة التأمين,صغيرة (فئة ب),اخضر متوسط,1
,,,,,,طبيب صحة عامة أسنان,226,,,,,,,,تبوك,غير خاضعة لانشطة ISIC4,صغيرة (فئة ب),اخضر متوسط,40
,,,,,,طبيب طوارئ,651,,,,,,,,تبوك,أنشطة الخدمات الأخرى,صغيرة (فئة ب),اخضر متوسط,79
,,,,,,طبيب عام,8827,,,,,,,,تبوك,أنشطة خدمات الاقامة والطعام,صغيرة (فئة ب),اخضر متوسط,217
,,,,,,طبيب علاج إشعاعي,553,,,,,,,,تبوك,أنشطة صحة الانسان والعمل الاجتماعي,صغيرة (فئة ب),اخضر متوسط,13
,,,,,,طبيب علاج طبيعي,388,,,,,,,,تبوك,إمدادات الكهرباء والغاز والبخار وتكييف الهواء,صغيرة (فئة ب),اخضر متوسط,6
,,,,,,طبيب عناية مركزة,147,,,,,,,,تبوك,إمدادات المياه وأنشطة الصرف الصحي وإدارة النفايات ومعالجتها,صغيرة (فئة ب),اخضر متوسط,8
,,,,,,طبيب فم ووجه وفكين,227,,,,,,,,تبوك,الأنشطة العقارية,صغيرة (فئة ب),اخضر متوسط,16
,,,,,,طبيب قلب وأوعية دموية,261,,,,,,,,تبوك,الأنشطة المهنية والعلمية والتقنية,صغيرة (فئة ب),اخضر متوسط,11
,,,,,,طبيب كلى,173,,,,,,,,تبوك,التشييد,صغيرة (فئة ب),اخضر متوسط,252
,,,,,,طبيب مخ وأعصاب,80,,,,,,,,تبوك,التعدين واستغلال المحاجر,صغيرة (فئة ب),اخضر متوسط,2
,,,,,,طبيب مختبرات,218,,,,,,,,تبوك,التعليم,صغيرة (فئة ب),اخضر متوسط,12
,,,,,,طبيب معالجة لبية,116,,,,,,,,تبوك,الخدمات الإدارية وخدمات الدعم,صغيرة (فئة ب),اخضر متوسط,39
,,,,,,طبيب مقيم اشعة فوق صوتية,0,,,,,,,,تبوك,الزراعة والحراجة وصيد الأسماك,صغيرة (فئة ب),اخضر متوسط,32
,,,,,,طبيب مقيم طوارىء,2,,,,,,,,تبوك,الصناعة التحويلية,صغيرة (فئة ب),اخضر متوسط,100
,,,,,,طبيب ممارس عام,1328,,,,,,,,تبوك,الفنون والترفيه والتسلية,صغيرة (فئة ب),اخضر متوسط,13
,,,,,,طبيب نساء وولادة,1991,,,,,,,,تبوك,المعلومات والاتصالات,صغيرة (فئة ب),اخضر متوسط,5
,,,,,,طبيب نفسي,175,,,,,,,,تبوك,النقل والتخزين,صغيرة (فئة ب),اخضر متوسط,59
,,,,,,طحان توابل,1,,,,,,,,تبوك,تجارة الجملة والتجزئة وإصلاح المركبات ذات المحركات والدرجات النارية,صغيرة (فئة ب),اخضر متوسط,728
,,,,,,طحان حبوب عام,9,,,,,,,,جازان,غير خاضعة لانشطة ISIC4,صغيرة (فئة ب),اخضر متوسط,52
,,,,,,طحان خامات,7,,,,,,,,جازان,أنشطة الخدمات الأخرى,صغيرة (فئة ب),اخضر متوسط,85
,,,,,,طيار تجاري,682,,,,,,,,جازان,أنشطة خدمات الاقامة والطعام,صغيرة (فئة ب),اخضر متوسط,333
,,,,,,طيار تدريب,78,,,,,,,,جازان,أنشطة صحة الانسان والعمل الاجتماعي,صغيرة (فئة ب),اخضر متوسط,13
,,,,,,طيار جناح ثابت,740,,,,,,,,جازان,إمدادات الكهرباء والغاز والبخار وتكييف الهواء,صغيرة (فئة ب),اخضر متوسط,1
,,,,,,طيار زراعي,0,,,,,,,,جازان,إمدادات المياه وأنشطة الصرف الصحي وإدارة النفايات ومعالجتها,صغيرة (فئة ب),اخضر متوسط,4
,,,,,,طيار سمتيات هليوكبتر,2,,,,,,,,جازان,الأنشطة العقارية,صغيرة (فئة ب),اخضر متوسط,18
,,,,,,طيار عام لغير النقل,3,,,,,,,,جازان,الأنشطة المهنية والعلمية والتقنية,صغيرة (فئة ب),اخضر متوسط,18
,,,,,,طيار هليكوبتر,179,,,,,,,,جازان,"الإدارة العامة والدفاع , الضمان الاجتماعي الالزامي",صغيرة (فئة ب),اخضر متوسط,1
,,,,,,عارض,46,,,,,,,,جازان,التشييد,صغيرة (فئة ب),اخضر متوسط,235
,,,,,,عارض أزياء,10,,,,,,,,جازان,التعدين واستغلال المحاجر,صغيرة (فئة ب),اخضر متوسط,4
,,,,,,عارض خيل,5,,,,,,,,جازان,التعليم,صغيرة (فئة ب),اخضر متوسط,15
,,,,,,عازف آلة موسيقية,178,,,,,,,,جازان,الخدمات الإدارية وخدمات الدعم,صغيرة (فئة ب),اخضر متوسط,41
,,,,,,عازف موسيقي,5,,,,,,,,جازان,الزراعة والحراجة وصيد الأسماك,صغيرة (فئة ب),اخضر متوسط,35
,,,,,,عالم أبحاث (طبية),0,,,,,,,,جازان,الصناعة التحويلية,صغيرة (فئة ب),اخضر متوسط,124
,,,,,,عالم أو خبير,4,,,,,,,,جازان,الفنون والترفيه والتسلية,صغيرة (فئة ب),اخضر متوسط,12
,,,,,,عامل,638398,,,,,,,,جازان,المعلومات والاتصالات,صغيرة (فئة ب),اخضر متوسط,2
,,,,,,عامل ازالة اللحم والشحم من جلود الفرو,27,,,,,,,,جازان,النقل والتخزين,صغيرة (فئة ب),اخضر متوسط,43
,,,,,,عامل اسطبل,175,,,,,,,,جازان,تجارة الجملة والتجزئة وإصلاح المركبات ذات المحركات والدرجات النارية,صغيرة (فئة ب),اخضر متوسط,"1,033"
,,,,,,عامل اشارة,1328,,,,,,,,حائل,غير خاضعة لانشطة ISIC4,صغيرة (فئة ب),اخضر متوسط,95
,,,,,,عامل اشارة منجم,2,,,,,,,,حائل,أنشطة الخدمات الأخرى,صغيرة (فئة ب),اخضر متوسط,86
,,,,,,عامل اصلاح المناشير وسنها,3,,,,,,,,حائل,أنشطة خدمات الاقامة والطعام,صغيرة (فئة ب),اخضر متوسط,142
,,,,,,عامل اصلاح جواهر ثمينة,62,,,,,,,,حائل,أنشطة صحة الانسان والعمل الاجتماعي,صغيرة (فئة ب),اخضر متوسط,20
,,,,,,عامل اصلاح حقائب,14,,,,,,,,حائل,إمدادات الكهرباء والغاز والبخار وتكييف الهواء,صغيرة (فئة ب),اخضر متوسط,2
,,,,,,عامل اصلاح عيوب المنسوجات,8,,,,,,,,حائل,إمدادات المياه وأنشطة الصرف الصحي وإدارة النفايات ومعالجتها,صغيرة (فئة ب),اخضر متوسط,3
,,,,,,عامل إعادة بناء إطارات مستعملة,198,,,,,,,,حائل,الأنشطة العقارية,صغيرة (فئة ب),اخضر متوسط,5
,,,,,,عامل اعداد شبكة اليا,72,,,,,,,,حائل,الأنشطة المهنية والعلمية والتقنية,صغيرة (فئة ب),اخضر متوسط,9
,,,,,,عامل اعداد نسيج مطرز يدويا,42,,,,,,,,حائل,التشييد,صغيرة (فئة ب),اخضر متوسط,181
,,,,,,عامل التحميض في العمليات الكيميائية,2,,,,,,,,حائل,التعليم,صغيرة (فئة ب),اخضر متوسط,8
,,,,,,عامل الرتوش على الالواح المعدنية,3,,,,,,,,حائل,الخدمات الإدارية وخدمات الدعم,صغيرة (فئة ب),اخضر متوسط,37
,,,,,,عامل النكلشة بالطلاء الكهربائي,1,,,,,,,,حائل,الزراعة والحراجة وصيد الأسماك,صغيرة (فئة ب),اخضر متوسط,36
,,,,,,عامل إنشاءات,356335,,,,,,,,حائل,الصناعة التحويلية,صغيرة (فئة ب),اخضر متوسط,85
,,,,,,عامل برشمة,421,,,,,,,,حائل,الفنون والترفيه والتسلية,صغيرة (فئة ب),اخضر متوسط,8
,,,,,,عامل برشمة - اليا,7,,,,,,,,حائل,المعلومات والاتصالات,صغيرة (فئة ب),اخضر متوسط,3
,,,,,,عامل برشمة - يدويا,0,,,,,,,,حائل,النقل والتخزين,صغيرة (فئة ب),اخضر متوسط,31
,,,,,,عامل برشمة -ضغط هوائي,0,,,,,,,,حائل,تجارة الجملة والتجزئة وإصلاح المركبات ذات المحركات والدرجات النارية,صغيرة (فئة ب),اخضر متوسط,574
,,,,,,عامل بسترة منتجات الالبان,57,,,,,,,,حائل,لأنشطة المالية وأنشطة التأمين,صغيرة (فئة ب),اخضر متوسط,2
,,,,,,عامل بناء,257596,,,,,,,,عسير,غير خاضعة لانشطة ISIC4,صغيرة (فئة ب),اخضر متوسط,77
,,,,,,عامل بياض بالجبس (المصيص),0,,,,,,,,عسير,أنشطة الخدمات الأخرى,صغيرة (فئة ب),اخضر متوسط,186
,,,,,,عامل بياض زخرفي,2,,,,,,,,عسير,أنشطة خدمات الاقامة والطعام,صغيرة (فئة ب),اخضر متوسط,597
,,,,,,عامل تبخير,3,,,,,,,,عسير,أنشطة صحة الانسان والعمل الاجتماعي,صغيرة (فئة ب),اخضر متوسط,51
,,,,,,عامل تبريز,13,,,,,,,,عسير,إمدادات الكهرباء والغاز والبخار وتكييف الهواء,صغيرة (فئة ب),اخضر متوسط,1
,,,,,,عامل تبطين آبار النفط والغاز,475,,,,,,,,عسير,إمدادات المياه وأنشطة الصرف الصحي وإدارة النفايات ومعالجتها,صغيرة (فئة ب),اخضر متوسط,10
,,,,,,عامل تبطين آبار مياه,103,,,,,,,,عسير,الأنشطة العقارية,صغيرة (فئة ب),اخضر متوسط,46
,,,,,,عامل تبطين آبار نفط وغاز,2677,,,,,,,,عسير,الأنشطة المهنية والعلمية والتقنية,صغيرة (فئة ب),اخضر متوسط,33
,,,,,,عامل تثبيت احجار كريمة,25,,,,,,,,عسير,"الإدارة العامة والدفاع , الضمان الاجتماعي الالزامي",صغيرة (فئة ب),اخضر متوسط,1
,,,,,,عامل تثبيت أسقف مناجم,18,,,,,,,,عسير,التشييد,صغيرة (فئة ب),اخضر متوسط,539
,,,,,,عامل تثقيب الاحجار,52,,,,,,,,عسير,التعدين واستغلال المحاجر,صغيرة (فئة ب),اخضر متوسط,4
,,,,,,عامل تجفيف (معالجة كيميائية وما اليها),0,,,,,,,,عسير,التعليم,صغيرة (فئة ب),اخضر متوسط,19
,,,,,,عامل تجليخ العدسات,29,,,,,,,,عسير,الخدمات الإدارية وخدمات الدعم,صغيرة (فئة ب),اخضر متوسط,108
,,,,,,عامل تجميع أثاث,9324,,,,,,,,عسير,الزراعة والحراجة وصيد الأسماك,صغيرة (فئة ب),اخضر متوسط,37
,,,,,,عامل تجميع اجهزة التبريد,120,,,,,,,,عسير,الصناعة التحويلية,صغيرة (فئة ب),اخضر متوسط,308
,,,,,,عامل تجميع اجهزة الرصد الالكترونية,1,,,,,,,,عسير,الفنون والترفيه والتسلية,صغيرة (فئة ب),اخضر متوسط,40
,,,,,,عامل تجميع اجهزة تسخين كهربائية,3,,,,,,,,عسير,المعلومات والاتصالات,صغيرة (فئة ب),اخضر متوسط,16
,,,,,,عامل تجميع اجهزة تهوية كهربائية,6,,,,,,,,عسير,النقل والتخزين,صغيرة (فئة ب),اخضر متوسط,104
,,,,,,عامل تجميع اجهزة عرض,38,,,,,,,,عسير,تجارة الجملة والتجزئة وإصلاح المركبات ذات المحركات والدرجات النارية,صغيرة (فئة ب),اخضر متوسط,"1,838"
,,,,,,عامل تجميع اجهزة مساحة,18,,,,,,,,عسير,لأنشطة المالية وأنشطة التأمين,صغيرة (فئة ب),اخضر متوسط,1
,,,,,,عامل تجميع افران ومدافيء غاز,2,,,,,,,,مكة المكرمة,غير خاضعة لانشطة ISIC4,صغيرة (فئة ب),اخضر متوسط,476
,,,,,,عامل تجميع الات التصوير,27,,,,,,,,مكة المكرمة,أنشطة الخدمات الأخرى,صغيرة (فئة ب),اخضر متوسط,688
,,,,,,عامل تجميع الات الخياطة,28,,,,,,,,مكة المكرمة,أنشطة خدمات الاقامة والطعام,صغيرة (فئة ب),اخضر متوسط,"2,153"
,,,,,,عامل تجميع الات الغزل,8,,,,,,,,مكة المكرمة,أنشطة صحة الانسان والعمل الاجتماعي,صغيرة (فئة ب),اخضر متوسط,183
,,,,,,عامل تجميع الات المطابع,0,,,,,,,,مكة المكرمة,إمدادات الكهرباء والغاز والبخار وتكييف الهواء,صغيرة (فئة ب),اخضر متوسط,13
,,,,,,عامل تجميع الات النجارة,0,,,,,,,,مكة المكرمة,إمدادات المياه وأنشطة الصرف الصحي وإدارة النفايات ومعالجتها,صغيرة (فئة ب),اخضر متوسط,48
,,,,,,عامل تجميع الات النسيج,1,,,,,,,,مكة المكرمة,الأنشطة العقارية,صغيرة (فئة ب),اخضر متوسط,268
,,,,,,عامل تجميع الات دقيقة,0,,,,,,,,مكة المكرمة,الأنشطة المهنية والعلمية والتقنية,صغيرة (فئة ب),اخضر متوسط,268
,,,,,,عامل تجميع الاجهزة الاليكترونية,0,,,,,,,,مكة المكرمة,التشييد,صغيرة (فئة ب),اخضر متوسط,"2,660"
,,,,,,عامل تجميع الاجهزة الطبية الالكترونية,35,,,,,,,,مكة المكرمة,التعدين واستغلال المحاجر,صغيرة (فئة ب),اخضر متوسط,24
,,,,,,عامل تجميع الحاسبات الالكترونية,24,,,,,,,,مكة المكرمة,التعليم,صغيرة (فئة ب),اخضر متوسط,137
,,,,,,عامل تجميع اليات الطرق والابنية,8,,,,,,,,مكة المكرمة,الخدمات الإدارية وخدمات الدعم,صغيرة (فئة ب),اخضر متوسط,625
,,,,,,عامل تجميع اليات زراعية,4,,,,,,,,مكة المكرمة,الزراعة والحراجة وصيد الأسماك,صغيرة (فئة ب),اخضر متوسط,50
,,,,,,عامل تجميع تلفاز,12,,,,,,,,مكة المكرمة,الصناعة التحويلية,صغيرة (فئة ب),اخضر متوسط,978
,,,,,,عامل تجميع دراجات,2,,,,,,,,مكة المكرمة,الفنون والترفيه والتسلية,صغيرة (فئة ب),اخضر متوسط,101
,,,,,,عامل تجميع دراجات هوائية,455,,,,,,,,مكة المكرمة,المعلومات والاتصالات,صغيرة (فئة ب),اخضر متوسط,158
,,,,,,عامل تجميع غسالات,4,,,,,,,,مكة المكرمة,النقل والتخزين,صغيرة (فئة ب),اخضر متوسط,613
,,,,,,عامل تجميع قواطع كهربائية,400,,,,,,,,مكة المكرمة,تجارة الجملة والتجزئة وإصلاح المركبات ذات المحركات والدرجات النارية,صغيرة (فئة ب),اخضر متوسط,"7,375"
,,,,,,عامل تجميع لوحات تجميع توزيع كهربائية,63,,,,,,,,مكة المكرمة,لأنشطة المالية وأنشطة التأمين,صغيرة (فئة ب),اخضر متوسط,42
,,,,,,عامل تجميع مبرقات,1,,,,,,,,نجران,غير خاضعة لانشطة ISIC4,صغيرة (فئة ب),اخضر متوسط,55
,,,,,,عامل تجميع مجهرات,2,,,,,,,,نجران,أنشطة الخدمات الأخرى,صغيرة (فئة ب),اخضر متوسط,31
,,,,,,عامل تجميع محركات توربينية,0,,,,,,,,نجران,أنشطة خدمات الاقامة والطعام,صغيرة (فئة ب),اخضر متوسط,92
,,,,,,عامل تجميع محركات كهربائية,8,,,,,,,,نجران,أنشطة صحة الانسان والعمل الاجتماعي,صغيرة (فئة ب),اخضر متوسط,19
,,,,,,عامل تجميع محولات كهربائية,20,,,,,,,,نجران,إمدادات المياه وأنشطة الصرف الصحي وإدارة النفايات ومعالجتها,صغيرة (فئة ب),اخضر متوسط,3
,,,,,,عامل تجميع مذياع,0,,,,,,,,نجران,الأنشطة العقارية,صغيرة (فئة ب),اخضر متوسط,4
,,,,,,عامل تجميع مركبات,73,,,,,,,,نجران,الأنشطة المهنية والعلمية والتقنية,صغيرة (فئة ب),اخضر متوسط,9
,,,,,,عامل تجميع معدات كهربائية,21,,,,,,,,نجران,التشييد,صغيرة (فئة ب),اخضر متوسط,163
,,,,,,عامل تجميع مفاتيح كهربائية,14,,,,,,,,نجران,التعدين واستغلال المحاجر,صغيرة (فئة ب),اخضر متوسط,2
,,,,,,عامل تجميع مقاسم الكترونية,3,,,,,,,,نجران,التعليم,صغيرة (فئة ب),اخضر متوسط,8
,,,,,,عامل تجميع منتجات المطاط,181,,,,,,,,نجران,الخدمات الإدارية وخدمات الدعم,صغيرة (فئة ب),اخضر متوسط,25
,,,,,,عامل تجميع منتجات بلاستيك,212,,,,,,,,نجران,الزراعة والحراجة وصيد الأسماك,صغيرة (فئة ب),اخضر متوسط,19
,,,,,,عامل تجميع منتجات بلاستيكية ومعدنية,6212,,,,,,,,نجران,الصناعة التحويلية,صغيرة (فئة ب),اخضر متوسط,45
,,,,,,عامل تجميع منتجات نسيجية,143,,,,,,,,نجران,الفنون والترفيه والتسلية,صغيرة (فئة ب),اخضر متوسط,13
,,,,,,عامل تجميع مولدات كهربائية,16,,,,,,,,نجران,المعلومات والاتصالات,صغيرة (فئة ب),اخضر متوسط,3
,,,,,,عامل تجميع هاتف,6,,,,,,,,نجران,النقل والتخزين,صغيرة (فئة ب),اخضر متوسط,34
,,,,,,عامل تجميع هياكل معدنية وتشييدها لسفينة,2,,,,,,,,نجران,تجارة الجملة والتجزئة وإصلاح المركبات ذات المحركات والدرجات النارية,صغيرة (فئة ب),اخضر متوسط,374
,,,,,,عامل تجميع وحزم الألياف,200,,,,,,,,الباحة,أنشطة الخدمات الأخرى,عملاقة,اخضر متوسط,1
,,,,,,عامل تجميع وحزم الالياف,0,,,,,,,,الباحة,أنشطة خدمات الاقامة والطعام,عملاقة,اخضر متوسط,2
,,,,,,عامل تجميع ورق مقوى,1448,,,,,,,,الباحة,الخدمات الإدارية وخدمات الدعم,عملاقة,اخضر متوسط,1
,,,,,,عامل تجميع وفرز البيض,200,,,,,,,,الباحة,النقل والتخزين,عملاقة,اخضر متوسط,1
,,,,,,عامل تجهيز (توظيب) الانوال,0,,,,,,,,الباحة,تجارة الجملة والتجزئة وإصلاح المركبات ذات المحركات والدرجات النارية,عملاقة,اخضر متوسط,4
,,,,,,عامل تجهيز اجهزة قياس كهربائية,3,,,,,,,,الجوف,النقل والتخزين,عملاقة,اخضر متوسط,2
,,,,,,عامل تجهيز ادوات كهربائية وتركيبها,192,,,,,,,,الجوف,تجارة الجملة والتجزئة وإصلاح المركبات ذات المحركات والدرجات النارية,عملاقة,اخضر متوسط,7
,,,,,,عامل تجهيز افلام الاوفست,13,,,,,,,,الحدود الشمالية,النقل والتخزين,عملاقة,اخضر متوسط,1
,,,,,,عامل تجهيز الحيوان والطيور وتحنيطها,0,,,,,,,,الحدود الشمالية,تجارة الجملة والتجزئة وإصلاح المركبات ذات المحركات والدرجات النارية,عملاقة,اخضر متوسط,7
,,,,,,عامل تجهيز الخبز وصناعته (فران خبز),127,,,,,,,,الرياض,أنشطة الخدمات الأخرى,عملاقة,اخضر متوسط,3
,,,,,,عامل تجهيز انشاءات فولاذية,1,,,,,,,,الرياض,أنشطة خدمات الاقامة والطعام,عملاقة,اخضر متوسط,2
,,,,,,عامل تجهيز بطاقة الجاكارد,2,,,,,,,,الرياض,أنشطة صحة الانسان والعمل الاجتماعي,عملاقة,اخضر متوسط,2
,,,,,,عامل تجهيز خلط بلاط خزفي,5,,,,,,,,الرياض,الأنشطة العقارية,عملاقة,اخضر متوسط,1
,,,,,,عامل تجهيز خلطات طور اسمنتي,6,,,,,,,,الرياض,التشييد,عملاقة,اخضر متوسط,57
,,,,,,عامل تجهيز ذبائح,25,,,,,,,,الرياض,الخدمات الإدارية وخدمات الدعم,عملاقة,اخضر متوسط,19
,,,,,,عامل تجهيز ماكينة ثقب وتشغيلها,8,,,,,,,,الرياض,الزراعة والحراجة وصيد الأسماك,عملاقة,اخضر متوسط,1
,,,,,,عامل تجهيز ماكينة رش مبرمجة وتشغيلها,5,,,,,,,,الرياض,الصناعة التحويلية,عملاقة,اخضر متوسط,2
,,,,,,عامل تجهيز ماكينة صنع الادوات المعدنية,0,,,,,,,,الرياض,النقل والتخزين,عملاقة,اخضر متوسط,7
,,,,,,عامل تجهيز محول كهربائي وتركيبة,17,,,,,,,,الرياض,تجارة الجملة والتجزئة وإصلاح المركبات ذات المحركات والدرجات النارية,عملاقة,اخضر متوسط,64
,,,,,,عامل تجهيز معدات صناعية الكترونية وتركيبها,3,,,,,,,,الشرقية,أنشطة الخدمات الأخرى,عملاقة,اخضر متوسط,3
,,,,,,عامل تجهيز مفاتيح تحكم كهربائية,19,,,,,,,,الشرقية,أنشطة صحة الانسان والعمل الاجتماعي,عملاقة,اخضر متوسط,1
,,,,,,عامل تجهيز نظام الاشارة وتركيبها,32,,,,,,,,الشرقية,إمدادات المياه وأنشطة الصرف الصحي وإدارة النفايات ومعالجتها,عملاقة,اخضر متوسط,2
,,,,,,عامل تجهيز وجه الحذاء,4,,,,,,,,الشرقية,التشييد,عملاقة,اخضر متوسط,31
,,,,,,عامل تحضير الخضروات والفواكه,482,,,,,,,,الشرقية,التعدين واستغلال المحاجر,عملاقة,اخضر متوسط,1
,,,,,,عامل تحضير المواد الاولية للزيوت النباتية,0,,,,,,,,الشرقية,الخدمات الإدارية وخدمات الدعم,عملاقة,اخضر متوسط,6
,,,,,,عامل تحضير الياف الصوف وغسلها,0,,,,,,,,الشرقية,الصناعة التحويلية,عملاقة,اخضر متوسط,6
,,,,,,عامل تحميض فوتغرافي بدون الواح (ابيض واسود),1,,,,,,,,الشرقية,النقل والتخزين,عملاقة,اخضر متوسط,8
,,,,,,عامل تحميل وتنزيل,719489,,,,,,,,الشرقية,تجارة الجملة والتجزئة وإصلاح المركبات ذات المحركات والدرجات النارية,عملاقة,اخضر متوسط,62
,,,,,,عامل تخشين حجر الطاحونة,9,,,,,,,,القصيم,أنشطة الخدمات الأخرى,عملاقة,اخضر متوسط,1
,,,,,,عامل تخمير (لحفر المعادن),0,,,,,,,,القصيم,أنشطة خدمات الاقامة والطعام,عملاقة,اخضر متوسط,1
,,,,,,عامل تدبير فندقي,18767,,,,,,,,القصيم,أنشطة صحة الانسان والعمل الاجتماعي,عملاقة,اخضر متوسط,1
,,,,,,عامل تدبير منزلي,24,,,,,,,,القصيم,التشييد,عملاقة,اخضر متوسط,5
,,,,,,عامل تدوير الخيوط المبرومة,10,,,,,,,,القصيم,الخدمات الإدارية وخدمات الدعم,عملاقة,اخضر متوسط,1
,,,,,,عامل تربية حيوان عام,1308,,,,,,,,القصيم,النقل والتخزين,عملاقة,اخضر متوسط,1
,,,,,,عامل تربية مواشي,162887,,,,,,,,القصيم,تجارة الجملة والتجزئة وإصلاح المركبات ذات المحركات والدرجات النارية,عملاقة,اخضر متوسط,17
,,,,,,عامل تربيه حيوان الفراء,0,,,,,,,,المدينة,أنشطة الخدمات الأخرى,عملاقة,اخضر متوسط,1
,,,,,,عامل ترقيق بلاستيك,13,,,,,,,,المدينة,أنشطة خدمات الاقامة والطعام,عملاقة,اخضر متوسط,3
,,,,,,عامل تركيب,11158,,,,,,,,المدينة,أنشطة صحة الانسان والعمل الاجتماعي,عملاقة,اخضر متوسط,3
,,,,,,عامل تركيب ارضية خشبه باركية,1,,,,,,,,المدينة,التشييد,عملاقة,اخضر متوسط,5
,,,,,,عامل تركيب أرضية خشبية,1081,,,,,,,,المدينة,الخدمات الإدارية وخدمات الدعم,عملاقة,اخضر متوسط,3
,,,,,,عامل تركيب ازرار,0,,,,,,,,المدينة,النقل والتخزين,عملاقة,اخضر متوسط,3
,,,,,,عامل تركيب السقايل المعدنية,525,,,,,,,,المدينة,تجارة الجملة والتجزئة وإصلاح المركبات ذات المحركات والدرجات النارية,عملاقة,اخضر متوسط,14
,,,,,,عامل تركيب خطوط الاتصالات وتقنية المعلومات,9419,,,,,,,,تبوك,أنشطة خدمات الاقامة والطعام,عملاقة,اخضر متوسط,2
,,,,,,عامل تركيب منتجات بلاستيك,43,,,,,,,,تبوك,التشييد,عملاقة,اخضر متوسط,3
,,,,,,عامل تركيب مواسير سفنية,0,,,,,,,,تبوك,النقل والتخزين,عملاقة,اخضر متوسط,1
,,,,,,عامل تركيب مواسير عام,4,,,,,,,,تبوك,تجارة الجملة والتجزئة وإصلاح المركبات ذات المحركات والدرجات النارية,عملاقة,اخضر متوسط,13
,,,,,,عامل تركيب مواسير غاز,0,,,,,,,,جازان,أنشطة الخدمات الأخرى,عملاقة,اخضر متوسط,1
,,,,,,عامل تريكو (يدوي),4,,,,,,,,جازان,أنشطة خدمات الاقامة والطعام,عملاقة,اخضر متوسط,2
,,,,,,عامل تريكو نسيج,4,,,,,,,,جازان,أنشطة صحة الانسان والعمل الاجتماعي,عملاقة,اخضر متوسط,3
,,,,,,عامل تسقيف أخشاب وطين,68,,,,,,,,جازان,الخدمات الإدارية وخدمات الدعم,عملاقة,اخضر متوسط,2
,,,,,,عامل تسقيف أردواز وقرميد,68,,,,,,,,جازان,النقل والتخزين,عملاقة,اخضر متوسط,2
,,,,,,عامل تسقيف أسفلت ومكونات اصطناعية,632,,,,,,,,جازان,تجارة الجملة والتجزئة وإصلاح المركبات ذات المحركات والدرجات النارية,عملاقة,اخضر متوسط,13
,,,,,,عامل تسقيف ألواح معدنية,738,,,,,,,,حائل,أنشطة الخدمات الأخرى,عملاقة,اخضر متوسط,1
,,,,,,عامل تسقيف بالاسفلت,2,,,,,,,,حائل,الخدمات الإدارية وخدمات الدعم,عملاقة,اخضر متوسط,1
,,,,,,عامل تسليح خرسانة حديدية,682,,,,,,,,حائل,النقل والتخزين,عملاقة,اخضر متوسط,1
,,,,,,عامل تسميد,66,,,,,,,,حائل,تجارة الجملة والتجزئة وإصلاح المركبات ذات المحركات والدرجات النارية,عملاقة,اخضر متوسط,7
,,,,,,عامل تشطيبات طباعة وتجليد,3334,,,,,,,,عسير,أنشطة الخدمات الأخرى,عملاقة,اخضر متوسط,1
,,,,,,عامل تشغيل اجهزة البث الاذاعي والتلفازي,4,,,,,,,,عسير,أنشطة خدمات الاقامة والطعام,عملاقة,اخضر متوسط,1
,,,,,,عامل تشغيل اجهزة الضبط في ماكينات الدرفلة,11,,,,,,,,عسير,أنشطة صحة الانسان والعمل الاجتماعي,عملاقة,اخضر متوسط,5
,,,,,,عامل تشغيل استديو اذاعة وتلفاز,2,,,,,,,,عسير,التشييد,عملاقة,اخضر متوسط,3
,,,,,,عامل تشغيل اسطوانة ترشيح دوارة,0,,,,,,,,عسير,الخدمات الإدارية وخدمات الدعم,عملاقة,اخضر متوسط,4
,,,,,,عامل تشغيل الة خياطة الملبوسات,1,,,,,,,,عسير,الصناعة التحويلية,عملاقة,اخضر متوسط,1
,,,,,,عامل تشغيل تقويم الزجاج,0,,,,,,,,عسير,النقل والتخزين,عملاقة,اخضر متوسط,1
,,,,,,عامل تشغيل جهاز الصوت,48,,,,,,,,عسير,تجارة الجملة والتجزئة وإصلاح المركبات ذات المحركات والدرجات النارية,عملاقة,اخضر متوسط,27
,,,,,,عامل تشغيل سحق في العمليات الكيميائية,8,,,,,,,,مكة المكرمة,أنشطة الخدمات الأخرى,عملاقة,اخضر متوسط,3
,,,,,,عامل تشغيل عربة منجم,21,,,,,,,,مكة المكرمة,أنشطة خدمات الاقامة والطعام,عملاقة,اخضر متوسط,18
,,,,,,عامل تشغيل فرن طوب وبلاط,7,,,,,,,,مكة المكرمة,أنشطة صحة الانسان والعمل الاجتماعي,عملاقة,اخضر متوسط,4
,,,,,,عامل تشغيل لاسلكي سفن (لاسلكي بحري,21,,,,,,,,مكة المكرمة,إمدادات المياه وأنشطة الصرف الصحي وإدارة النفايات ومعالجتها,عملاقة,اخضر متوسط,2
,,,,,,عامل تشغيل لاسلكي طائرة (لاسلكي جوي),5,,,,,,,,مكة المكرمة,التشييد,عملاقة,اخضر متوسط,14
,,,,,,عامل تشغيل ماكينة بلاستيك بالحقن,46,,,,,,,,مكة المكرمة,الخدمات الإدارية وخدمات الدعم,عملاقة,اخضر متوسط,10
,,,,,,عامل تشغيل ماكينة تبطين الكرتون,1,,,,,,,,مكة المكرمة,الزراعة والحراجة وصيد الأسماك,عملاقة,اخضر متوسط,2
,,,,,,عامل تشغيل ماكينة تجويف,0,,,,,,,,مكة المكرمة,الصناعة التحويلية,عملاقة,اخضر متوسط,1
,,,,,,عامل تشغيل ماكينة تشكيل البلاستك بالضغط,2,,,,,,,,مكة المكرمة,النقل والتخزين,عملاقة,اخضر متوسط,5
,,,,,,عامل تشغيل ماكينة تشكيل بالبثق,6,,,,,,,,مكة المكرمة,تجارة الجملة والتجزئة وإصلاح المركبات ذات المحركات والدرجات النارية,عملاقة,اخضر متوسط,31
,,,,,,عامل تشغيل ماكينة تلميع المعادن وصقلها,0,,,,,,,,نجران,التشييد,عملاقة,اخضر متوسط,1
,,,,,,عامل تشغيل ماكينة ثقب,45,,,,,,,,نجران,الخدمات الإدارية وخدمات الدعم,عملاقة,اخضر متوسط,1
,,,,,,عامل تشغيل ماكينة جرش وطحن في العمليات الكيميائية,1,,,,,,,,نجران,الصناعة التحويلية,عملاقة,اخضر متوسط,1
,,,,,,عامل تشغيل ماكينة حفر,41,,,,,,,,نجران,النقل والتخزين,عملاقة,اخضر متوسط,1
,,,,,,عامل تشغيل ماكينة حفر القنوات,3,,,,,,,,نجران,تجارة الجملة والتجزئة وإصلاح المركبات ذات المحركات والدرجات النارية,عملاقة,اخضر متوسط,4
,,,,,,عامل تشغيل ماكينة خلط ومزج وطحن في العمليات الكيمي,0,,,,,,,,الباحة,أنشطة صحة الانسان والعمل الاجتماعي,كبيرة,اخضر متوسط,1
,,,,,,عامل تشغيل ماكينة سحب مواسير وانابيب حديدية,0,,,,,,,,الباحة,التشييد,كبيرة,اخضر متوسط,1
,,,,,,عامل تشغيل ماكينة سحج,0,,,,,,,,الباحة,الخدمات الإدارية وخدمات الدعم,كبيرة,اخضر متوسط,2
,,,,,,عامل تشغيل ماكينة سينما,0,,,,,,,,الباحة,النقل والتخزين,كبيرة,اخضر متوسط,4
,,,,,,عامل تشغيل ماكينة صنع الادوات المعدنية,25,,,,,,,,الباحة,تجارة الجملة والتجزئة وإصلاح المركبات ذات المحركات والدرجات النارية,كبيرة,اخضر متوسط,8
,,,,,,عامل تشغيل ماكينة صنع الورق,32,,,,,,,,الجوف,أنشطة خدمات الاقامة والطعام,كبيرة,اخضر متوسط,1
,,,,,,عامل تشغيل ماكينة صنع خشب الابلكاش,3,,,,,,,,الجوف,أنشطة صحة الانسان والعمل الاجتماعي,كبيرة,اخضر متوسط,3
,,,,,,عامل تشغيل ماكينة ضرب عجينة الورق,0,,,,,,,,الجوف,التشييد,كبيرة,اخضر متوسط,1
,,,,,,عامل تشغيل ماكينة طباعة الليونوتيب,7,,,,,,,,الجوف,التعليم,كبيرة,اخضر متوسط,1
,,,,,,عامل تشغيل ماكينة طباعة المونوتيب,9,,,,,,,,الجوف,الخدمات الإدارية وخدمات الدعم,كبيرة,اخضر متوسط,2
,,,,,,عامل تشغيل ماكينة طباعة حجرية,0,,,,,,,,الجوف,الزراعة والحراجة وصيد الأسماك,كبيرة,اخضر متوسط,1
,,,,,,عامل تشغيل ماكينة طبخ في العمليات الكيميائية,0,,,,,,,,الجوف,الصناعة التحويلية,كبيرة,اخضر متوسط,3
,,,,,,عامل تشغيل ماكينة عام,4673,,,,,,,,الجوف,الفنون والترفيه والتسلية,كبيرة,اخضر متوسط,1
,,,,,,عامل تشغيل ماكينة فصل تدار بقوة الطرد المركزي,0,,,,,,,,الجوف,تجارة الجملة والتجزئة وإصلاح المركبات ذات المحركات والدرجات النارية,كبيرة,اخضر متوسط,11
,,,,,,عامل تشغيل ماكينة قص المعادن,8,,,,,,,,الحدود الشمالية,أنشطة خدمات الاقامة والطعام,كبيرة,اخضر متوسط,1
,,,,,,عامل تشغيل ماكينة قطع الخشب,3,,,,,,,,الحدود الشمالية,أنشطة صحة الانسان والعمل الاجتماعي,كبيرة,اخضر متوسط,1
,,,,,,عامل تشغيل ماكينة قطع معدن,42,,,,,,,,الحدود الشمالية,التشييد,كبيرة,اخضر متوسط,1
,,,,,,عامل تشغيل ماكينة معادن اتوماتيكي,36,,,,,,,,الحدود الشمالية,الخدمات الإدارية وخدمات الدعم,كبيرة,اخضر متوسط,1
,,,,,,عامل تشغيل ماكينة مقشطة,9,,,,,,,,الحدود الشمالية,النقل والتخزين,كبيرة,اخضر متوسط,2
,,,,,,عامل تشغيل ماكينة مكبس الكرتون,1,,,,,,,,الحدود الشمالية,تجارة الجملة والتجزئة وإصلاح المركبات ذات المحركات والدرجات النارية,كبيرة,اخضر متوسط,3
,,,,,,عامل تشغيل مخرطة احجار,23,,,,,,,,الرياض,غير خاضعة لانشطة ISIC4,كبيرة,اخضر متوسط,4
,,,,,,عامل تشغيل معدات ساحبة,209,,,,,,,,الرياض,أنشطة الخدمات الأخرى,كبيرة,اخضر متوسط,5
,,,,,,عامل تشغيل مكبر صوت,24,,,,,,,,الرياض,أنشطة خدمات الاقامة والطعام,كبيرة,اخضر متوسط,37
,,,,,,عامل تشغيل مكبس ترشيح,11,,,,,,,,الرياض,أنشطة صحة الانسان والعمل الاجتماعي,كبيرة,اخضر متوسط,80
,,,,,,عامل تشغيل مكبس تشكيل,0,,,,,,,,الرياض,إمدادات المياه وأنشطة الصرف الصحي وإدارة النفايات ومعالجتها,كبيرة,اخضر متوسط,1
,,,,,,عامل تشغيل مكبس خشب الابلكاش,0,,,,,,,,الرياض,الأنشطة العقارية,كبيرة,اخضر متوسط,1
,,,,,,عامل تشغيل مكبس قص الكرتون وثنية,30,,,,,,,,الرياض,الأنشطة المهنية والعلمية والتقنية,كبيرة,اخضر متوسط,11
,,,,,,عامل تشغيل مناره ارشاد السفن,3,,,,,,,,الرياض,"الإدارة العامة والدفاع , الضمان الاجتماعي الالزامي",كبيرة,اخضر متوسط,1
,,,,,,عامل تشكيل الصلصال والفخار بدولاب دوار,0,,,,,,,,الرياض,التشييد,كبيرة,اخضر متوسط,196
,,,,,,عامل تشكيل العدسات,1,,,,,,,,الرياض,التعدين واستغلال المحاجر,كبيرة,اخضر متوسط,3
,,,,,,عامل تشكيل المعدن يدويا,2,,,,,,,,الرياض,التعليم,كبيرة,اخضر متوسط,22
,,,,,,عامل تشكيل الموزايكو وصبة في المباني,0,,,,,,,,الرياض,الخدمات الإدارية وخدمات الدعم,كبيرة,اخضر متوسط,59
,,,,,,عامل تشكيل الواح فولاذية لسفينة,0,,,,,,,,الرياض,الزراعة والحراجة وصيد الأسماك,كبيرة,اخضر متوسط,8
,,,,,,عامل تشكيل الواح معدنية رقيقة /عام,24,,,,,,,,الرياض,الصناعة التحويلية,كبيرة,اخضر متوسط,99
,,,,,,عامل تشكيل الواح معدنية رقيقة لاجهزة تكييف الهواء,58,,,,,,,,الرياض,الفنون والترفيه والتسلية,كبيرة,اخضر متوسط,5
,,,,,,عامل تشكيل انابيب الزجاج,3,,,,,,,,الرياض,المعلومات والاتصالات,كبيرة,اخضر متوسط,8
,,,,,,عامل تشكيل طوب وبلاط يدويا,8,,,,,,,,الرياض,النقل والتخزين,كبيرة,اخضر متوسط,38
,,,,,,عامل تشكيل فيسفساء,4,,,,,,,,الرياض,تجارة الجملة والتجزئة وإصلاح المركبات ذات المحركات والدرجات النارية,كبيرة,اخضر متوسط,168
,,,,,,عامل تشكيل قوالب رملية (ميكانيكا),7,,,,,,,,الشرقية,غير خاضعة لانشطة ISIC4,كبيرة,اخضر متوسط,2
,,,,,,عامل تشكيل مشغولات القصدير,12,,,,,,,,الشرقية,أنشطة الخدمات الأخرى,كبيرة,اخضر متوسط,2
,,,,,,عامل تشكيل مشغولات زخرفية,32,,,,,,,,الشرقية,أنشطة خدمات الاقامة والطعام,كبيرة,اخضر متوسط,20
,,,,,,عامل تشكيل مشغولات نحاسية,0,,,,,,,,الشرقية,أنشطة صحة الانسان والعمل الاجتماعي,كبيرة,اخضر متوسط,55
,,,,,,عامل تشكيل مكبس (دلاليك) المسبوك باليد,8,,,,,,,,الشرقية,إمدادات المياه وأنشطة الصرف الصحي وإدارة النفايات ومعالجتها,كبيرة,اخضر متوسط,4
,,,,,,عامل تشكيل مكبس المسبوك (ميكانيكيا),8,,,,,,,,الشرقية,الأنشطة المهنية والعلمية والتقنية,كبيرة,اخضر متوسط,15
,,,,,,عامل تشكيل مكبس المعادن,20,,,,,,,,الشرقية,التشييد,كبيرة,اخضر متوسط,140
,,,,,,عامل تشكيل وصب الموزاييك,38,,,,,,,,الشرقية,التعدين واستغلال المحاجر,كبيرة,اخضر متوسط,2
,,,,,,عامل تشييد انشاءات فولاذية,4,,,,,,,,الشرقية,التعليم,كبيرة,اخضر متوسط,2
,,,,,,عامل تصليح بنادق صيد,0,,,,,,,,الشرقية,الخدمات الإدارية وخدمات الدعم,كبيرة,اخضر متوسط,46
,,,,,,عامل تصليح دراجة ببدال,0,,,,,,,,الشرقية,الزراعة والحراجة وصيد الأسماك,كبيرة,اخضر متوسط,3
,,,,,,عامل تصنيع,92571,,,,,,,,الشرقية,الصناعة التحويلية,كبيرة,اخضر متوسط,61
,,,,,,عامل تصنيع الواح المراحل وتشكيلها,88,,,,,,,,الشرقية,الفنون والترفيه والتسلية,كبيرة,اخضر متوسط,6
,,,,,,عامل تصنيع ثقاب,3,,,,,,,,الشرقية,المعلومات والاتصالات,كبيرة,اخضر متوسط,5
,,,,,,عامل تصنيع خرسانة مسبقة الصب,17,,,,,,,,الشرقية,النقل والتخزين,كبيرة,اخضر متوسط,35
,,,,,,عامل تصنيع خشب مضغوط,7,,,,,,,,الشرقية,تجارة الجملة والتجزئة وإصلاح المركبات ذات المحركات والدرجات النارية,كبيرة,اخضر متوسط,84
,,,,,,عامل تصنيع خشب معاكس,3,,,,,,,,القصيم,أنشطة الخدمات الأخرى,كبيرة,اخضر متوسط,2
,,,,,,عامل تصنيع خشب مكبوس,26,,,,,,,,القصيم,أنشطة خدمات الاقامة والطعام,كبيرة,اخضر متوسط,2
,,,,,,عامل تصنيع صوف الزجاج,0,,,,,,,,القصيم,أنشطة صحة الانسان والعمل الاجتماعي,كبيرة,اخضر متوسط,11
,,,,,,عامل تصنيع عصير,875,,,,,,,,القصيم,التشييد,كبيرة,اخضر متوسط,11
,,,,,,عامل تصنيع قطعة خشبية,30,,,,,,,,القصيم,التعدين واستغلال المحاجر,كبيرة,اخضر متوسط,1
,,,,,,عامل تصنيع مخلفات الاسماك,0,,,,,,,,القصيم,الخدمات الإدارية وخدمات الدعم,كبيرة,اخضر متوسط,16
,,,,,,عامل تصنيع معاجين ومواد تجميل,4,,,,,,,,القصيم,الصناعة التحويلية,كبيرة,اخضر متوسط,14
,,,,,,عامل تصنيع ملح,0,,,,,,,,القصيم,الفنون والترفيه والتسلية,كبيرة,اخضر متوسط,1
,,,,,,عامل تصنيع ورق الصنفرة,0,,,,,,,,القصيم,المعلومات والاتصالات,كبيرة,اخضر متوسط,1
,,,,,,عامل تطبيق,109,,,,,,,,القصيم,النقل والتخزين,كبيرة,اخضر متوسط,7
,,,,,,عامل تطريز,4335,,,,,,,,القصيم,تجارة الجملة والتجزئة وإصلاح المركبات ذات المحركات والدرجات النارية,كبيرة,اخضر متوسط,37
,,,,,,عامل تطريز يدوي (كروشيه),1,,,,,,,,المدينة,أنشطة خدمات الاقامة والطعام,كبيرة,اخضر متوسط,13
,,,,,,عامل تعبئة باليد,367,,,,,,,,المدينة,أنشطة صحة الانسان والعمل الاجتماعي,كبيرة,اخضر متوسط,13
,,,,,,عامل تعبئة رفوف,60732,,,,,,,,المدينة,إمدادات المياه وأنشطة الصرف الصحي وإدارة النفايات ومعالجتها,كبيرة,اخضر متوسط,1
,,,,,,عامل تعبئة وتغليف,107653,,,,,,,,المدينة,الأنشطة المهنية والعلمية والتقنية,كبيرة,اخضر متوسط,3
,,,,,,عامل تعبئة وتغليف الحلويات,481,,,,,,,,المدينة,التشييد,كبيرة,اخضر متوسط,14
,,,,,,عامل تعبئة وتغليف الخضروات والفواكه,295,,,,,,,,المدينة,التعليم,كبيرة,اخضر متوسط,3
,,,,,,عامل تعبئة وتغليف السكر,2,,,,,,,,المدينة,الخدمات الإدارية وخدمات الدعم,كبيرة,اخضر متوسط,15
,,,,,,عامل تعبئة وتغليف المكرونة,110,,,,,,,,المدينة,الصناعة التحويلية,كبيرة,اخضر متوسط,8
,,,,,,عامل تعبئة وتغليف خامات مصنعة,165,,,,,,,,المدينة,الفنون والترفيه والتسلية,كبيرة,اخضر متوسط,3
,,,,,,عامل تعبئة وتغليف خميرة الخبز,57,,,,,,,,المدينة,النقل والتخزين,كبيرة,اخضر متوسط,6
,,,,,,عامل تعبئة وتغليف منتجات وزيوت نباتية,23,,,,,,,,المدينة,تجارة الجملة والتجزئة وإصلاح المركبات ذات المحركات والدرجات النارية,كبيرة,اخضر متوسط,33
,,,,,,عامل تعدين,4649,,,,,,,,تبوك,غير خاضعة لانشطة ISIC4,كبيرة,اخضر متوسط,2
,,,,,,عامل تغطية الاسقف بالاسفلت,2,,,,,,,,تبوك,أنشطة خدمات الاقامة والطعام,كبيرة,اخضر متوسط,2
,,,,,,عامل تغطية الاسقف بالاغصان والاخشاب,0,,,,,,,,تبوك,أنشطة صحة الانسان والعمل الاجتماعي,كبيرة,اخضر متوسط,3
,,,,,,عامل تغطية الاسقف بالالواح المعدنية,0,,,,,,,,تبوك,الأنشطة المهنية والعلمية والتقنية,كبيرة,اخضر متوسط,2
,,,,,,عامل تغطية الاسقف بمكونات اصطناعية,0,,,,,,,,تبوك,التشييد,كبيرة,اخضر متوسط,3
,,,,,,عامل تغليف اطارات مستعملة,0,,,,,,,,تبوك,التعدين واستغلال المحاجر,كبيرة,اخضر متوسط,1
,,,,,,عامل تفريخ الدواجن,574,,,,,,,,تبوك,التعليم,كبيرة,اخضر متوسط,3
,,,,,,عامل تفريخ بيض,1908,,,,,,,,تبوك,الخدمات الإدارية وخدمات الدعم,كبيرة,اخضر متوسط,5
,,,,,,عامل تفصيل منتجات جلدية,0,,,,,,,,تبوك,الزراعة والحراجة وصيد الأسماك,كبيرة,اخضر متوسط,1
,,,,,,عامل تقسية الزجاج,0,,,,,,,,تبوك,الصناعة التحويلية,كبيرة,اخضر متوسط,2
,,,,,,عامل تكسية,95,,,,,,,,تبوك,الفنون والترفيه والتسلية,كبيرة,اخضر متوسط,1
,,,,,,عامل تكسية كهربائية للمعادن,4,,,,,,,,تبوك,المعلومات والاتصالات,كبيرة,اخضر متوسط,1
,,,,,,عامل تكسية معادن بالرش,51,,,,,,,,تبوك,النقل والتخزين,كبيرة,اخضر متوسط,6
,,,,,,عامل تكسية معادن بالغمر,16,,,,,,,,تبوك,تجارة الجملة والتجزئة وإصلاح المركبات ذات المحركات والدرجات النارية,كبيرة,اخضر متوسط,14
,,,,,,عامل تلميع المعادن بالفرشة,15,,,,,,,,جازان,أنشطة خدمات الاقامة والطعام,كبيرة,اخضر متوسط,3
,,,,,,عامل تلميع مركبات,1116,,,,,,,,جازان,أنشطة صحة الانسان والعمل الاجتماعي,كبيرة,اخضر متوسط,6
,,,,,,عامل تمريض,3,,,,,,,,جازان,التشييد,كبيرة,اخضر متوسط,1
,,,,,,عامل تمشيط الالياف,1,,,,,,,,جازان,الخدمات الإدارية وخدمات الدعم,كبيرة,اخضر متوسط,5
,,,,,,عامل تنظيف أدوات مطبخ,16264,,,,,,,,جازان,الصناعة التحويلية,كبيرة,اخضر متوسط,4
,,,,,,عامل تنظيف أسطح مباني,20139,,,,,,,,جازان,الفنون والترفيه والتسلية,كبيرة,اخضر متوسط,1
,,,,,,عامل تنظيف الاسطح الخارجية للمباني,10,,,,,,,,جازان,النقل والتخزين,كبيرة,اخضر متوسط,4
,,,,,,عامل تنظيف المعادن المسبوكة وتنعيمها يدويا,0,,,,,,,,جازان,تجارة الجملة والتجزئة وإصلاح المركبات ذات المحركات والدرجات النارية,كبيرة,اخضر متوسط,20
,,,,,,عامل تنظيف المعادن بالرش بالمعادن,1,,,,,,,,حائل,غير خاضعة لانشطة ISIC4,كبيرة,اخضر متوسط,1
,,,,,,عامل تنظيف جاف,1043,,,,,,,,حائل,أنشطة خدمات الاقامة والطعام,كبيرة,اخضر متوسط,2
,,,,,,عامل تنظيف خزانات مياه,1619,,,,,,,,حائل,أنشطة صحة الانسان والعمل الاجتماعي,كبيرة,اخضر متوسط,10
,,,,,,عامل تنظيف سجاد,17,,,,,,,,حائل,الخدمات الإدارية وخدمات الدعم,كبيرة,اخضر متوسط,4
,,,,,,عامل تنظيف سفن,40,,,,,,,,حائل,الزراعة والحراجة وصيد الأسماك,كبيرة,اخضر متوسط,2
,,,,,,عامل تنظيف طائرات,627,,,,,,,,حائل,الصناعة التحويلية,كبيرة,اخضر متوسط,5
,,,,,,عامل تنظيف على الجاف,2,,,,,,,,حائل,المعلومات والاتصالات,كبيرة,اخضر متوسط,1
,,,,,,عامل تنظيف غرف الفنادق,97,,,,,,,,حائل,النقل والتخزين,كبيرة,اخضر متوسط,2
,,,,,,عامل تنظيف قطارات,47,,,,,,,,حائل,تجارة الجملة والتجزئة وإصلاح المركبات ذات المحركات والدرجات النارية,كبيرة,اخضر متوسط,15
,,,,,,عامل تنظيف مباني عامة,88364,,,,,,,,عسير,أنشطة خدمات الاقامة والطعام,كبيرة,اخضر متوسط,4
,,,,,,عامل تنظيف مجاري,0,,,,,,,,عسير,أنشطة صحة الانسان والعمل الاجتماعي,كبيرة,اخضر متوسط,14
,,,,,,عامل تنظيف مداخن,520,,,,,,,,عسير,إمدادات المياه وأنشطة الصرف الصحي وإدارة النفايات ومعالجتها,كبيرة,اخضر متوسط,2
,,,,,,عامل تنظيف مركبات,11790,,,,,,,,عسير,الأنشطة المهنية والعلمية والتقنية,كبيرة,اخضر متوسط,1
,,,,,,عامل تنظيف مستشفيات,23344,,,,,,,,عسير,التشييد,كبيرة,اخضر متوسط,11
,,,,,,عامل تنظيف مكاتب ومنشآت,262596,,,,,,,,عسير,التعليم,كبيرة,اخضر متوسط,1
,,,,,,عامل تنظيف وخدمة منزلي,49,,,,,,,,عسير,الخدمات الإدارية وخدمات الدعم,كبيرة,اخضر متوسط,6
,,,,,,عامل تنقية النفط الخام من الرمل والماء,2,,,,,,,,عسير,الصناعة التحويلية,كبيرة,اخضر متوسط,10
,,,,,,عامل توزيع وجبات مرضى,425,,,,,,,,عسير,الفنون والترفيه والتسلية,كبيرة,اخضر متوسط,1
,,,,,,عامل توضيب ماكينة التجليخ الدقيق وتشغيلها,0,,,,,,,,عسير,المعلومات والاتصالات,كبيرة,اخضر متوسط,1
,,,,,,عامل توضيب ماكينة صقل وتشغيلها,0,,,,,,,,عسير,النقل والتخزين,كبيرة,اخضر متوسط,8
,,,,,,عامل توظيب,49,,,,,,,,عسير,تجارة الجملة والتجزئة وإصلاح المركبات ذات المحركات والدرجات النارية,كبيرة,اخضر متوسط,31
,,,,,,عامل توظيب الجلود,16,,,,,,,,مكة المكرمة,غير خاضعة لانشطة ISIC4,كبيرة,اخضر متوسط,3
,,,,,,عامل توظيب المبك الفوتغرافي,0,,,,,,,,مكة المكرمة,أنشطة الخدمات الأخرى,كبيرة,اخضر متوسط,13
,,,,,,عامل ثني انبوب زجاجي,3,,,,,,,,مكة المكرمة,أنشطة خدمات الاقامة والطعام,كبيرة,اخضر متوسط,63
,,,,,,عامل جبس,75,,,,,,,,مكة المكرمة,أنشطة صحة الانسان والعمل الاجتماعي,كبيرة,اخضر متوسط,56
,,,,,,عامل جر عربة يدوية,337,,,,,,,,مكة المكرمة,إمدادات المياه وأنشطة الصرف الصحي وإدارة النفايات ومعالجتها,كبيرة,اخضر متوسط,1
,,,,,,عامل جير في محطة تحلية المياه المالحة,42,,,,,,,,مكة المكرمة,الأنشطة المهنية والعلمية والتقنية,كبيرة,اخضر متوسط,11
,,,,,,عامل حديد,716,,,,,,,,مكة المكرمة,التشييد,كبيرة,اخضر متوسط,75
,,,,,,عامل حديقة او بستان,491,,,,,,,,مكة المكرمة,التعدين واستغلال المحاجر,كبيرة,اخضر متوسط,1
,,,,,,عامل حرف جلدية,243,,,,,,,,مكة المكرمة,التعليم,كبيرة,اخضر متوسط,11
,,,,,,عامل حرق نفايات,0,,,,,,,,مكة المكرمة,الخدمات الإدارية وخدمات الدعم,كبيرة,اخضر متوسط,31
,,,,,,عامل حفر,22429,,,,,,,,مكة المكرمة,الزراعة والحراجة وصيد الأسماك,كبيرة,اخضر متوسط,2
,,,,,,عامل حفر احجار ليثوغرافية,4,,,,,,,,مكة المكرمة,الصناعة التحويلية,كبيرة,اخضر متوسط,63
,,,,,,عامل حفر اكليشهات الطبع اليا,5,,,,,,,,مكة المكرمة,الفنون والترفيه والتسلية,كبيرة,اخضر متوسط,2
,,,,,,عامل حفر الزجاج,25,,,,,,,,مكة المكرمة,المعلومات والاتصالات,كبيرة,اخضر متوسط,4
,,,,,,عامل حفر المعدن بالحامض,8,,,,,,,,مكة المكرمة,النقل والتخزين,كبيرة,اخضر متوسط,27
,,,,,,عامل حفر فوتغرافي ميكانيكي,0,,,,,,,,مكة المكرمة,تجارة الجملة والتجزئة وإصلاح المركبات ذات المحركات والدرجات النارية,كبيرة,اخضر متوسط,112
,,,,,,عامل حفر قالب خشب او مطاط او مشمع يدويا,11,,,,,,,,نجران,أنشطة صحة الانسان والعمل الاجتماعي,كبيرة,اخضر متوسط,2
,,,,,,عامل حفظ السمك وتعليبه/ عام,3,,,,,,,,نجران,التشييد,كبيرة,اخضر متوسط,2
,,,,,,عامل حفظ فواكه وخضروات,4645,,,,,,,,نجران,التعليم,كبيرة,اخضر متوسط,1
,,,,,,عامل حفظ وتجميد الاسماك,1,,,,,,,,نجران,الخدمات الإدارية وخدمات الدعم,كبيرة,اخضر متوسط,3
,,,,,,عامل خدمات الاتصالات وتقنية المعلومات,2522,,,,,,,,نجران,الصناعة التحويلية,كبيرة,اخضر متوسط,3
,,,,,,عامل خرسانة,15368,,,,,,,,نجران,النقل والتخزين,كبيرة,اخضر متوسط,2
,,,,,,عامل خط انتاج اكياس بلاستيكية,686,,,,,,,,نجران,تجارة الجملة والتجزئة وإصلاح المركبات ذات المحركات والدرجات النارية,كبيرة,اخضر متوسط,11
,,,,,,عامل خطوط طاقة كهربائية,11351,,,,,,,,الباحة,غير خاضعة لانشطة ISIC4,متوسطة (فئة أ),اخضر متوسط,1
,,,,,,عامل خطوط قوة كهربائية ذات الضغط العالي,1171,,,,,,,,الباحة,أنشطة خدمات الاقامة والطعام,متوسطة (فئة أ),اخضر متوسط,8
,,,,,,عامل خلط العجينة (الصلصال),1,,,,,,,,الباحة,أنشطة صحة الانسان والعمل الاجتماعي,متوسطة (فئة أ),اخضر متوسط,3
,,,,,,عامل خلط النفط,2,,,,,,,,الباحة,التشييد,متوسطة (فئة أ),اخضر متوسط,3
,,,,,,عامل خلط توليف الصوف,1,,,,,,,,الباحة,التعليم,متوسطة (فئة أ),اخضر متوسط,3
,,,,,,عامل خلط مكونات الصنفره,6,,,,,,,,الباحة,الخدمات الإدارية وخدمات الدعم,متوسطة (فئة أ),اخضر متوسط,2
,,,,,,عامل خلطة خرسانية,2227,,,,,,,,الباحة,الصناعة التحويلية,متوسطة (فئة أ),اخضر متوسط,1
,,,,,,عامل خياطة الجلود باليد,15,,,,,,,,الباحة,النقل والتخزين,متوسطة (فئة أ),اخضر متوسط,1
,,,,,,عامل خياطة باليد او بالالة,208,,,,,,,,الباحة,تجارة الجملة والتجزئة وإصلاح المركبات ذات المحركات والدرجات النارية,متوسطة (فئة أ),اخضر متوسط,27
,,,,,,عامل خياطة جلود,1,,,,,,,,الجوف,أنشطة خدمات الاقامة والطعام,متوسطة (فئة أ),اخضر متوسط,9
,,,,,,عامل دراجة نقل,2315,,,,,,,,الجوف,أنشطة صحة الانسان والعمل الاجتماعي,متوسطة (فئة أ),اخضر متوسط,6
,,,,,,عامل درفة على الساخن,2,,,,,,,,الجوف,إمدادات المياه وأنشطة الصرف الصحي وإدارة النفايات ومعالجتها,متوسطة (فئة أ),اخضر متوسط,1
,,,,,,عامل درفلة صلب,17,,,,,,,,الجوف,الأنشطة المهنية والعلمية والتقنية,متوسطة (فئة أ),اخضر متوسط,1
,,,,,,عامل درفلة معادن على البارد,2,,,,,,,,الجوف,التشييد,متوسطة (فئة أ),اخضر متوسط,7
,,,,,,عامل درفلة معادن غير حديدية,1,,,,,,,,الجوف,التعليم,متوسطة (فئة أ),اخضر متوسط,6
,,,,,,عامل رافعات,4953,,,,,,,,الجوف,الخدمات الإدارية وخدمات الدعم,متوسطة (فئة أ),اخضر متوسط,2
,,,,,,عامل ربط السفن وتثبيتها,28,,,,,,,,الجوف,الزراعة والحراجة وصيد الأسماك,متوسطة (فئة أ),اخضر متوسط,2
,,,,,,عامل رش الخزفيات بالطلاء,0,,,,,,,,الجوف,الصناعة التحويلية,متوسطة (فئة أ),اخضر متوسط,4
,,,,,,عامل رفي الملابس (رفا),29,,,,,,,,الجوف,النقل والتخزين,متوسطة (فئة أ),اخضر متوسط,2
,,,,,,عامل ري,599,,,,,,,,الجوف,تجارة الجملة والتجزئة وإصلاح المركبات ذات المحركات والدرجات النارية,متوسطة (فئة أ),اخضر متوسط,29
,,,,,,عامل زجاج,917,,,,,,,,الحدود الشمالية,أنشطة خدمات الاقامة والطعام,متوسطة (فئة أ),اخضر متوسط,4
,,,,,,عامل زخرفة الخزفيات,19,,,,,,,,الحدود الشمالية,أنشطة صحة الانسان والعمل الاجتماعي,متوسطة (فئة أ),اخضر متوسط,7
,,,,,,عامل زراعي,123334,,,,,,,,الحدود الشمالية,التشييد,متوسطة (فئة أ),اخضر متوسط,5
,,,,,,عامل زراعي معالجة آفات,76,,,,,,,,الحدود الشمالية,التعليم,متوسطة (فئة أ),اخضر متوسط,2
,,,,,,عامل سحب الالياف,0,,,,,,,,الحدود الشمالية,الخدمات الإدارية وخدمات الدعم,متوسطة (فئة أ),اخضر متوسط,1
,,,,,,عامل سحب سلك او قضبان وتشكيله يدويا,0,,,,,,,,الحدود الشمالية,الصناعة التحويلية,متوسطة (فئة أ),اخضر متوسط,2
,,,,,,عامل سحب سلك او قضيب وتشكيله ميكانيكيا,16,,,,,,,,الحدود الشمالية,النقل والتخزين,متوسطة (فئة أ),اخضر متوسط,2
,,,,,,عامل سحب وتسطيح معادن ثمينة,0,,,,,,,,الحدود الشمالية,تجارة الجملة والتجزئة وإصلاح المركبات ذات المحركات والدرجات النارية,متوسطة (فئة أ),اخضر متوسط,11
,,,,,,عامل سفلتة,3380,,,,,,,,الرياض,غير خاضعة لانشطة ISIC4,متوسطة (فئة أ),اخضر متوسط,54
,,,,,,عامل سن عدد القطع,0,,,,,,,,الرياض,أنشطة الخدمات الأخرى,متوسطة (فئة أ),اخضر متوسط,56
,,,,,,عامل شحن و تفريغ,1183,,,,,,,,الرياض,أنشطة خدمات الاقامة والطعام,متوسطة (فئة أ),اخضر متوسط,227
,,,,,,عامل شحن و تفريغ بالسفن,2,,,,,,,,الرياض,أنشطة صحة الانسان والعمل الاجتماعي,متوسطة (فئة أ),اخضر متوسط,133
,,,,,,عامل شد الجلود,0,,,,,,,,الرياض,إمدادات الكهرباء والغاز والبخار وتكييف الهواء,متوسطة (فئة أ),اخضر متوسط,2
,,,,,,عامل شلح الصوف,0,,,,,,,,الرياض,إمدادات المياه وأنشطة الصرف الصحي وإدارة النفايات ومعالجتها,متوسطة (فئة أ),اخضر متوسط,8
,,,,,,عامل شنكار عوارض والواح معدنية,0,,,,,,,,الرياض,الأنشطة العقارية,متوسطة (فئة أ),اخضر متوسط,18
,,,,,,عامل شنكرة المشغولات المعدنية,0,,,,,,,,الرياض,الأنشطة المهنية والعلمية والتقنية,متوسطة (فئة أ),اخضر متوسط,65
,,,,,,عامل شنكرة معادن,31,,,,,,,,الرياض,التشييد,متوسطة (فئة أ),اخضر متوسط,536
,,,,,,عامل صاري لاسلكي,21,,,,,,,,الرياض,التعدين واستغلال المحاجر,متوسطة (فئة أ),اخضر متوسط,8
,,,,,,عامل صب الزجاج,20,,,,,,,,الرياض,التعليم,متوسطة (فئة أ),اخضر متوسط,51
,,,,,,عامل صب العجينة يدويا,0,,,,,,,,الرياض,الخدمات الإدارية وخدمات الدعم,متوسطة (فئة أ),اخضر متوسط,134
,,,,,,عامل صب معادن,4,,,,,,,,الرياض,الزراعة والحراجة وصيد الأسماك,متوسطة (فئة أ),اخضر متوسط,31
,,,,,,عامل صب مقالب جبس,10,,,,,,,,الرياض,الصناعة التحويلية,متوسطة (فئة أ),اخضر متوسط,471
,,,,,,عامل صباغة الملابس,2,,,,,,,,الرياض,الفنون والترفيه والتسلية,متوسطة (فئة أ),اخضر متوسط,11
,,,,,,عامل صبغ الجلود المدبوغة وتلوينها,4,,,,,,,,الرياض,المعلومات والاتصالات,متوسطة (فئة أ),اخضر متوسط,60
,,,,,,عامل صرف صحي,3168,,,,,,,,الرياض,النقل والتخزين,متوسطة (فئة أ),اخضر متوسط,182
,,,,,,عامل صقل الاحجار باليد,0,,,,,,,,الرياض,تجارة الجملة والتجزئة وإصلاح المركبات ذات المحركات والدرجات النارية,متوسطة (فئة أ),اخضر متوسط,659
,,,,,,عامل صقل الاسمنت,1,,,,,,,,الرياض,لأنشطة المالية وأنشطة التأمين,متوسطة (فئة أ),اخضر متوسط,10
,,,,,,عامل صقل المنسوجات (تشطيب),0,,,,,,,,الشرقية,غير خاضعة لانشطة ISIC4,متوسطة (فئة أ),اخضر متوسط,11
,,,,,,عامل صناعة الزيوت النباتية عام,13,,,,,,,,الشرقية,أنشطة الخدمات الأخرى,متوسطة (فئة أ),اخضر متوسط,19
,,,,,,عامل صناعة سكر عام,0,,,,,,,,الشرقية,أنشطة خدمات الاقامة والطعام,متوسطة (فئة أ),اخضر متوسط,195
,,,,,,عامل صنع اثاث من خوص النخيل وجريده,1,,,,,,,,الشرقية,أنشطة صحة الانسان والعمل الاجتماعي,متوسطة (فئة أ),اخضر متوسط,51
,,,,,,عامل صنع الاحجار الصناعية,10,,,,,,,,الشرقية,إمدادات الكهرباء والغاز والبخار وتكييف الهواء,متوسطة (فئة أ),اخضر متوسط,4
,,,,,,عامل صنع الاطارات,17,,,,,,,,الشرقية,إمدادات المياه وأنشطة الصرف الصحي وإدارة النفايات ومعالجتها,متوسطة (فئة أ),اخضر متوسط,14
,,,,,,عامل صنع البسطرمة,3,,,,,,,,الشرقية,الأنشطة العقارية,متوسطة (فئة أ),اخضر متوسط,5
,,,,,,عامل صنع الة نفخ,0,,,,,,,,الشرقية,الأنشطة المهنية والعلمية والتقنية,متوسطة (فئة أ),اخضر متوسط,24
,,,,,,عامل صنع العجينة السائلة,3,,,,,,,,الشرقية,التشييد,متوسطة (فئة أ),اخضر متوسط,394
,,,,,,عامل صنع حجر صناعي موزايكو,19,,,,,,,,الشرقية,التعدين واستغلال المحاجر,متوسطة (فئة أ),اخضر متوسط,8
,,,,,,عامل صنع ختم مطاطي,1,,,,,,,,الشرقية,التعليم,متوسطة (فئة أ),اخضر متوسط,27
,,,,,,عامل صنع زجاج ليفي (فايبرجلاس),1,,,,,,,,الشرقية,الخدمات الإدارية وخدمات الدعم,متوسطة (فئة أ),اخضر متوسط,59
,,,,,,عامل صنع سلال,2,,,,,,,,الشرقية,الزراعة والحراجة وصيد الأسماك,متوسطة (فئة أ),اخضر متوسط,10
,,,,,,عامل صنع صناديق الورق اليا,2,,,,,,,,الشرقية,الصناعة التحويلية,متوسطة (فئة أ),اخضر متوسط,291
,,,,,,عامل صنع طقم اسنان واصلاحها,252,,,,,,,,الشرقية,الفنون والترفيه والتسلية,متوسطة (فئة أ),اخضر متوسط,4
,,,,,,عامل صنع فرشاه يدويا,7,,,,,,,,الشرقية,المعلومات والاتصالات,متوسطة (فئة أ),اخضر متوسط,7
,,,,,,عامل صنع مادة طلاء الزجاج,2,,,,,,,,الشرقية,النقل والتخزين,متوسطة (فئة أ),اخضر متوسط,124
,,,,,,عامل صنع مراتب,0,,,,,,,,الشرقية,تجارة الجملة والتجزئة وإصلاح المركبات ذات المحركات والدرجات النارية,متوسطة (فئة أ),اخضر متوسط,373
,,,,,,عامل صنع مظلة,9,,,,,,,,الشرقية,لأنشطة المالية وأنشطة التأمين,متوسطة (فئة أ),اخضر متوسط,3
,,,,,,عامل صنع معدات العجزه والمعوقين واصلاحها,0,,,,,,,,القصيم,أنشطة الخدمات الأخرى,متوسطة (فئة أ),اخضر متوسط,4
,,,,,,عامل صنع منتجات الاسبستوس,1,,,,,,,,القصيم,أنشطة خدمات الاقامة والطعام,متوسطة (فئة أ),اخضر متوسط,42
,,,,,,عامل صنع منتجات خرسانية,23,,,,,,,,القصيم,أنشطة صحة الانسان والعمل الاجتماعي,متوسطة (فئة أ),اخضر متوسط,20
,,,,,,عامل صنع نماذج ارانيك معدنية السبك,6,,,,,,,,القصيم,إمدادات الكهرباء والغاز والبخار وتكييف الهواء,متوسطة (فئة أ),اخضر متوسط,1
,,,,,,عامل صيانة اجهزة المذياع والتلفاز والفيديو,3,,,,,,,,القصيم,الأنشطة العقارية,متوسطة (فئة أ),اخضر متوسط,1
,,,,,,عامل صيانة أجهزة كهربائية,23905,,,,,,,,القصيم,الأنشطة المهنية والعلمية والتقنية,متوسطة (فئة أ),اخضر متوسط,6
,,,,,,عامل صيانة الطرق,13192,,,,,,,,القصيم,التشييد,متوسطة (فئة أ),اخضر متوسط,27
,,,,,,عامل صيانة جهاز هاتف وبرق,20,,,,,,,,القصيم,التعدين واستغلال المحاجر,متوسطة (فئة أ),اخضر متوسط,1
,,,,,,عامل صيانة طرق,119,,,,,,,,القصيم,التعليم,متوسطة (فئة أ),اخضر متوسط,5
,,,,,,عامل صيد أسماك,1566,,,,,,,,القصيم,الخدمات الإدارية وخدمات الدعم,متوسطة (فئة أ),اخضر متوسط,22
,,,,,,عامل ضبط ايقاع الة موسيقية,7,,,,,,,,القصيم,الزراعة والحراجة وصيد الأسماك,متوسطة (فئة أ),اخضر متوسط,7
,,,,,,عامل ضغط العجينة يدويا,14,,,,,,,,القصيم,الصناعة التحويلية,متوسطة (فئة أ),اخضر متوسط,48
,,,,,,عامل ضيافة,780,,,,,,,,القصيم,الفنون والترفيه والتسلية,متوسطة (فئة أ),اخضر متوسط,1
,,,,,,عامل طحن الارز,0,,,,,,,,القصيم,النقل والتخزين,متوسطة (فئة أ),اخضر متوسط,15
,,,,,,عامل طلاء السلك بالماكينة,2,,,,,,,,القصيم,تجارة الجملة والتجزئة وإصلاح المركبات ذات المحركات والدرجات النارية,متوسطة (فئة أ),اخضر متوسط,120
,,,,,,عامل طلاء المعادن بالازرق,0,,,,,,,,المدينة,غير خاضعة لانشطة ISIC4,متوسطة (فئة أ),اخضر متوسط,3
,,,,,,عامل طلاء المعادن بالكهرباء,47,,,,,,,,المدينة,أنشطة الخدمات الأخرى,متوسطة (فئة أ),اخضر متوسط,5
,,,,,,عامل طلاء بالرش,1504,,,,,,,,المدينة,أنشطة خدمات الاقامة والطعام,متوسطة (فئة أ),اخضر متوسط,67
,,,,,,عامل طلاء بالغمس الساخن,0,,,,,,,,المدينة,أنشطة صحة الانسان والعمل الاجتماعي,متوسطة (فئة أ),اخضر متوسط,23
,,,,,,عامل طلاء بالورنيش,216,,,,,,,,المدينة,إمدادات المياه وأنشطة الصرف الصحي وإدارة النفايات ومعالجتها,متوسطة (فئة أ),اخضر متوسط,2
,,,,,,عامل طلاء مركبات,12854,,,,,,,,المدينة,الأنشطة العقارية,متوسطة (فئة أ),اخضر متوسط,3
,,,,,,عامل طلاء مصنوعات,2266,,,,,,,,المدينة,الأنشطة المهنية والعلمية والتقنية,متوسطة (فئة أ),اخضر متوسط,5
,,,,,,عامل طلاء معادن بجهاز رش المعادن,0,,,,,,,,المدينة,التشييد,متوسطة (فئة أ),اخضر متوسط,65
,,,,,,عامل طلي الخزفيات,0,,,,,,,,المدينة,التعدين واستغلال المحاجر,متوسطة (فئة أ),اخضر متوسط,2
,,,,,,عامل طلي الزجاج,2,,,,,,,,المدينة,التعليم,متوسطة (فئة أ),اخضر متوسط,15
,,,,,,عامل طي الورق بالماكينة,37,,,,,,,,المدينة,الخدمات الإدارية وخدمات الدعم,متوسطة (فئة أ),اخضر متوسط,9
,,,,,,عامل عادي,707898,,,,,,,,المدينة,الزراعة والحراجة وصيد الأسماك,متوسطة (فئة أ),اخضر متوسط,5
,,,,,,عامل عراوي,0,,,,,,,,المدينة,الصناعة التحويلية,متوسطة (فئة أ),اخضر متوسط,23
,,,,,,عامل عزل,808,,,,,,,,المدينة,الفنون والترفيه والتسلية,متوسطة (فئة أ),اخضر متوسط,1
,,,,,,عامل عزل أنابيب ومراجل,797,,,,,,,,المدينة,المعلومات والاتصالات,متوسطة (فئة أ),اخضر متوسط,1
,,,,,,عامل عزل حراري,1586,,,,,,,,المدينة,النقل والتخزين,متوسطة (فئة أ),اخضر متوسط,16
,,,,,,عامل عزل صوتي,45,,,,,,,,المدينة,تجارة الجملة والتجزئة وإصلاح المركبات ذات المحركات والدرجات النارية,متوسطة (فئة أ),اخضر متوسط,129
,,,,,,عامل عزل مائي,1372,,,,,,,,تبوك,أنشطة خدمات الاقامة والطعام,متوسطة (فئة أ),اخضر متوسط,36
,,,,,,عامل عناية باراضي ملاعب رياضة,58,,,,,,,,تبوك,أنشطة صحة الانسان والعمل الاجتماعي,متوسطة (فئة أ),اخضر متوسط,12
,,,,,,عامل عناية شخصية,4999,,,,,,,,تبوك,الأنشطة العقارية,متوسطة (فئة أ),اخضر متوسط,1
,,,,,,عامل غابات,41,,,,,,,,تبوك,الأنشطة المهنية والعلمية والتقنية,متوسطة (فئة أ),اخضر متوسط,3
,,,,,,عامل غربلة العجينة,0,,,,,,,,تبوك,التشييد,متوسطة (فئة أ),اخضر متوسط,6
,,,,,,عامل غسيل ستائر,74,,,,,,,,تبوك,التعليم,متوسطة (فئة أ),اخضر متوسط,4
,,,,,,عامل غسيل سجاد وموكيت,1076,,,,,,,,تبوك,الخدمات الإدارية وخدمات الدعم,متوسطة (فئة أ),اخضر متوسط,1
,,,,,,عامل غسيل مركبات متنقل,4265,,,,,,,,تبوك,الزراعة والحراجة وصيد الأسماك,متوسطة (فئة أ),اخضر متوسط,2
,,,,,,عامل غسيل ملابس,29352,,,,,,,,تبوك,الصناعة التحويلية,متوسطة (فئة أ),اخضر متوسط,5
,,,,,,عامل غسيل وتشحيم مركبات,109,,,,,,,,تبوك,الفنون والترفيه والتسلية,متوسطة (فئة أ),اخضر متوسط,2
,,,,,,عامل غسيل وكي,242,,,,,,,,تبوك,النقل والتخزين,متوسطة (فئة أ),اخضر متوسط,6
,,,,,,عامل فحص المنتاجات الميكانيكية وتفتيشها,93,,,,,,,,تبوك,تجارة الجملة والتجزئة وإصلاح المركبات ذات المحركات والدرجات النارية,متوسطة (فئة أ),اخضر متوسط,44
,,,,,,عامل فحص معدات كهربائية والكترونية وتفتيشها,122,,,,,,,,جازان,غير خاضعة لانشطة ISIC4,متوسطة (فئة أ),اخضر متوسط,2
,,,,,,عامل فرز الاحجار,46,,,,,,,,جازان,أنشطة خدمات الاقامة والطعام,متوسطة (فئة أ),اخضر متوسط,18
,,,,,,عامل فرز الالياف وتصنيفها,0,,,,,,,,جازان,أنشطة صحة الانسان والعمل الاجتماعي,متوسطة (فئة أ),اخضر متوسط,4
,,,,,,عامل فرز منتجات,10754,,,,,,,,جازان,إمدادات المياه وأنشطة الصرف الصحي وإدارة النفايات ومعالجتها,متوسطة (فئة أ),اخضر متوسط,1
,,,,,,عامل فرز وتصنيف الاحجار,27,,,,,,,,جازان,الأنشطة العقارية,متوسطة (فئة أ),اخضر متوسط,2
,,,,,,عامل فك وربط سفن,388,,,,,,,,جازان,الأنشطة المهنية والعلمية والتقنية,متوسطة (فئة أ),اخضر متوسط,3
,,,,,,عامل قص الملابس الجاهزة (عدا الجلدية),1,,,,,,,,جازان,التشييد,متوسطة (فئة أ),اخضر متوسط,19
,,,,,,عامل قص زجاج بصري,68,,,,,,,,جازان,التعدين واستغلال المحاجر,متوسطة (فئة أ),اخضر متوسط,1
,,,,,,عامل قطع استنسل في الطبع بالشبكة الحريرية,3,,,,,,,,جازان,التعليم,متوسطة (فئة أ),اخضر متوسط,4
,,,,,,عامل قطع الزجاج او قصه,4,,,,,,,,جازان,الخدمات الإدارية وخدمات الدعم,متوسطة (فئة أ),اخضر متوسط,4
,,,,,,عامل قطع باللهب اليا,2,,,,,,,,جازان,الصناعة التحويلية,متوسطة (فئة أ),اخضر متوسط,9
,,,,,,عامل قطع باللهب يدويا,1,,,,,,,,جازان,النقل والتخزين,متوسطة (فئة أ),اخضر متوسط,8
,,,,,,عامل قطع وصقل الاحجار والرخام عام,7,,,,,,,,جازان,تجارة الجملة والتجزئة وإصلاح المركبات ذات المحركات والدرجات النارية,متوسطة (فئة أ),اخضر متوسط,47
,,,,,,عامل قطع ونشر الاحجار والرخام,2,,,,,,,,حائل,غير خاضعة لانشطة ISIC4,متوسطة (فئة أ),اخضر متوسط,1
,,,,,,عامل قيادة عربة جر بالحيوان,17,,,,,,,,حائل,أنشطة الخدمات الأخرى,متوسطة (فئة أ),اخضر متوسط,17
,,,,,,عامل كاونتر مأكولات ومشروبات,42567,,,,,,,,حائل,أنشطة خدمات الاقامة والطعام,متوسطة (فئة أ),اخضر متوسط,7
,,,,,,عامل كبس مخلفات الزيوت النباتية,0,,,,,,,,حائل,أنشطة صحة الانسان والعمل الاجتماعي,متوسطة (فئة أ),اخضر متوسط,12
,,,,,,عامل كي,4771,,,,,,,,حائل,الأنشطة المهنية والعلمية والتقنية,متوسطة (فئة أ),اخضر متوسط,2
,,,,,,عامل لصق بطاقات تميز,12,,,,,,,,حائل,التشييد,متوسطة (فئة أ),اخضر متوسط,7
,,,,,,عامل لف الاسلاك الكهربائية اليا,54,,,,,,,,حائل,التعليم,متوسطة (فئة أ),اخضر متوسط,4
,,,,,,عامل لف الاسلاك الكهربائية يدويا,170,,,,,,,,حائل,الخدمات الإدارية وخدمات الدعم,متوسطة (فئة أ),اخضر متوسط,7
,,,,,,عامل لف الخيوط حول بكرات النسيج,0,,,,,,,,حائل,الزراعة والحراجة وصيد الأسماك,متوسطة (فئة أ),اخضر متوسط,2
,,,,,,عامل لقطة,12,,,,,,,,حائل,الصناعة التحويلية,متوسطة (فئة أ),اخضر متوسط,7
,,,,,,عامل ماكينة تفريز,47,,,,,,,,حائل,النقل والتخزين,متوسطة (فئة أ),اخضر متوسط,1
,,,,,,عامل ماكينة خوازيق الاساسات ومدها,0,,,,,,,,حائل,تجارة الجملة والتجزئة وإصلاح المركبات ذات المحركات والدرجات النارية,متوسطة (فئة أ),اخضر متوسط,39
,,,,,,عامل ماكينة سن ادوات قطع المعادن,0,,,,,,,,عسير,غير خاضعة لانشطة ISIC4,متوسطة (فئة أ),اخضر متوسط,1
,,,,,,عامل ماكينة لف المنتجات,15,,,,,,,,عسير,أنشطة الخدمات الأخرى,متوسطة (فئة أ),اخضر متوسط,1
,,,,,,عامل مبخرة تمور,1,,,,,,,,عسير,أنشطة خدمات الاقامة والطعام,متوسطة (فئة أ),اخضر متوسط,66
,,,,,,عامل متفجرات,130,,,,,,,,عسير,أنشطة صحة الانسان والعمل الاجتماعي,متوسطة (فئة أ),اخضر متوسط,22
,,,,,,عامل محجر,2409,,,,,,,,عسير,الأنشطة العقارية,متوسطة (فئة أ),اخضر متوسط,1
,,,,,,عامل محطة وقود,12831,,,,,,,,عسير,الأنشطة المهنية والعلمية والتقنية,متوسطة (فئة أ),اخضر متوسط,4
,,,,,,عامل مخزن,40008,,,,,,,,عسير,التشييد,متوسطة (فئة أ),اخضر متوسط,36
,,,,,,عامل مد انابيب ومواسير,484,,,,,,,,عسير,التعدين واستغلال المحاجر,متوسطة (فئة أ),اخضر متوسط,2
,,,,,,عامل مراجعة معادن,14,,,,,,,,عسير,التعليم,متوسطة (فئة أ),اخضر متوسط,6
,,,,,,عامل مراعي,162,,,,,,,,عسير,الخدمات الإدارية وخدمات الدعم,متوسطة (فئة أ),اخضر متوسط,11
,,,,,,عامل مرفأ,70,,,,,,,,عسير,الزراعة والحراجة وصيد الأسماك,متوسطة (فئة أ),اخضر متوسط,4
,,,,,,عامل مزرعة إنتاج زراعي وحيواني,994,,,,,,,,عسير,الصناعة التحويلية,متوسطة (فئة أ),اخضر متوسط,28
,,,,,,عامل مزرعة حيوانات,10823,,,,,,,,عسير,الفنون والترفيه والتسلية,متوسطة (فئة أ),اخضر متوسط,1
,,,,,,عامل مزرعة دواجن وطيور,1305,,,,,,,,عسير,النقل والتخزين,متوسطة (فئة أ),اخضر متوسط,12
,,,,,,عامل مزرعة سمكية,91,,,,,,,,عسير,تجارة الجملة والتجزئة وإصلاح المركبات ذات المحركات والدرجات النارية,متوسطة (فئة أ),اخضر متوسط,121
,,,,,,عامل مساند,745,,,,,,,,مكة المكرمة,غير خاضعة لانشطة ISIC4,متوسطة (فئة أ),اخضر متوسط,17
,,,,,,عامل مسطحات خضراء,2422,,,,,,,,مكة المكرمة,أنشطة الخدمات الأخرى,متوسطة (فئة أ),اخضر متوسط,21
,,,,,,عامل مشتل,1615,,,,,,,,مكة المكرمة,أنشطة خدمات الاقامة والطعام,متوسطة (فئة أ),اخضر متوسط,225
,,,,,,عامل مشغل فرن (تخمير) تلدين الزجاج,0,,,,,,,,مكة المكرمة,أنشطة صحة الانسان والعمل الاجتماعي,متوسطة (فئة أ),اخضر متوسط,55
,,,,,,عامل مصعد,166,,,,,,,,مكة المكرمة,إمدادات الكهرباء والغاز والبخار وتكييف الهواء,متوسطة (فئة أ),اخضر متوسط,1
,,,,,,عامل مطبخ,169024,,,,,,,,مكة المكرمة,إمدادات المياه وأنشطة الصرف الصحي وإدارة النفايات ومعالجتها,متوسطة (فئة أ),اخضر متوسط,13
,,,,,,عامل مطعم,45783,,,,,,,,مكة المكرمة,الأنشطة العقارية,متوسطة (فئة أ),اخضر متوسط,18
,,,,,,عامل معالجة الخشب,21,,,,,,,,مكة المكرمة,الأنشطة المهنية والعلمية والتقنية,متوسطة (فئة أ),اخضر متوسط,26
,,,,,,عامل معالجة المنسوجات لمنع الانكماش,0,,,,,,,,مكة المكرمة,التشييد,متوسطة (فئة أ),اخضر متوسط,284
,,,,,,عامل معالجة خيوط الغزل,0,,,,,,,,مكة المكرمة,التعدين واستغلال المحاجر,متوسطة (فئة أ),اخضر متوسط,4
,,,,,,عامل معدات,660,,,,,,,,مكة المكرمة,التعليم,متوسطة (فئة أ),اخضر متوسط,39
,,,,,,عامل معماري,712,,,,,,,,مكة المكرمة,الخدمات الإدارية وخدمات الدعم,متوسطة (فئة أ),اخضر متوسط,75
,,,,,,عامل معمل تفريخ بلدي /عام,3,,,,,,,,مكة المكرمة,الزراعة والحراجة وصيد الأسماك,متوسطة (فئة أ),اخضر متوسط,5
,,,,,,عامل مقبرة,31,,,,,,,,مكة المكرمة,الصناعة التحويلية,متوسطة (فئة أ),اخضر متوسط,227
,,,,,,عامل مكافحة آفات,3517,,,,,,,,مكة المكرمة,الفنون والترفيه والتسلية,متوسطة (فئة أ),اخضر متوسط,7
,,,,,,عامل مكافحة آفات زراعية,426,,,,,,,,مكة المكرمة,المعلومات والاتصالات,متوسطة (فئة أ),اخضر متوسط,10
,,,,,,عامل مكافحة حرائق غابات,42,,,,,,,,مكة المكرمة,النقل والتخزين,متوسطة (فئة أ),اخضر متوسط,124
,,,,,,عامل مناره,1,,,,,,,,مكة المكرمة,تجارة الجملة والتجزئة وإصلاح المركبات ذات المحركات والدرجات النارية,متوسطة (فئة أ),اخضر متوسط,520
,,,,,,عامل منتاج طباعة,27,,,,,,,,مكة المكرمة,لأنشطة المالية وأنشطة التأمين,متوسطة (فئة أ),اخضر متوسط,6
,,,,,,عامل منجم,635,,,,,,,,نجران,أنشطة الخدمات الأخرى,متوسطة (فئة أ),اخضر متوسط,2
,,,,,,عامل منجم عام,40,,,,,,,,نجران,أنشطة خدمات الاقامة والطعام,متوسطة (فئة أ),اخضر متوسط,6
,,,,,,عامل منزلي,41189,,,,,,,,نجران,أنشطة صحة الانسان والعمل الاجتماعي,متوسطة (فئة أ),اخضر متوسط,6
,,,,,,عامل مهن فريدة,28106,,,,,,,,نجران,الأنشطة المهنية والعلمية والتقنية,متوسطة (فئة أ),اخضر متوسط,2
,,,,,,عامل مواقف سيارات,1992,,,,,,,,نجران,التشييد,متوسطة (فئة أ),اخضر متوسط,11
,,,,,,عامل نحت احجار المجسمات الجمالية,3,,,,,,,,نجران,التعليم,متوسطة (فئة أ),اخضر متوسط,3
,,,,,,عامل نحت الاحجار,53,,,,,,,,نجران,الخدمات الإدارية وخدمات الدعم,متوسطة (فئة أ),اخضر متوسط,1
,,,,,,عامل نسيج القماش (يدويا),2,,,,,,,,نجران,الصناعة التحويلية,متوسطة (فئة أ),اخضر متوسط,7
,,,,,,عامل نسيج سجاد اليا,35,,,,,,,,نجران,المعلومات والاتصالات,متوسطة (فئة أ),اخضر متوسط,1
,,,,,,عامل نسيج سجاد يدوي,2,,,,,,,,نجران,النقل والتخزين,متوسطة (فئة أ),اخضر متوسط,6
,,,,,,عامل نسيج على انوال الجاكار,0,,,,,,,,نجران,تجارة الجملة والتجزئة وإصلاح المركبات ذات المحركات والدرجات النارية,متوسطة (فئة أ),اخضر متوسط,32
,,,,,,عامل نسيج قماش (اليا عدا انوال الجاكار),2,,,,,,,,الباحة,أنشطة الخدمات الأخرى,متوسطة (فئة ب),اخضر متوسط,1
,,,,,,عامل نشر اطراف الخشب والزوايا,33,,,,,,,,الباحة,أنشطة خدمات الاقامة والطعام,متوسطة (فئة ب),اخضر متوسط,2
,,,,,,عامل نظافة,73722,,,,,,,,الباحة,أنشطة صحة الانسان والعمل الاجتماعي,متوسطة (فئة ب),اخضر متوسط,3
,,,,,,عامل نظافة المعادن,1679,,,,,,,,الباحة,الأنشطة المهنية والعلمية والتقنية,متوسطة (فئة ب),اخضر متوسط,2
,,,,,,عامل نظافة حدائق,7258,,,,,,,,الباحة,التشييد,متوسطة (فئة ب),اخضر متوسط,3
,,,,,,عامل نظافة شوارع,35980,,,,,,,,الباحة,الصناعة التحويلية,متوسطة (فئة ب),اخضر متوسط,1
,,,,,,عامل نظافة نوافذ,206,,,,,,,,الباحة,تجارة الجملة والتجزئة وإصلاح المركبات ذات المحركات والدرجات النارية,متوسطة (فئة ب),اخضر متوسط,14
,,,,,,عامل نفخ عجلات,5,,,,,,,,الجوف,أنشطة الخدمات الأخرى,متوسطة (فئة ب),اخضر متوسط,1
,,,,,,عامل نفخ معدات زجاجية علمية,0,,,,,,,,الجوف,أنشطة خدمات الاقامة والطعام,متوسطة (فئة ب),اخضر متوسط,2
,,,,,,عامل نقش الزجاج بالسفح الرملي وحفره,7,,,,,,,,الجوف,أنشطة صحة الانسان والعمل الاجتماعي,متوسطة (فئة ب),اخضر متوسط,4
,,,,,,عامل نقش حروف على الحجر يدويا,0,,,,,,,,الجوف,الأنشطة المهنية والعلمية والتقنية,متوسطة (فئة ب),اخضر متوسط,1
,,,,,,عامل نقش مجوهرات,13,,,,,,,,الجوف,التشييد,متوسطة (فئة ب),اخضر متوسط,4
,,,,,,عامل نقل تصميم الاحجار,2,,,,,,,,الجوف,الخدمات الإدارية وخدمات الدعم,متوسطة (فئة ب),اخضر متوسط,1
,,,,,,عامل هدم,4547,,,,,,,,الجوف,الصناعة التحويلية,متوسطة (فئة ب),اخضر متوسط,3
,,,,,,عامل هدم المباني,44,,,,,,,,الجوف,النقل والتخزين,متوسطة (فئة ب),اخضر متوسط,7
,,,,,,عامل ورشة,118310,,,,,,,,الجوف,تجارة الجملة والتجزئة وإصلاح المركبات ذات المحركات والدرجات النارية,متوسطة (فئة ب),اخضر متوسط,25
,,,,,,عامل وصل الحبال والسلاسل المعدنية بالجدل,275,,,,,,,,الحدود الشمالية,أنشطة خدمات الاقامة والطعام,متوسطة (فئة ب),اخضر متوسط,2
,,,,,,عامل وضع ملصقات,2645,,,,,,,,الحدود الشمالية,أنشطة صحة الانسان والعمل الاجتماعي,متوسطة (فئة ب),اخضر متوسط,2
,,,,,,عجان,2060,,,,,,,,الحدود الشمالية,التشييد,متوسطة (فئة ب),اخضر متوسط,3
,,,,,,عجان مكرونة,3,,,,,,,,الحدود الشمالية,الخدمات الإدارية وخدمات الدعم,متوسطة (فئة ب),اخضر متوسط,3
,,,,,,عداد نقد ورقي,280,,,,,,,,الحدود الشمالية,الصناعة التحويلية,متوسطة (فئة ب),اخضر متوسط,3
,,,,,,عضو المجلس الأعلى للقضاء,0,,,,,,,,الحدود الشمالية,تجارة الجملة والتجزئة وإصلاح المركبات ذات المحركات والدرجات النارية,متوسطة (فئة ب),اخضر متوسط,9
,,,,,,عضو مجلس إدارة,45,,,,,,,,الرياض,غير خاضعة لانشطة ISIC4,متوسطة (فئة ب),اخضر متوسط,28
,,,,,,عضو هيئة تدريس,408,,,,,,,,الرياض,أنشطة الخدمات الأخرى,متوسطة (فئة ب),اخضر متوسط,16
,,,,,,عضو هيئة عمالية,2,,,,,,,,الرياض,أنشطة خدمات الاقامة والطعام,متوسطة (فئة ب),اخضر متوسط,119
,,,,,,عطار,441,,,,,,,,الرياض,أنشطة صحة الانسان والعمل الاجتماعي,متوسطة (فئة ب),اخضر متوسط,103
,,,,,,عطار (حواج),3,,,,,,,,الرياض,إمدادات الكهرباء والغاز والبخار وتكييف الهواء,متوسطة (فئة ب),اخضر متوسط,6
,,,,,,علاف اسماك,23,,,,,,,,الرياض,إمدادات المياه وأنشطة الصرف الصحي وإدارة النفايات ومعالجتها,متوسطة (فئة ب),اخضر متوسط,3
,,,,,,علاف حيوان,13,,,,,,,,الرياض,الأنشطة العقارية,متوسطة (فئة ب),اخضر متوسط,9
,,,,,,علاف دواجن,99,,,,,,,,الرياض,الأنشطة المهنية والعلمية والتقنية,متوسطة (فئة ب),اخضر متوسط,62
,,,,,,عمال المعاجة الكيميائية الاخرون,6,,,,,,,,الرياض,التشييد,متوسطة (فئة ب),اخضر متوسط,395
,,,,,,عمال تجميع الات التشغيل,217,,,,,,,,الرياض,التعدين واستغلال المحاجر,متوسطة (فئة ب),اخضر متوسط,4
,,,,,,عمال تزييت وتشحيم السفن,0,,,,,,,,الرياض,التعليم,متوسطة (فئة ب),اخضر متوسط,43
,,,,,,عمال تصنيع عطور زيتية,5,,,,,,,,الرياض,الخدمات الإدارية وخدمات الدعم,متوسطة (فئة ب),اخضر متوسط,104
,,,,,,عمدة,0,,,,,,,,الرياض,الزراعة والحراجة وصيد الأسماك,متوسطة (فئة ب),اخضر متوسط,18
,,,,,,عميد كلية,22,,,,,,,,الرياض,الصناعة التحويلية,متوسطة (فئة ب),اخضر متوسط,327
,,,,,,غزّال,7,,,,,,,,الرياض,الفنون والترفيه والتسلية,متوسطة (فئة ب),اخضر متوسط,3
,,,,,,غزال,0,,,,,,,,الرياض,المعلومات والاتصالات,متوسطة (فئة ب),اخضر متوسط,21
,,,,,,غسال منسوجات باليد,21,,,,,,,,الرياض,النقل والتخزين,متوسطة (فئة ب),اخضر متوسط,146
,,,,,,غطاس بحري,17,,,,,,,,الرياض,تجارة الجملة والتجزئة وإصلاح المركبات ذات المحركات والدرجات النارية,متوسطة (فئة ب),اخضر متوسط,345
,,,,,,غوّاص,153,,,,,,,,الرياض,لأنشطة المالية وأنشطة التأمين,متوسطة (فئة ب),اخضر متوسط,1
,,,,,,غواص,14,,,,,,,,الشرقية,غير خاضعة لانشطة ISIC4,متوسطة (فئة ب),اخضر متوسط,8
,,,,,,غواص الانشاءات البحرية,14,,,,,,,,الشرقية,أنشطة الخدمات الأخرى,متوسطة (فئة ب),اخضر متوسط,10
,,,,,,غواص إنشاءات بحرية,178,,,,,,,,الشرقية,أنشطة خدمات الاقامة والطعام,متوسطة (فئة ب),اخضر متوسط,98
,,,,,,غواص محار,2,,,,,,,,الشرقية,أنشطة صحة الانسان والعمل الاجتماعي,متوسطة (فئة ب),اخضر متوسط,29
,,,,,,فاحص اطارات,1478,,,,,,,,الشرقية,إمدادات الكهرباء والغاز والبخار وتكييف الهواء,متوسطة (فئة ب),اخضر متوسط,4
,,,,,,فاحص اقمشة,11,,,,,,,,الشرقية,إمدادات المياه وأنشطة الصرف الصحي وإدارة النفايات ومعالجتها,متوسطة (فئة ب),اخضر متوسط,6
,,,,,,فاحص جوده,5727,,,,,,,,الشرقية,الأنشطة العقارية,متوسطة (فئة ب),اخضر متوسط,2
,,,,,,فاحص خيوط,6,,,,,,,,الشرقية,الأنشطة المهنية والعلمية والتقنية,متوسطة (فئة ب),اخضر متوسط,29
,,,,,,فاحص لحام,100,,,,,,,,الشرقية,التشييد,متوسطة (فئة ب),اخضر متوسط,295
,,,,,,فاحص مباني جاهزة,19,,,,,,,,الشرقية,التعدين واستغلال المحاجر,متوسطة (فئة ب),اخضر متوسط,3
,,,,,,فاحص منسوجات,6,,,,,,,,الشرقية,التعليم,متوسطة (فئة ب),اخضر متوسط,23
,,,,,,فاحص ومقيّم منتجات,3023,,,,,,,,الشرقية,الخدمات الإدارية وخدمات الدعم,متوسطة (فئة ب),اخضر متوسط,43
,,,,,,فارز بريدي,188,,,,,,,,الشرقية,الزراعة والحراجة وصيد الأسماك,متوسطة (فئة ب),اخضر متوسط,15
,,,,,,فارز نفايات,277,,,,,,,,الشرقية,الصناعة التحويلية,متوسطة (فئة ب),اخضر متوسط,160
,,,,,,فحَام,2,,,,,,,,الشرقية,الفنون والترفيه والتسلية,متوسطة (فئة ب),اخضر متوسط,6
,,,,,,فراز,380,,,,,,,,الشرقية,المعلومات والاتصالات,متوسطة (فئة ب),اخضر متوسط,6
,,,,,,فراز بريدي,102,,,,,,,,الشرقية,النقل والتخزين,متوسطة (فئة ب),اخضر متوسط,86
,,,,,,فران لتحويل معادن حديدية وتنقيتها,0,,,,,,,,الشرقية,تجارة الجملة والتجزئة وإصلاح المركبات ذات المحركات والدرجات النارية,متوسطة (فئة ب),اخضر متوسط,235
,,,,,,فلكي رصد,1,,,,,,,,الشرقية,لأنشطة المالية وأنشطة التأمين,متوسطة (فئة ب),اخضر متوسط,4
,,,,,,فنان اعلانات تجارية,35,,,,,,,,القصيم,أنشطة الخدمات الأخرى,متوسطة (فئة ب),اخضر متوسط,2
,,,,,,فنان تعبير صامت,1,,,,,,,,القصيم,أنشطة خدمات الاقامة والطعام,متوسطة (فئة ب),اخضر متوسط,20
,,,,,,فني آبار نفط وغاز,2512,,,,,,,,القصيم,أنشطة صحة الانسان والعمل الاجتماعي,متوسطة (فئة ب),اخضر متوسط,14
,,,,,,فني أبحاث (طبية),0,,,,,,,,القصيم,الأنشطة العقارية,متوسطة (فئة ب),اخضر متوسط,1
,,,,,,فني ابحاث اغذية الحيوان,2,,,,,,,,القصيم,الأنشطة المهنية والعلمية والتقنية,متوسطة (فئة ب),اخضر متوسط,2
,,,,,,فني ابحاث تهجين,3,,,,,,,,القصيم,التشييد,متوسطة (فئة ب),اخضر متوسط,33
,,,,,,فني ابنية (مراقب ابنية),781,,,,,,,,القصيم,التعليم,متوسطة (فئة ب),اخضر متوسط,2
,,,,,,فني أجهزة إلكترونية,9034,,,,,,,,القصيم,الخدمات الإدارية وخدمات الدعم,متوسطة (فئة ب),اخضر متوسط,24
,,,,,,فني اجهزة انذار حريق في تحلية المياه المالحة,74,,,,,,,,القصيم,الزراعة والحراجة وصيد الأسماك,متوسطة (فئة ب),اخضر متوسط,3
,,,,,,فني أجهزة دقيقة,1361,,,,,,,,القصيم,الصناعة التحويلية,متوسطة (فئة ب),اخضر متوسط,31
,,,,,,فني أجهزة رقمية,69,,,,,,,,القصيم,النقل والتخزين,متوسطة (فئة ب),اخضر متوسط,22
,,,,,,فني أجهزة طبية,1978,,,,,,,,القصيم,تجارة الجملة والتجزئة وإصلاح المركبات ذات المحركات والدرجات النارية,متوسطة (فئة ب),اخضر متوسط,57
,,,,,,فني أجهزة عسكرية,33,,,,,,,,المدينة,غير خاضعة لانشطة ISIC4,متوسطة (فئة ب),اخضر متوسط,1
,,,,,,فني أجهزة كهربائية,13,,,,,,,,المدينة,أنشطة الخدمات الأخرى,متوسطة (فئة ب),اخضر متوسط,4
,,,,,,فني اجهزة مخبرية,91,,,,,,,,المدينة,أنشطة خدمات الاقامة والطعام,متوسطة (فئة ب),اخضر متوسط,27
,,,,,,فني أحبار طباعة,1,,,,,,,,المدينة,أنشطة صحة الانسان والعمل الاجتماعي,متوسطة (فئة ب),اخضر متوسط,17
,,,,,,فني إحصاء طبي,6,,,,,,,,المدينة,إمدادات المياه وأنشطة الصرف الصحي وإدارة النفايات ومعالجتها,متوسطة (فئة ب),اخضر متوسط,2
,,,,,,فني احصائي,82,,,,,,,,المدينة,الأنشطة العقارية,متوسطة (فئة ب),اخضر متوسط,1
,,,,,,فني أحياء,279,,,,,,,,المدينة,الأنشطة المهنية والعلمية والتقنية,متوسطة (فئة ب),اخضر متوسط,6
,,,,,,فني اختزال,10,,,,,,,,المدينة,التشييد,متوسطة (فئة ب),اخضر متوسط,34
,,,,,,فني إدارة خدمات صحية ومستشفيات,131,,,,,,,,المدينة,التعدين واستغلال المحاجر,متوسطة (فئة ب),اخضر متوسط,1
,,,,,,فني ادارة عقود,500,,,,,,,,المدينة,التعليم,متوسطة (فئة ب),اخضر متوسط,5
,,,,,,فني إرسال تلفزيوني,22,,,,,,,,المدينة,الخدمات الإدارية وخدمات الدعم,متوسطة (فئة ب),اخضر متوسط,14
,,,,,,فني إرشاد زراعي,23,,,,,,,,المدينة,الزراعة والحراجة وصيد الأسماك,متوسطة (فئة ب),اخضر متوسط,1
,,,,,,فني إسعاف,207,,,,,,,,المدينة,الصناعة التحويلية,متوسطة (فئة ب),اخضر متوسط,37
,,,,,,فني اسنان,649,,,,,,,,المدينة,الفنون والترفيه والتسلية,متوسطة (فئة ب),اخضر متوسط,2
,,,,,,فني أشعة,2045,,,,,,,,المدينة,النقل والتخزين,متوسطة (فئة ب),اخضر متوسط,18
,,,,,,فني أشعة علاجية,22,,,,,,,,المدينة,تجارة الجملة والتجزئة وإصلاح المركبات ذات المحركات والدرجات النارية,متوسطة (فئة ب),اخضر متوسط,77
,,,,,,فني إضاءة,104,,,,,,,,تبوك,أنشطة الخدمات الأخرى,متوسطة (فئة ب),اخضر متوسط,1
,,,,,,فني اضاءة,8,,,,,,,,تبوك,أنشطة خدمات الاقامة والطعام,متوسطة (فئة ب),اخضر متوسط,10
,,,,,,فني أطراف صناعية,48,,,,,,,,تبوك,أنشطة صحة الانسان والعمل الاجتماعي,متوسطة (فئة ب),اخضر متوسط,11
,,,,,,فني اطراف صناعية,16,,,,,,,,تبوك,الأنشطة المهنية والعلمية والتقنية,متوسطة (فئة ب),اخضر متوسط,1
,,,,,,فني اطفاء,1627,,,,,,,,تبوك,التشييد,متوسطة (فئة ب),اخضر متوسط,7
,,,,,,فني أفران معادن,1,,,,,,,,تبوك,التعليم,متوسطة (فئة ب),اخضر متوسط,5
,,,,,,فني الديترات سيارات,0,,,,,,,,تبوك,الخدمات الإدارية وخدمات الدعم,متوسطة (فئة ب),اخضر متوسط,2
,,,,,,فني الكتروني اتصالات,5478,,,,,,,,تبوك,الصناعة التحويلية,متوسطة (فئة ب),اخضر متوسط,4
,,,,,,فني إلكتروني أجهزة بث وإرسال إذاعي,71,,,,,,,,تبوك,النقل والتخزين,متوسطة (فئة ب),اخضر متوسط,2
,,,,,,فني إلكتروني أجهزة بث وإرسال تلفزيوني,50,,,,,,,,تبوك,تجارة الجملة والتجزئة وإصلاح المركبات ذات المحركات والدرجات النارية,متوسطة (فئة ب),اخضر متوسط,44
,,,,,,فني الكتروني اجهزة تحكم,1045,,,,,,,,جازان,غير خاضعة لانشطة ISIC4,متوسطة (فئة ب),اخضر متوسط,2
,,,,,,فني الكتروني ارسال اذاعي,25,,,,,,,,جازان,أنشطة الخدمات الأخرى,متوسطة (فئة ب),اخضر متوسط,1
,,,,,,فني الكتروني بث تلفزيوني,56,,,,,,,,جازان,أنشطة خدمات الاقامة والطعام,متوسطة (فئة ب),اخضر متوسط,5
,,,,,,فني الكتروني صيانة تلفزيون,54,,,,,,,,جازان,أنشطة صحة الانسان والعمل الاجتماعي,متوسطة (فئة ب),اخضر متوسط,8
,,,,,,فني ألمنيوم,7515,,,,,,,,جازان,إمدادات المياه وأنشطة الصرف الصحي وإدارة النفايات ومعالجتها,متوسطة (فئة ب),اخضر متوسط,1
,,,,,,فني الهندسة الميكانيكية والمحركات البخارية,22,,,,,,,,جازان,الأنشطة المهنية والعلمية والتقنية,متوسطة (فئة ب),اخضر متوسط,2
,,,,,,فني إليكترونيات,201,,,,,,,,جازان,التشييد,متوسطة (فئة ب),اخضر متوسط,9
,,,,,,فني امن وسلامة مهنية,3727,,,,,,,,جازان,الزراعة والحراجة وصيد الأسماك,متوسطة (فئة ب),اخضر متوسط,1
,,,,,,فني انتاج مشتقات نفطية,65,,,,,,,,جازان,الصناعة التحويلية,متوسطة (فئة ب),اخضر متوسط,17
,,,,,,فني إنشاءات,1027,,,,,,,,جازان,النقل والتخزين,متوسطة (فئة ب),اخضر متوسط,8
,,,,,,فني انظمة,869,,,,,,,,جازان,تجارة الجملة والتجزئة وإصلاح المركبات ذات المحركات والدرجات النارية,متوسطة (فئة ب),اخضر متوسط,46
,,,,,,فني أنظمة الليزر,5,,,,,,,,حائل,أنشطة الخدمات الأخرى,متوسطة (فئة ب),اخضر متوسط,1
,,,,,,فني انظمة تسليح,43,,,,,,,,حائل,أنشطة خدمات الاقامة والطعام,متوسطة (فئة ب),اخضر متوسط,2
,,,,,,فني أنظمة ملاحة بحرية,1,,,,,,,,حائل,أنشطة صحة الانسان والعمل الاجتماعي,متوسطة (فئة ب),اخضر متوسط,1
,,,,,,فني أنظمة ملاحة جوية,0,,,,,,,,حائل,إمدادات المياه وأنشطة الصرف الصحي وإدارة النفايات ومعالجتها,متوسطة (فئة ب),اخضر متوسط,1
,,,,,,فني إنقاذ,14,,,,,,,,حائل,الأنشطة المهنية والعلمية والتقنية,متوسطة (فئة ب),اخضر متوسط,2
,,,,,,فني اوراق مالية,717,,,,,,,,حائل,التشييد,متوسطة (فئة ب),اخضر متوسط,5
,,,,,,فني بث اذاعي,13,,,,,,,,حائل,التعليم,متوسطة (فئة ب),اخضر متوسط,5
,,,,,,فني بحث اجتماعي,29,,,,,,,,حائل,الزراعة والحراجة وصيد الأسماك,متوسطة (فئة ب),اخضر متوسط,1
,,,,,,فني بحري,59,,,,,,,,حائل,الصناعة التحويلية,متوسطة (فئة ب),اخضر متوسط,10
,,,,,,فني بستنة عام,3,,,,,,,,حائل,النقل والتخزين,متوسطة (فئة ب),اخضر متوسط,2
,,,,,,فني بصريات,2,,,,,,,,حائل,تجارة الجملة والتجزئة وإصلاح المركبات ذات المحركات والدرجات النارية,متوسطة (فئة ب),اخضر متوسط,17
,,,,,,فني بصريات طبية,2054,,,,,,,,عسير,أنشطة الخدمات الأخرى,متوسطة (فئة ب),اخضر متوسط,1
,,,,,,فني تأمين طبي,80,,,,,,,,عسير,أنشطة خدمات الاقامة والطعام,متوسطة (فئة ب),اخضر متوسط,17
,,,,,,فني تأهيل مهني,336,,,,,,,,عسير,أنشطة صحة الانسان والعمل الاجتماعي,متوسطة (فئة ب),اخضر متوسط,9
,,,,,,فني تثقيف صحي,122,,,,,,,,عسير,إمدادات المياه وأنشطة الصرف الصحي وإدارة النفايات ومعالجتها,متوسطة (فئة ب),اخضر متوسط,1
,,,,,,فني تجبير,19,,,,,,,,عسير,الأنشطة المهنية والعلمية والتقنية,متوسطة (فئة ب),اخضر متوسط,5
,,,,,,فني تجميل,1175,,,,,,,,عسير,التشييد,متوسطة (فئة ب),اخضر متوسط,18
,,,,,,فني تجهيز طباعة,980,,,,,,,,عسير,التعدين واستغلال المحاجر,متوسطة (فئة ب),اخضر متوسط,1
,,,,,,فني تحرير صوتيات ومرئيات,51,,,,,,,,عسير,التعليم,متوسطة (فئة ب),اخضر متوسط,6
,,,,,,فني تحقيق شخصية,3,,,,,,,,عسير,الخدمات الإدارية وخدمات الدعم,متوسطة (فئة ب),اخضر متوسط,3
,,,,,,فني تخدير,781,,,,,,,,عسير,الزراعة والحراجة وصيد الأسماك,متوسطة (فئة ب),اخضر متوسط,2
,,,,,,فني تخطيط أعصاب,47,,,,,,,,عسير,الصناعة التحويلية,متوسطة (فئة ب),اخضر متوسط,17
,,,,,,فني تخطيط سمع,1,,,,,,,,عسير,النقل والتخزين,متوسطة (فئة ب),اخضر متوسط,6
,,,,,,فني تخطيط قلب,55,,,,,,,,عسير,تجارة الجملة والتجزئة وإصلاح المركبات ذات المحركات والدرجات النارية,متوسطة (فئة ب),اخضر متوسط,63
,,,,,,فني تدعيم حفريات,135,,,,,,,,مكة المكرمة,غير خاضعة لانشطة ISIC4,متوسطة (فئة ب),اخضر متوسط,4
,,,,,,فني تدفئة وتهوية وتكييف,23061,,,,,,,,مكة المكرمة,أنشطة الخدمات الأخرى,متوسطة (فئة ب),اخضر متوسط,14
,,,,,,فني تدقيق حسابات,1447,,,,,,,,مكة المكرمة,أنشطة خدمات الاقامة والطعام,متوسطة (فئة ب),اخضر متوسط,125
,,,,,,فني تدليك,13,,,,,,,,مكة المكرمة,أنشطة صحة الانسان والعمل الاجتماعي,متوسطة (فئة ب),اخضر متوسط,95
,,,,,,فني تربية اسماك الزينة,0,,,,,,,,مكة المكرمة,إمدادات الكهرباء والغاز والبخار وتكييف الهواء,متوسطة (فئة ب),اخضر متوسط,2
,,,,,,فني تربية الاسماك,14,,,,,,,,مكة المكرمة,إمدادات المياه وأنشطة الصرف الصحي وإدارة النفايات ومعالجتها,متوسطة (فئة ب),اخضر متوسط,6
,,,,,,فني تربية الخيول,8,,,,,,,,مكة المكرمة,الأنشطة العقارية,متوسطة (فئة ب),اخضر متوسط,3
,,,,,,فني تربية دواجن,472,,,,,,,,مكة المكرمة,الأنشطة المهنية والعلمية والتقنية,متوسطة (فئة ب),اخضر متوسط,26
,,,,,,فني تربية طيور الزينة,0,,,,,,,,مكة المكرمة,التشييد,متوسطة (فئة ب),اخضر متوسط,187
,,,,,,فني تربية ماشية,197,,,,,,,,مكة المكرمة,التعدين واستغلال المحاجر,متوسطة (فئة ب),اخضر متوسط,2
,,,,,,فني تربية مواشي,19,,,,,,,,مكة المكرمة,التعليم,متوسطة (فئة ب),اخضر متوسط,27
,,,,,,فني تربية نحل,1,,,,,,,,مكة المكرمة,الخدمات الإدارية وخدمات الدعم,متوسطة (فئة ب),اخضر متوسط,74
,,,,,,فني تركيب عوازل,46,,,,,,,,مكة المكرمة,الزراعة والحراجة وصيد الأسماك,متوسطة (فئة ب),اخضر متوسط,4
,,,,,,فني تركيب معدات صناعية,929,,,,,,,,مكة المكرمة,الصناعة التحويلية,متوسطة (فئة ب),اخضر متوسط,154
,,,,,,فني ترميز طبي,143,,,,,,,,مكة المكرمة,الفنون والترفيه والتسلية,متوسطة (فئة ب),اخضر متوسط,1
,,,,,,فني ترميم آثار,11,,,,,,,,مكة المكرمة,المعلومات والاتصالات,متوسطة (فئة ب),اخضر متوسط,2
,,,,,,فني ترميم وثائق ومخطوطات,20,,,,,,,,مكة المكرمة,النقل والتخزين,متوسطة (فئة ب),اخضر متوسط,100
,,,,,,فني تروية قلب,16,,,,,,,,مكة المكرمة,تجارة الجملة والتجزئة وإصلاح المركبات ذات المحركات والدرجات النارية,متوسطة (فئة ب),اخضر متوسط,295
,,,,,,فني تسجيل,122,,,,,,,,نجران,أنشطة خدمات الاقامة والطعام,متوسطة (فئة ب),اخضر متوسط,2
,,,,,,فني تسويق ادوية,97,,,,,,,,نجران,أنشطة صحة الانسان والعمل الاجتماعي,متوسطة (فئة ب),اخضر متوسط,1
,,,,,,فني تشغيل خط تجميع آلي,215,,,,,,,,نجران,إمدادات المياه وأنشطة الصرف الصحي وإدارة النفايات ومعالجتها,متوسطة (فئة ب),اخضر متوسط,1
,,,,,,فني تشغيل لوحة تحكم درفلة المعادن,41,,,,,,,,نجران,الأنشطة المهنية والعلمية والتقنية,متوسطة (فئة ب),اخضر متوسط,1
,,,,,,فني تشغيل محطة غاز,82,,,,,,,,نجران,التشييد,متوسطة (فئة ب),اخضر متوسط,11
,,,,,,فني تشغيل مفاعل كيميائي,15,,,,,,,,نجران,التعدين واستغلال المحاجر,متوسطة (فئة ب),اخضر متوسط,2
,,,,,,فني تشغيل وحدة سبك معادن,46,,,,,,,,نجران,الخدمات الإدارية وخدمات الدعم,متوسطة (فئة ب),اخضر متوسط,1
,,,,,,فني تصميم داخلي,6409,,,,,,,,نجران,الصناعة التحويلية,متوسطة (فئة ب),اخضر متوسط,5
,,,,,,فني تصميم معارض,129,,,,,,,,نجران,النقل والتخزين,متوسطة (فئة ب),اخضر متوسط,3
,,,,,,فني تصوير دقيق (ميكروفيتش),314,,,,,,,,نجران,تجارة الجملة والتجزئة وإصلاح المركبات ذات المحركات والدرجات النارية,متوسطة (فئة ب),اخضر متوسط,16
,,,,,,فني تصوير سينمائي,266,,,,,,,,الباحة,أنشطة خدمات الاقامة والطعام,متوسطة (فئة ج),اخضر متوسط,1
,,,,,,فني تصوير شعائي,177,,,,,,,,الباحة,التشييد,متوسطة (فئة ج),اخضر متوسط,1
,,,,,,فني تصوير فيديو,297,,,,,,,,الباحة,الخدمات الإدارية وخدمات الدعم,متوسطة (فئة ج),اخضر متوسط,1
,,,,,,فني تصوير قلب,12,,,,,,,,الباحة,الصناعة التحويلية,متوسطة (فئة ج),اخضر متوسط,3
,,,,,,فني تصوير موجي,20,,,,,,,,الباحة,النقل والتخزين,متوسطة (فئة ج),اخضر متوسط,2
,,,,,,فني تعبئة أسطوانات الهواء وخلط الغازات,0,,,,,,,,الباحة,تجارة الجملة والتجزئة وإصلاح المركبات ذات المحركات والدرجات النارية,متوسطة (فئة ج),اخضر متوسط,16
,,,,,,فني تعدين,147,,,,,,,,الجوف,أنشطة صحة الانسان والعمل الاجتماعي,متوسطة (فئة ج),اخضر متوسط,1
,,,,,,فني تعقيم,630,,,,,,,,الجوف,التشييد,متوسطة (فئة ج),اخضر متوسط,1
,,,,,,فنــي تعقيم,0,,,,,,,,الجوف,الخدمات الإدارية وخدمات الدعم,متوسطة (فئة ج),اخضر متوسط,4
,,,,,,فني تغذية,640,,,,,,,,الجوف,الفنون والترفيه والتسلية,متوسطة (فئة ج),اخضر متوسط,1
,,,,,,فني تفجير,165,,,,,,,,الجوف,النقل والتخزين,متوسطة (فئة ج),اخضر متوسط,5
,,,,,,فني تقنية قلب,28,,,,,,,,الجوف,تجارة الجملة والتجزئة وإصلاح المركبات ذات المحركات والدرجات النارية,متوسطة (فئة ج),اخضر متوسط,9
,,,,,,فني تكرير نفط,775,,,,,,,,الحدود الشمالية,أنشطة صحة الانسان والعمل الاجتماعي,متوسطة (فئة ج),اخضر متوسط,1
,,,,,,فني تكييف وتبريد / تركيب,722,,,,,,,,الحدود الشمالية,التشييد,متوسطة (فئة ج),اخضر متوسط,1
,,,,,,فني تكييف وتبريد / تشغيل وصيانة,1091,,,,,,,,الحدود الشمالية,الخدمات الإدارية وخدمات الدعم,متوسطة (فئة ج),اخضر متوسط,1
,,,,,,فني تلفونات,14,,,,,,,,الحدود الشمالية,الفنون والترفيه والتسلية,متوسطة (فئة ج),اخضر متوسط,1
,,,,,,فني تمديدات صحية وتدفئة / تشغيل وصيانة,43,,,,,,,,الحدود الشمالية,النقل والتخزين,متوسطة (فئة ج),اخضر متوسط,6
,,,,,,فني تمديدات صحية وتدفئة /تركيب,124,,,,,,,,الحدود الشمالية,تجارة الجملة والتجزئة وإصلاح المركبات ذات المحركات والدرجات النارية,متوسطة (فئة ج),اخضر متوسط,4
,,,,,,فني تمريض,13748,,,,,,,,الرياض,غير خاضعة لانشطة ISIC4,متوسطة (فئة ج),اخضر متوسط,13
,,,,,,فني تنقية مجاري صرف صحي,56,,,,,,,,الرياض,أنشطة الخدمات الأخرى,متوسطة (فئة ج),اخضر متوسط,2
,,,,,,فني توربينات بخارية (صيانة),72,,,,,,,,الرياض,أنشطة خدمات الاقامة والطعام,متوسطة (فئة ج),اخضر متوسط,116
,,,,,,فني توربينات بخارية تشغيل,66,,,,,,,,الرياض,أنشطة صحة الانسان والعمل الاجتماعي,متوسطة (فئة ج),اخضر متوسط,58
,,,,,,فني توربينات غازية,23,,,,,,,,الرياض,إمدادات المياه وأنشطة الصرف الصحي وإدارة النفايات ومعالجتها,متوسطة (فئة ج),اخضر متوسط,8
,,,,,,فني توزيع طاقة كهربائية,4495,,,,,,,,الرياض,الأنشطة العقارية,متوسطة (فئة ج),اخضر متوسط,1
,,,,,,فني جهاز عصبي,6,,,,,,,,الرياض,الأنشطة المهنية والعلمية والتقنية,متوسطة (فئة ج),اخضر متوسط,38
,,,,,,فني جودة,1264,,,,,,,,الرياض,"الإدارة العامة والدفاع , الضمان الاجتماعي الالزامي",متوسطة (فئة ج),اخضر متوسط,1
,,,,,,فني جيولوجي,727,,,,,,,,الرياض,التشييد,متوسطة (فئة ج),اخضر متوسط,303
,,,,,,فني جيولوجي عام,42,,,,,,,,الرياض,التعدين واستغلال المحاجر,متوسطة (فئة ج),اخضر متوسط,3
,,,,,,فني حاسب آلي,9274,,,,,,,,الرياض,التعليم,متوسطة (فئة ج),اخضر متوسط,36
,,,,,,فني حجامة,3,,,,,,,,الرياض,الخدمات الإدارية وخدمات الدعم,متوسطة (فئة ج),اخضر متوسط,98
,,,,,,فني حدائق,18,,,,,,,,الرياض,الزراعة والحراجة وصيد الأسماك,متوسطة (فئة ج),اخضر متوسط,10
,,,,,,فني حساب كميات,765,,,,,,,,الرياض,الصناعة التحويلية,متوسطة (فئة ج),اخضر متوسط,220
,,,,,,فني حسابات عام,3391,,,,,,,,الرياض,الفنون والترفيه والتسلية,متوسطة (فئة ج),اخضر متوسط,3
,,,,,,فني حسابات كلفة,90,,,,,,,,الرياض,المعلومات والاتصالات,متوسطة (فئة ج),اخضر متوسط,18
,,,,,,فني حفر,2288,,,,,,,,الرياض,النقل والتخزين,متوسطة (فئة ج),اخضر متوسط,87
,,,,,,فني خدمات طبية طارئة,150,,,,,,,,الرياض,تجارة الجملة والتجزئة وإصلاح المركبات ذات المحركات والدرجات النارية,متوسطة (فئة ج),اخضر متوسط,194
,,,,,,فني خدمة اجتماعية,139,,,,,,,,الشرقية,غير خاضعة لانشطة ISIC4,متوسطة (فئة ج),اخضر متوسط,8
,,,,,,فني خراطة محركات,4,,,,,,,,الشرقية,أنشطة الخدمات الأخرى,متوسطة (فئة ج),اخضر متوسط,1
,,,,,,فني دراسة الوقت والحركة,61,,,,,,,,الشرقية,أنشطة خدمات الاقامة والطعام,متوسطة (فئة ج),اخضر متوسط,55
,,,,,,فني دعم,192,,,,,,,,الشرقية,أنشطة صحة الانسان والعمل الاجتماعي,متوسطة (فئة ج),اخضر متوسط,64
,,,,,,فني دعم اتصالات,670,,,,,,,,الشرقية,إمدادات المياه وأنشطة الصرف الصحي وإدارة النفايات ومعالجتها,متوسطة (فئة ج),اخضر متوسط,4
,,,,,,فني دعم برامج,321,,,,,,,,الشرقية,الأنشطة المهنية والعلمية والتقنية,متوسطة (فئة ج),اخضر متوسط,29
,,,,,,فني دعم تقنية معلومات,2944,,,,,,,,الشرقية,التشييد,متوسطة (فئة ج),اخضر متوسط,191
,,,,,,فني دعم قواعد بيانات,228,,,,,,,,الشرقية,التعدين واستغلال المحاجر,متوسطة (فئة ج),اخضر متوسط,3
,,,,,,فني ديكور,181,,,,,,,,الشرقية,التعليم,متوسطة (فئة ج),اخضر متوسط,19
,,,,,,فني ربط فقرات,0,,,,,,,,الشرقية,الخدمات الإدارية وخدمات الدعم,متوسطة (فئة ج),اخضر متوسط,76
,,,,,,فني رسم حناء,37,,,,,,,,الشرقية,الزراعة والحراجة وصيد الأسماك,متوسطة (فئة ج),اخضر متوسط,6
,,,,,,فني رسم خرائط بحرية,2,,,,,,,,الشرقية,الصناعة التحويلية,متوسطة (فئة ج),اخضر متوسط,145
,,,,,,فني رسم خرائط رقمية,7,,,,,,,,الشرقية,الفنون والترفيه والتسلية,متوسطة (فئة ج),اخضر متوسط,6
,,,,,,فني رصد جوي,10,,,,,,,,الشرقية,المعلومات والاتصالات,متوسطة (فئة ج),اخضر متوسط,4
,,,,,,فني رصد مناخ,3,,,,,,,,الشرقية,النقل والتخزين,متوسطة (فئة ج),اخضر متوسط,81
,,,,,,فني رعاية احداث,7,,,,,,,,الشرقية,تجارة الجملة والتجزئة وإصلاح المركبات ذات المحركات والدرجات النارية,متوسطة (فئة ج),اخضر متوسط,190
,,,,,,فني رعاية شباب,0,,,,,,,,القصيم,غير خاضعة لانشطة ISIC4,متوسطة (فئة ج),اخضر متوسط,1
,,,,,,فني رعاية صحية,788,,,,,,,,القصيم,أنشطة خدمات الاقامة والطعام,متوسطة (فئة ج),اخضر متوسط,15
,,,,,,فني رعاية عجزة,18,,,,,,,,القصيم,أنشطة صحة الانسان والعمل الاجتماعي,متوسطة (فئة ج),اخضر متوسط,5
,,,,,,فني رعاية معوقين,43,,,,,,,,القصيم,الأنشطة المهنية والعلمية والتقنية,متوسطة (فئة ج),اخضر متوسط,4
,,,,,,فني رقابة,168,,,,,,,,القصيم,التشييد,متوسطة (فئة ج),اخضر متوسط,15
,,,,,,فني ري,377,,,,,,,,القصيم,التعليم,متوسطة (فئة ج),اخضر متوسط,5
,,,,,,فني زخرفة سيارات,3,,,,,,,,القصيم,الخدمات الإدارية وخدمات الدعم,متوسطة (فئة ج),اخضر متوسط,17
,,,,,,فني زراعة الحمضيات,95,,,,,,,,القصيم,الزراعة والحراجة وصيد الأسماك,متوسطة (فئة ج),اخضر متوسط,5
,,,,,,فني زراعة النخيل,1,,,,,,,,القصيم,الصناعة التحويلية,متوسطة (فئة ج),اخضر متوسط,40
,,,,,,فني زراعة حبوب,0,,,,,,,,القصيم,الفنون والترفيه والتسلية,متوسطة (فئة ج),اخضر متوسط,1
,,,,,,فني زراعة خضروات,0,,,,,,,,القصيم,النقل والتخزين,متوسطة (فئة ج),اخضر متوسط,19
,,,,,,فني زراعة محمية,159,,,,,,,,القصيم,تجارة الجملة والتجزئة وإصلاح المركبات ذات المحركات والدرجات النارية,متوسطة (فئة ج),اخضر متوسط,72
,,,,,,فني زراعي,2440,,,,,,,,المدينة,غير خاضعة لانشطة ISIC4,متوسطة (فئة ج),اخضر متوسط,3
,,,,,,فني زراعي أحياء مائية,254,,,,,,,,المدينة,أنشطة الخدمات الأخرى,متوسطة (فئة ج),اخضر متوسط,6
,,,,,,فني زراعي تربية حشرات نافعة,17,,,,,,,,المدينة,أنشطة خدمات الاقامة والطعام,متوسطة (فئة ج),اخضر متوسط,26
,,,,,,فني سجل اداء بئر نفط,2,,,,,,,,المدينة,أنشطة صحة الانسان والعمل الاجتماعي,متوسطة (فئة ج),اخضر متوسط,10
,,,,,,فني سجلات طبية,568,,,,,,,,المدينة,إمدادات الكهرباء والغاز والبخار وتكييف الهواء,متوسطة (فئة ج),اخضر متوسط,1
,,,,,,فني سحب دم,27,,,,,,,,المدينة,إمدادات المياه وأنشطة الصرف الصحي وإدارة النفايات ومعالجتها,متوسطة (فئة ج),اخضر متوسط,1
,,,,,,فني سكب,12,,,,,,,,المدينة,الأنشطة المهنية والعلمية والتقنية,متوسطة (فئة ج),اخضر متوسط,6
,,,,,,فني سلامة سفن,24,,,,,,,,المدينة,التشييد,متوسطة (فئة ج),اخضر متوسط,18
,,,,,,فني سلامة طيران,34,,,,,,,,المدينة,التعدين واستغلال المحاجر,متوسطة (فئة ج),اخضر متوسط,1
,,,,,,فني سلامة وصحة مهنية,930,,,,,,,,المدينة,التعليم,متوسطة (فئة ج),اخضر متوسط,11
,,,,,,فني شبكات اتصالات,2050,,,,,,,,المدينة,الخدمات الإدارية وخدمات الدعم,متوسطة (فئة ج),اخضر متوسط,15
,,,,,,فني شبكات تقنية معلومات,6123,,,,,,,,المدينة,الصناعة التحويلية,متوسطة (فئة ج),اخضر متوسط,29
,,,,,,فني شبكات حاسب,1471,,,,,,,,المدينة,الفنون والترفيه والتسلية,متوسطة (فئة ج),اخضر متوسط,2
,,,,,,فني صحة عامة,494,,,,,,,,المدينة,النقل والتخزين,متوسطة (فئة ج),اخضر متوسط,13
,,,,,,فني صحة مهنية,265,,,,,,,,المدينة,تجارة الجملة والتجزئة وإصلاح المركبات ذات المحركات والدرجات النارية,متوسطة (فئة ج),اخضر متوسط,64
,,,,,,فني صناعات دهان,15,,,,,,,,تبوك,أنشطة الخدمات الأخرى,متوسطة (فئة ج),اخضر متوسط,1
,,,,,,فني صناعات دوائية عام,6,,,,,,,,تبوك,أنشطة خدمات الاقامة والطعام,متوسطة (فئة ج),اخضر متوسط,6
,,,,,,فني صناعات غذائية,290,,,,,,,,تبوك,أنشطة صحة الانسان والعمل الاجتماعي,متوسطة (فئة ج),اخضر متوسط,2
,,,,,,فني صناعة منظفات كيميائية,5,,,,,,,,تبوك,الأنشطة المهنية والعلمية والتقنية,متوسطة (فئة ج),اخضر متوسط,5
,,,,,,فني صوت,304,,,,,,,,تبوك,التشييد,متوسطة (فئة ج),اخضر متوسط,6
,,,,,,فني صيانة أجهزة إلكترونية,1791,,,,,,,,تبوك,التعليم,متوسطة (فئة ج),اخضر متوسط,3
,,,,,,فني صيانة أجهزة كهربائية,4043,,,,,,,,تبوك,الخدمات الإدارية وخدمات الدعم,متوسطة (فئة ج),اخضر متوسط,6
,,,,,,فني صيانة الات زراعية,59,,,,,,,,تبوك,الصناعة التحويلية,متوسطة (فئة ج),اخضر متوسط,3
,,,,,,فني صيانة الات طرق,421,,,,,,,,تبوك,الفنون والترفيه والتسلية,متوسطة (فئة ج),اخضر متوسط,1
,,,,,,فني صيانة آلات كهربائية,4887,,,,,,,,تبوك,النقل والتخزين,متوسطة (فئة ج),اخضر متوسط,7
,,,,,,فني صيانة انشاءات,299,,,,,,,,تبوك,تجارة الجملة والتجزئة وإصلاح المركبات ذات المحركات والدرجات النارية,متوسطة (فئة ج),اخضر متوسط,28
,,,,,,فني صيانة حافلات وشاحنات,127,,,,,,,,جازان,أنشطة الخدمات الأخرى,متوسطة (فئة ج),اخضر متوسط,2
,,,,,,فني صيانة شبكات كهربائية,545,,,,,,,,جازان,أنشطة خدمات الاقامة والطعام,متوسطة (فئة ج),اخضر متوسط,7
,,,,,,فني صيانة طائرات مروحية,409,,,,,,,,جازان,أنشطة صحة الانسان والعمل الاجتماعي,متوسطة (فئة ج),اخضر متوسط,2
,,,,,,فني صيانة طائرات نفاثة,1696,,,,,,,,جازان,إمدادات الكهرباء والغاز والبخار وتكييف الهواء,متوسطة (فئة ج),اخضر متوسط,2
,,,,,,فني صيانة طرق,1060,,,,,,,,جازان,الأنشطة المهنية والعلمية والتقنية,متوسطة (فئة ج),اخضر متوسط,1
,,,,,,فني صيانة قاطرات,872,,,,,,,,جازان,التشييد,متوسطة (فئة ج),اخضر متوسط,6
,,,,,,فني صيانة مباني,383,,,,,,,,جازان,الخدمات الإدارية وخدمات الدعم,متوسطة (فئة ج),اخضر متوسط,4
,,,,,,فني صيانة محركات سفن,48,,,,,,,,جازان,الصناعة التحويلية,متوسطة (فئة ج),اخضر متوسط,4
,,,,,,فني صيانة مركبات خفيفه,1676,,,,,,,,جازان,الفنون والترفيه والتسلية,متوسطة (فئة ج),اخضر متوسط,3
,,,,,,فني صيانة مسابح,72,,,,,,,,جازان,النقل والتخزين,متوسطة (فئة ج),اخضر متوسط,5
,,,,,,فني صيانة مواقع إلكترونية,87,,,,,,,,جازان,تجارة الجملة والتجزئة وإصلاح المركبات ذات المحركات والدرجات النارية,متوسطة (فئة ج),اخضر متوسط,89
,,,,,,فني صيانة ميكانيكية,31142,,,,,,,,حائل,غير خاضعة لانشطة ISIC4,متوسطة (فئة ج),اخضر متوسط,1
,,,,,,فني صيدلة,360,,,,,,,,حائل,أنشطة خدمات الاقامة والطعام,متوسطة (فئة ج),اخضر متوسط,1
,,,,,,فني ضبط جودة منتجات,111,,,,,,,,حائل,أنشطة صحة الانسان والعمل الاجتماعي,متوسطة (فئة ج),اخضر متوسط,4
,,,,,,فني طب اسنان,0,,,,,,,,حائل,التشييد,متوسطة (فئة ج),اخضر متوسط,3
,,,,,,فني طب بيطري,6,,,,,,,,حائل,التعليم,متوسطة (فئة ج),اخضر متوسط,1
,,,,,,فني طباعة رقمية,245,,,,,,,,حائل,الخدمات الإدارية وخدمات الدعم,متوسطة (فئة ج),اخضر متوسط,1
,,,,,,فني طرق,390,,,,,,,,حائل,الزراعة والحراجة وصيد الأسماك,متوسطة (فئة ج),اخضر متوسط,1
,,,,,,فني طرق (مراقب طرق),2261,,,,,,,,حائل,الصناعة التحويلية,متوسطة (فئة ج),اخضر متوسط,5
,,,,,,فني طوابع,11,,,,,,,,حائل,الفنون والترفيه والتسلية,متوسطة (فئة ج),اخضر متوسط,1
,,,,,,فني عدسات طبية,5,,,,,,,,حائل,المعلومات والاتصالات,متوسطة (فئة ج),اخضر متوسط,1
,,,,,,فني عزل مباني,1430,,,,,,,,حائل,النقل والتخزين,متوسطة (فئة ج),اخضر متوسط,2
,,,,,,فني علاج اسنان,0,,,,,,,,حائل,تجارة الجملة والتجزئة وإصلاح المركبات ذات المحركات والدرجات النارية,متوسطة (فئة ج),اخضر متوسط,16
,,,,,,فني علاج تنفسي,557,,,,,,,,عسير,غير خاضعة لانشطة ISIC4,متوسطة (فئة ج),اخضر متوسط,2
,,,,,,فني علاج طبيعي,926,,,,,,,,عسير,أنشطة الخدمات الأخرى,متوسطة (فئة ج),اخضر متوسط,1
,,,,,,فني علاج طبيعي تقويمي,115,,,,,,,,عسير,أنشطة خدمات الاقامة والطعام,متوسطة (فئة ج),اخضر متوسط,16
,,,,,,فني علاج وظيفي,138,,,,,,,,عسير,أنشطة صحة الانسان والعمل الاجتماعي,متوسطة (فئة ج),اخضر متوسط,8
,,,,,,فني علامات ووثائق أمنية,8,,,,,,,,عسير,التشييد,متوسطة (فئة ج),اخضر متوسط,17
,,,,,,فني علم غذاء غير سريري,13,,,,,,,,عسير,التعليم,متوسطة (فئة ج),اخضر متوسط,4
,,,,,,فني علوم أغذية,219,,,,,,,,عسير,الخدمات الإدارية وخدمات الدعم,متوسطة (فئة ج),اخضر متوسط,8
,,,,,,فني علوم جنائية,0,,,,,,,,عسير,الزراعة والحراجة وصيد الأسماك,متوسطة (فئة ج),اخضر متوسط,1
,,,,,,فني علوم حشرات,124,,,,,,,,عسير,الصناعة التحويلية,متوسطة (فئة ج),اخضر متوسط,8
,,,,,,فني علوم حيوانية,24,,,,,,,,عسير,الفنون والترفيه والتسلية,متوسطة (فئة ج),اخضر متوسط,1
,,,,,,فني علوم صيدلانية,22,,,,,,,,عسير,النقل والتخزين,متوسطة (فئة ج),اخضر متوسط,12
,,,,,,فني علوم طبية,645,,,,,,,,عسير,تجارة الجملة والتجزئة وإصلاح المركبات ذات المحركات والدرجات النارية,متوسطة (فئة ج),اخضر متوسط,83
,,,,,,فني علوم نباتات,23,,,,,,,,مكة المكرمة,غير خاضعة لانشطة ISIC4,متوسطة (فئة ج),اخضر متوسط,7
,,,,,,فني عمليات,579,,,,,,,,مكة المكرمة,أنشطة الخدمات الأخرى,متوسطة (فئة ج),اخضر متوسط,6
,,,,,,فني عمليات اتصالات,332,,,,,,,,مكة المكرمة,أنشطة خدمات الاقامة والطعام,متوسطة (فئة ج),اخضر متوسط,57
,,,,,,فني عمليات تقنية معلومات,2439,,,,,,,,مكة المكرمة,أنشطة صحة الانسان والعمل الاجتماعي,متوسطة (فئة ج),اخضر متوسط,26
,,,,,,فني عمليات كيميائية,36,,,,,,,,مكة المكرمة,إمدادات الكهرباء والغاز والبخار وتكييف الهواء,متوسطة (فئة ج),اخضر متوسط,3
,,,,,,فني عينات,2,,,,,,,,مكة المكرمة,إمدادات المياه وأنشطة الصرف الصحي وإدارة النفايات ومعالجتها,متوسطة (فئة ج),اخضر متوسط,1
,,,,,,فني عينات نباتية,7,,,,,,,,مكة المكرمة,الأنشطة العقارية,متوسطة (فئة ج),اخضر متوسط,1
,,,,,,فني عيون,4,,,,,,,,مكة المكرمة,الأنشطة المهنية والعلمية والتقنية,متوسطة (فئة ج),اخضر متوسط,13
,,,,,,فني غرفة عمليات,180,,,,,,,,مكة المكرمة,التشييد,متوسطة (فئة ج),اخضر متوسط,151
,,,,,,فني غسيل كُلى,25,,,,,,,,مكة المكرمة,التعدين واستغلال المحاجر,متوسطة (فئة ج),اخضر متوسط,4
,,,,,,فني غسيل كلى,0,,,,,,,,مكة المكرمة,التعليم,متوسطة (فئة ج),اخضر متوسط,12
,,,,,,فني فحص,1145,,,,,,,,مكة المكرمة,الخدمات الإدارية وخدمات الدعم,متوسطة (فئة ج),اخضر متوسط,56
,,,,,,فني فحص سيارات,1421,,,,,,,,مكة المكرمة,الزراعة والحراجة وصيد الأسماك,متوسطة (فئة ج),اخضر متوسط,1
,,,,,,فني فرن صهر معادن,1007,,,,,,,,مكة المكرمة,الصناعة التحويلية,متوسطة (فئة ج),اخضر متوسط,116
,,,,,,فني فسيلوجيا عصبية,12,,,,,,,,مكة المكرمة,الفنون والترفيه والتسلية,متوسطة (فئة ج),اخضر متوسط,3
,,,,,,فني في الاتصالات السلكية واللاسلكية عام,3870,,,,,,,,مكة المكرمة,المعلومات والاتصالات,متوسطة (فئة ج),اخضر متوسط,1
,,,,,,فني في الهندسة الكهربائية-عام,1941,,,,,,,,مكة المكرمة,النقل والتخزين,متوسطة (فئة ج),اخضر متوسط,51
,,,,,,فني في الهندسة الميكانيكة -عام,441,,,,,,,,مكة المكرمة,تجارة الجملة والتجزئة وإصلاح المركبات ذات المحركات والدرجات النارية,متوسطة (فئة ج),اخضر متوسط,219
,,,,,,فني في علم الاحياء,16,,,,,,,,نجران,أنشطة خدمات الاقامة والطعام,متوسطة (فئة ج),اخضر متوسط,1
,,,,,,فني في هندسة الطيران,212,,,,,,,,نجران,أنشطة صحة الانسان والعمل الاجتماعي,متوسطة (فئة ج),اخضر متوسط,2
,,,,,,فني فيزياء طبية,7,,,,,,,,نجران,إمدادات المياه وأنشطة الصرف الصحي وإدارة النفايات ومعالجتها,متوسطة (فئة ج),اخضر متوسط,1
,,,,,,فني فيزيائي,182,,,,,,,,نجران,التشييد,متوسطة (فئة ج),اخضر متوسط,11
,,,,,,فني قبالة,274,,,,,,,,نجران,التعليم,متوسطة (فئة ج),اخضر متوسط,1
,,,,,,فني قسطرة قلب,37,,,,,,,,نجران,الخدمات الإدارية وخدمات الدعم,متوسطة (فئة ج),اخضر متوسط,4
,,,,,,فني قوالب,45,,,,,,,,نجران,الصناعة التحويلية,متوسطة (فئة ج),اخضر متوسط,5
,,,,,,فني كشف تزوير,4,,,,,,,,نجران,النقل والتخزين,متوسطة (فئة ج),اخضر متوسط,4
,,,,,,فني كفاءة إنتاجية,108,,,,,,,,نجران,تجارة الجملة والتجزئة وإصلاح المركبات ذات المحركات والدرجات النارية,متوسطة (فئة ج),اخضر متوسط,17
,,,,,,فني كهرباء,10999,,,,,,,,الباحة,غير خاضعة لانشطة ISIC4,صغيرة (فئة ب),اخضر مرتفع,3
,,,,,,فني كهرباء تمديدات,2431,,,,,,,,الباحة,أنشطة الخدمات الأخرى,صغيرة (فئة ب),اخضر مرتفع,11
,,,,,,فني كهرباء خطوط هوائية,560,,,,,,,,الباحة,أنشطة خدمات الاقامة والطعام,صغيرة (فئة ب),اخضر مرتفع,53
,,,,,,فني كهرباء كبلات ارضية,801,,,,,,,,الباحة,أنشطة صحة الانسان والعمل الاجتماعي,صغيرة (فئة ب),اخضر مرتفع,4
,,,,,,فني كهربائي اجهزة دقيقة,1363,,,,,,,,الباحة,الأنشطة العقارية,صغيرة (فئة ب),اخضر مرتفع,2
,,,,,,فني كهربائي أنظمة حماية كهربائية,935,,,,,,,,الباحة,الأنشطة المهنية والعلمية والتقنية,صغيرة (فئة ب),اخضر مرتفع,7
,,,,,,فني كهربائي تمديدات كهربائية,12092,,,,,,,,الباحة,التشييد,صغيرة (فئة ب),اخضر مرتفع,57
,,,,,,فني كهربائي خدمات مشتركين,1458,,,,,,,,الباحة,الخدمات الإدارية وخدمات الدعم,صغيرة (فئة ب),اخضر مرتفع,2
,,,,,,فني كهربائي شبكات توزيع أرضية,1327,,,,,,,,الباحة,الزراعة والحراجة وصيد الأسماك,صغيرة (فئة ب),اخضر مرتفع,1
,,,,,,فني كهربائي شبكات توزيع هوائية,1425,,,,,,,,الباحة,الصناعة التحويلية,صغيرة (فئة ب),اخضر مرتفع,30
,,,,,,فني كهربائي صيانة الات,2107,,,,,,,,الباحة,الفنون والترفيه والتسلية,صغيرة (فئة ب),اخضر مرتفع,3
,,,,,,فني كهربائي مولدات وموترات الطائرات,44,,,,,,,,الباحة,النقل والتخزين,صغيرة (فئة ب),اخضر مرتفع,2
,,,,,,فني كهروميكانيك,423,,,,,,,,الباحة,تجارة الجملة والتجزئة وإصلاح المركبات ذات المحركات والدرجات النارية,صغيرة (فئة ب),اخضر مرتفع,120
,,,,,,فني كيميائي,2107,,,,,,,,الجوف,غير خاضعة لانشطة ISIC4,صغيرة (فئة ب),اخضر مرتفع,11
,,,,,,فني كيميائي تكرير نفط,27,,,,,,,,الجوف,أنشطة الخدمات الأخرى,صغيرة (فئة ب),اخضر مرتفع,19
,,,,,,فني كيميائي عام,463,,,,,,,,الجوف,أنشطة خدمات الاقامة والطعام,صغيرة (فئة ب),اخضر مرتفع,41
,,,,,,فني لحام,4328,,,,,,,,الجوف,أنشطة صحة الانسان والعمل الاجتماعي,صغيرة (فئة ب),اخضر مرتفع,5
,,,,,,فني لوحات تحكم عمليات كيميائية,18,,,,,,,,الجوف,إمدادات الكهرباء والغاز والبخار وتكييف الهواء,صغيرة (فئة ب),اخضر مرتفع,1
,,,,,,فني لوحات تحكم محطة طاقة,89,,,,,,,,الجوف,إمدادات المياه وأنشطة الصرف الصحي وإدارة النفايات ومعالجتها,صغيرة (فئة ب),اخضر مرتفع,1
,,,,,,فني لوحات تحكم محطة مياه وصرف صحي,147,,,,,,,,الجوف,الأنشطة العقارية,صغيرة (فئة ب),اخضر مرتفع,5
,,,,,,فني لوحة تحكم عمليات تكرير نفط,36,,,,,,,,الجوف,الأنشطة المهنية والعلمية والتقنية,صغيرة (فئة ب),اخضر مرتفع,8
,,,,,,فني ماكياج,687,,,,,,,,الجوف,التشييد,صغيرة (فئة ب),اخضر مرتفع,43
,,,,,,فني ماكينات,816,,,,,,,,الجوف,التعليم,صغيرة (فئة ب),اخضر مرتفع,2
,,,,,,فني متاحف,3,,,,,,,,الجوف,الخدمات الإدارية وخدمات الدعم,صغيرة (فئة ب),اخضر مرتفع,13
,,,,,,فني مجاري شبكات,3,,,,,,,,الجوف,الزراعة والحراجة وصيد الأسماك,صغيرة (فئة ب),اخضر مرتفع,14
,,,,,,فني مجسمات معمارية,79,,,,,,,,الجوف,الصناعة التحويلية,صغيرة (فئة ب),اخضر مرتفع,24
,,,,,,فني محاصيل حقلية عام,1,,,,,,,,الجوف,النقل والتخزين,صغيرة (فئة ب),اخضر مرتفع,26
,,,,,,فني محطات تحويل تركيب,32,,,,,,,,الجوف,تجارة الجملة والتجزئة وإصلاح المركبات ذات المحركات والدرجات النارية,صغيرة (فئة ب),اخضر مرتفع,117
,,,,,,فني محطات تحويل تشغيل وصيانة,120,,,,,,,,الحدود الشمالية,غير خاضعة لانشطة ISIC4,صغيرة (فئة ب),اخضر مرتفع,5
,,,,,,فني محطات توليد تشغيل وصيانة,598,,,,,,,,الحدود الشمالية,أنشطة الخدمات الأخرى,صغيرة (فئة ب),اخضر مرتفع,16
,,,,,,فني محطات توليد وتركيب,341,,,,,,,,الحدود الشمالية,أنشطة خدمات الاقامة والطعام,صغيرة (فئة ب),اخضر مرتفع,33
,,,,,,فني محطة تنقية مجاري,13,,,,,,,,الحدود الشمالية,أنشطة صحة الانسان والعمل الاجتماعي,صغيرة (فئة ب),اخضر مرتفع,1
,,,,,,فني مختبر,900,,,,,,,,الحدود الشمالية,إمدادات المياه وأنشطة الصرف الصحي وإدارة النفايات ومعالجتها,صغيرة (فئة ب),اخضر مرتفع,1
,,,,,,فني مختبر /مصرف دم,117,,,,,,,,الحدود الشمالية,الأنشطة العقارية,صغيرة (فئة ب),اخضر مرتفع,1
,,,,,,فني مختبر اغذية,193,,,,,,,,الحدود الشمالية,الأنشطة المهنية والعلمية والتقنية,صغيرة (فئة ب),اخضر مرتفع,3
,,,,,,فني مختبر بيلوجي,69,,,,,,,,الحدود الشمالية,التشييد,صغيرة (فئة ب),اخضر مرتفع,35
,,,,,,فني مختبر جراثيم (بكتريا),25,,,,,,,,الحدود الشمالية,التعدين واستغلال المحاجر,صغيرة (فئة ب),اخضر مرتفع,2
,,,,,,فني مختبر جيولوجي,32,,,,,,,,الحدود الشمالية,التعليم,صغيرة (فئة ب),اخضر مرتفع,1
,,,,,,فني مختبر حشرات,23,,,,,,,,الحدود الشمالية,الخدمات الإدارية وخدمات الدعم,صغيرة (فئة ب),اخضر مرتفع,4
,,,,,,فني مختبر طبي,3189,,,,,,,,الحدود الشمالية,الزراعة والحراجة وصيد الأسماك,صغيرة (فئة ب),اخضر مرتفع,2
,,,,,,فني مختبر علوم,236,,,,,,,,الحدود الشمالية,الصناعة التحويلية,صغيرة (فئة ب),اخضر مرتفع,19
,,,,,,فني مختبر فيزيائي- حرارة,2,,,,,,,,الحدود الشمالية,الفنون والترفيه والتسلية,صغيرة (فئة ب),اخضر مرتفع,1
,,,,,,فني مختبر فيزيائي-عام,54,,,,,,,,الحدود الشمالية,النقل والتخزين,صغيرة (فئة ب),اخضر مرتفع,23
,,,,,,فني مختبر فيزيائي -الكترونيات,11,,,,,,,,الحدود الشمالية,تجارة الجملة والتجزئة وإصلاح المركبات ذات المحركات والدرجات النارية,صغيرة (فئة ب),اخضر مرتفع,67
,,,,,,فني مختبر فيزيائي -صوت,2,,,,,,,,الرياض,غير خاضعة لانشطة ISIC4,صغيرة (فئة ب),اخضر مرتفع,"1,816"
,,,,,,فني مختبر فيزيائي -كهرومغناطيسية,1,,,,,,,,الرياض,أنشطة الخدمات الأخرى,صغيرة (فئة ب),اخضر مرتفع,461
,,,,,,فني مختبر فيزيائي -ميكانيكا,36,,,,,,,,الرياض,أنشطة خدمات الاقامة والطعام,صغيرة (فئة ب),اخضر مرتفع,"1,020"
,,,,,,فني مختبر كيمياء عام,1160,,,,,,,,الرياض,أنشطة صحة الانسان والعمل الاجتماعي,صغيرة (فئة ب),اخضر مرتفع,112
,,,,,,فني مختبر مواد انشائية,185,,,,,,,,الرياض,إمدادات الكهرباء والغاز والبخار وتكييف الهواء,صغيرة (فئة ب),اخضر مرتفع,25
,,,,,,فني مختبر مياه,213,,,,,,,,الرياض,إمدادات المياه وأنشطة الصرف الصحي وإدارة النفايات ومعالجتها,صغيرة (فئة ب),اخضر مرتفع,55
,,,,,,فني مختبر ميكانيكا التربة,55,,,,,,,,الرياض,الأنشطة العقارية,صغيرة (فئة ب),اخضر مرتفع,286
,,,,,,فني مختبر نفط خام,79,,,,,,,,الرياض,الأنشطة المهنية والعلمية والتقنية,صغيرة (فئة ب),اخضر مرتفع,493
,,,,,,فني مختبرات طبية عام,815,,,,,,,,الرياض,التشييد,صغيرة (فئة ب),اخضر مرتفع,"1,920"
,,,,,,فني مختبرفيزيائي -ضوء وبصريات,1,,,,,,,,الرياض,التعدين واستغلال المحاجر,صغيرة (فئة ب),اخضر مرتفع,66
,,,,,,فني مساحة,1747,,,,,,,,الرياض,التعليم,صغيرة (فئة ب),اخضر مرتفع,61
,,,,,,فني مصانع كيميائية,649,,,,,,,,الرياض,الخدمات الإدارية وخدمات الدعم,صغيرة (فئة ب),اخضر مرتفع,573
,,,,,,فني مصوغات ودمغة,1,,,,,,,,الرياض,الزراعة والحراجة وصيد الأسماك,صغيرة (فئة ب),اخضر مرتفع,107
,,,,,,فني مظلات,167,,,,,,,,الرياض,الصناعة التحويلية,صغيرة (فئة ب),اخضر مرتفع,"1,074"
,,,,,,فني معادن,2346,,,,,,,,الرياض,الفنون والترفيه والتسلية,صغيرة (فئة ب),اخضر مرتفع,99
,,,,,,فني معادن طبيعية,32,,,,,,,,الرياض,المعلومات والاتصالات,صغيرة (فئة ب),اخضر مرتفع,278
,,,,,,فني معارض,7,,,,,,,,الرياض,النقل والتخزين,صغيرة (فئة ب),اخضر مرتفع,989
,,,,,,فني معالجة فيزيائية,0,,,,,,,,الرياض,تجارة الجملة والتجزئة وإصلاح المركبات ذات المحركات والدرجات النارية,صغيرة (فئة ب),اخضر مرتفع,"3,848"
,,,,,,فني معاملات حرارية,11,,,,,,,,الرياض,لأنشطة المالية وأنشطة التأمين,صغيرة (فئة ب),اخضر مرتفع,82
,,,,,,فني معدات,3881,,,,,,,,الشرقية,غير خاضعة لانشطة ISIC4,صغيرة (فئة ب),اخضر مرتفع,166
,,,,,,فني معلوماتية صحية,249,,,,,,,,الشرقية,أنشطة الخدمات الأخرى,صغيرة (فئة ب),اخضر مرتفع,343
,,,,,,فني معمل أسنان,708,,,,,,,,الشرقية,أنشطة خدمات الاقامة والطعام,صغيرة (فئة ب),اخضر مرتفع,887
,,,,,,فني مكافحة آفات,238,,,,,,,,الشرقية,أنشطة صحة الانسان والعمل الاجتماعي,صغيرة (فئة ب),اخضر مرتفع,34
,,,,,,فني مكافحة الحرائق,1481,,,,,,,,الشرقية,إمدادات الكهرباء والغاز والبخار وتكييف الهواء,صغيرة (فئة ب),اخضر مرتفع,11
,,,,,,فني مكتب الدعم الفني,305,,,,,,,,الشرقية,إمدادات المياه وأنشطة الصرف الصحي وإدارة النفايات ومعالجتها,صغيرة (فئة ب),اخضر مرتفع,41
,,,,,,فني مكتبات,28,,,,,,,,الشرقية,الأنشطة العقارية,صغيرة (فئة ب),اخضر مرتفع,66
,,,,,,فني ممارس سلامة  وصحة مهنية,134,,,,,,,,الشرقية,الأنشطة المهنية والعلمية والتقنية,صغيرة (فئة ب),اخضر مرتفع,160
,,,,,,فني مناجم,2,,,,,,,,الشرقية,التشييد,صغيرة (فئة ب),اخضر مرتفع,"1,445"
,,,,,,فني مواد إنشائية,887,,,,,,,,الشرقية,التعدين واستغلال المحاجر,صغيرة (فئة ب),اخضر مرتفع,45
,,,,,,فني مواد تعقيم,0,,,,,,,,الشرقية,التعليم,صغيرة (فئة ب),اخضر مرتفع,40
,,,,,,فني مواقع إلكترونية,93,,,,,,,,الشرقية,الخدمات الإدارية وخدمات الدعم,صغيرة (فئة ب),اخضر مرتفع,263
,,,,,,فني موائع (هيدروليك),93,,,,,,,,الشرقية,الزراعة والحراجة وصيد الأسماك,صغيرة (فئة ب),اخضر مرتفع,142
,,,,,,فني موقع التصوير,53,,,,,,,,الشرقية,الصناعة التحويلية,صغيرة (فئة ب),اخضر مرتفع,713
,,,,,,فني مونتاج,46,,,,,,,,الشرقية,الفنون والترفيه والتسلية,صغيرة (فئة ب),اخضر مرتفع,51
,,,,,,فني مؤثرات خاصة,2,,,,,,,,الشرقية,المعلومات والاتصالات,صغيرة (فئة ب),اخضر مرتفع,47
,,,,,,فني مياه شبكات,385,,,,,,,,الشرقية,النقل والتخزين,صغيرة (فئة ب),اخضر مرتفع,507
,,,,,,فني مياه ومجاري/خدمات مشتركين,230,,,,,,,,الشرقية,تجارة الجملة والتجزئة وإصلاح المركبات ذات المحركات والدرجات النارية,صغيرة (فئة ب),اخضر مرتفع,"2,290"
,,,,,,فني ميكاترونيكس,56,,,,,,,,الشرقية,لأنشطة المالية وأنشطة التأمين,صغيرة (فئة ب),اخضر مرتفع,21
,,,,,,فني ميكانيك صيانة عامة,3852,,,,,,,,القصيم,غير خاضعة لانشطة ISIC4,صغيرة (فئة ب),اخضر مرتفع,55
,,,,,,فني ميكانيكي انتاج,4015,,,,,,,,القصيم,أنشطة الخدمات الأخرى,صغيرة (فئة ب),اخضر مرتفع,72
,,,,,,فني ميكانيكي تمديدات صحية وتدفئة وغاز,914,,,,,,,,القصيم,أنشطة خدمات الاقامة والطعام,صغيرة (فئة ب),اخضر مرتفع,161
,,,,,,فني ميكانيكي طائرات مروحية,453,,,,,,,,القصيم,أنشطة صحة الانسان والعمل الاجتماعي,صغيرة (فئة ب),اخضر مرتفع,28
,,,,,,فني ميكانيكي طائرات نفاثة,2358,,,,,,,,القصيم,إمدادات الكهرباء والغاز والبخار وتكييف الهواء,صغيرة (فئة ب),اخضر مرتفع,1
,,,,,,فني ميكانيكي قطارات,230,,,,,,,,القصيم,إمدادات المياه وأنشطة الصرف الصحي وإدارة النفايات ومعالجتها,صغيرة (فئة ب),اخضر مرتفع,9
,,,,,,فني ميكانيكي محركات,1723,,,,,,,,القصيم,الأنشطة العقارية,صغيرة (فئة ب),اخضر مرتفع,10
,,,,,,فني ميكانيكي مركبات,2814,,,,,,,,القصيم,الأنشطة المهنية والعلمية والتقنية,صغيرة (فئة ب),اخضر مرتفع,24
,,,,,,فني ميكانيكي معدات ثقيلة,2327,,,,,,,,القصيم,التشييد,صغيرة (فئة ب),اخضر مرتفع,250
,,,,,,فني ميكانيكي معدات زراعية,366,,,,,,,,القصيم,التعدين واستغلال المحاجر,صغيرة (فئة ب),اخضر مرتفع,8
,,,,,,فني ميكانيكي هياكل,207,,,,,,,,القصيم,التعليم,صغيرة (فئة ب),اخضر مرتفع,4
,,,,,,فني نباتات زينة,1,,,,,,,,القصيم,الخدمات الإدارية وخدمات الدعم,صغيرة (فئة ب),اخضر مرتفع,34
,,,,,,فني نظارات,612,,,,,,,,القصيم,الزراعة والحراجة وصيد الأسماك,صغيرة (فئة ب),اخضر مرتفع,28
,,,,,,فني نظم اتصالات,253,,,,,,,,القصيم,الصناعة التحويلية,صغيرة (فئة ب),اخضر مرتفع,142
,,,,,,فني نظم حاسب آلي,5908,,,,,,,,القصيم,الفنون والترفيه والتسلية,صغيرة (فئة ب),اخضر مرتفع,18
,,,,,,فني نفط,1258,,,,,,,,القصيم,المعلومات والاتصالات,صغيرة (فئة ب),اخضر مرتفع,5
,,,,,,فني نقل طاقة كهربائية,1969,,,,,,,,القصيم,النقل والتخزين,صغيرة (فئة ب),اخضر مرتفع,133
,,,,,,فني نماذج تعليمية,0,,,,,,,,القصيم,تجارة الجملة والتجزئة وإصلاح المركبات ذات المحركات والدرجات النارية,صغيرة (فئة ب),اخضر مرتفع,488
,,,,,,فني نيون,67,,,,,,,,القصيم,لأنشطة المالية وأنشطة التأمين,صغيرة (فئة ب),اخضر مرتفع,5
,,,,,,فني هاتف سيار,2,,,,,,,,المدينة,غير خاضعة لانشطة ISIC4,صغيرة (فئة ب),اخضر مرتفع,37
,,,,,,فني هناجر,1,,,,,,,,المدينة,أنشطة الخدمات الأخرى,صغيرة (فئة ب),اخضر مرتفع,75
,,,,,,فني هندسة اتصالات,487,,,,,,,,المدينة,أنشطة خدمات الاقامة والطعام,صغيرة (فئة ب),اخضر مرتفع,296
,,,,,,فني هندسة اتصالات سلكية,500,,,,,,,,المدينة,أنشطة صحة الانسان والعمل الاجتماعي,صغيرة (فئة ب),اخضر مرتفع,15
,,,,,,فني هندسة اتصالات لاسلكية,381,,,,,,,,المدينة,إمدادات المياه وأنشطة الصرف الصحي وإدارة النفايات ومعالجتها,صغيرة (فئة ب),اخضر مرتفع,7
,,,,,,فني هندسة إلكترونية,2263,,,,,,,,المدينة,الأنشطة العقارية,صغيرة (فئة ب),اخضر مرتفع,23
,,,,,,فني هندسة إنتاج,1723,,,,,,,,المدينة,الأنشطة المهنية والعلمية والتقنية,صغيرة (فئة ب),اخضر مرتفع,45
,,,,,,فني هندسة انتاج,190,,,,,,,,المدينة,التشييد,صغيرة (فئة ب),اخضر مرتفع,251
,,,,,,فني هندسة تعدين,547,,,,,,,,المدينة,التعدين واستغلال المحاجر,صغيرة (فئة ب),اخضر مرتفع,18
,,,,,,فني هندسة سفن,5,,,,,,,,المدينة,التعليم,صغيرة (فئة ب),اخضر مرتفع,9
,,,,,,فني هندسة كهربائية,4481,,,,,,,,المدينة,الخدمات الإدارية وخدمات الدعم,صغيرة (فئة ب),اخضر مرتفع,59
,,,,,,فني هندسة كيميائية,46,,,,,,,,المدينة,الزراعة والحراجة وصيد الأسماك,صغيرة (فئة ب),اخضر مرتفع,16
,,,,,,فني هندسة مدنية,2295,,,,,,,,المدينة,الصناعة التحويلية,صغيرة (فئة ب),اخضر مرتفع,142
,,,,,,فني هندسة ميكانيكية,5763,,,,,,,,المدينة,الفنون والترفيه والتسلية,صغيرة (فئة ب),اخضر مرتفع,6
,,,,,,فني هيدرولوجي,11,,,,,,,,المدينة,المعلومات والاتصالات,صغيرة (فئة ب),اخضر مرتفع,6
,,,,,,فني وخز ابر صينية,0,,,,,,,,المدينة,النقل والتخزين,صغيرة (فئة ب),اخضر مرتفع,69
,,,,,,فني وخز بالإبر الصينية,18,,,,,,,,المدينة,تجارة الجملة والتجزئة وإصلاح المركبات ذات المحركات والدرجات النارية,صغيرة (فئة ب),اخضر مرتفع,641
,,,,,,فني وسائل تعليمية,35,,,,,,,,المدينة,لأنشطة المالية وأنشطة التأمين,صغيرة (فئة ب),اخضر مرتفع,3
,,,,,,فني وقاية مهبطية,4,,,,,,,,تبوك,غير خاضعة لانشطة ISIC4,صغيرة (فئة ب),اخضر مرتفع,15
,,,,,,فيزيائي,233,,,,,,,,تبوك,أنشطة الخدمات الأخرى,صغيرة (فئة ب),اخضر مرتفع,38
,,,,,,فيزيائي الكترونيات,7,,,,,,,,تبوك,أنشطة خدمات الاقامة والطعام,صغيرة (فئة ب),اخضر مرتفع,133
,,,,,,فيزيائي حرارة,1,,,,,,,,تبوك,أنشطة صحة الانسان والعمل الاجتماعي,صغيرة (فئة ب),اخضر مرتفع,5
,,,,,,فيزيائي ضوء,7,,,,,,,,تبوك,إمدادات المياه وأنشطة الصرف الصحي وإدارة النفايات ومعالجتها,صغيرة (فئة ب),اخضر مرتفع,4
,,,,,,فيزيائي طبي,0,,,,,,,,تبوك,الأنشطة العقارية,صغيرة (فئة ب),اخضر مرتفع,4
,,,,,,فيزيائي عام,3,,,,,,,,تبوك,الأنشطة المهنية والعلمية والتقنية,صغيرة (فئة ب),اخضر مرتفع,7
,,,,,,فيزيائي كهرومغناطيسية,0,,,,,,,,تبوك,التشييد,صغيرة (فئة ب),اخضر مرتفع,80
,,,,,,فيزيائي ميكانيكا,6,,,,,,,,تبوك,التعدين واستغلال المحاجر,صغيرة (فئة ب),اخضر مرتفع,2
,,,,,,فيزيائي نووي,7,,,,,,,,تبوك,التعليم,صغيرة (فئة ب),اخضر مرتفع,5
,,,,,,فيزيائيون -اخرون,24,,,,,,,,تبوك,الخدمات الإدارية وخدمات الدعم,صغيرة (فئة ب),اخضر مرتفع,23
,,,,,,قابلة قانونية,45,,,,,,,,تبوك,الزراعة والحراجة وصيد الأسماك,صغيرة (فئة ب),اخضر مرتفع,13
,,,,,,قاريء (مقريء) متخصص,0,,,,,,,,تبوك,الصناعة التحويلية,صغيرة (فئة ب),اخضر مرتفع,39
,,,,,,قارئ عداد المياه,84,,,,,,,,تبوك,الفنون والترفيه والتسلية,صغيرة (فئة ب),اخضر مرتفع,10
,,,,,,قارئ عداد كهرباء,1564,,,,,,,,تبوك,المعلومات والاتصالات,صغيرة (فئة ب),اخضر مرتفع,2
,,,,,,قارئ عدادات,581,,,,,,,,تبوك,النقل والتخزين,صغيرة (فئة ب),اخضر مرتفع,40
,,,,,,قاطع أحجار,1654,,,,,,,,تبوك,تجارة الجملة والتجزئة وإصلاح المركبات ذات المحركات والدرجات النارية,صغيرة (فئة ب),اخضر مرتفع,239
,,,,,,قاطع تذاكر نقل,82,,,,,,,,جازان,غير خاضعة لانشطة ISIC4,صغيرة (فئة ب),اخضر مرتفع,28
,,,,,,قاطع لهب,141,,,,,,,,جازان,أنشطة الخدمات الأخرى,صغيرة (فئة ب),اخضر مرتفع,36
,,,,,,قائد الدّفة,29,,,,,,,,جازان,أنشطة خدمات الاقامة والطعام,صغيرة (فئة ب),اخضر مرتفع,149
,,,,,,قائد السفينة في البحر,78,,,,,,,,جازان,أنشطة صحة الانسان والعمل الاجتماعي,صغيرة (فئة ب),اخضر مرتفع,5
,,,,,,قائد سفينة صيد,20,,,,,,,,جازان,إمدادات الكهرباء والغاز والبخار وتكييف الهواء,صغيرة (فئة ب),اخضر مرتفع,2
,,,,,,قائد فرقة غنائية,23,,,,,,,,جازان,إمدادات المياه وأنشطة الصرف الصحي وإدارة النفايات ومعالجتها,صغيرة (فئة ب),اخضر مرتفع,2
,,,,,,قائد فرقة موسيقية,17,,,,,,,,جازان,الأنشطة العقارية,صغيرة (فئة ب),اخضر مرتفع,2
,,,,,,قائد فرقة موسيقية (مايسترو),0,,,,,,,,جازان,الأنشطة المهنية والعلمية والتقنية,صغيرة (فئة ب),اخضر مرتفع,18
,,,,,,قائد مدرسة,826,,,,,,,,جازان,التشييد,صغيرة (فئة ب),اخضر مرتفع,99
,,,,,,قائد مركب صيد ساحلي,49,,,,,,,,جازان,التعدين واستغلال المحاجر,صغيرة (فئة ب),اخضر مرتفع,6
,,,,,,قائم بأعمال,14,,,,,,,,جازان,التعليم,صغيرة (فئة ب),اخضر مرتفع,3
,,,,,,قائم بأعمال بالنيابة,24,,,,,,,,جازان,الخدمات الإدارية وخدمات الدعم,صغيرة (فئة ب),اخضر مرتفع,12
,,,,,,قصّاب,230,,,,,,,,جازان,الزراعة والحراجة وصيد الأسماك,صغيرة (فئة ب),اخضر مرتفع,17
,,,,,,قصاب,1,,,,,,,,جازان,الصناعة التحويلية,صغيرة (فئة ب),اخضر مرتفع,57
,,,,,,قصاص صوف,17,,,,,,,,جازان,الفنون والترفيه والتسلية,صغيرة (فئة ب),اخضر مرتفع,4
,,,,,,قنصل,1,,,,,,,,جازان,المعلومات والاتصالات,صغيرة (فئة ب),اخضر مرتفع,3
,,,,,,قهوجي,28465,,,,,,,,جازان,النقل والتخزين,صغيرة (فئة ب),اخضر مرتفع,22
,,,,,,قهوجي منزلي,17,,,,,,,,جازان,تجارة الجملة والتجزئة وإصلاح المركبات ذات المحركات والدرجات النارية,صغيرة (فئة ب),اخضر مرتفع,287
,,,,,,قيم (خادم المسجد),15,,,,,,,,جازان,لأنشطة المالية وأنشطة التأمين,صغيرة (فئة ب),اخضر مرتفع,1
,,,,,,كاتب اتصال,4154,,,,,,,,حائل,غير خاضعة لانشطة ISIC4,صغيرة (فئة ب),اخضر مرتفع,49
,,,,,,كاتب اتصالات برقية,0,,,,,,,,حائل,أنشطة الخدمات الأخرى,صغيرة (فئة ب),اخضر مرتفع,22
,,,,,,كاتب اتصالات بريدية,347,,,,,,,,حائل,أنشطة خدمات الاقامة والطعام,صغيرة (فئة ب),اخضر مرتفع,53
,,,,,,كاتب اتصالات هاتفية,2439,,,,,,,,حائل,أنشطة صحة الانسان والعمل الاجتماعي,صغيرة (فئة ب),اخضر مرتفع,6
,,,,,,كاتب اجور,4114,,,,,,,,حائل,إمدادات المياه وأنشطة الصرف الصحي وإدارة النفايات ومعالجتها,صغيرة (فئة ب),اخضر مرتفع,1
,,,,,,كاتب احصائي,146,,,,,,,,حائل,الأنشطة العقارية,صغيرة (فئة ب),اخضر مرتفع,4
,,,,,,كاتب اختزال,2047,,,,,,,,حائل,الأنشطة المهنية والعلمية والتقنية,صغيرة (فئة ب),اخضر مرتفع,10
,,,,,,كاتب اداري عام,40700,,,,,,,,حائل,التشييد,صغيرة (فئة ب),اخضر مرتفع,67
,,,,,,كاتب ادبي,102,,,,,,,,حائل,التعدين واستغلال المحاجر,صغيرة (فئة ب),اخضر مرتفع,3
,,,,,,كاتب ادخال بيانات,17144,,,,,,,,حائل,التعليم,صغيرة (فئة ب),اخضر مرتفع,5
,,,,,,كاتب إدخال مستشفى,211,,,,,,,,حائل,الخدمات الإدارية وخدمات الدعم,صغيرة (فئة ب),اخضر مرتفع,23
,,,,,,كاتب ادلة كتالوجات فنية,0,,,,,,,,حائل,الزراعة والحراجة وصيد الأسماك,صغيرة (فئة ب),اخضر مرتفع,9
,,,,,,كاتب استعلامات,6074,,,,,,,,حائل,الصناعة التحويلية,صغيرة (فئة ب),اخضر مرتفع,38
,,,,,,كاتب استعلامات سياحية,607,,,,,,,,حائل,الفنون والترفيه والتسلية,صغيرة (فئة ب),اخضر مرتفع,4
,,,,,,كاتب استعلامات عامة,1117,,,,,,,,حائل,النقل والتخزين,صغيرة (فئة ب),اخضر مرتفع,22
,,,,,,كاتب استعلامات مركز خدمة عملاء,5227,,,,,,,,حائل,تجارة الجملة والتجزئة وإصلاح المركبات ذات المحركات والدرجات النارية,صغيرة (فئة ب),اخضر مرتفع,228
,,,,,,كاتب استقبال عام,12678,,,,,,,,عسير,غير خاضعة لانشطة ISIC4,صغيرة (فئة ب),اخضر مرتفع,39
,,,,,,كاتب استقبال فندقي,2284,,,,,,,,عسير,أنشطة الخدمات الأخرى,صغيرة (فئة ب),اخضر مرتفع,55
,,,,,,كاتب استقبال مرضى,11842,,,,,,,,عسير,أنشطة خدمات الاقامة والطعام,صغيرة (فئة ب),اخضر مرتفع,266
,,,,,,كاتب استلام بضائع,1231,,,,,,,,عسير,أنشطة صحة الانسان والعمل الاجتماعي,صغيرة (فئة ب),اخضر مرتفع,21
,,,,,,كاتب اسهم وسندات مالية,161,,,,,,,,عسير,إمدادات الكهرباء والغاز والبخار وتكييف الهواء,صغيرة (فئة ب),اخضر مرتفع,2
,,,,,,كاتب إنتاج,1379,,,,,,,,عسير,إمدادات المياه وأنشطة الصرف الصحي وإدارة النفايات ومعالجتها,صغيرة (فئة ب),اخضر مرتفع,6
,,,,,,كاتب انتاج,288,,,,,,,,عسير,الأنشطة العقارية,صغيرة (فئة ب),اخضر مرتفع,9
,,,,,,كاتب بروفات ومدقق لها,71,,,,,,,,عسير,الأنشطة المهنية والعلمية والتقنية,صغيرة (فئة ب),اخضر مرتفع,37
,,,,,,كاتب بريدي,2661,,,,,,,,عسير,التشييد,صغيرة (فئة ب),اخضر مرتفع,190
,,,,,,كاتب بيانات عملاء,9029,,,,,,,,عسير,التعدين واستغلال المحاجر,صغيرة (فئة ب),اخضر مرتفع,16
,,,,,,كاتب تأجير سيارات سياحية,1393,,,,,,,,عسير,التعليم,صغيرة (فئة ب),اخضر مرتفع,10
,,,,,,كاتب تأمين,5081,,,,,,,,عسير,الخدمات الإدارية وخدمات الدعم,صغيرة (فئة ب),اخضر مرتفع,52
,,,,,,كاتب تأمينات اجتماعية,347,,,,,,,,عسير,الزراعة والحراجة وصيد الأسماك,صغيرة (فئة ب),اخضر مرتفع,14
,,,,,,كاتب تحرير مراسلات,896,,,,,,,,عسير,الصناعة التحويلية,صغيرة (فئة ب),اخضر مرتفع,134
,,,,,,كاتب تخطيط مواد,312,,,,,,,,عسير,الفنون والترفيه والتسلية,صغيرة (فئة ب),اخضر مرتفع,20
,,,,,,كاتب تخليص جمركي,484,,,,,,,,عسير,المعلومات والاتصالات,صغيرة (فئة ب),اخضر مرتفع,3
,,,,,,كاتب تدقيق بيانات,2213,,,,,,,,عسير,النقل والتخزين,صغيرة (فئة ب),اخضر مرتفع,98
,,,,,,كاتب تدقيق توقيعات,0,,,,,,,,عسير,تجارة الجملة والتجزئة وإصلاح المركبات ذات المحركات والدرجات النارية,صغيرة (فئة ب),اخضر مرتفع,687
,,,,,,كاتب تذاكر سفر,3216,,,,,,,,مكة المكرمة,غير خاضعة لانشطة ISIC4,صغيرة (فئة ب),اخضر مرتفع,292
,,,,,,كاتب ترميز _معالجة بيانات,1111,,,,,,,,مكة المكرمة,أنشطة الخدمات الأخرى,صغيرة (فئة ب),اخضر مرتفع,309
,,,,,,كاتب تسجيل اراضي وعقارات,55,,,,,,,,مكة المكرمة,أنشطة خدمات الاقامة والطعام,صغيرة (فئة ب),اخضر مرتفع,"1,109"
,,,,,,كاتب تسجيل شئون طلاب,203,,,,,,,,مكة المكرمة,أنشطة صحة الانسان والعمل الاجتماعي,صغيرة (فئة ب),اخضر مرتفع,76
,,,,,,كاتب تصديق وثائق,1,,,,,,,,مكة المكرمة,إمدادات الكهرباء والغاز والبخار وتكييف الهواء,صغيرة (فئة ب),اخضر مرتفع,11
,,,,,,كاتب تصوير مصغرات فيلمية,24,,,,,,,,مكة المكرمة,إمدادات المياه وأنشطة الصرف الصحي وإدارة النفايات ومعالجتها,صغيرة (فئة ب),اخضر مرتفع,35
,,,,,,كاتب تكاليف,170,,,,,,,,مكة المكرمة,الأنشطة العقارية,صغيرة (فئة ب),اخضر مرتفع,177
,,,,,,كاتب توظيف,1300,,,,,,,,مكة المكرمة,الأنشطة المهنية والعلمية والتقنية,صغيرة (فئة ب),اخضر مرتفع,244
,,,,,,كاتب جمركي,152,,,,,,,,مكة المكرمة,التشييد,صغيرة (فئة ب),اخضر مرتفع,"1,288"
,,,,,,كاتب حجز سياحي,614,,,,,,,,مكة المكرمة,التعدين واستغلال المحاجر,صغيرة (فئة ب),اخضر مرتفع,50
,,,,,,كاتب حركة مخزون,7128,,,,,,,,مكة المكرمة,التعليم,صغيرة (فئة ب),اخضر مرتفع,36
,,,,,,كاتب حسابات,6616,,,,,,,,مكة المكرمة,الخدمات الإدارية وخدمات الدعم,صغيرة (فئة ب),اخضر مرتفع,351
,,,,,,كاتب حسابات رسوم,1005,,,,,,,,مكة المكرمة,الزراعة والحراجة وصيد الأسماك,صغيرة (فئة ب),اخضر مرتفع,40
,,,,,,كاتب حفظ ملفات,4424,,,,,,,,مكة المكرمة,الصناعة التحويلية,صغيرة (فئة ب),اخضر مرتفع,582
,,,,,,كاتب خدمات امتعة,125,,,,,,,,مكة المكرمة,الفنون والترفيه والتسلية,صغيرة (فئة ب),اخضر مرتفع,88
,,,,,,كاتب خدمات شحن وتفريغ,630,,,,,,,,مكة المكرمة,المعلومات والاتصالات,صغيرة (فئة ب),اخضر مرتفع,94
,,,,,,كاتب خدمات طرود بريدية,302,,,,,,,,مكة المكرمة,النقل والتخزين,صغيرة (فئة ب),اخضر مرتفع,589
,,,,,,كاتب خدمات عبور,38,,,,,,,,مكة المكرمة,تجارة الجملة والتجزئة وإصلاح المركبات ذات المحركات والدرجات النارية,صغيرة (فئة ب),اخضر مرتفع,"3,180"
,,,,,,كاتب خدمات مسافرين,2424,,,,,,,,مكة المكرمة,لأنشطة المالية وأنشطة التأمين,صغيرة (فئة ب),اخضر مرتفع,30
,,,,,,كاتب دوام,2120,,,,,,,,نجران,غير خاضعة لانشطة ISIC4,صغيرة (فئة ب),اخضر مرتفع,44
,,,,,,كاتب رواتب,6642,,,,,,,,نجران,أنشطة الخدمات الأخرى,صغيرة (فئة ب),اخضر مرتفع,10
,,,,,,كاتب سجل,1880,,,,,,,,نجران,أنشطة خدمات الاقامة والطعام,صغيرة (فئة ب),اخضر مرتفع,36
,,,,,,كاتب سيناريو,308,,,,,,,,نجران,أنشطة صحة الانسان والعمل الاجتماعي,صغيرة (فئة ب),اخضر مرتفع,7
,,,,,,كاتب سيناريو وحوار,79,,,,,,,,نجران,إمدادات المياه وأنشطة الصرف الصحي وإدارة النفايات ومعالجتها,صغيرة (فئة ب),اخضر مرتفع,1
,,,,,,كاتب شحن,2329,,,,,,,,نجران,الأنشطة العقارية,صغيرة (فئة ب),اخضر مرتفع,2
,,,,,,كاتب شكاوى,1573,,,,,,,,نجران,الأنشطة المهنية والعلمية والتقنية,صغيرة (فئة ب),اخضر مرتفع,6
,,,,,,كاتب شيفرة,3,,,,,,,,نجران,التشييد,صغيرة (فئة ب),اخضر مرتفع,46
,,,,,,كاتب شئون قانونية,453,,,,,,,,نجران,التعدين واستغلال المحاجر,صغيرة (فئة ب),اخضر مرتفع,4
,,,,,,كاتب شئون موظفين,8254,,,,,,,,نجران,التعليم,صغيرة (فئة ب),اخضر مرتفع,3
,,,,,,كاتب صحفي,147,,,,,,,,نجران,الخدمات الإدارية وخدمات الدعم,صغيرة (فئة ب),اخضر مرتفع,12
,,,,,,كاتب ضبط,64,,,,,,,,نجران,الزراعة والحراجة وصيد الأسماك,صغيرة (فئة ب),اخضر مرتفع,2
,,,,,,كاتب عدل,8,,,,,,,,نجران,الصناعة التحويلية,صغيرة (فئة ب),اخضر مرتفع,17
,,,,,,كاتب علاقات حكومية,7865,,,,,,,,نجران,الفنون والترفيه والتسلية,صغيرة (فئة ب),اخضر مرتفع,5
,,,,,,كاتب علاقات عامة,5177,,,,,,,,نجران,المعلومات والاتصالات,صغيرة (فئة ب),اخضر مرتفع,2
,,,,,,كاتب عمليات نقل,3416,,,,,,,,نجران,النقل والتخزين,صغيرة (فئة ب),اخضر مرتفع,42
,,,,,,كاتب ماسك الدفاتر,840,,,,,,,,نجران,تجارة الجملة والتجزئة وإصلاح المركبات ذات المحركات والدرجات النارية,صغيرة (فئة ب),اخضر مرتفع,145
,,,,,,كاتب مالي,1848,,,,,,,,الباحة,تجارة الجملة والتجزئة وإصلاح المركبات ذات المحركات والدرجات النارية,عملاقة,اخضر مرتفع,3
,,,,,,كاتب مالية,1430,,,,,,,,الجوف,أنشطة خدمات الاقامة والطعام,عملاقة,اخضر مرتفع,1
,,,,,,كاتب متابع,2696,,,,,,,,الجوف,تجارة الجملة والتجزئة وإصلاح المركبات ذات المحركات والدرجات النارية,عملاقة,اخضر مرتفع,3
,,,,,,كاتب محامي,0,,,,,,,,الحدود الشمالية,أنشطة خدمات الاقامة والطعام,عملاقة,اخضر مرتفع,1
,,,,,,كاتب محكمة,3,,,,,,,,الحدود الشمالية,تجارة الجملة والتجزئة وإصلاح المركبات ذات المحركات والدرجات النارية,عملاقة,اخضر مرتفع,2
,,,,,,كاتب محكمه,0,,,,,,,,الرياض,غير خاضعة لانشطة ISIC4,عملاقة,اخضر مرتفع,1
,,,,,,كاتب مراسلات,3693,,,,,,,,الرياض,أنشطة خدمات الاقامة والطعام,عملاقة,اخضر مرتفع,1
,,,,,,كاتب مركز اتصالات,1326,,,,,,,,الرياض,أنشطة صحة الانسان والعمل الاجتماعي,عملاقة,اخضر مرتفع,1
,,,,,,كاتب مسوحات ميدانية,69,,,,,,,,الرياض,إمدادات المياه وأنشطة الصرف الصحي وإدارة النفايات ومعالجتها,عملاقة,اخضر مرتفع,1
,,,,,,كاتب مصرفي,8443,,,,,,,,الرياض,التشييد,عملاقة,اخضر مرتفع,6
,,,,,,كاتب مكتبة,549,,,,,,,,الرياض,التعليم,عملاقة,اخضر مرتفع,1
,,,,,,كاتب ملفات - محفوظات,2054,,,,,,,,الرياض,الخدمات الإدارية وخدمات الدعم,عملاقة,اخضر مرتفع,26
,,,,,,كاتب موارد بشرية,12592,,,,,,,,الرياض,الزراعة والحراجة وصيد الأسماك,عملاقة,اخضر مرتفع,2
,,,,,,كاتب مواصفات فنية,118,,,,,,,,الرياض,الصناعة التحويلية,عملاقة,اخضر مرتفع,2
,,,,,,كاتب وارد وصادر,2842,,,,,,,,الرياض,النقل والتخزين,عملاقة,اخضر مرتفع,3
,,,,,,كاتب وثائق اثبات الشخصية,0,,,,,,,,الرياض,تجارة الجملة والتجزئة وإصلاح المركبات ذات المحركات والدرجات النارية,عملاقة,اخضر مرتفع,12
,,,,,,كبير اخصائيي سلامة وصحة مهنية,28,,,,,,,,الشرقية,غير خاضعة لانشطة ISIC4,عملاقة,اخضر مرتفع,1
,,,,,,كبير الخدم,4,,,,,,,,الشرقية,أنشطة صحة الانسان والعمل الاجتماعي,عملاقة,اخضر مرتفع,4
,,,,,,كبير المهندسين في السفينة,3,,,,,,,,الشرقية,التشييد,عملاقة,اخضر مرتفع,19
,,,,,,كبير ضباط بحريين,0,,,,,,,,الشرقية,التعدين واستغلال المحاجر,عملاقة,اخضر مرتفع,2
,,,,,,كبير طهاه,27,,,,,,,,الشرقية,الخدمات الإدارية وخدمات الدعم,عملاقة,اخضر مرتفع,13
,,,,,,كبير فني انظمة المراقبة البيئية,18,,,,,,,,الشرقية,الزراعة والحراجة وصيد الأسماك,عملاقة,اخضر مرتفع,1
,,,,,,كبير مدققي أنظمة جودة,79,,,,,,,,الشرقية,الصناعة التحويلية,عملاقة,اخضر مرتفع,2
,,,,,,كحيل حجر,1,,,,,,,,الشرقية,النقل والتخزين,عملاقة,اخضر مرتفع,4
,,,,,,كهربائي اجهزة قياس,6,,,,,,,,الشرقية,تجارة الجملة والتجزئة وإصلاح المركبات ذات المحركات والدرجات النارية,عملاقة,اخضر مرتفع,32
,,,,,,كهربائي اجهزة منزلية,442,,,,,,,,القصيم,الخدمات الإدارية وخدمات الدعم,عملاقة,اخضر مرتفع,2
,,,,,,كهربائي اجهزة منزلية عام,447,,,,,,,,القصيم,الزراعة والحراجة وصيد الأسماك,عملاقة,اخضر مرتفع,1
,,,,,,كهربائي اصلاح,59,,,,,,,,القصيم,النقل والتخزين,عملاقة,اخضر مرتفع,1
,,,,,,كهربائي الات كهربائية عام,43,,,,,,,,القصيم,تجارة الجملة والتجزئة وإصلاح المركبات ذات المحركات والدرجات النارية,عملاقة,اخضر مرتفع,9
,,,,,,كهربائي تبريد وتكييف,3549,,,,,,,,المدينة,أنشطة صحة الانسان والعمل الاجتماعي,عملاقة,اخضر مرتفع,3
,,,,,,كهربائي تركيب المعدات الالكترونية وتركيبها,133,,,,,,,,المدينة,التشييد,عملاقة,اخضر مرتفع,2
,,,,,,كهربائي تركيب لوحات توزيع واصلاحها,3,,,,,,,,المدينة,النقل والتخزين,عملاقة,اخضر مرتفع,2
,,,,,,كهربائي تركيب محطات تحويل,1,,,,,,,,المدينة,تجارة الجملة والتجزئة وإصلاح المركبات ذات المحركات والدرجات النارية,عملاقة,اخضر مرتفع,12
,,,,,,كهربائي تركيب محطات تحويل عام,0,,,,,,,,تبوك,تجارة الجملة والتجزئة وإصلاح المركبات ذات المحركات والدرجات النارية,عملاقة,اخضر مرتفع,4
,,,,,,كهربائي تركيب محطات توليد,15,,,,,,,,جازان,التشييد,عملاقة,اخضر مرتفع,1
,,,,,,كهربائي تركيب محطات توليد عام,16,,,,,,,,جازان,المعلومات والاتصالات,عملاقة,اخضر مرتفع,1
,,,,,,كهربائي تشغيل محطات تحويل,5,,,,,,,,جازان,النقل والتخزين,عملاقة,اخضر مرتفع,1
,,,,,,كهربائي تشغيل محطات تحويل عام,0,,,,,,,,جازان,تجارة الجملة والتجزئة وإصلاح المركبات ذات المحركات والدرجات النارية,عملاقة,اخضر مرتفع,7
,,,,,,كهربائي تشغيل محطات توليد,78,,,,,,,,حائل,تجارة الجملة والتجزئة وإصلاح المركبات ذات المحركات والدرجات النارية,عملاقة,اخضر مرتفع,3
,,,,,,كهربائي تشغيل محطات توليد عام,785,,,,,,,,عسير,غير خاضعة لانشطة ISIC4,عملاقة,اخضر مرتفع,1
,,,,,,كهربائي تمديدات صناعية,307,,,,,,,,عسير,الخدمات الإدارية وخدمات الدعم,عملاقة,اخضر مرتفع,2
,,,,,,كهربائي تمديدات كربائية عام,1731,,,,,,,,عسير,النقل والتخزين,عملاقة,اخضر مرتفع,1
,,,,,,كهربائي تمديدات منزلية,24,,,,,,,,عسير,تجارة الجملة والتجزئة وإصلاح المركبات ذات المحركات والدرجات النارية,عملاقة,اخضر مرتفع,19
,,,,,,كهربائي خدمات المشتركين,37,,,,,,,,مكة المكرمة,غير خاضعة لانشطة ISIC4,عملاقة,اخضر مرتفع,2
,,,,,,كهربائي سفن,151,,,,,,,,مكة المكرمة,الخدمات الإدارية وخدمات الدعم,عملاقة,اخضر مرتفع,3
,,,,,,كهربائي سفن عام,0,,,,,,,,مكة المكرمة,الصناعة التحويلية,عملاقة,اخضر مرتفع,1
,,,,,,كهربائي سيارات,25106,,,,,,,,مكة المكرمة,النقل والتخزين,عملاقة,اخضر مرتفع,2
,,,,,,كهربائي سيارات عام,17,,,,,,,,مكة المكرمة,تجارة الجملة والتجزئة وإصلاح المركبات ذات المحركات والدرجات النارية,عملاقة,اخضر مرتفع,33
,,,,,,كهربائي شبكات توزيع كهرباء,348,,,,,,,,نجران,النقل والتخزين,عملاقة,اخضر مرتفع,1
,,,,,,كهربائي شبكات هوائية عام,14,,,,,,,,نجران,تجارة الجملة والتجزئة وإصلاح المركبات ذات المحركات والدرجات النارية,عملاقة,اخضر مرتفع,4
,,,,,,كهربائي صيانة,1950,,,,,,,,الباحة,تجارة الجملة والتجزئة وإصلاح المركبات ذات المحركات والدرجات النارية,كبيرة,اخضر مرتفع,6
,,,,,,كهربائي صيانة اجهزة تحكم وحماية,22,,,,,,,,الجوف,الخدمات الإدارية وخدمات الدعم,كبيرة,اخضر مرتفع,1
,,,,,,كهربائي صيانة اجهزة دقيقة عام,281,,,,,,,,الجوف,الزراعة والحراجة وصيد الأسماك,كبيرة,اخضر مرتفع,1
,,,,,,كهربائي صيانة محطات تحويل,20,,,,,,,,الجوف,النقل والتخزين,كبيرة,اخضر مرتفع,1
,,,,,,كهربائي صيانة محطات تحويل عام,6,,,,,,,,الجوف,تجارة الجملة والتجزئة وإصلاح المركبات ذات المحركات والدرجات النارية,كبيرة,اخضر مرتفع,9
,,,,,,كهربائي صيانة محطات توليد,31,,,,,,,,الحدود الشمالية,أنشطة خدمات الاقامة والطعام,كبيرة,اخضر مرتفع,1
,,,,,,كهربائي صيانة محطات توليد عام,115,,,,,,,,الحدود الشمالية,تجارة الجملة والتجزئة وإصلاح المركبات ذات المحركات والدرجات النارية,كبيرة,اخضر مرتفع,7
,,,,,,كهربائي صيانة مفاتيح واجهزة  تحكم,9,,,,,,,,الرياض,غير خاضعة لانشطة ISIC4,كبيرة,اخضر مرتفع,1
,,,,,,كهربائي طائرات,52,,,,,,,,الرياض,أنشطة خدمات الاقامة والطعام,كبيرة,اخضر مرتفع,9
,,,,,,كهربائي عام,50516,,,,,,,,الرياض,أنشطة صحة الانسان والعمل الاجتماعي,كبيرة,اخضر مرتفع,27
,,,,,,كهربائي عداد طاقة,62,,,,,,,,الرياض,الأنشطة المهنية والعلمية والتقنية,كبيرة,اخضر مرتفع,4
,,,,,,كهربائي قطارات,107,,,,,,,,الرياض,التشييد,كبيرة,اخضر مرتفع,36
,,,,,,كهربائي قطارات عام,0,,,,,,,,الرياض,التعليم,كبيرة,اخضر مرتفع,8
,,,,,,كهربائي كبلات ارضية عام,324,,,,,,,,الرياض,الخدمات الإدارية وخدمات الدعم,كبيرة,اخضر مرتفع,44
,,,,,,كهربائي كبلات توزيع,4,,,,,,,,الرياض,الصناعة التحويلية,كبيرة,اخضر مرتفع,11
,,,,,,كهربائي لف محركات,272,,,,,,,,الرياض,المعلومات والاتصالات,كبيرة,اخضر مرتفع,4
,,,,,,كهربائي لوحات مراقبة وتحكم,30,,,,,,,,الرياض,النقل والتخزين,كبيرة,اخضر مرتفع,18
,,,,,,كهربائي مباني,85170,,,,,,,,الرياض,تجارة الجملة والتجزئة وإصلاح المركبات ذات المحركات والدرجات النارية,كبيرة,اخضر مرتفع,104
,,,,,,كهربائي مسرح واستديو,0,,,,,,,,الشرقية,غير خاضعة لانشطة ISIC4,كبيرة,اخضر مرتفع,1
,,,,,,كهربائي مصاعد,1444,,,,,,,,الشرقية,أنشطة خدمات الاقامة والطعام,كبيرة,اخضر مرتفع,9
,,,,,,كهربائي معدات زراعية,1262,,,,,,,,الشرقية,أنشطة صحة الانسان والعمل الاجتماعي,كبيرة,اخضر مرتفع,11
,,,,,,كهربائي منصة حفر,447,,,,,,,,الشرقية,الأنشطة المهنية والعلمية والتقنية,كبيرة,اخضر مرتفع,1
,,,,,,كهروميكانيكي محطات توليد صغيرة,64,,,,,,,,الشرقية,التشييد,كبيرة,اخضر مرتفع,22
,,,,,,كواء عام,10,,,,,,,,الشرقية,التعدين واستغلال المحاجر,كبيرة,اخضر مرتفع,2
,,,,,,كواء ملابس بالبخار,12,,,,,,,,الشرقية,التعليم,كبيرة,اخضر مرتفع,1
,,,,,,كواء يدوي,0,,,,,,,,الشرقية,الخدمات الإدارية وخدمات الدعم,كبيرة,اخضر مرتفع,17
,,,,,,كيميائي,4777,,,,,,,,الشرقية,الزراعة والحراجة وصيد الأسماك,كبيرة,اخضر مرتفع,1
,,,,,,كيميائي اغذية,53,,,,,,,,الشرقية,الصناعة التحويلية,كبيرة,اخضر مرتفع,9
,,,,,,كيميائي تحليلي,169,,,,,,,,الشرقية,النقل والتخزين,كبيرة,اخضر مرتفع,11
,,,,,,كيميائي تنقية مياه,44,,,,,,,,الشرقية,تجارة الجملة والتجزئة وإصلاح المركبات ذات المحركات والدرجات النارية,كبيرة,اخضر مرتفع,103
,,,,,,كيميائي دهان (اصباغ),3,,,,,,,,القصيم,غير خاضعة لانشطة ISIC4,كبيرة,اخضر مرتفع,1
,,,,,,كيميائي صناعات,312,,,,,,,,القصيم,أنشطة خدمات الاقامة والطعام,كبيرة,اخضر مرتفع,2
,,,,,,كيميائي صناعات بتروكيميائية,22,,,,,,,,القصيم,أنشطة صحة الانسان والعمل الاجتماعي,كبيرة,اخضر مرتفع,1
,,,,,,كيميائي صناعي,147,,,,,,,,القصيم,التشييد,كبيرة,اخضر مرتفع,1
,,,,,,كيميائي عام,10,,,,,,,,القصيم,الخدمات الإدارية وخدمات الدعم,كبيرة,اخضر مرتفع,5
,,,,,,كيميائي عضوي,112,,,,,,,,القصيم,الصناعة التحويلية,كبيرة,اخضر مرتفع,1
,,,,,,كيميائي فيزيائي,21,,,,,,,,القصيم,المعلومات والاتصالات,كبيرة,اخضر مرتفع,1
,,,,,,كيميائي لا عضوي,1,,,,,,,,القصيم,النقل والتخزين,كبيرة,اخضر مرتفع,3
,,,,,,لا يوجد,47,,,,,,,,القصيم,تجارة الجملة والتجزئة وإصلاح المركبات ذات المحركات والدرجات النارية,كبيرة,اخضر مرتفع,28
,,,,,,لاعب ألعاب قوى محترف,6,,,,,,,,المدينة,أنشطة خدمات الاقامة والطعام,كبيرة,اخضر مرتفع,3
,,,,,,لاعب رياضة بالكرة محترف,3,,,,,,,,المدينة,التشييد,كبيرة,اخضر مرتفع,1
,,,,,,لاعب رياضة دفاع عن النفس محترف,1,,,,,,,,المدينة,الخدمات الإدارية وخدمات الدعم,كبيرة,اخضر مرتفع,3
,,,,,,لاعب رياضة مائية محترف,3,,,,,,,,المدينة,الصناعة التحويلية,كبيرة,اخضر مرتفع,1
,,,,,,لاعب رياضة مضرب محترف,4,,,,,,,,المدينة,النقل والتخزين,كبيرة,اخضر مرتفع,7
,,,,,,لاعب رياضي محترف,48,,,,,,,,المدينة,تجارة الجملة والتجزئة وإصلاح المركبات ذات المحركات والدرجات النارية,كبيرة,اخضر مرتفع,32
,,,,,,لاعب سيرك,5,,,,,,,,تبوك,أنشطة خدمات الاقامة والطعام,كبيرة,اخضر مرتفع,2
,,,,,,لاعب فروسية محترف,12,,,,,,,,تبوك,التشييد,كبيرة,اخضر مرتفع,1
,,,,,,لاعب كرة قدم محترف,114,,,,,,,,تبوك,الصناعة التحويلية,كبيرة,اخضر مرتفع,2
,,,,,,لحّام,34601,,,,,,,,تبوك,النقل والتخزين,كبيرة,اخضر مرتفع,2
,,,,,,لحّام تحت الماء,3,,,,,,,,تبوك,تجارة الجملة والتجزئة وإصلاح المركبات ذات المحركات والدرجات النارية,كبيرة,اخضر مرتفع,13
,,,,,,لحام اقشطة ناقلة,0,,,,,,,,جازان,أنشطة خدمات الاقامة والطعام,كبيرة,اخضر مرتفع,1
,,,,,,لحام المركبات المعدنية,0,,,,,,,,جازان,التشييد,كبيرة,اخضر مرتفع,1
,,,,,,لحام انابيب,430,,,,,,,,جازان,النقل والتخزين,كبيرة,اخضر مرتفع,1
,,,,,,لحام انابيب عام,2,,,,,,,,جازان,تجارة الجملة والتجزئة وإصلاح المركبات ذات المحركات والدرجات النارية,كبيرة,اخضر مرتفع,12
,,,,,,لحام اوكسجين,173,,,,,,,,حائل,أنشطة خدمات الاقامة والطعام,كبيرة,اخضر مرتفع,1
,,,,,,لحام بالقوس الكهربائي اليا,1,,,,,,,,حائل,الخدمات الإدارية وخدمات الدعم,كبيرة,اخضر مرتفع,2
,,,,,,لحام بالمكواه,3,,,,,,,,حائل,النقل والتخزين,كبيرة,اخضر مرتفع,2
,,,,,,لحام بالنحاس الاصفر,0,,,,,,,,حائل,تجارة الجملة والتجزئة وإصلاح المركبات ذات المحركات والدرجات النارية,كبيرة,اخضر مرتفع,9
,,,,,,لحام رصاص,12,,,,,,,,عسير,أنشطة خدمات الاقامة والطعام,كبيرة,اخضر مرتفع,2
,,,,,,لحام عام,1103,,,,,,,,عسير,أنشطة صحة الانسان والعمل الاجتماعي,كبيرة,اخضر مرتفع,3
,,,,,,لحام كهرباء,402,,,,,,,,عسير,التشييد,كبيرة,اخضر مرتفع,1
,,,,,,لحام كهرباء عام,1,,,,,,,,عسير,الخدمات الإدارية وخدمات الدعم,كبيرة,اخضر مرتفع,3
,,,,,,مُجمع أجهزة إلكترونية,575,,,,,,,,عسير,الصناعة التحويلية,كبيرة,اخضر مرتفع,4
,,,,,,مُجمع أجهزة تبريد,2627,,,,,,,,عسير,النقل والتخزين,كبيرة,اخضر مرتفع,2
,,,,,,مُجمع أجهزة طبية,109,,,,,,,,عسير,تجارة الجملة والتجزئة وإصلاح المركبات ذات المحركات والدرجات النارية,كبيرة,اخضر مرتفع,29
,,,,,,مُجمع أجهزة كهربائية,450,,,,,,,,مكة المكرمة,غير خاضعة لانشطة ISIC4,كبيرة,اخضر مرتفع,1
,,,,,,مُجمع سيارات,794,,,,,,,,مكة المكرمة,أنشطة خدمات الاقامة والطعام,كبيرة,اخضر مرتفع,7
,,,,,,مُجمع طائرات,22,,,,,,,,مكة المكرمة,أنشطة صحة الانسان والعمل الاجتماعي,كبيرة,اخضر مرتفع,2
,,,,,,مُجمع لوحات توزيع كهربائية,572,,,,,,,,مكة المكرمة,الأنشطة العقارية,كبيرة,اخضر مرتفع,2
,,,,,,مُجمع محركات,98,,,,,,,,مكة المكرمة,الأنشطة المهنية والعلمية والتقنية,كبيرة,اخضر مرتفع,1
,,,,,,مُجمع محولات كهربائية,398,,,,,,,,مكة المكرمة,"الإدارة العامة والدفاع , الضمان الاجتماعي الالزامي",كبيرة,اخضر مرتفع,1
,,,,,,مُجمع معدات إلكترونية,607,,,,,,,,مكة المكرمة,التشييد,كبيرة,اخضر مرتفع,14
,,,,,,مُجمع معدات كهربائية,1449,,,,,,,,مكة المكرمة,التعليم,كبيرة,اخضر مرتفع,2
,,,,,,مُجمع معدات ميكانيكية,1405,,,,,,,,مكة المكرمة,الخدمات الإدارية وخدمات الدعم,كبيرة,اخضر مرتفع,11
,,,,,,مُجمع مقاسم إلكترونية,407,,,,,,,,مكة المكرمة,الصناعة التحويلية,كبيرة,اخضر مرتفع,10
,,,,,,مُجمع ناقلات حركة,82,,,,,,,,مكة المكرمة,المعلومات والاتصالات,كبيرة,اخضر مرتفع,1
,,,,,,مُربي حيوانات,140,,,,,,,,مكة المكرمة,النقل والتخزين,كبيرة,اخضر مرتفع,12
,,,,,,مُربية أطفال,294,,,,,,,,مكة المكرمة,تجارة الجملة والتجزئة وإصلاح المركبات ذات المحركات والدرجات النارية,كبيرة,اخضر مرتفع,105
,,,,,,مُركِّب إطارات,8758,,,,,,,,نجران,أنشطة خدمات الاقامة والطعام,كبيرة,اخضر مرتفع,1
,,,,,,مُشطِّب معادن,1663,,,,,,,,نجران,التشييد,كبيرة,اخضر مرتفع,3
,,,,,,مُشغِّل آلة طباعة,4418,,,,,,,,نجران,التعدين واستغلال المحاجر,كبيرة,اخضر مرتفع,1
,,,,,,مُصلِح زجاج مركبات,642,,,,,,,,نجران,الخدمات الإدارية وخدمات الدعم,كبيرة,اخضر مرتفع,1
,,,,,,مُصلّح أجهزة بصرية,124,,,,,,,,نجران,الصناعة التحويلية,كبيرة,اخضر مرتفع,1
,,,,,,مُصلّح أجهزة دقيقة,429,,,,,,,,نجران,تجارة الجملة والتجزئة وإصلاح المركبات ذات المحركات والدرجات النارية,كبيرة,اخضر مرتفع,4
,,,,,,مُصلّح أجهزة قياس,315,,,,,,,,الباحة,أنشطة صحة الانسان والعمل الاجتماعي,متوسطة (فئة أ),اخضر مرتفع,2
,,,,,,مُصلّح ساعات,888,,,,,,,,الباحة,التشييد,متوسطة (فئة أ),اخضر مرتفع,1
,,,,,,مُعالج أخشاب,288,,,,,,,,الباحة,الخدمات الإدارية وخدمات الدعم,متوسطة (فئة أ),اخضر مرتفع,1
,,,,,,مُعدّ ومشغّل أدوات وآلات النجارة,426,,,,,,,,الباحة,الصناعة التحويلية,متوسطة (فئة أ),اخضر مرتفع,1
,,,,,,مُقيّم ضوابط أمن سيبراني,2,,,,,,,,الباحة,تجارة الجملة والتجزئة وإصلاح المركبات ذات المحركات والدرجات النارية,متوسطة (فئة أ),اخضر مرتفع,5
,,,,,,مُنجِّد,7196,,,,,,,,الجوف,أنشطة صحة الانسان والعمل الاجتماعي,متوسطة (فئة أ),اخضر مرتفع,2
,,,,,,مُنظّف مسابح,53,,,,,,,,الجوف,التشييد,متوسطة (فئة أ),اخضر مرتفع,1
,,,,,,مُنظّف نوافذ,28684,,,,,,,,الجوف,التعليم,متوسطة (فئة أ),اخضر مرتفع,2
,,,,,,ماسك دفاتر عام,181,,,,,,,,الجوف,النقل والتخزين,متوسطة (فئة أ),اخضر مرتفع,1
,,,,,,مأمور تنفيذ,72,,,,,,,,الجوف,تجارة الجملة والتجزئة وإصلاح المركبات ذات المحركات والدرجات النارية,متوسطة (فئة أ),اخضر مرتفع,1
,,,,,,مأمور حركة سير القطارات,185,,,,,,,,الحدود الشمالية,أنشطة صحة الانسان والعمل الاجتماعي,متوسطة (فئة أ),اخضر مرتفع,2
,,,,,,مأمور سنترال,21790,,,,,,,,الحدود الشمالية,النقل والتخزين,متوسطة (فئة أ),اخضر مرتفع,1
,,,,,,مباشر منزلي,14,,,,,,,,الحدود الشمالية,تجارة الجملة والتجزئة وإصلاح المركبات ذات المحركات والدرجات النارية,متوسطة (فئة أ),اخضر مرتفع,4
,,,,,,مبرمج تطبيقات,2314,,,,,,,,الرياض,غير خاضعة لانشطة ISIC4,متوسطة (فئة أ),اخضر مرتفع,21
,,,,,,مبرمج حاسب آلي,21165,,,,,,,,الرياض,أنشطة الخدمات الأخرى,متوسطة (فئة أ),اخضر مرتفع,8
,,,,,,مبرمج رحلات سياحية,2,,,,,,,,الرياض,أنشطة خدمات الاقامة والطعام,متوسطة (فئة أ),اخضر مرتفع,60
,,,,,,مبرمج قاعدة بيانات,973,,,,,,,,الرياض,أنشطة صحة الانسان والعمل الاجتماعي,متوسطة (فئة أ),اخضر مرتفع,36
,,,,,,مبرمج نظم بنك معلومات,403,,,,,,,,الرياض,إمدادات المياه وأنشطة الصرف الصحي وإدارة النفايات ومعالجتها,متوسطة (فئة أ),اخضر مرتفع,4
,,,,,,مبلط,51043,,,,,,,,الرياض,الأنشطة العقارية,متوسطة (فئة أ),اخضر مرتفع,22
,,,,,,مبلط الرخام,12,,,,,,,,الرياض,الأنشطة المهنية والعلمية والتقنية,متوسطة (فئة أ),اخضر مرتفع,32
,,,,,,مبلط طرق,3,,,,,,,,الرياض,التشييد,متوسطة (فئة أ),اخضر مرتفع,162
,,,,,,مبند جمركي,405,,,,,,,,الرياض,التعدين واستغلال المحاجر,متوسطة (فئة أ),اخضر مرتفع,12
,,,,,,مبيض ارز,1,,,,,,,,الرياض,التعليم,متوسطة (فئة أ),اخضر مرتفع,16
,,,,,,مبيض منسوجات,1,,,,,,,,الرياض,الخدمات الإدارية وخدمات الدعم,متوسطة (فئة أ),اخضر مرتفع,58
,,,,,,متدرب,36947,,,,,,,,الرياض,الزراعة والحراجة وصيد الأسماك,متوسطة (فئة أ),اخضر مرتفع,14
,,,,,,متذوق أطعمة ومشروبات,157,,,,,,,,الرياض,الصناعة التحويلية,متوسطة (فئة أ),اخضر مرتفع,115
,,,,,,مترجم,4150,,,,,,,,الرياض,الفنون والترفيه والتسلية,متوسطة (فئة أ),اخضر مرتفع,10
,,,,,,مترجم فوري,265,,,,,,,,الرياض,المعلومات والاتصالات,متوسطة (فئة أ),اخضر مرتفع,26
,,,,,,مترجم لغة إشارة,27,,,,,,,,الرياض,النقل والتخزين,متوسطة (فئة أ),اخضر مرتفع,98
,,,,,,متعامل بالقطع الاجنبية,0,,,,,,,,الرياض,تجارة الجملة والتجزئة وإصلاح المركبات ذات المحركات والدرجات النارية,متوسطة (فئة أ),اخضر مرتفع,118
,,,,,,مثمن,33,,,,,,,,الرياض,لأنشطة المالية وأنشطة التأمين,متوسطة (فئة أ),اخضر مرتفع,5
,,,,,,مجبس,11891,,,,,,,,الشرقية,غير خاضعة لانشطة ISIC4,متوسطة (فئة أ),اخضر مرتفع,2
,,,,,,مجفف خميرة الخبز,4,,,,,,,,الشرقية,أنشطة خدمات الاقامة والطعام,متوسطة (فئة أ),اخضر مرتفع,27
,,,,,,مجفف مواد غذائية,6,,,,,,,,الشرقية,أنشطة صحة الانسان والعمل الاجتماعي,متوسطة (فئة أ),اخضر مرتفع,17
,,,,,,مجلخ,0,,,,,,,,الشرقية,إمدادات الكهرباء والغاز والبخار وتكييف الهواء,متوسطة (فئة أ),اخضر مرتفع,2
,,,,,,مجلخ ادوات قطع,0,,,,,,,,الشرقية,إمدادات المياه وأنشطة الصرف الصحي وإدارة النفايات ومعالجتها,متوسطة (فئة أ),اخضر مرتفع,2
,,,,,,مجلخ رأس المحرك,0,,,,,,,,الشرقية,الأنشطة العقارية,متوسطة (فئة أ),اخضر مرتفع,2
,,,,,,مجلخ عام,34,,,,,,,,الشرقية,الأنشطة المهنية والعلمية والتقنية,متوسطة (فئة أ),اخضر مرتفع,6
,,,,,,مجلد كتب عام,15,,,,,,,,الشرقية,التشييد,متوسطة (فئة أ),اخضر مرتفع,131
,,,,,,مجلد كتب يدوي,3,,,,,,,,الشرقية,التعدين واستغلال المحاجر,متوسطة (فئة أ),اخضر مرتفع,8
,,,,,,مجمد مواد غذائية,1,,,,,,,,الشرقية,التعليم,متوسطة (فئة أ),اخضر مرتفع,11
,,,,,,مجهز افران الصهر,0,,,,,,,,الشرقية,الخدمات الإدارية وخدمات الدعم,متوسطة (فئة أ),اخضر مرتفع,21
,,,,,,مجهز الاصباغ,10,,,,,,,,الشرقية,الزراعة والحراجة وصيد الأسماك,متوسطة (فئة أ),اخضر مرتفع,1
,,,,,,مجهز حفلات,105,,,,,,,,الشرقية,الصناعة التحويلية,متوسطة (فئة أ),اخضر مرتفع,97
,,,,,,مجهز خلطات الزجاج,3,,,,,,,,الشرقية,الفنون والترفيه والتسلية,متوسطة (فئة أ),اخضر مرتفع,4
,,,,,,مجهز خلطات للدائن,3,,,,,,,,الشرقية,المعلومات والاتصالات,متوسطة (فئة أ),اخضر مرتفع,2
,,,,,,مجهز خلطات مستحضرات تجميل,12,,,,,,,,الشرقية,النقل والتخزين,متوسطة (فئة أ),اخضر مرتفع,64
,,,,,,مجهز منصة حفر الابار,175,,,,,,,,الشرقية,تجارة الجملة والتجزئة وإصلاح المركبات ذات المحركات والدرجات النارية,متوسطة (فئة أ),اخضر مرتفع,94
,,,,,,مجهز موتى,42,,,,,,,,الشرقية,لأنشطة المالية وأنشطة التأمين,متوسطة (فئة أ),اخضر مرتفع,3
,,,,,,محاسب,133346,,,,,,,,القصيم,أنشطة خدمات الاقامة والطعام,متوسطة (فئة أ),اخضر مرتفع,4
,,,,,,محاسب تكاليف,7214,,,,,,,,القصيم,أنشطة صحة الانسان والعمل الاجتماعي,متوسطة (فئة أ),اخضر مرتفع,2
,,,,,,محاسب زبائن,12543,,,,,,,,القصيم,الأنشطة العقارية,متوسطة (فئة أ),اخضر مرتفع,1
,,,,,,محاسب عام,13427,,,,,,,,القصيم,الأنشطة المهنية والعلمية والتقنية,متوسطة (فئة أ),اخضر مرتفع,2
,,,,,,محاسب قانوني,216,,,,,,,,القصيم,التشييد,متوسطة (فئة أ),اخضر مرتفع,15
,,,,,,محاضر,2190,,,,,,,,القصيم,التعدين واستغلال المحاجر,متوسطة (فئة أ),اخضر مرتفع,1
,,,,,,محاضر سجلات طبية,0,,,,,,,,القصيم,التعليم,متوسطة (فئة أ),اخضر مرتفع,1
,,,,,,محافظ,10,,,,,,,,القصيم,الخدمات الإدارية وخدمات الدعم,متوسطة (فئة أ),اخضر مرتفع,5
,,,,,,محام,838,,,,,,,,القصيم,الزراعة والحراجة وصيد الأسماك,متوسطة (فئة أ),اخضر مرتفع,2
,,,,,,محامي,7195,,,,,,,,القصيم,الصناعة التحويلية,متوسطة (فئة أ),اخضر مرتفع,13
,,,,,,محامي متدرب,1628,,,,,,,,القصيم,الفنون والترفيه والتسلية,متوسطة (فئة أ),اخضر مرتفع,2
,,,,,,محرر أدبي,66,,,,,,,,القصيم,المعلومات والاتصالات,متوسطة (فئة أ),اخضر مرتفع,1
,,,,,,محرر اعلانات,242,,,,,,,,القصيم,النقل والتخزين,متوسطة (فئة أ),اخضر مرتفع,11
,,,,,,محرر دعاية نشر,473,,,,,,,,القصيم,تجارة الجملة والتجزئة وإصلاح المركبات ذات المحركات والدرجات النارية,متوسطة (فئة أ),اخضر مرتفع,22
,,,,,,محرر صحفي,473,,,,,,,,المدينة,غير خاضعة لانشطة ISIC4,متوسطة (فئة أ),اخضر مرتفع,4
,,,,,,محرر علمي,21,,,,,,,,المدينة,أنشطة خدمات الاقامة والطعام,متوسطة (فئة أ),اخضر مرتفع,13
,,,,,,محصل,8742,,,,,,,,المدينة,أنشطة صحة الانسان والعمل الاجتماعي,متوسطة (فئة أ),اخضر مرتفع,3
,,,,,,محصل (جابي),370,,,,,,,,المدينة,الأنشطة العقارية,متوسطة (فئة أ),اخضر مرتفع,1
,,,,,,محصل آلات بيع ذاتي,8,,,,,,,,المدينة,التشييد,متوسطة (فئة أ),اخضر مرتفع,8
,,,,,,محصل حافلة,11,,,,,,,,المدينة,التعليم,متوسطة (فئة أ),اخضر مرتفع,4
,,,,,,محصل ديون,5985,,,,,,,,المدينة,الخدمات الإدارية وخدمات الدعم,متوسطة (فئة أ),اخضر مرتفع,4
,,,,,,محضّر ومركّب هياكل معدنية,7278,,,,,,,,المدينة,الصناعة التحويلية,متوسطة (فئة أ),اخضر مرتفع,22
,,,,,,محضر أطعمة باردة,2043,,,,,,,,المدينة,النقل والتخزين,متوسطة (فئة أ),اخضر مرتفع,8
,,,,,,محضر جنازة,5,,,,,,,,المدينة,تجارة الجملة والتجزئة وإصلاح المركبات ذات المحركات والدرجات النارية,متوسطة (فئة أ),اخضر مرتفع,28
,,,,,,محضر خصوم,1,,,,,,,,تبوك,أنشطة خدمات الاقامة والطعام,متوسطة (فئة أ),اخضر مرتفع,5
,,,,,,محضر سلطات,5,,,,,,,,تبوك,أنشطة صحة الانسان والعمل الاجتماعي,متوسطة (فئة أ),اخضر مرتفع,6
,,,,,,محضر عصير مشروبات,1046,,,,,,,,تبوك,إمدادات المياه وأنشطة الصرف الصحي وإدارة النفايات ومعالجتها,متوسطة (فئة أ),اخضر مرتفع,1
,,,,,,محضر مختبر علوم,370,,,,,,,,تبوك,التشييد,متوسطة (فئة أ),اخضر مرتفع,4
,,,,,,محضر مواد تجميل ومعاجين الاسنان,34,,,,,,,,تبوك,الخدمات الإدارية وخدمات الدعم,متوسطة (فئة أ),اخضر مرتفع,2
,,,,,,محفظ قرآن كريم,26,,,,,,,,تبوك,الصناعة التحويلية,متوسطة (فئة أ),اخضر مرتفع,5
,,,,,,محقق إداري,117,,,,,,,,تبوك,النقل والتخزين,متوسطة (فئة أ),اخضر مرتفع,4
,,,,,,محقق جرائم سيبرانية,2,,,,,,,,تبوك,تجارة الجملة والتجزئة وإصلاح المركبات ذات المحركات والدرجات النارية,متوسطة (فئة أ),اخضر مرتفع,12
,,,,,,محقق عمالي,38,,,,,,,,جازان,أنشطة صحة الانسان والعمل الاجتماعي,متوسطة (فئة أ),اخضر مرتفع,5
,,,,,,محقق مالي,141,,,,,,,,جازان,الصناعة التحويلية,متوسطة (فئة أ),اخضر مرتفع,6
,,,,,,محقق نظامي,9,,,,,,,,جازان,النقل والتخزين,متوسطة (فئة أ),اخضر مرتفع,1
,,,,,,محكّم,2,,,,,,,,جازان,تجارة الجملة والتجزئة وإصلاح المركبات ذات المحركات والدرجات النارية,متوسطة (فئة أ),اخضر مرتفع,12
,,,,,,محلل اتصالات,265,,,,,,,,حائل,أنشطة خدمات الاقامة والطعام,متوسطة (فئة أ),اخضر مرتفع,2
,,,,,,محلل اقتصادي,2,,,,,,,,حائل,أنشطة صحة الانسان والعمل الاجتماعي,متوسطة (فئة أ),اخضر مرتفع,1
,,,,,,محلل أمن نظم,255,,,,,,,,حائل,إمدادات المياه وأنشطة الصرف الصحي وإدارة النفايات ومعالجتها,متوسطة (فئة أ),اخضر مرتفع,1
,,,,,,محلل ائتمان,1,,,,,,,,حائل,الأنشطة العقارية,متوسطة (فئة أ),اخضر مرتفع,1
,,,,,,محلل بنية تحتية,163,,,,,,,,حائل,التشييد,متوسطة (فئة أ),اخضر مرتفع,3
,,,,,,محلل بيانات,3799,,,,,,,,حائل,الخدمات الإدارية وخدمات الدعم,متوسطة (فئة أ),اخضر مرتفع,3
,,,,,,محلل دفاع أمن سيبراني,253,,,,,,,,حائل,الزراعة والحراجة وصيد الأسماك,متوسطة (فئة أ),اخضر مرتفع,3
,,,,,,محلل دفاع أمن سيبراني أنظمة تحكم صناعي وتقنيات تشغيلية,12,,,,,,,,حائل,الصناعة التحويلية,متوسطة (فئة أ),اخضر مرتفع,3
,,,,,,محلل سياسي,0,,,,,,,,حائل,الفنون والترفيه والتسلية,متوسطة (فئة أ),اخضر مرتفع,1
,,,,,,محلل شبكات,220,,,,,,,,حائل,تجارة الجملة والتجزئة وإصلاح المركبات ذات المحركات والدرجات النارية,متوسطة (فئة أ),اخضر مرتفع,12
,,,,,,محلل عمليات,3017,,,,,,,,عسير,أنشطة خدمات الاقامة والطعام,متوسطة (فئة أ),اخضر مرتفع,6
,,,,,,محلل قاعدة بيانات,792,,,,,,,,عسير,أنشطة صحة الانسان والعمل الاجتماعي,متوسطة (فئة أ),اخضر مرتفع,16
,,,,,,محلل مالي,901,,,,,,,,عسير,الأنشطة المهنية والعلمية والتقنية,متوسطة (فئة أ),اخضر مرتفع,1
,,,,,,محلل مبرمج,1277,,,,,,,,عسير,التشييد,متوسطة (فئة أ),اخضر مرتفع,13
,,,,,,محلل معلومات تهديدات سيبرانية,39,,,,,,,,عسير,التعدين واستغلال المحاجر,متوسطة (فئة أ),اخضر مرتفع,1
,,,,,,محلل مهني,761,,,,,,,,عسير,التعليم,متوسطة (فئة أ),اخضر مرتفع,1
,,,,,,محلل نظم المعلومات,16442,,,,,,,,عسير,الخدمات الإدارية وخدمات الدعم,متوسطة (فئة أ),اخضر مرتفع,4
,,,,,,محلل نظم عام,3612,,,,,,,,عسير,الزراعة والحراجة وصيد الأسماك,متوسطة (فئة أ),اخضر مرتفع,3
,,,,,,محلل نظم و معلومات جغرافية,137,,,,,,,,عسير,الصناعة التحويلية,متوسطة (فئة أ),اخضر مرتفع,12
,,,,,,محمص وطحان بن,14,,,,,,,,عسير,النقل والتخزين,متوسطة (فئة أ),اخضر مرتفع,11
,,,,,,محمض افلام فوتغرافية,0,,,,,,,,عسير,تجارة الجملة والتجزئة وإصلاح المركبات ذات المحركات والدرجات النارية,متوسطة (فئة أ),اخضر مرتفع,28
,,,,,,محنط حيونات,4,,,,,,,,مكة المكرمة,غير خاضعة لانشطة ISIC4,متوسطة (فئة أ),اخضر مرتفع,3
,,,,,,مخبر,1,,,,,,,,مكة المكرمة,أنشطة الخدمات الأخرى,متوسطة (فئة أ),اخضر مرتفع,2
,,,,,,مختبر برامج,26,,,,,,,,مكة المكرمة,أنشطة خدمات الاقامة والطعام,متوسطة (فئة أ),اخضر مرتفع,46
,,,,,,مختبر نظم,153,,,,,,,,مكة المكرمة,أنشطة صحة الانسان والعمل الاجتماعي,متوسطة (فئة أ),اخضر مرتفع,17
,,,,,,مختزل و طابع آلة كاتبة عام _ ناسخ آلة,201,,,,,,,,مكة المكرمة,إمدادات الكهرباء والغاز والبخار وتكييف الهواء,متوسطة (فئة أ),اخضر مرتفع,1
,,,,,,مختص عناية أظافر,2970,,,,,,,,مكة المكرمة,الأنشطة العقارية,متوسطة (فئة أ),اخضر مرتفع,10
,,,,,,مختص عناية بشرة,847,,,,,,,,مكة المكرمة,الأنشطة المهنية والعلمية والتقنية,متوسطة (فئة أ),اخضر مرتفع,7
,,,,,,مخرج أفلام,90,,,,,,,,مكة المكرمة,التشييد,متوسطة (فئة أ),اخضر مرتفع,93
,,,,,,مخرج تصوير,64,,,,,,,,مكة المكرمة,التعدين واستغلال المحاجر,متوسطة (فئة أ),اخضر مرتفع,1
,,,,,,مخرج تليفزيوني وإذاعي,70,,,,,,,,مكة المكرمة,التعليم,متوسطة (فئة أ),اخضر مرتفع,11
,,,,,,مخرج سينمائي واذاعي وتلفازي,87,,,,,,,,مكة المكرمة,الخدمات الإدارية وخدمات الدعم,متوسطة (فئة أ),اخضر مرتفع,29
,,,,,,مخرج صحفي,9,,,,,,,,مكة المكرمة,الزراعة والحراجة وصيد الأسماك,متوسطة (فئة أ),اخضر مرتفع,2
,,,,,,مخرج مسرحي,10,,,,,,,,مكة المكرمة,الصناعة التحويلية,متوسطة (فئة أ),اخضر مرتفع,57
,,,,,,مخطط حضري,104,,,,,,,,مكة المكرمة,الفنون والترفيه والتسلية,متوسطة (فئة أ),اخضر مرتفع,3
,,,,,,مخطط عروض,159,,,,,,,,مكة المكرمة,المعلومات والاتصالات,متوسطة (فئة أ),اخضر مرتفع,1
,,,,,,مخطط مدن,166,,,,,,,,مكة المكرمة,النقل والتخزين,متوسطة (فئة أ),اخضر مرتفع,79
,,,,,,مخطط مرور,16,,,,,,,,مكة المكرمة,تجارة الجملة والتجزئة وإصلاح المركبات ذات المحركات والدرجات النارية,متوسطة (فئة أ),اخضر مرتفع,140
,,,,,,مخلص جمركي,734,,,,,,,,مكة المكرمة,لأنشطة المالية وأنشطة التأمين,متوسطة (فئة أ),اخضر مرتفع,3
,,,,,,مدبر بيت ضيافة,145,,,,,,,,نجران,أنشطة خدمات الاقامة والطعام,متوسطة (فئة أ),اخضر مرتفع,2
,,,,,,مدخل بيانات,47083,,,,,,,,نجران,أنشطة صحة الانسان والعمل الاجتماعي,متوسطة (فئة أ),اخضر مرتفع,1
,,,,,,مدرب إختصاصي أشعة,10,,,,,,,,نجران,إمدادات المياه وأنشطة الصرف الصحي وإدارة النفايات ومعالجتها,متوسطة (فئة أ),اخضر مرتفع,1
,,,,,,مدرب أداء صوتي,2,,,,,,,,نجران,التشييد,متوسطة (فئة أ),اخضر مرتفع,4
,,,,,,مدرب استعراضات,10,,,,,,,,نجران,التعدين واستغلال المحاجر,متوسطة (فئة أ),اخضر مرتفع,2
,,,,,,مدرب أعمال وإدارة,347,,,,,,,,نجران,الخدمات الإدارية وخدمات الدعم,متوسطة (فئة أ),اخضر مرتفع,1
,,,,,,مدرب ألعاب قوى محترف,60,,,,,,,,نجران,الصناعة التحويلية,متوسطة (فئة أ),اخضر مرتفع,4
,,,,,,مدرب أمن سيبراني,24,,,,,,,,نجران,الفنون والترفيه والتسلية,متوسطة (فئة أ),اخضر مرتفع,1
,,,,,,مدرب برامج وتطبيقات تقنية معلومات,106,,,,,,,,نجران,النقل والتخزين,متوسطة (فئة أ),اخضر مرتفع,1
,,,,,,مدرب تقنية معلومات,588,,,,,,,,نجران,تجارة الجملة والتجزئة وإصلاح المركبات ذات المحركات والدرجات النارية,متوسطة (فئة أ),اخضر مرتفع,10
,,,,,,مدرب تكنولوجيا اتصالات ومعلومات,45,,,,,,,,الباحة,غير خاضعة لانشطة ISIC4,متوسطة (فئة ب),اخضر مرتفع,1
,,,,,,مدرب تمثيل,7,,,,,,,,الباحة,الأنشطة العقارية,متوسطة (فئة ب),اخضر مرتفع,1
,,,,,,مدرب تمريض,0,,,,,,,,الباحة,الأنشطة المهنية والعلمية والتقنية,متوسطة (فئة ب),اخضر مرتفع,2
,,,,,,مدرب جمركي,11,,,,,,,,الباحة,التشييد,متوسطة (فئة ب),اخضر مرتفع,1
,,,,,,مدرب حاسب آلي,125,,,,,,,,الباحة,النقل والتخزين,متوسطة (فئة ب),اخضر مرتفع,1
,,,,,,مدرب حرف هندسة معمارية وبناء,6,,,,,,,,الباحة,تجارة الجملة والتجزئة وإصلاح المركبات ذات المحركات والدرجات النارية,متوسطة (فئة ب),اخضر مرتفع,3
,,,,,,مدرب حرف هندسية,136,,,,,,,,الجوف,أنشطة خدمات الاقامة والطعام,متوسطة (فئة ب),اخضر مرتفع,1
,,,,,,مدرب حيوانات,22,,,,,,,,الجوف,التشييد,متوسطة (فئة ب),اخضر مرتفع,3
,,,,,,مدرب خدمات صحية,1,,,,,,,,الجوف,التعليم,متوسطة (فئة ب),اخضر مرتفع,1
,,,,,,مدرب خيل,68,,,,,,,,الجوف,الصناعة التحويلية,متوسطة (فئة ب),اخضر مرتفع,4
,,,,,,مدرب رياضة بالكرة محترف,43,,,,,,,,الجوف,النقل والتخزين,متوسطة (فئة ب),اخضر مرتفع,1
,,,,,,مدرب رياضة جليدية محترف,2,,,,,,,,الجوف,تجارة الجملة والتجزئة وإصلاح المركبات ذات المحركات والدرجات النارية,متوسطة (فئة ب),اخضر مرتفع,1
,,,,,,مدرب رياضة دفاع عن النفس محترف,74,,,,,,,,الحدود الشمالية,التشييد,متوسطة (فئة ب),اخضر مرتفع,2
,,,,,,مدرب رياضة مائية محترف,310,,,,,,,,الحدود الشمالية,تجارة الجملة والتجزئة وإصلاح المركبات ذات المحركات والدرجات النارية,متوسطة (فئة ب),اخضر مرتفع,1
,,,,,,مدرب رياضة مضرب محترف,47,,,,,,,,الرياض,غير خاضعة لانشطة ISIC4,متوسطة (فئة ب),اخضر مرتفع,10
,,,,,,مدرب رياضي,5272,,,,,,,,الرياض,أنشطة خدمات الاقامة والطعام,متوسطة (فئة ب),اخضر مرتفع,26
,,,,,,مدرب سباحة,0,,,,,,,,الرياض,أنشطة صحة الانسان والعمل الاجتماعي,متوسطة (فئة ب),اخضر مرتفع,10
,,,,,,مدرب صقور الصيد,3,,,,,,,,الرياض,إمدادات المياه وأنشطة الصرف الصحي وإدارة النفايات ومعالجتها,متوسطة (فئة ب),اخضر مرتفع,2
,,,,,,مدرب صيدلة,4,,,,,,,,الرياض,الأنشطة العقارية,متوسطة (فئة ب),اخضر مرتفع,7
,,,,,,مدرب طب عام,3,,,,,,,,الرياض,الأنشطة المهنية والعلمية والتقنية,متوسطة (فئة ب),اخضر مرتفع,15
,,,,,,مدرب طيران,259,,,,,,,,الرياض,التشييد,متوسطة (فئة ب),اخضر مرتفع,98
,,,,,,مدرب عسكري,42,,,,,,,,الرياض,التعدين واستغلال المحاجر,متوسطة (فئة ب),اخضر مرتفع,5
,,,,,,مدرب علوم تطبيقية,92,,,,,,,,الرياض,التعليم,متوسطة (فئة ب),اخضر مرتفع,13
,,,,,,مدرب علوم كيمياء حيوية,1,,,,,,,,الرياض,الخدمات الإدارية وخدمات الدعم,متوسطة (فئة ب),اخضر مرتفع,40
,,,,,,مدرب علوم مخبرية,0,,,,,,,,الرياض,الزراعة والحراجة وصيد الأسماك,متوسطة (فئة ب),اخضر مرتفع,6
,,,,,,مدرب غوص محترف,0,,,,,,,,الرياض,الصناعة التحويلية,متوسطة (فئة ب),اخضر مرتفع,63
,,,,,,مدرب فروسية محترف,34,,,,,,,,الرياض,الفنون والترفيه والتسلية,متوسطة (فئة ب),اخضر مرتفع,3
,,,,,,مدرب فنون,34,,,,,,,,الرياض,المعلومات والاتصالات,متوسطة (فئة ب),اخضر مرتفع,13
,,,,,,مدرب فنون تشكيلية,10,,,,,,,,الرياض,النقل والتخزين,متوسطة (فئة ب),اخضر مرتفع,39
,,,,,,مدرب فني أشعة,0,,,,,,,,الرياض,تجارة الجملة والتجزئة وإصلاح المركبات ذات المحركات والدرجات النارية,متوسطة (فئة ب),اخضر مرتفع,58
,,,,,,مدرب فني تمريض,0,,,,,,,,الرياض,لأنشطة المالية وأنشطة التأمين,متوسطة (فئة ب),اخضر مرتفع,4
,,,,,,مدرب فني صيدلية,0,,,,,,,,الشرقية,أنشطة خدمات الاقامة والطعام,متوسطة (فئة ب),اخضر مرتفع,11
,,,,,,مدرب فني مختبرات,1,,,,,,,,الشرقية,أنشطة صحة الانسان والعمل الاجتماعي,متوسطة (فئة ب),اخضر مرتفع,7
,,,,,,مدرب قيادة,2176,,,,,,,,الشرقية,إمدادات المياه وأنشطة الصرف الصحي وإدارة النفايات ومعالجتها,متوسطة (فئة ب),اخضر مرتفع,1
,,,,,,مدرب قيادة سيارات,1042,,,,,,,,الشرقية,الأنشطة العقارية,متوسطة (فئة ب),اخضر مرتفع,2
,,,,,,مدرب قيادة مركبات ثقيلة,21,,,,,,,,الشرقية,الأنشطة المهنية والعلمية والتقنية,متوسطة (فئة ب),اخضر مرتفع,4
,,,,,,مدرب كرة تنس,1,,,,,,,,الشرقية,التشييد,متوسطة (فئة ب),اخضر مرتفع,48
,,,,,,مدرب كرة سلة,0,,,,,,,,الشرقية,التعدين واستغلال المحاجر,متوسطة (فئة ب),اخضر مرتفع,4
,,,,,,مدرب كرة طائرة,0,,,,,,,,الشرقية,التعليم,متوسطة (فئة ب),اخضر مرتفع,5
,,,,,,مدرب كرة قدم,0,,,,,,,,الشرقية,الخدمات الإدارية وخدمات الدعم,متوسطة (فئة ب),اخضر مرتفع,25
,,,,,,مدرب كرة قدم محترف,128,,,,,,,,الشرقية,الزراعة والحراجة وصيد الأسماك,متوسطة (فئة ب),اخضر مرتفع,2
,,,,,,مدرب كرة يد,0,,,,,,,,الشرقية,الصناعة التحويلية,متوسطة (فئة ب),اخضر مرتفع,64
,,,,,,مدرب كلاب الصيد,5,,,,,,,,الشرقية,الفنون والترفيه والتسلية,متوسطة (فئة ب),اخضر مرتفع,3
,,,,,,مدرب لياقة بدنية,2163,,,,,,,,الشرقية,النقل والتخزين,متوسطة (فئة ب),اخضر مرتفع,27
,,,,,,مدرب مبيعات الذهب والمجوهرات,0,,,,,,,,الشرقية,تجارة الجملة والتجزئة وإصلاح المركبات ذات المحركات والدرجات النارية,متوسطة (فئة ب),اخضر مرتفع,63
,,,,,,مدرب مختبرات,0,,,,,,,,الشرقية,لأنشطة المالية وأنشطة التأمين,متوسطة (فئة ب),اخضر مرتفع,2
,,,,,,مدرب معدات عسكرية,28,,,,,,,,القصيم,أنشطة خدمات الاقامة والطعام,متوسطة (فئة ب),اخضر مرتفع,1
,,,,,,مدرب مهني,1923,,,,,,,,القصيم,أنشطة صحة الانسان والعمل الاجتماعي,متوسطة (فئة ب),اخضر مرتفع,1
,,,,,,مدرب مهني بريدي,0,,,,,,,,القصيم,التشييد,متوسطة (فئة ب),اخضر مرتفع,4
,,,,,,مدرب مهني تجاري,437,,,,,,,,القصيم,التعليم,متوسطة (فئة ب),اخضر مرتفع,1
,,,,,,مدرب مهني تمريض,18,,,,,,,,القصيم,الخدمات الإدارية وخدمات الدعم,متوسطة (فئة ب),اخضر مرتفع,8
,,,,,,مدرب مهني زراعي,2,,,,,,,,القصيم,الزراعة والحراجة وصيد الأسماك,متوسطة (فئة ب),اخضر مرتفع,6
,,,,,,مدرب مهني صناعي,1281,,,,,,,,القصيم,الصناعة التحويلية,متوسطة (فئة ب),اخضر مرتفع,3
,,,,,,مدرب مهني فندقي,12,,,,,,,,القصيم,النقل والتخزين,متوسطة (فئة ب),اخضر مرتفع,5
,,,,,,مدرس اجتماعيات,54,,,,,,,,القصيم,تجارة الجملة والتجزئة وإصلاح المركبات ذات المحركات والدرجات النارية,متوسطة (فئة ب),اخضر مرتفع,10
,,,,,,مدرس احياء,1,,,,,,,,المدينة,أنشطة خدمات الاقامة والطعام,متوسطة (فئة ب),اخضر مرتفع,2
,,,,,,مدرس أدارة أعمال,0,,,,,,,,المدينة,أنشطة صحة الانسان والعمل الاجتماعي,متوسطة (فئة ب),اخضر مرتفع,14
,,,,,,مدرس تخصصات بحرية,12,,,,,,,,المدينة,الأنشطة العقارية,متوسطة (فئة ب),اخضر مرتفع,1
,,,,,,مدرس تدبير منزلي,7,,,,,,,,المدينة,الأنشطة المهنية والعلمية والتقنية,متوسطة (فئة ب),اخضر مرتفع,1
,,,,,,مدرس تربية دينية,83,,,,,,,,المدينة,التشييد,متوسطة (فئة ب),اخضر مرتفع,5
,,,,,,مدرس تربية رياضية,63,,,,,,,,المدينة,الخدمات الإدارية وخدمات الدعم,متوسطة (فئة ب),اخضر مرتفع,10
,,,,,,مدرس تربية فنية,47,,,,,,,,المدينة,الزراعة والحراجة وصيد الأسماك,متوسطة (فئة ب),اخضر مرتفع,1
,,,,,,مدرس جيولوجيا,4,,,,,,,,المدينة,الصناعة التحويلية,متوسطة (فئة ب),اخضر مرتفع,6
,,,,,,مدرس حاسب آلي,377,,,,,,,,المدينة,النقل والتخزين,متوسطة (فئة ب),اخضر مرتفع,2
,,,,,,مدرس خاص,79,,,,,,,,المدينة,تجارة الجملة والتجزئة وإصلاح المركبات ذات المحركات والدرجات النارية,متوسطة (فئة ب),اخضر مرتفع,12
,,,,,,مدرس رياضيات,307,,,,,,,,تبوك,أنشطة خدمات الاقامة والطعام,متوسطة (فئة ب),اخضر مرتفع,1
,,,,,,مدرس صم وبكم,11,,,,,,,,تبوك,أنشطة صحة الانسان والعمل الاجتماعي,متوسطة (فئة ب),اخضر مرتفع,3
,,,,,,مدرس فيزياء,2,,,,,,,,تبوك,التشييد,متوسطة (فئة ب),اخضر مرتفع,2
,,,,,,مدرس كيمياء,829,,,,,,,,تبوك,التعدين واستغلال المحاجر,متوسطة (فئة ب),اخضر مرتفع,2
,,,,,,مدرس لغات,619,,,,,,,,تبوك,الخدمات الإدارية وخدمات الدعم,متوسطة (فئة ب),اخضر مرتفع,1
,,,,,,مدرس لغة أجنبية,1696,,,,,,,,تبوك,الصناعة التحويلية,متوسطة (فئة ب),اخضر مرتفع,1
,,,,,,مدرس متخلفين عقليا,160,,,,,,,,تبوك,الفنون والترفيه والتسلية,متوسطة (فئة ب),اخضر مرتفع,1
,,,,,,مدرس مكفوفين,21,,,,,,,,تبوك,النقل والتخزين,متوسطة (فئة ب),اخضر مرتفع,1
,,,,,,مدرس مهني تجاري,202,,,,,,,,تبوك,تجارة الجملة والتجزئة وإصلاح المركبات ذات المحركات والدرجات النارية,متوسطة (فئة ب),اخضر مرتفع,6
,,,,,,مدرس مهني رزاعي,1,,,,,,,,جازان,غير خاضعة لانشطة ISIC4,متوسطة (فئة ب),اخضر مرتفع,1
,,,,,,مدرس مهني صناعي,86,,,,,,,,جازان,أنشطة خدمات الاقامة والطعام,متوسطة (فئة ب),اخضر مرتفع,1
,,,,,,مدرس مهني فندقة,1,,,,,,,,جازان,أنشطة صحة الانسان والعمل الاجتماعي,متوسطة (فئة ب),اخضر مرتفع,4
,,,,,,مدع عام,15,,,,,,,,جازان,الأنشطة المهنية والعلمية والتقنية,متوسطة (فئة ب),اخضر مرتفع,3
,,,,,,مدقق أمن سيبراني,35,,,,,,,,جازان,الخدمات الإدارية وخدمات الدعم,متوسطة (فئة ب),اخضر مرتفع,1
,,,,,,مدقق تذاكر,179,,,,,,,,جازان,تجارة الجملة والتجزئة وإصلاح المركبات ذات المحركات والدرجات النارية,متوسطة (فئة ب),اخضر مرتفع,4
,,,,,,مدقق حسابات,2009,,,,,,,,حائل,أنشطة صحة الانسان والعمل الاجتماعي,متوسطة (فئة ب),اخضر مرتفع,3
,,,,,,مدقق داخلي أنظمة جودة,160,,,,,,,,حائل,التشييد,متوسطة (فئة ب),اخضر مرتفع,2
,,,,,,مدقق لغوي,0,,,,,,,,حائل,الخدمات الإدارية وخدمات الدعم,متوسطة (فئة ب),اخضر مرتفع,1
,,,,,,مدير ابحاث ودراسات,98,,,,,,,,حائل,تجارة الجملة والتجزئة وإصلاح المركبات ذات المحركات والدرجات النارية,متوسطة (فئة ب),اخضر مرتفع,2
,,,,,,مدير اتحاد ملاك,3,,,,,,,,عسير,أنشطة خدمات الاقامة والطعام,متوسطة (فئة ب),اخضر مرتفع,1
,,,,,,مدير اتصالات,309,,,,,,,,عسير,أنشطة صحة الانسان والعمل الاجتماعي,متوسطة (فئة ب),اخضر مرتفع,4
,,,,,,مدير اتصالات سلكية ولا سلكية,119,,,,,,,,عسير,التشييد,متوسطة (فئة ب),اخضر مرتفع,3
,,,,,,مدير آثار,11,,,,,,,,عسير,التعدين واستغلال المحاجر,متوسطة (فئة ب),اخضر مرتفع,1
,,,,,,مدير أثار,0,,,,,,,,عسير,الخدمات الإدارية وخدمات الدعم,متوسطة (فئة ب),اخضر مرتفع,9
,,,,,,مدير إحصاء,117,,,,,,,,عسير,الزراعة والحراجة وصيد الأسماك,متوسطة (فئة ب),اخضر مرتفع,1
,,,,,,مدير احصاء,27,,,,,,,,عسير,النقل والتخزين,متوسطة (فئة ب),اخضر مرتفع,3
,,,,,,مدير إخراج فني للمطبوعات,11,,,,,,,,عسير,تجارة الجملة والتجزئة وإصلاح المركبات ذات المحركات والدرجات النارية,متوسطة (فئة ب),اخضر مرتفع,13
,,,,,,مدير ادارة استثمارالنقد,0,,,,,,,,مكة المكرمة,غير خاضعة لانشطة ISIC4,متوسطة (فئة ب),اخضر مرتفع,4
,,,,,,مدير ادارة الاسهم,0,,,,,,,,مكة المكرمة,أنشطة خدمات الاقامة والطعام,متوسطة (فئة ب),اخضر مرتفع,21
,,,,,,مدير إدارة الأمن والسلامة,364,,,,,,,,مكة المكرمة,أنشطة صحة الانسان والعمل الاجتماعي,متوسطة (فئة ب),اخضر مرتفع,17
,,,,,,مدير ادارة الانظمة,2,,,,,,,,مكة المكرمة,الأنشطة العقارية,متوسطة (فئة ب),اخضر مرتفع,4
,,,,,,مدير ادارة التجارة الدولية,0,,,,,,,,مكة المكرمة,الأنشطة المهنية والعلمية والتقنية,متوسطة (فئة ب),اخضر مرتفع,8
,,,,,,مدير ادارة التحصيل والائتمان,2,,,,,,,,مكة المكرمة,التشييد,متوسطة (فئة ب),اخضر مرتفع,56
,,,,,,مدير ادارة التخطيط الاستراتيجي,0,,,,,,,,مكة المكرمة,التعدين واستغلال المحاجر,متوسطة (فئة ب),اخضر مرتفع,4
,,,,,,مدير ادارة التخطيط والتنسيق المالي,87,,,,,,,,مكة المكرمة,التعليم,متوسطة (فئة ب),اخضر مرتفع,16
,,,,,,مدير ادارة التدريب والبرامج الخاصة,0,,,,,,,,مكة المكرمة,الخدمات الإدارية وخدمات الدعم,متوسطة (فئة ب),اخضر مرتفع,17
,,,,,,مدير ادارة التطوير الوظيفي,0,,,,,,,,مكة المكرمة,الصناعة التحويلية,متوسطة (فئة ب),اخضر مرتفع,43
,,,,,,مدير ادارة التقاريرالمالية,130,,,,,,,,مكة المكرمة,الفنون والترفيه والتسلية,متوسطة (فئة ب),اخضر مرتفع,2
,,,,,,مدير ادارة التمويل,2,,,,,,,,مكة المكرمة,المعلومات والاتصالات,متوسطة (فئة ب),اخضر مرتفع,3
,,,,,,مدير ادارة الخدمات المساندة,953,,,,,,,,مكة المكرمة,النقل والتخزين,متوسطة (فئة ب),اخضر مرتفع,28
,,,,,,مدير ادارة الخطط السنوية,0,,,,,,,,مكة المكرمة,تجارة الجملة والتجزئة وإصلاح المركبات ذات المحركات والدرجات النارية,متوسطة (فئة ب),اخضر مرتفع,73
,,,,,,مدير ادارة الدعاية والاعلان,0,,,,,,,,مكة المكرمة,لأنشطة المالية وأنشطة التأمين,متوسطة (فئة ب),اخضر مرتفع,1
,,,,,,مدير ادارة الزكاة والضرائب,38,,,,,,,,نجران,التشييد,متوسطة (فئة ب),اخضر مرتفع,4
,,,,,,مدير ادارة الصيانة والاتصالات,0,,,,,,,,نجران,الخدمات الإدارية وخدمات الدعم,متوسطة (فئة ب),اخضر مرتفع,3
,,,,,,مدير ادارة العقود والمناقصات,0,,,,,,,,نجران,الصناعة التحويلية,متوسطة (فئة ب),اخضر مرتفع,1
,,,,,,مدير ادارة المخاطر,1,,,,,,,,نجران,النقل والتخزين,متوسطة (فئة ب),اخضر مرتفع,2
,,,,,,مدير ادارة المراجعة الداخلية,116,,,,,,,,الباحة,أنشطة صحة الانسان والعمل الاجتماعي,متوسطة (فئة ج),اخضر مرتفع,1
,,,,,,مدير ادارة المنافع,1,,,,,,,,الباحة,التشييد,متوسطة (فئة ج),اخضر مرتفع,1
,,,,,,مدير ادارة المواد الخام,0,,,,,,,,الباحة,الفنون والترفيه والتسلية,متوسطة (فئة ج),اخضر مرتفع,1
,,,,,,مدير ادارة النظم الادارية,1,,,,,,,,الباحة,تجارة الجملة والتجزئة وإصلاح المركبات ذات المحركات والدرجات النارية,متوسطة (فئة ج),اخضر مرتفع,4
,,,,,,مدير ادارة تخطيط القوى العاملة,0,,,,,,,,الجوف,أنشطة صحة الانسان والعمل الاجتماعي,متوسطة (فئة ج),اخضر مرتفع,1
,,,,,,مدير ادارة تقاريرالتشغيل,0,,,,,,,,الجوف,التشييد,متوسطة (فئة ج),اخضر مرتفع,1
,,,,,,مدير إدارة حشود,41,,,,,,,,الجوف,الخدمات الإدارية وخدمات الدعم,متوسطة (فئة ج),اخضر مرتفع,2
,,,,,,مدير ادارة خدمات المكاتب,20,,,,,,,,الجوف,النقل والتخزين,متوسطة (فئة ج),اخضر مرتفع,1
,,,,,,مدير ادارة شحن وتوزيع الشرق,0,,,,,,,,الجوف,تجارة الجملة والتجزئة وإصلاح المركبات ذات المحركات والدرجات النارية,متوسطة (فئة ج),اخضر مرتفع,5
,,,,,,مدير ادارة شحن وتوزيع الغاز,0,,,,,,,,الحدود الشمالية,أنشطة صحة الانسان والعمل الاجتماعي,متوسطة (فئة ج),اخضر مرتفع,1
,,,,,,مدير ادارة شحن وتوزيع الغرب,0,,,,,,,,الحدود الشمالية,الخدمات الإدارية وخدمات الدعم,متوسطة (فئة ج),اخضر مرتفع,1
,,,,,,مدير ادارة صحفية,5,,,,,,,,الحدود الشمالية,تجارة الجملة والتجزئة وإصلاح المركبات ذات المحركات والدرجات النارية,متوسطة (فئة ج),اخضر مرتفع,4
,,,,,,مدير ادارة عامة الخدمات المساندة,10,,,,,,,,الرياض,غير خاضعة لانشطة ISIC4,متوسطة (فئة ج),اخضر مرتفع,4
,,,,,,مدير إدارة مخاطر,492,,,,,,,,الرياض,أنشطة الخدمات الأخرى,متوسطة (فئة ج),اخضر مرتفع,1
,,,,,,مدير ادارة مدفوعات الموردين,7,,,,,,,,الرياض,أنشطة خدمات الاقامة والطعام,متوسطة (فئة ج),اخضر مرتفع,7
,,,,,,مدير ادارة مدفوعات الموظفين,4,,,,,,,,الرياض,أنشطة صحة الانسان والعمل الاجتماعي,متوسطة (فئة ج),اخضر مرتفع,19
,,,,,,مدير ادارة مساندة تقنية المعلومات,213,,,,,,,,الرياض,إمدادات المياه وأنشطة الصرف الصحي وإدارة النفايات ومعالجتها,متوسطة (فئة ج),اخضر مرتفع,1
,,,,,,مدير إدارة مشاريع,13440,,,,,,,,الرياض,الأنشطة العقارية,متوسطة (فئة ج),اخضر مرتفع,2
,,,,,,مدير إداري,18886,,,,,,,,الرياض,الأنشطة المهنية والعلمية والتقنية,متوسطة (فئة ج),اخضر مرتفع,4
,,,,,,مدير اداري,18123,,,,,,,,الرياض,التشييد,متوسطة (فئة ج),اخضر مرتفع,60
,,,,,,مدير إذاعة,2,,,,,,,,الرياض,التعدين واستغلال المحاجر,متوسطة (فئة ج),اخضر مرتفع,5
,,,,,,مدير استثمار,1656,,,,,,,,الرياض,التعليم,متوسطة (فئة ج),اخضر مرتفع,11
,,,,,,مدير استكشاف آبار النفط والغاز,52,,,,,,,,الرياض,الخدمات الإدارية وخدمات الدعم,متوسطة (فئة ج),اخضر مرتفع,50
,,,,,,مدير إستكشاف حقول الغاز,0,,,,,,,,الرياض,الزراعة والحراجة وصيد الأسماك,متوسطة (فئة ج),اخضر مرتفع,2
,,,,,,مدير أسطول,35,,,,,,,,الرياض,الصناعة التحويلية,متوسطة (فئة ج),اخضر مرتفع,47
,,,,,,مدير إشراف تعليمي,196,,,,,,,,الرياض,الفنون والترفيه والتسلية,متوسطة (فئة ج),اخضر مرتفع,1
,,,,,,مدير إشراف وتوجيه تربوي,27,,,,,,,,الرياض,المعلومات والاتصالات,متوسطة (فئة ج),اخضر مرتفع,14
,,,,,,مدير أشغال ومرافق عامة,431,,,,,,,,الرياض,النقل والتخزين,متوسطة (فئة ج),اخضر مرتفع,15
,,,,,,مدير اشغال ومرافق عامة,110,,,,,,,,الرياض,تجارة الجملة والتجزئة وإصلاح المركبات ذات المحركات والدرجات النارية,متوسطة (فئة ج),اخضر مرتفع,90
,,,,,,مدير إعلام,168,,,,,,,,الرياض,لأنشطة المالية وأنشطة التأمين,متوسطة (فئة ج),اخضر مرتفع,2
,,,,,,مدير اعلام,77,,,,,,,,الشرقية,غير خاضعة لانشطة ISIC4,متوسطة (فئة ج),اخضر مرتفع,2
,,,,,,مدير إعلام رقمي,114,,,,,,,,الشرقية,أنشطة الخدمات الأخرى,متوسطة (فئة ج),اخضر مرتفع,1
,,,,,,مدير اعمال تأمين,138,,,,,,,,الشرقية,أنشطة خدمات الاقامة والطعام,متوسطة (فئة ج),اخضر مرتفع,13
,,,,,,مدير اعمال مصرفية,1058,,,,,,,,الشرقية,أنشطة صحة الانسان والعمل الاجتماعي,متوسطة (فئة ج),اخضر مرتفع,17
,,,,,,مدير إقليمي,735,,,,,,,,الشرقية,إمدادات المياه وأنشطة الصرف الصحي وإدارة النفايات ومعالجتها,متوسطة (فئة ج),اخضر مرتفع,1
,,,,,,مدير إكتواري,25,,,,,,,,الشرقية,الأنشطة المهنية والعلمية والتقنية,متوسطة (فئة ج),اخضر مرتفع,3
,,,,,,مدير الادارة,1782,,,,,,,,الشرقية,"الإدارة العامة والدفاع , الضمان الاجتماعي الالزامي",متوسطة (فئة ج),اخضر مرتفع,1
,,,,,,مدير الادارة العامة لتطبيقات تقنية المعلومات,106,,,,,,,,الشرقية,التشييد,متوسطة (فئة ج),اخضر مرتفع,47
,,,,,,مدير الادارة العامة لخدمات الزبائن,0,,,,,,,,الشرقية,التعدين واستغلال المحاجر,متوسطة (فئة ج),اخضر مرتفع,5
,,,,,,مدير الادارة العامة للأمن الصناعي,1,,,,,,,,الشرقية,التعليم,متوسطة (فئة ج),اخضر مرتفع,1
,,,,,,مدير الادارة العامة للتخطيط والاستثمار وحدة الالمنيوم,2,,,,,,,,الشرقية,الخدمات الإدارية وخدمات الدعم,متوسطة (فئة ج),اخضر مرتفع,17
,,,,,,مدير الادارة العامة للتشغيل والمساندة لتقنية المعلومات,34,,,,,,,,الشرقية,الصناعة التحويلية,متوسطة (فئة ج),اخضر مرتفع,34
,,,,,,مدير الادارة العامة للخطط والتشغيل,20,,,,,,,,الشرقية,الفنون والترفيه والتسلية,متوسطة (فئة ج),اخضر مرتفع,2
,,,,,,مدير الادارة العامة للسياسات التجارية,1,,,,,,,,الشرقية,المعلومات والاتصالات,متوسطة (فئة ج),اخضر مرتفع,1
,,,,,,مدير الادارة العامة للشئون القانونية,0,,,,,,,,الشرقية,النقل والتخزين,متوسطة (فئة ج),اخضر مرتفع,10
,,,,,,مدير الادارة العامة للفرص الجديدة,2,,,,,,,,الشرقية,تجارة الجملة والتجزئة وإصلاح المركبات ذات المحركات والدرجات النارية,متوسطة (فئة ج),اخضر مرتفع,68
,,,,,,مدير الادارة العامة للمراجعة,39,,,,,,,,الشرقية,لأنشطة المالية وأنشطة التأمين,متوسطة (فئة ج),اخضر مرتفع,2
,,,,,,مدير الادارة العامة للنقد,0,,,,,,,,القصيم,أنشطة صحة الانسان والعمل الاجتماعي,متوسطة (فئة ج),اخضر مرتفع,2
,,,,,,مدير الادارة العامة لمحاسبة المنتجات,14,,,,,,,,القصيم,إمدادات المياه وأنشطة الصرف الصحي وإدارة النفايات ومعالجتها,متوسطة (فئة ج),اخضر مرتفع,1
,,,,,,مدير الادارة العامة لمكتب العضو المنتدب,0,,,,,,,,القصيم,التشييد,متوسطة (فئة ج),اخضر مرتفع,3
,,,,,,مدير الادارة العامة لمناولة الموادالسائلة,1,,,,,,,,القصيم,الخدمات الإدارية وخدمات الدعم,متوسطة (فئة ج),اخضر مرتفع,7
,,,,,,مدير الادارة العامة لنسيق التشغيل والتسويق وحدة الالمنيوم,0,,,,,,,,القصيم,الزراعة والحراجة وصيد الأسماك,متوسطة (فئة ج),اخضر مرتفع,1
,,,,,,مدير الإسكان والمواد,0,,,,,,,,القصيم,الصناعة التحويلية,متوسطة (فئة ج),اخضر مرتفع,3
,,,,,,مدير البحوث والتنمية,43,,,,,,,,القصيم,تجارة الجملة والتجزئة وإصلاح المركبات ذات المحركات والدرجات النارية,متوسطة (فئة ج),اخضر مرتفع,22
,,,,,,مدير التخطيط الاستراتيجي,1,,,,,,,,المدينة,أنشطة خدمات الاقامة والطعام,متوسطة (فئة ج),اخضر مرتفع,1
,,,,,,مدير التخطيط العمراني,83,,,,,,,,المدينة,أنشطة صحة الانسان والعمل الاجتماعي,متوسطة (فئة ج),اخضر مرتفع,8
,,,,,,مدير التخطيط المالي والقروض,0,,,,,,,,المدينة,الأنشطة المهنية والعلمية والتقنية,متوسطة (فئة ج),اخضر مرتفع,1
,,,,,,مدير التزام,535,,,,,,,,المدينة,التشييد,متوسطة (فئة ج),اخضر مرتفع,2
,,,,,,مدير التشغيل الفني,1,,,,,,,,المدينة,التعليم,متوسطة (فئة ج),اخضر مرتفع,1
,,,,,,مدير التشغيل والاستثمار للغازات الصناعية,0,,,,,,,,المدينة,الخدمات الإدارية وخدمات الدعم,متوسطة (فئة ج),اخضر مرتفع,13
,,,,,,مدير التطوير للخدمات الإدارية,0,,,,,,,,المدينة,الصناعة التحويلية,متوسطة (فئة ج),اخضر مرتفع,2
,,,,,,مدير التظلمات,2,,,,,,,,المدينة,الفنون والترفيه والتسلية,متوسطة (فئة ج),اخضر مرتفع,1
,,,,,,مدير التنسيق,219,,,,,,,,المدينة,المعلومات والاتصالات,متوسطة (فئة ج),اخضر مرتفع,2
,,,,,,مدير الخدمات الارضية,0,,,,,,,,المدينة,النقل والتخزين,متوسطة (فئة ج),اخضر مرتفع,3
,,,,,,مدير الدعاية والعلاقات العامة,880,,,,,,,,المدينة,تجارة الجملة والتجزئة وإصلاح المركبات ذات المحركات والدرجات النارية,متوسطة (فئة ج),اخضر مرتفع,34
,,,,,,مدير الشحن لمنطقة اوربا وامريكا,1,,,,,,,,المدينة,لأنشطة المالية وأنشطة التأمين,متوسطة (فئة ج),اخضر مرتفع,2
,,,,,,مدير العلاقات الصناعية وعلاقات الافراد,476,,,,,,,,تبوك,أنشطة صحة الانسان والعمل الاجتماعي,متوسطة (فئة ج),اخضر مرتفع,1
,,,,,,مدير المبيعات الداخلية وخدمات الزبائن,889,,,,,,,,تبوك,الخدمات الإدارية وخدمات الدعم,متوسطة (فئة ج),اخضر مرتفع,4
,,,,,,مدير المعلومات التجارية والابحاث التسويقية,0,,,,,,,,تبوك,النقل والتخزين,متوسطة (فئة ج),اخضر مرتفع,1
,,,,,,مدير المعلومات التجارية والبحوث,0,,,,,,,,تبوك,تجارة الجملة والتجزئة وإصلاح المركبات ذات المحركات والدرجات النارية,متوسطة (فئة ج),اخضر مرتفع,10
,,,,,,مدير النقل البحري,42,,,,,,,,جازان,غير خاضعة لانشطة ISIC4,متوسطة (فئة ج),اخضر مرتفع,1
,,,,,,مدير النقل البرّي,250,,,,,,,,جازان,أنشطة خدمات الاقامة والطعام,متوسطة (فئة ج),اخضر مرتفع,1
,,,,,,مدير النقل الجوّي,44,,,,,,,,جازان,أنشطة صحة الانسان والعمل الاجتماعي,متوسطة (فئة ج),اخضر مرتفع,1
,,,,,,مدير أمن بيانات,47,,,,,,,,جازان,التشييد,متوسطة (فئة ج),اخضر مرتفع,3
,,,,,,مدير أمن سيبراني,276,,,,,,,,جازان,الخدمات الإدارية وخدمات الدعم,متوسطة (فئة ج),اخضر مرتفع,2
,,,,,,مدير أمن عام,228,,,,,,,,جازان,الصناعة التحويلية,متوسطة (فئة ج),اخضر مرتفع,2
,,,,,,مدير انتاج,862,,,,,,,,جازان,النقل والتخزين,متوسطة (فئة ج),اخضر مرتفع,1
,,,,,,مدير انتاج إذاعي,23,,,,,,,,جازان,تجارة الجملة والتجزئة وإصلاح المركبات ذات المحركات والدرجات النارية,متوسطة (فئة ج),اخضر مرتفع,12
,,,,,,مدير انتاج اذاعي وتلفازي,20,,,,,,,,حائل,أنشطة خدمات الاقامة والطعام,متوسطة (فئة ج),اخضر مرتفع,1
,,,,,,مدير إنتاج النفط والغاز,13,,,,,,,,حائل,أنشطة صحة الانسان والعمل الاجتماعي,متوسطة (فئة ج),اخضر مرتفع,1
,,,,,,مدير إنتاج تلفزيوني,24,,,,,,,,حائل,التشييد,متوسطة (فئة ج),اخضر مرتفع,1
,,,,,,مدير إنتاج سينمائي,76,,,,,,,,حائل,الخدمات الإدارية وخدمات الدعم,متوسطة (فئة ج),اخضر مرتفع,4
,,,,,,مدير انتاج سينمائي,11,,,,,,,,حائل,الصناعة التحويلية,متوسطة (فئة ج),اخضر مرتفع,2
,,,,,,مدير إنتاج صناعي,752,,,,,,,,حائل,تجارة الجملة والتجزئة وإصلاح المركبات ذات المحركات والدرجات النارية,متوسطة (فئة ج),اخضر مرتفع,12
,,,,,,مدير إنتاج مسرحي,11,,,,,,,,عسير,أنشطة خدمات الاقامة والطعام,متوسطة (فئة ج),اخضر مرتفع,11
,,,,,,مدير انتاج مسرحي,2,,,,,,,,عسير,أنشطة صحة الانسان والعمل الاجتماعي,متوسطة (فئة ج),اخضر مرتفع,4
,,,,,,مدير انتاج مقالع ومناجم,11,,,,,,,,عسير,التشييد,متوسطة (فئة ج),اخضر مرتفع,2
,,,,,,مدير أنظمة تقنية معلومات,320,,,,,,,,عسير,الخدمات الإدارية وخدمات الدعم,متوسطة (فئة ج),اخضر مرتفع,4
,,,,,,مدير أوقاف,7,,,,,,,,عسير,الصناعة التحويلية,متوسطة (فئة ج),اخضر مرتفع,1
,,,,,,مدير ائتمان,378,,,,,,,,عسير,النقل والتخزين,متوسطة (فئة ج),اخضر مرتفع,2
,,,,,,مدير بحث وتطوير,511,,,,,,,,عسير,تجارة الجملة والتجزئة وإصلاح المركبات ذات المحركات والدرجات النارية,متوسطة (فئة ج),اخضر مرتفع,33
,,,,,,مدير برمجيات,119,,,,,,,,مكة المكرمة,أنشطة خدمات الاقامة والطعام,متوسطة (فئة ج),اخضر مرتفع,6
,,,,,,مدير بريد,45,,,,,,,,مكة المكرمة,أنشطة صحة الانسان والعمل الاجتماعي,متوسطة (فئة ج),اخضر مرتفع,20
,,,,,,مدير بنك,158,,,,,,,,مكة المكرمة,إمدادات المياه وأنشطة الصرف الصحي وإدارة النفايات ومعالجتها,متوسطة (فئة ج),اخضر مرتفع,1
,,,,,,مدير بيت شباب,1,,,,,,,,مكة المكرمة,الأنشطة العقارية,متوسطة (فئة ج),اخضر مرتفع,2
,,,,,,مدير بيت ضيافة,19,,,,,,,,مكة المكرمة,الأنشطة المهنية والعلمية والتقنية,متوسطة (فئة ج),اخضر مرتفع,2
,,,,,,مدير تجارة إلكترونية,135,,,,,,,,مكة المكرمة,التشييد,متوسطة (فئة ج),اخضر مرتفع,14
,,,,,,مدير تجاري,2562,,,,,,,,مكة المكرمة,التعدين واستغلال المحاجر,متوسطة (فئة ج),اخضر مرتفع,1
,,,,,,مدير تحرير,58,,,,,,,,مكة المكرمة,التعليم,متوسطة (فئة ج),اخضر مرتفع,3
,,,,,,مدير تحصيل,1358,,,,,,,,مكة المكرمة,الخدمات الإدارية وخدمات الدعم,متوسطة (فئة ج),اخضر مرتفع,17
,,,,,,مدير تحقيق إداري,69,,,,,,,,مكة المكرمة,الصناعة التحويلية,متوسطة (فئة ج),اخضر مرتفع,24
,,,,,,مدير تحليل تجاري وبحوث التخطيط والتشغيل,0,,,,,,,,مكة المكرمة,الفنون والترفيه والتسلية,متوسطة (فئة ج),اخضر مرتفع,1
,,,,,,مدير تخطيط,720,,,,,,,,مكة المكرمة,المعلومات والاتصالات,متوسطة (فئة ج),اخضر مرتفع,1
,,,,,,مدير تخطيط إستراتيجي,858,,,,,,,,مكة المكرمة,النقل والتخزين,متوسطة (فئة ج),اخضر مرتفع,15
,,,,,,مدير تخطيط الاستراتيجي والاستثمار,1,,,,,,,,مكة المكرمة,تجارة الجملة والتجزئة وإصلاح المركبات ذات المحركات والدرجات النارية,متوسطة (فئة ج),اخضر مرتفع,116
,,,,,,مدير تخطيط التشغيل,0,,,,,,,,مكة المكرمة,لأنشطة المالية وأنشطة التأمين,متوسطة (فئة ج),اخضر مرتفع,1
,,,,,,مدير تخطيط التشغيل والتقنية,53,,,,,,,,نجران,التشييد,متوسطة (فئة ج),اخضر مرتفع,5
,,,,,,مدير تخطيط العمليات,1,,,,,,,,نجران,الخدمات الإدارية وخدمات الدعم,متوسطة (فئة ج),اخضر مرتفع,4
,,,,,,مدير تخطيط العمليات والتقنية,70,,,,,,,,نجران,النقل والتخزين,متوسطة (فئة ج),اخضر مرتفع,3
,,,,,,مدير تخطيط عمليات اليوريا,0,,,,,,,,نجران,تجارة الجملة والتجزئة وإصلاح المركبات ذات المحركات والدرجات النارية,متوسطة (فئة ج),اخضر مرتفع,3
,,,,,,مدير تخطيط قوى عاملة,138,,,,,,,,الباحة,غير خاضعة لانشطة ISIC4,صغيرة (فئة ب),اخضر منخفض,18
,,,,,,مدير تخطيط وتطوير,1894,,,,,,,,الباحة,أنشطة الخدمات الأخرى,صغيرة (فئة ب),اخضر منخفض,36
,,,,,,مدير تداول,18,,,,,,,,الباحة,أنشطة خدمات الاقامة والطعام,صغيرة (فئة ب),اخضر منخفض,127
,,,,,,مدير تدريب,1030,,,,,,,,الباحة,أنشطة صحة الانسان والعمل الاجتماعي,صغيرة (فئة ب),اخضر منخفض,2
,,,,,,مدير تراخيص وتصاريح,64,,,,,,,,الباحة,إمدادات المياه وأنشطة الصرف الصحي وإدارة النفايات ومعالجتها,صغيرة (فئة ب),اخضر منخفض,2
,,,,,,مدير تسويق,19133,,,,,,,,الباحة,الأنشطة العقارية,صغيرة (فئة ب),اخضر منخفض,10
,,,,,,مدير تشغيل المنتجات البلاستيكية,0,,,,,,,,الباحة,الأنشطة المهنية والعلمية والتقنية,صغيرة (فئة ب),اخضر منخفض,10
,,,,,,مدير تشغيل وصيانة نظام تقويم الوظائف,0,,,,,,,,الباحة,التشييد,صغيرة (فئة ب),اخضر منخفض,51
,,,,,,مدير تصنيع,144,,,,,,,,الباحة,التعليم,صغيرة (فئة ب),اخضر منخفض,1
,,,,,,مدير تصنيف فنادق,3,,,,,,,,الباحة,الخدمات الإدارية وخدمات الدعم,صغيرة (فئة ب),اخضر منخفض,14
,,,,,,مدير تصنيف مهن,17,,,,,,,,الباحة,الزراعة والحراجة وصيد الأسماك,صغيرة (فئة ب),اخضر منخفض,2
,,,,,,مدير تصوير سينمائي,24,,,,,,,,الباحة,الصناعة التحويلية,صغيرة (فئة ب),اخضر منخفض,98
,,,,,,مدير تطوير الاعمال للغازات الصناعية,5,,,,,,,,الباحة,الفنون والترفيه والتسلية,صغيرة (فئة ب),اخضر منخفض,3
,,,,,,مدير تطوير المنتجات,1003,,,,,,,,الباحة,المعلومات والاتصالات,صغيرة (فئة ب),اخضر منخفض,3
,,,,,,مدير تطوير برامج تدريبية,131,,,,,,,,الباحة,النقل والتخزين,صغيرة (فئة ب),اخضر منخفض,10
,,,,,,مدير تطوير موارد بشرية,2064,,,,,,,,الباحة,تجارة الجملة والتجزئة وإصلاح المركبات ذات المحركات والدرجات النارية,صغيرة (فئة ب),اخضر منخفض,307
,,,,,,مدير تطوير مؤسسي,652,,,,,,,,الجوف,غير خاضعة لانشطة ISIC4,صغيرة (فئة ب),اخضر منخفض,82
,,,,,,مدير تعدين,8,,,,,,,,الجوف,أنشطة الخدمات الأخرى,صغيرة (فئة ب),اخضر منخفض,50
,,,,,,مدير تعويضات,78,,,,,,,,الجوف,أنشطة خدمات الاقامة والطعام,صغيرة (فئة ب),اخضر منخفض,129
,,,,,,مدير تقنية معلومات,1064,,,,,,,,الجوف,أنشطة صحة الانسان والعمل الاجتماعي,صغيرة (فئة ب),اخضر منخفض,7
,,,,,,مدير تقييم عقاري,97,,,,,,,,الجوف,الأنشطة العقارية,صغيرة (فئة ب),اخضر منخفض,4
,,,,,,مدير تكرير نفط,2,,,,,,,,الجوف,الأنشطة المهنية والعلمية والتقنية,صغيرة (فئة ب),اخضر منخفض,12
,,,,,,مدير تلفزيون,3,,,,,,,,الجوف,التشييد,صغيرة (فئة ب),اخضر منخفض,70
,,,,,,مدير تموين,100,,,,,,,,الجوف,التعدين واستغلال المحاجر,صغيرة (فئة ب),اخضر منخفض,1
,,,,,,مدير تنسيق التعاون الدولي,0,,,,,,,,الجوف,التعليم,صغيرة (فئة ب),اخضر منخفض,9
,,,,,,مدير تنظيم إداري,1810,,,,,,,,الجوف,الخدمات الإدارية وخدمات الدعم,صغيرة (فئة ب),اخضر منخفض,33
,,,,,,مدير تنفيذي,1235,,,,,,,,الجوف,الزراعة والحراجة وصيد الأسماك,صغيرة (فئة ب),اخضر منخفض,20
,,,,,,مدير تنمية اجتماعية,33,,,,,,,,الجوف,الصناعة التحويلية,صغيرة (فئة ب),اخضر منخفض,95
,,,,,,مدير تنمية اقتصادية,113,,,,,,,,الجوف,الفنون والترفيه والتسلية,صغيرة (فئة ب),اخضر منخفض,4
,,,,,,مدير توظيف,1247,,,,,,,,الجوف,المعلومات والاتصالات,صغيرة (فئة ب),اخضر منخفض,1
,,,,,,مدير جامعة,3,,,,,,,,الجوف,النقل والتخزين,صغيرة (فئة ب),اخضر منخفض,59
,,,,,,مدير جمرك,13,,,,,,,,الجوف,تجارة الجملة والتجزئة وإصلاح المركبات ذات المحركات والدرجات النارية,صغيرة (فئة ب),اخضر منخفض,365
,,,,,,مدير جمع التبرعات,9,,,,,,,,الحدود الشمالية,غير خاضعة لانشطة ISIC4,صغيرة (فئة ب),اخضر منخفض,24
,,,,,,مدير جمعية,170,,,,,,,,الحدود الشمالية,أنشطة الخدمات الأخرى,صغيرة (فئة ب),اخضر منخفض,39
,,,,,,مدير جوازات,1,,,,,,,,الحدود الشمالية,أنشطة خدمات الاقامة والطعام,صغيرة (فئة ب),اخضر منخفض,86
,,,,,,مدير جودة,1529,,,,,,,,الحدود الشمالية,أنشطة صحة الانسان والعمل الاجتماعي,صغيرة (فئة ب),اخضر منخفض,7
,,,,,,مدير حساب عميل,634,,,,,,,,الحدود الشمالية,إمدادات الكهرباء والغاز والبخار وتكييف الهواء,صغيرة (فئة ب),اخضر منخفض,1
,,,,,,مدير حسابات,4856,,,,,,,,الحدود الشمالية,إمدادات المياه وأنشطة الصرف الصحي وإدارة النفايات ومعالجتها,صغيرة (فئة ب),اخضر منخفض,1
,,,,,,مدير حسابات تعريفة,107,,,,,,,,الحدود الشمالية,الأنشطة العقارية,صغيرة (فئة ب),اخضر منخفض,1
,,,,,,مدير حسابات وميزانية,1036,,,,,,,,الحدود الشمالية,الأنشطة المهنية والعلمية والتقنية,صغيرة (فئة ب),اخضر منخفض,7
,,,,,,مدير حماية مستثمر,26,,,,,,,,الحدود الشمالية,التشييد,صغيرة (فئة ب),اخضر منخفض,47
,,,,,,مدير حماية مستهلكين,14,,,,,,,,الحدود الشمالية,التعليم,صغيرة (فئة ب),اخضر منخفض,4
,,,,,,مدير خدمات أطعمة ومشروبات,4674,,,,,,,,الحدود الشمالية,الخدمات الإدارية وخدمات الدعم,صغيرة (فئة ب),اخضر منخفض,15
,,,,,,مدير خدمات الرحلات,2,,,,,,,,الحدود الشمالية,الزراعة والحراجة وصيد الأسماك,صغيرة (فئة ب),اخضر منخفض,4
,,,,,,مدير خدمات الشحن,25,,,,,,,,الحدود الشمالية,الصناعة التحويلية,صغيرة (فئة ب),اخضر منخفض,62
,,,,,,مدير خدمات النفط والغاز,40,,,,,,,,الحدود الشمالية,الفنون والترفيه والتسلية,صغيرة (فئة ب),اخضر منخفض,7
,,,,,,مدير خدمات بنكية,372,,,,,,,,الحدود الشمالية,المعلومات والاتصالات,صغيرة (فئة ب),اخضر منخفض,1
,,,,,,مدير خدمات تأمين,447,,,,,,,,الحدود الشمالية,النقل والتخزين,صغيرة (فئة ب),اخضر منخفض,34
,,,,,,مدير خدمات حجاج,5,,,,,,,,الحدود الشمالية,تجارة الجملة والتجزئة وإصلاح المركبات ذات المحركات والدرجات النارية,صغيرة (فئة ب),اخضر منخفض,255
,,,,,,مدير خدمات عملاء,2101,,,,,,,,الرياض,غير خاضعة لانشطة ISIC4,صغيرة (فئة ب),اخضر منخفض,"5,045"
,,,,,,مدير خدمات فنية ومنسق التقنية,81,,,,,,,,الرياض,أنشطة الخدمات الأخرى,صغيرة (فئة ب),اخضر منخفض,905
,,,,,,مدير خدمات لوجستية,937,,,,,,,,الرياض,أنشطة خدمات الاقامة والطعام,صغيرة (فئة ب),اخضر منخفض,"1,661"
,,,,,,مدير خدمات مشتركة,789,,,,,,,,الرياض,أنشطة صحة الانسان والعمل الاجتماعي,صغيرة (فئة ب),اخضر منخفض,206
,,,,,,مدير خدمة العملاء,3666,,,,,,,,الرياض,إمدادات الكهرباء والغاز والبخار وتكييف الهواء,صغيرة (فئة ب),اخضر منخفض,15
,,,,,,مدير خزانة,119,,,,,,,,الرياض,إمدادات المياه وأنشطة الصرف الصحي وإدارة النفايات ومعالجتها,صغيرة (فئة ب),اخضر منخفض,16
,,,,,,مدير خزينة,569,,,,,,,,الرياض,الأنشطة العقارية,صغيرة (فئة ب),اخضر منخفض,314
,,,,,,مدير خطوط أنابيب,14,,,,,,,,الرياض,الأنشطة المهنية والعلمية والتقنية,صغيرة (فئة ب),اخضر منخفض,521
,,,,,,مدير خطوط حديدية,9,,,,,,,,الرياض,"الإدارة العامة والدفاع , الضمان الاجتماعي الالزامي",صغيرة (فئة ب),اخضر منخفض,3
,,,,,,مدير دار رعاية اجتماعية,4,,,,,,,,الرياض,التشييد,صغيرة (فئة ب),اخضر منخفض,"1,701"
,,,,,,مدير دراسات أبحاث,353,,,,,,,,الرياض,التعدين واستغلال المحاجر,صغيرة (فئة ب),اخضر منخفض,22
,,,,,,مدير دعاية وإعلان,411,,,,,,,,الرياض,التعليم,صغيرة (فئة ب),اخضر منخفض,119
,,,,,,مدير دعم فني تقنية معلومات,522,,,,,,,,الرياض,الخدمات الإدارية وخدمات الدعم,صغيرة (فئة ب),اخضر منخفض,846
,,,,,,مدير رعاية شباب ورياضة,11,,,,,,,,الرياض,الزراعة والحراجة وصيد الأسماك,صغيرة (فئة ب),اخضر منخفض,145
,,,,,,مدير رقابة ادارية,1193,,,,,,,,الرياض,الصناعة التحويلية,صغيرة (فئة ب),اخضر منخفض,"2,096"
,,,,,,مدير رقابة أسواق تجارية,216,,,,,,,,الرياض,الفنون والترفيه والتسلية,صغيرة (فئة ب),اخضر منخفض,205
,,,,,,مدير رقابة إعلام ونشر,14,,,,,,,,الرياض,المعلومات والاتصالات,صغيرة (فئة ب),اخضر منخفض,297
,,,,,,مدير رقابة خدمات مالية,157,,,,,,,,الرياض,النقل والتخزين,صغيرة (فئة ب),اخضر منخفض,"1,269"
,,,,,,مدير رقابة صحة عامة,8,,,,,,,,الرياض,تجارة الجملة والتجزئة وإصلاح المركبات ذات المحركات والدرجات النارية,صغيرة (فئة ب),اخضر منخفض,"6,810"
,,,,,,مدير رقابة صيدلية,17,,,,,,,,الرياض,لأنشطة المالية وأنشطة التأمين,صغيرة (فئة ب),اخضر منخفض,51
,,,,,,مدير رقابة فنادق,22,,,,,,,,الشرقية,غير خاضعة لانشطة ISIC4,صغيرة (فئة ب),اخضر منخفض,328
,,,,,,مدير رقابة مرافق صحية,6,,,,,,,,الشرقية,أنشطة الخدمات الأخرى,صغيرة (فئة ب),اخضر منخفض,652
,,,,,,مدير روضة,101,,,,,,,,الشرقية,أنشطة خدمات الاقامة والطعام,صغيرة (فئة ب),اخضر منخفض,"1,376"
,,,,,,مدير سكة حديد,0,,,,,,,,الشرقية,أنشطة صحة الانسان والعمل الاجتماعي,صغيرة (فئة ب),اخضر منخفض,38
,,,,,,مدير سكن طلاب,3,,,,,,,,الشرقية,إمدادات الكهرباء والغاز والبخار وتكييف الهواء,صغيرة (فئة ب),اخضر منخفض,16
,,,,,,مدير سلامة وصحة مهنية,238,,,,,,,,الشرقية,إمدادات المياه وأنشطة الصرف الصحي وإدارة النفايات ومعالجتها,صغيرة (فئة ب),اخضر منخفض,14
,,,,,,مدير سلسلة توريد,372,,,,,,,,الشرقية,الأنشطة العقارية,صغيرة (فئة ب),اخضر منخفض,114
,,,,,,مدير سياسات مؤسسية,29,,,,,,,,الشرقية,الأنشطة المهنية والعلمية والتقنية,صغيرة (فئة ب),اخضر منخفض,152
,,,,,,مدير سينما,73,,,,,,,,الشرقية,"الإدارة العامة والدفاع , الضمان الاجتماعي الالزامي",صغيرة (فئة ب),اخضر منخفض,1
,,,,,,مدير شبكات اتصالات,52,,,,,,,,الشرقية,التشييد,صغيرة (فئة ب),اخضر منخفض,975
,,,,,,مدير شريك,3673,,,,,,,,الشرقية,التعدين واستغلال المحاجر,صغيرة (فئة ب),اخضر منخفض,27
,,,,,,مدير شؤون اجتماعية,72,,,,,,,,الشرقية,التعليم,صغيرة (فئة ب),اخضر منخفض,72
,,,,,,مدير شؤون إسكان,32,,,,,,,,الشرقية,الخدمات الإدارية وخدمات الدعم,صغيرة (فئة ب),اخضر منخفض,380
,,,,,,مدير شؤون إعلامية,48,,,,,,,,الشرقية,الزراعة والحراجة وصيد الأسماك,صغيرة (فئة ب),اخضر منخفض,55
,,,,,,مدير شؤون إقامة,11,,,,,,,,الشرقية,الصناعة التحويلية,صغيرة (فئة ب),اخضر منخفض,"1,107"
,,,,,,مدير شؤون بلدية وقروية,2,,,,,,,,الشرقية,الفنون والترفيه والتسلية,صغيرة (فئة ب),اخضر منخفض,70
,,,,,,مدير شؤون تحقيق شرعي,2,,,,,,,,الشرقية,المعلومات والاتصالات,صغيرة (فئة ب),اخضر منخفض,68
,,,,,,مدير شؤون ترجمة,35,,,,,,,,الشرقية,النقل والتخزين,صغيرة (فئة ب),اخضر منخفض,365
,,,,,,مدير شؤون ثروة حيوانية,6,,,,,,,,الشرقية,تجارة الجملة والتجزئة وإصلاح المركبات ذات المحركات والدرجات النارية,صغيرة (فئة ب),اخضر منخفض,"3,786"
,,,,,,مدير شؤون ثروة سمكية,5,,,,,,,,الشرقية,لأنشطة المالية وأنشطة التأمين,صغيرة (فئة ب),اخضر منخفض,16
,,,,,,مدير شؤون ثقافية,26,,,,,,,,القصيم,غير خاضعة لانشطة ISIC4,صغيرة (فئة ب),اخضر منخفض,171
,,,,,,مدير شؤون دينية,6,,,,,,,,القصيم,أنشطة الخدمات الأخرى,صغيرة (فئة ب),اخضر منخفض,224
,,,,,,مدير شؤون ري,3,,,,,,,,القصيم,أنشطة خدمات الاقامة والطعام,صغيرة (فئة ب),اخضر منخفض,393
,,,,,,مدير شؤون رياضية,73,,,,,,,,القصيم,أنشطة صحة الانسان والعمل الاجتماعي,صغيرة (فئة ب),اخضر منخفض,22
,,,,,,مدير شؤون زراعية,96,,,,,,,,القصيم,إمدادات الكهرباء والغاز والبخار وتكييف الهواء,صغيرة (فئة ب),اخضر منخفض,2
,,,,,,مدير شؤون سياحة,6,,,,,,,,القصيم,إمدادات المياه وأنشطة الصرف الصحي وإدارة النفايات ومعالجتها,صغيرة (فئة ب),اخضر منخفض,3
,,,,,,مدير شؤون سياحية,35,,,,,,,,القصيم,الأنشطة العقارية,صغيرة (فئة ب),اخضر منخفض,31
,,,,,,مدير شؤون سياسية,3,,,,,,,,القصيم,الأنشطة المهنية والعلمية والتقنية,صغيرة (فئة ب),اخضر منخفض,30
,,,,,,مدير شؤون صحية,59,,,,,,,,القصيم,التشييد,صغيرة (فئة ب),اخضر منخفض,358
,,,,,,مدير شؤون طلاب,34,,,,,,,,القصيم,التعدين واستغلال المحاجر,صغيرة (فئة ب),اخضر منخفض,2
,,,,,,مدير شؤون عمل,1433,,,,,,,,القصيم,التعليم,صغيرة (فئة ب),اخضر منخفض,15
,,,,,,مدير شؤون قانونية,1545,,,,,,,,القصيم,الخدمات الإدارية وخدمات الدعم,صغيرة (فئة ب),اخضر منخفض,142
,,,,,,مدير شؤون محاماة,83,,,,,,,,القصيم,الزراعة والحراجة وصيد الأسماك,صغيرة (فئة ب),اخضر منخفض,47
,,,,,,مدير شؤون مراعي وغابات,1,,,,,,,,القصيم,الصناعة التحويلية,صغيرة (فئة ب),اخضر منخفض,358
,,,,,,مدير شؤون معلمين,25,,,,,,,,القصيم,الفنون والترفيه والتسلية,صغيرة (فئة ب),اخضر منخفض,24
,,,,,,مدير شئون اجتماعية,112,,,,,,,,القصيم,المعلومات والاتصالات,صغيرة (فئة ب),اخضر منخفض,10
,,,,,,مدير شئون اقتصاد وتجارة,99,,,,,,,,القصيم,النقل والتخزين,صغيرة (فئة ب),اخضر منخفض,156
,,,,,,مدير شئون المكاتب الاقليمية,0,,,,,,,,القصيم,تجارة الجملة والتجزئة وإصلاح المركبات ذات المحركات والدرجات النارية,صغيرة (فئة ب),اخضر منخفض,"1,216"
,,,,,,مدير شئون تعليميه,229,,,,,,,,القصيم,لأنشطة المالية وأنشطة التأمين,صغيرة (فئة ب),اخضر منخفض,1
,,,,,,مدير شئون ثقافة واعلام,36,,,,,,,,المدينة,غير خاضعة لانشطة ISIC4,صغيرة (فئة ب),اخضر منخفض,185
,,,,,,مدير شئون زراعة وري,16,,,,,,,,المدينة,أنشطة الخدمات الأخرى,صغيرة (فئة ب),اخضر منخفض,188
,,,,,,مدير شئون صحية,105,,,,,,,,المدينة,أنشطة خدمات الاقامة والطعام,صغيرة (فئة ب),اخضر منخفض,694
,,,,,,مدير شئون صناعية,68,,,,,,,,المدينة,أنشطة صحة الانسان والعمل الاجتماعي,صغيرة (فئة ب),اخضر منخفض,31
,,,,,,مدير شئون عمل وعمال,460,,,,,,,,المدينة,إمدادات الكهرباء والغاز والبخار وتكييف الهواء,صغيرة (فئة ب),اخضر منخفض,5
,,,,,,مدير شئون قضائية وعدلية,0,,,,,,,,المدينة,إمدادات المياه وأنشطة الصرف الصحي وإدارة النفايات ومعالجتها,صغيرة (فئة ب),اخضر منخفض,8
,,,,,,مدير شئون مالية ومحاسبة,3267,,,,,,,,المدينة,الأنشطة العقارية,صغيرة (فئة ب),اخضر منخفض,52
,,,,,,مدير شئون موظفين,7768,,,,,,,,المدينة,الأنشطة المهنية والعلمية والتقنية,صغيرة (فئة ب),اخضر منخفض,49
,,,,,,مدير صحة عامة,33,,,,,,,,المدينة,التشييد,صغيرة (فئة ب),اخضر منخفض,364
,,,,,,مدير صيانة,2492,,,,,,,,المدينة,التعدين واستغلال المحاجر,صغيرة (فئة ب),اخضر منخفض,6
,,,,,,مدير صيدلة,47,,,,,,,,المدينة,التعليم,صغيرة (فئة ب),اخضر منخفض,30
,,,,,,مدير ضمان اجتماعي وإعانات,4,,,,,,,,المدينة,الخدمات الإدارية وخدمات الدعم,صغيرة (فئة ب),اخضر منخفض,140
,,,,,,مدير ضيافة,181,,,,,,,,المدينة,الزراعة والحراجة وصيد الأسماك,صغيرة (فئة ب),اخضر منخفض,24
,,,,,,مدير طباعة ونشر,55,,,,,,,,المدينة,الصناعة التحويلية,صغيرة (فئة ب),اخضر منخفض,359
,,,,,,مدير عام,51159,,,,,,,,المدينة,الفنون والترفيه والتسلية,صغيرة (فئة ب),اخضر منخفض,24
,,,,,,مدير عقود,643,,,,,,,,المدينة,المعلومات والاتصالات,صغيرة (فئة ب),اخضر منخفض,18
,,,,,,مدير علاقات الأفراد,1238,,,,,,,,المدينة,النقل والتخزين,صغيرة (فئة ب),اخضر منخفض,109
,,,,,,مدير علاقات دولية,156,,,,,,,,المدينة,تجارة الجملة والتجزئة وإصلاح المركبات ذات المحركات والدرجات النارية,صغيرة (فئة ب),اخضر منخفض,"1,720"
,,,,,,مدير علاقات صناعية,168,,,,,,,,المدينة,لأنشطة المالية وأنشطة التأمين,صغيرة (فئة ب),اخضر منخفض,1
,,,,,,مدير علاقات عامة,11544,,,,,,,,تبوك,غير خاضعة لانشطة ISIC4,صغيرة (فئة ب),اخضر منخفض,42
,,,,,,مدير عمليات إطفاء وإنقاذ,18,,,,,,,,تبوك,أنشطة الخدمات الأخرى,صغيرة (فئة ب),اخضر منخفض,111
,,,,,,مدير عمليات أمن,319,,,,,,,,تبوك,أنشطة خدمات الاقامة والطعام,صغيرة (فئة ب),اخضر منخفض,245
,,,,,,مدير عمليات إنشائية,394,,,,,,,,تبوك,أنشطة صحة الانسان والعمل الاجتماعي,صغيرة (فئة ب),اخضر منخفض,9
,,,,,,مدير عمليات بريدية,16,,,,,,,,تبوك,إمدادات الكهرباء والغاز والبخار وتكييف الهواء,صغيرة (فئة ب),اخضر منخفض,1
,,,,,,مدير عمليات تشغيل,7336,,,,,,,,تبوك,إمدادات المياه وأنشطة الصرف الصحي وإدارة النفايات ومعالجتها,صغيرة (فئة ب),اخضر منخفض,3
,,,,,,مدير عمليات تشغيل خطوط حديدية,13,,,,,,,,تبوك,الأنشطة العقارية,صغيرة (فئة ب),اخضر منخفض,11
,,,,,,مدير عمليات جمركية,39,,,,,,,,تبوك,الأنشطة المهنية والعلمية والتقنية,صغيرة (فئة ب),اخضر منخفض,18
,,,,,,مدير عمليات جوازات,1,,,,,,,,تبوك,التشييد,صغيرة (فئة ب),اخضر منخفض,115
,,,,,,مدير عمليات جيولوجية,15,,,,,,,,تبوك,التعدين واستغلال المحاجر,صغيرة (فئة ب),اخضر منخفض,1
,,,,,,مدير عمليات حج وعمرة,16,,,,,,,,تبوك,التعليم,صغيرة (فئة ب),اخضر منخفض,16
,,,,,,مدير عمليات حماية بيئة,49,,,,,,,,تبوك,الخدمات الإدارية وخدمات الدعم,صغيرة (فئة ب),اخضر منخفض,60
,,,,,,مدير عمليات رعاية شباب,2,,,,,,,,تبوك,الزراعة والحراجة وصيد الأسماك,صغيرة (فئة ب),اخضر منخفض,13
,,,,,,مدير عمليات سلامة,362,,,,,,,,تبوك,الصناعة التحويلية,صغيرة (فئة ب),اخضر منخفض,136
,,,,,,مدير عمليات طرق وجسور,11,,,,,,,,تبوك,الفنون والترفيه والتسلية,صغيرة (فئة ب),اخضر منخفض,12
,,,,,,مدير عمليات طيران,165,,,,,,,,تبوك,المعلومات والاتصالات,صغيرة (فئة ب),اخضر منخفض,6
,,,,,,مدير عمليات فندقة,210,,,,,,,,تبوك,النقل والتخزين,صغيرة (فئة ب),اخضر منخفض,45
,,,,,,مدير عمليات فندقية,39,,,,,,,,تبوك,تجارة الجملة والتجزئة وإصلاح المركبات ذات المحركات والدرجات النارية,صغيرة (فئة ب),اخضر منخفض,562
,,,,,,مدير عمليات محطة نقل بري,51,,,,,,,,تبوك,لأنشطة المالية وأنشطة التأمين,صغيرة (فئة ب),اخضر منخفض,1
,,,,,,مدير عمليات موارد بشرية,7744,,,,,,,,جازان,غير خاضعة لانشطة ISIC4,صغيرة (فئة ب),اخضر منخفض,81
,,,,,,مدير عمليات موانئ,27,,,,,,,,جازان,أنشطة الخدمات الأخرى,صغيرة (فئة ب),اخضر منخفض,78
,,,,,,مدير عمليات مياه وصرف صحي,33,,,,,,,,جازان,أنشطة خدمات الاقامة والطعام,صغيرة (فئة ب),اخضر منخفض,388
,,,,,,مدير عمليات هندسة إلكترونية,25,,,,,,,,جازان,أنشطة صحة الانسان والعمل الاجتماعي,صغيرة (فئة ب),اخضر منخفض,8
,,,,,,مدير عمليات هندسة صناعية,79,,,,,,,,جازان,إمدادات الكهرباء والغاز والبخار وتكييف الهواء,صغيرة (فئة ب),اخضر منخفض,3
,,,,,,مدير عمليات هندسة كهربائية,120,,,,,,,,جازان,إمدادات المياه وأنشطة الصرف الصحي وإدارة النفايات ومعالجتها,صغيرة (فئة ب),اخضر منخفض,8
,,,,,,مدير عمليات هندسة كيميائية,17,,,,,,,,جازان,الأنشطة العقارية,صغيرة (فئة ب),اخضر منخفض,28
,,,,,,مدير عمليات هندسة مدنية,93,,,,,,,,جازان,الأنشطة المهنية والعلمية والتقنية,صغيرة (فئة ب),اخضر منخفض,26
,,,,,,مدير عمليات هندسة ميكانيكية,93,,,,,,,,جازان,التشييد,صغيرة (فئة ب),اخضر منخفض,176
,,,,,,مدير غرفة تجارية وصناعية,5,,,,,,,,جازان,التعدين واستغلال المحاجر,صغيرة (فئة ب),اخضر منخفض,1
,,,,,,مدير فرع,11616,,,,,,,,جازان,التعليم,صغيرة (فئة ب),اخضر منخفض,1
,,,,,,مدير فندق,468,,,,,,,,جازان,الخدمات الإدارية وخدمات الدعم,صغيرة (فئة ب),اخضر منخفض,39
,,,,,,مدير في تجارة التجزئة,355,,,,,,,,جازان,الزراعة والحراجة وصيد الأسماك,صغيرة (فئة ب),اخضر منخفض,23
,,,,,,مدير قبول وتسجيل,41,,,,,,,,جازان,الصناعة التحويلية,صغيرة (فئة ب),اخضر منخفض,176
,,,,,,مدير قسم المساندة الفنية للزبائن,0,,,,,,,,جازان,الفنون والترفيه والتسلية,صغيرة (فئة ب),اخضر منخفض,9
,,,,,,مدير قسم مختبر التصنيع,0,,,,,,,,جازان,المعلومات والاتصالات,صغيرة (فئة ب),اخضر منخفض,7
,,,,,,مدير قسم مختبر للخواص الفيزيائية والمكانيكية,1,,,,,,,,جازان,النقل والتخزين,صغيرة (فئة ب),اخضر منخفض,36
,,,,,,مدير قواعد بيانات,136,,,,,,,,جازان,تجارة الجملة والتجزئة وإصلاح المركبات ذات المحركات والدرجات النارية,صغيرة (فئة ب),اخضر منخفض,962
,,,,,,مدير قياس وتقويم,8,,,,,,,,حائل,غير خاضعة لانشطة ISIC4,صغيرة (فئة ب),اخضر منخفض,142
,,,,,,مدير كهرباء,17,,,,,,,,حائل,أنشطة الخدمات الأخرى,صغيرة (فئة ب),اخضر منخفض,76
,,,,,,مدير مالي,4808,,,,,,,,حائل,أنشطة خدمات الاقامة والطعام,صغيرة (فئة ب),اخضر منخفض,149
,,,,,,مدير مبيعات,17324,,,,,,,,حائل,أنشطة صحة الانسان والعمل الاجتماعي,صغيرة (فئة ب),اخضر منخفض,7
,,,,,,مدير مبيعات تجزئة,805,,,,,,,,حائل,إمدادات الكهرباء والغاز والبخار وتكييف الهواء,صغيرة (فئة ب),اخضر منخفض,1
,,,,,,مدير مبيعات جملة,328,,,,,,,,حائل,إمدادات المياه وأنشطة الصرف الصحي وإدارة النفايات ومعالجتها,صغيرة (فئة ب),اخضر منخفض,1
,,,,,,مدير متابعة,984,,,,,,,,حائل,الأنشطة العقارية,صغيرة (فئة ب),اخضر منخفض,11
,,,,,,مدير متابعة وأداء مؤسسي,955,,,,,,,,حائل,الأنشطة المهنية والعلمية والتقنية,صغيرة (فئة ب),اخضر منخفض,15
,,,,,,مدير متجر,589,,,,,,,,حائل,التشييد,صغيرة (فئة ب),اخضر منخفض,100
,,,,,,مدير متحف,9,,,,,,,,حائل,التعدين واستغلال المحاجر,صغيرة (فئة ب),اخضر منخفض,3
,,,,,,مدير محجر,22,,,,,,,,حائل,التعليم,صغيرة (فئة ب),اخضر منخفض,3
,,,,,,مدير محطة تحلية مياه,29,,,,,,,,حائل,الخدمات الإدارية وخدمات الدعم,صغيرة (فئة ب),اخضر منخفض,45
,,,,,,مدير محطة توليد طاقة,38,,,,,,,,حائل,الزراعة والحراجة وصيد الأسماك,صغيرة (فئة ب),اخضر منخفض,17
,,,,,,مدير محطة طيران,0,,,,,,,,حائل,الصناعة التحويلية,صغيرة (فئة ب),اخضر منخفض,103
,,,,,,مدير محطة معالجة مياه,29,,,,,,,,حائل,الفنون والترفيه والتسلية,صغيرة (فئة ب),اخضر منخفض,13
,,,,,,مدير محطة نقل بري,29,,,,,,,,حائل,المعلومات والاتصالات,صغيرة (فئة ب),اخضر منخفض,9
,,,,,,مدير محفوظات ووثائق,63,,,,,,,,حائل,النقل والتخزين,صغيرة (فئة ب),اخضر منخفض,38
,,,,,,مدير محل تناول الوجبات السريعة,19,,,,,,,,حائل,تجارة الجملة والتجزئة وإصلاح المركبات ذات المحركات والدرجات النارية,صغيرة (فئة ب),اخضر منخفض,535
,,,,,,مدير محل زهور,0,,,,,,,,حائل,لأنشطة المالية وأنشطة التأمين,صغيرة (فئة ب),اخضر منخفض,1
,,,,,,مدير مخازن (مستودع),502,,,,,,,,عسير,غير خاضعة لانشطة ISIC4,صغيرة (فئة ب),اخضر منخفض,140
,,,,,,مدير مختبر تحاليل طبية,86,,,,,,,,عسير,أنشطة الخدمات الأخرى,صغيرة (فئة ب),اخضر منخفض,251
,,,,,,مدير مختبر تحليلات,58,,,,,,,,عسير,أنشطة خدمات الاقامة والطعام,صغيرة (فئة ب),اخضر منخفض,685
,,,,,,مدير مختبر تصنيع,111,,,,,,,,عسير,أنشطة صحة الانسان والعمل الاجتماعي,صغيرة (فئة ب),اخضر منخفض,34
,,,,,,مدير مخيم,13,,,,,,,,عسير,إمدادات الكهرباء والغاز والبخار وتكييف الهواء,صغيرة (فئة ب),اخضر منخفض,2
,,,,,,مدير مدرسة,637,,,,,,,,عسير,إمدادات المياه وأنشطة الصرف الصحي وإدارة النفايات ومعالجتها,صغيرة (فئة ب),اخضر منخفض,5
,,,,,,مدير مدينه صناعيه,2,,,,,,,,عسير,الأنشطة العقارية,صغيرة (فئة ب),اخضر منخفض,43
,,,,,,مدير مراجعة,840,,,,,,,,عسير,الأنشطة المهنية والعلمية والتقنية,صغيرة (فئة ب),اخضر منخفض,35
,,,,,,مدير مراجعة داخلية,582,,,,,,,,عسير,التشييد,صغيرة (فئة ب),اخضر منخفض,334
,,,,,,مدير مراسم,23,,,,,,,,عسير,التعدين واستغلال المحاجر,صغيرة (فئة ب),اخضر منخفض,6
,,,,,,مدير مراقبة جوية,12,,,,,,,,عسير,التعليم,صغيرة (فئة ب),اخضر منخفض,15
,,,,,,مدير مراقبة عمليات نفطية,839,,,,,,,,عسير,الخدمات الإدارية وخدمات الدعم,صغيرة (فئة ب),اخضر منخفض,96
,,,,,,مدير مركز اتصالات,84,,,,,,,,عسير,الزراعة والحراجة وصيد الأسماك,صغيرة (فئة ب),اخضر منخفض,30
,,,,,,مدير مركز تدريب,139,,,,,,,,عسير,الصناعة التحويلية,صغيرة (فئة ب),اخضر منخفض,382
,,,,,,مدير مركز تدريب فني,7,,,,,,,,عسير,الفنون والترفيه والتسلية,صغيرة (فئة ب),اخضر منخفض,22
,,,,,,مدير مركز ترفيهي,79,,,,,,,,عسير,المعلومات والاتصالات,صغيرة (فئة ب),اخضر منخفض,14
,,,,,,مدير مركز تسوق,80,,,,,,,,عسير,النقل والتخزين,صغيرة (فئة ب),اخضر منخفض,132
,,,,,,مدير مركز رعاية اجتماعية,16,,,,,,,,عسير,تجارة الجملة والتجزئة وإصلاح المركبات ذات المحركات والدرجات النارية,صغيرة (فئة ب),اخضر منخفض,"1,702"
,,,,,,مدير مركز رعاية الاطفال,103,,,,,,,,عسير,لأنشطة المالية وأنشطة التأمين,صغيرة (فئة ب),اخضر منخفض,2
,,,,,,مدير مركز رعاية الأيتام,2,,,,,,,,مكة المكرمة,غير خاضعة لانشطة ISIC4,صغيرة (فئة ب),اخضر منخفض,631
,,,,,,مدير مركز رعاية ذوي الاعاقة,115,,,,,,,,مكة المكرمة,أنشطة الخدمات الأخرى,صغيرة (فئة ب),اخضر منخفض,612
,,,,,,مدير مركز صحي,30,,,,,,,,مكة المكرمة,أنشطة خدمات الاقامة والطعام,صغيرة (فئة ب),اخضر منخفض,"1,950"
,,,,,,مدير مزرعة,14,,,,,,,,مكة المكرمة,أنشطة صحة الانسان والعمل الاجتماعي,صغيرة (فئة ب),اخضر منخفض,92
,,,,,,مدير مزرعة تربية حيوان,1,,,,,,,,مكة المكرمة,إمدادات الكهرباء والغاز والبخار وتكييف الهواء,صغيرة (فئة ب),اخضر منخفض,5
,,,,,,مدير مزرعة حيوانات,86,,,,,,,,مكة المكرمة,إمدادات المياه وأنشطة الصرف الصحي وإدارة النفايات ومعالجتها,صغيرة (فئة ب),اخضر منخفض,24
,,,,,,مدير مزرعة دواجن,8,,,,,,,,مكة المكرمة,الأنشطة العقارية,صغيرة (فئة ب),اخضر منخفض,310
,,,,,,مدير مزرعة سمكية,4,,,,,,,,مكة المكرمة,الأنشطة المهنية والعلمية والتقنية,صغيرة (فئة ب),اخضر منخفض,266
,,,,,,مدير مزرعة قشريات,1,,,,,,,,مكة المكرمة,"الإدارة العامة والدفاع , الضمان الاجتماعي الالزامي",صغيرة (فئة ب),اخضر منخفض,2
,,,,,,مدير مزرعة محاصيل,97,,,,,,,,مكة المكرمة,التشييد,صغيرة (فئة ب),اخضر منخفض,"1,233"
,,,,,,مدير مستشفى,45,,,,,,,,مكة المكرمة,التعدين واستغلال المحاجر,صغيرة (فئة ب),اخضر منخفض,11
,,,,,,مدير مستشفى بيطري,2,,,,,,,,مكة المكرمة,التعليم,صغيرة (فئة ب),اخضر منخفض,81
,,,,,,مدير مستودع,1833,,,,,,,,مكة المكرمة,الخدمات الإدارية وخدمات الدعم,صغيرة (فئة ب),اخضر منخفض,681
,,,,,,مدير مستوصف,25,,,,,,,,مكة المكرمة,الزراعة والحراجة وصيد الأسماك,صغيرة (فئة ب),اخضر منخفض,54
,,,,,,مدير مسرح,9,,,,,,,,مكة المكرمة,الصناعة التحويلية,صغيرة (فئة ب),اخضر منخفض,"1,070"
,,,,,,مدير مسلخ,8,,,,,,,,مكة المكرمة,الفنون والترفيه والتسلية,صغيرة (فئة ب),اخضر منخفض,93
,,,,,,مدير مشاريع,2848,,,,,,,,مكة المكرمة,المعلومات والاتصالات,صغيرة (فئة ب),اخضر منخفض,121
,,,,,,مدير مشتريات,6081,,,,,,,,مكة المكرمة,النقل والتخزين,صغيرة (فئة ب),اخضر منخفض,554
,,,,,,مدير مشتل,12,,,,,,,,مكة المكرمة,تجارة الجملة والتجزئة وإصلاح المركبات ذات المحركات والدرجات النارية,صغيرة (فئة ب),اخضر منخفض,"6,140"
,,,,,,مدير مشروع اتصالات,155,,,,,,,,مكة المكرمة,لأنشطة المالية وأنشطة التأمين,صغيرة (فئة ب),اخضر منخفض,34
,,,,,,مدير مشروع لخدمات الاعمال,634,,,,,,,,نجران,غير خاضعة لانشطة ISIC4,صغيرة (فئة ب),اخضر منخفض,142
,,,,,,مدير مشروع نقل,84,,,,,,,,نجران,أنشطة الخدمات الأخرى,صغيرة (فئة ب),اخضر منخفض,49
,,,,,,مدير مصنع,1080,,,,,,,,نجران,أنشطة خدمات الاقامة والطعام,صغيرة (فئة ب),اخضر منخفض,110
,,,,,,مدير مطار,24,,,,,,,,نجران,أنشطة صحة الانسان والعمل الاجتماعي,صغيرة (فئة ب),اخضر منخفض,12
,,,,,,مدير مطعم,4833,,,,,,,,نجران,إمدادات المياه وأنشطة الصرف الصحي وإدارة النفايات ومعالجتها,صغيرة (فئة ب),اخضر منخفض,2
,,,,,,مدير مطعم ومقهى,426,,,,,,,,نجران,الأنشطة العقارية,صغيرة (فئة ب),اخضر منخفض,10
,,,,,,مدير معرض فني,95,,,,,,,,نجران,الأنشطة المهنية والعلمية والتقنية,صغيرة (فئة ب),اخضر منخفض,9
,,,,,,مدير معهد,119,,,,,,,,نجران,التشييد,صغيرة (فئة ب),اخضر منخفض,118
,,,,,,مدير مغسلة,0,,,,,,,,نجران,التعدين واستغلال المحاجر,صغيرة (فئة ب),اخضر منخفض,3
,,,,,,مدير مقهى,460,,,,,,,,نجران,التعليم,صغيرة (فئة ب),اخضر منخفض,4
,,,,,,مدير مكتب,2183,,,,,,,,نجران,الخدمات الإدارية وخدمات الدعم,صغيرة (فئة ب),اخضر منخفض,38
,,,,,,مدير مكتب استقدام,89,,,,,,,,نجران,الزراعة والحراجة وصيد الأسماك,صغيرة (فئة ب),اخضر منخفض,23
,,,,,,مدير مكتب بريد,2,,,,,,,,نجران,الصناعة التحويلية,صغيرة (فئة ب),اخضر منخفض,73
,,,,,,مدير مكتب خدمة مدنية,5,,,,,,,,نجران,الفنون والترفيه والتسلية,صغيرة (فئة ب),اخضر منخفض,5
,,,,,,مدير مكتب دعوة وإرشاد,3,,,,,,,,نجران,المعلومات والاتصالات,صغيرة (فئة ب),اخضر منخفض,2
,,,,,,مدير مكتب عمل,124,,,,,,,,نجران,النقل والتخزين,صغيرة (فئة ب),اخضر منخفض,48
,,,,,,مدير مكتبة,87,,,,,,,,نجران,تجارة الجملة والتجزئة وإصلاح المركبات ذات المحركات والدرجات النارية,صغيرة (فئة ب),اخضر منخفض,343
,,,,,,مدير مناهج وبرامج تربوية,25,,,,,,,,الباحة,أنشطة خدمات الاقامة والطعام,عملاقة,اخضر منخفض,1
,,,,,,مدير منحل,30,,,,,,,,الجوف,أنشطة خدمات الاقامة والطعام,عملاقة,اخضر منخفض,1
,,,,,,مدير منزل,7,,,,,,,,الحدود الشمالية,أنشطة خدمات الاقامة والطعام,عملاقة,اخضر منخفض,1
,,,,,,مدير منشأة رياضية,26,,,,,,,,الرياض,غير خاضعة لانشطة ISIC4,عملاقة,اخضر منخفض,1
,,,,,,مدير منصة حفر,192,,,,,,,,الرياض,أنشطة خدمات الاقامة والطعام,عملاقة,اخضر منخفض,2
,,,,,,مدير موارد بشرية أمن سيبراني,265,,,,,,,,الرياض,التشييد,عملاقة,اخضر منخفض,6
,,,,,,مدير مواهب,189,,,,,,,,الرياض,الخدمات الإدارية وخدمات الدعم,عملاقة,اخضر منخفض,1
,,,,,,مدير موقع تغذية,79,,,,,,,,الرياض,تجارة الجملة والتجزئة وإصلاح المركبات ذات المحركات والدرجات النارية,عملاقة,اخضر منخفض,3
,,,,,,مدير مؤسسة تأجير,8,,,,,,,,الشرقية,أنشطة خدمات الاقامة والطعام,عملاقة,اخضر منخفض,1
,,,,,,مدير مؤسسة تأمين,10,,,,,,,,الشرقية,التشييد,عملاقة,اخضر منخفض,1
,,,,,,مدير مؤسسة تمويل,4,,,,,,,,الشرقية,الخدمات الإدارية وخدمات الدعم,عملاقة,اخضر منخفض,5
,,,,,,مدير مياه وصرف صحي,10,,,,,,,,الشرقية,تجارة الجملة والتجزئة وإصلاح المركبات ذات المحركات والدرجات النارية,عملاقة,اخضر منخفض,1
,,,,,,مدير ميزانية,309,,,,,,,,القصيم,أنشطة خدمات الاقامة والطعام,عملاقة,اخضر منخفض,1
,,,,,,مدير ميناء,7,,,,,,,,المدينة,غير خاضعة لانشطة ISIC4,عملاقة,اخضر منخفض,1
,,,,,,مدير نادي,68,,,,,,,,المدينة,أنشطة خدمات الاقامة والطعام,عملاقة,اخضر منخفض,1
,,,,,,مدير نادي ثقافي,3,,,,,,,,المدينة,التشييد,عملاقة,اخضر منخفض,1
,,,,,,مدير نادي ريفي,13,,,,,,,,تبوك,أنشطة خدمات الاقامة والطعام,عملاقة,اخضر منخفض,1
,,,,,,مدير نادي صحي,121,,,,,,,,جازان,أنشطة خدمات الاقامة والطعام,عملاقة,اخضر منخفض,1
,,,,,,مدير نقل بحري,18,,,,,,,,حائل,أنشطة خدمات الاقامة والطعام,عملاقة,اخضر منخفض,1
,,,,,,مدير نقل بري,121,,,,,,,,عسير,أنشطة خدمات الاقامة والطعام,عملاقة,اخضر منخفض,1
,,,,,,مدير نقل جوي,37,,,,,,,,مكة المكرمة,غير خاضعة لانشطة ISIC4,عملاقة,اخضر منخفض,2
,,,,,,مدير هاتف,63,,,,,,,,مكة المكرمة,أنشطة خدمات الاقامة والطعام,عملاقة,اخضر منخفض,3
,,,,,,مدير هندسة اتصالات,20,,,,,,,,مكة المكرمة,التشييد,عملاقة,اخضر منخفض,1
,,,,,,مدير هندسة تقنية معلومات,57,,,,,,,,مكة المكرمة,الخدمات الإدارية وخدمات الدعم,عملاقة,اخضر منخفض,3
,,,,,,مدير ورش تدريب صناعي,14,,,,,,,,مكة المكرمة,تجارة الجملة والتجزئة وإصلاح المركبات ذات المحركات والدرجات النارية,عملاقة,اخضر منخفض,1
,,,,,,مدير وساطة مالية,39,,,,,,,,نجران,أنشطة خدمات الاقامة والطعام,عملاقة,اخضر منخفض,1
,,,,,,مدير وكالة سفر,50,,,,,,,,نجران,الخدمات الإدارية وخدمات الدعم,عملاقة,اخضر منخفض,1
,,,,,,مدير وكالة سياحة,12,,,,,,,,الباحة,تجارة الجملة والتجزئة وإصلاح المركبات ذات المحركات والدرجات النارية,كبيرة,اخضر منخفض,15
,,,,,,مديرتنمية وتطوير السوق الداخلي,39,,,,,,,,الجوف,تجارة الجملة والتجزئة وإصلاح المركبات ذات المحركات والدرجات النارية,كبيرة,اخضر منخفض,5
,,,,,,مذيع,54,,,,,,,,الحدود الشمالية,التشييد,كبيرة,اخضر منخفض,2
,,,,,,مذيع بالاذاعة والتلفاز,16,,,,,,,,الحدود الشمالية,تجارة الجملة والتجزئة وإصلاح المركبات ذات المحركات والدرجات النارية,كبيرة,اخضر منخفض,7
,,,,,,مراجع اداري اول,10,,,,,,,,الرياض,غير خاضعة لانشطة ISIC4,كبيرة,اخضر منخفض,1
,,,,,,مراجع داخلي,2875,,,,,,,,الرياض,أنشطة خدمات الاقامة والطعام,كبيرة,اخضر منخفض,18
,,,,,,مراجع كتب,88,,,,,,,,الرياض,أنشطة صحة الانسان والعمل الاجتماعي,كبيرة,اخضر منخفض,4
,,,,,,مراجع مالي أول,73,,,,,,,,الرياض,إمدادات المياه وأنشطة الصرف الصحي وإدارة النفايات ومعالجتها,كبيرة,اخضر منخفض,3
,,,,,,مراجع مالي اول,245,,,,,,,,الرياض,الأنشطة المهنية والعلمية والتقنية,كبيرة,اخضر منخفض,1
,,,,,,مراسل,3134,,,,,,,,الرياض,التشييد,كبيرة,اخضر منخفض,49
,,,,,,مراسل (فراش),1570,,,,,,,,الرياض,التعليم,كبيرة,اخضر منخفض,15
,,,,,,مراسل اذاعي وتلفازي,5,,,,,,,,الرياض,الخدمات الإدارية وخدمات الدعم,كبيرة,اخضر منخفض,29
,,,,,,مراسل صحفي,75,,,,,,,,الرياض,الصناعة التحويلية,كبيرة,اخضر منخفض,64
,,,,,,مرافق,186,,,,,,,,الرياض,الفنون والترفيه والتسلية,كبيرة,اخضر منخفض,1
,,,,,,مراقب إحصائي,376,,,,,,,,الرياض,المعلومات والاتصالات,كبيرة,اخضر منخفض,1
,,,,,,مراقب اخبار (منصت),107,,,,,,,,الرياض,النقل والتخزين,كبيرة,اخضر منخفض,10
,,,,,,مراقب اقلاع طائرات,18,,,,,,,,الرياض,تجارة الجملة والتجزئة وإصلاح المركبات ذات المحركات والدرجات النارية,كبيرة,اخضر منخفض,56
,,,,,,مراقب الجودة,11220,,,,,,,,الشرقية,غير خاضعة لانشطة ISIC4,كبيرة,اخضر منخفض,1
,,,,,,مراقب أنابيب,177,,,,,,,,الشرقية,أنشطة خدمات الاقامة والطعام,كبيرة,اخضر منخفض,27
,,,,,,مراقب او ملاحظ او مشرف على اختبار الابار,38,,,,,,,,الشرقية,أنشطة صحة الانسان والعمل الاجتماعي,كبيرة,اخضر منخفض,1
,,,,,,مراقب او ملاحظ او مشرف على استخراج الحديد,5,,,,,,,,الشرقية,إمدادات المياه وأنشطة الصرف الصحي وإدارة النفايات ومعالجتها,كبيرة,اخضر منخفض,1
,,,,,,مراقب او ملاحظ او مشرف على حفر ابار المياه,744,,,,,,,,الشرقية,الأنشطة المهنية والعلمية والتقنية,كبيرة,اخضر منخفض,2
,,,,,,مراقب او ملاحظ او مشرف على درفلة المعادن,45,,,,,,,,الشرقية,التشييد,كبيرة,اخضر منخفض,26
,,,,,,مراقب او ملاحظ او مشرف في المحاجر,99,,,,,,,,الشرقية,التعدين واستغلال المحاجر,كبيرة,اخضر منخفض,1
,,,,,,مراقب بحري,673,,,,,,,,الشرقية,الخدمات الإدارية وخدمات الدعم,كبيرة,اخضر منخفض,7
,,,,,,مراقب براده,23,,,,,,,,الشرقية,الزراعة والحراجة وصيد الأسماك,كبيرة,اخضر منخفض,1
,,,,,,مراقب بناء واجهزة حفر,372,,,,,,,,الشرقية,الصناعة التحويلية,كبيرة,اخضر منخفض,33
,,,,,,مراقب تجاري,302,,,,,,,,الشرقية,النقل والتخزين,كبيرة,اخضر منخفض,7
,,,,,,مراقب تشغيل برج الحفر,69,,,,,,,,الشرقية,تجارة الجملة والتجزئة وإصلاح المركبات ذات المحركات والدرجات النارية,كبيرة,اخضر منخفض,50
,,,,,,مراقب تشغيل توربين بخاري,1,,,,,,,,القصيم,أنشطة خدمات الاقامة والطعام,كبيرة,اخضر منخفض,2
,,,,,,مراقب تشغيل توربين مائي,1,,,,,,,,القصيم,التشييد,كبيرة,اخضر منخفض,3
,,,,,,مراقب تشغيل معدات الحفر الدوراني,130,,,,,,,,القصيم,الصناعة التحويلية,كبيرة,اخضر منخفض,6
,,,,,,مراقب تصليح السفن ودهنها بالاحواض الجافة,1,,,,,,,,القصيم,النقل والتخزين,كبيرة,اخضر منخفض,3
,,,,,,مراقب تعديات وتسريبات مياه,482,,,,,,,,القصيم,تجارة الجملة والتجزئة وإصلاح المركبات ذات المحركات والدرجات النارية,كبيرة,اخضر منخفض,16
,,,,,,مراقب تموين,921,,,,,,,,المدينة,أنشطة خدمات الاقامة والطعام,كبيرة,اخضر منخفض,2
,,,,,,مراقب جمركي,22,,,,,,,,المدينة,التشييد,كبيرة,اخضر منخفض,4
,,,,,,مراقب جوي,1322,,,,,,,,المدينة,التعليم,كبيرة,اخضر منخفض,2
,,,,,,مراقب حج وعمرة,108,,,,,,,,المدينة,الصناعة التحويلية,كبيرة,اخضر منخفض,11
,,,,,,مراقب حركة المخزون,1285,,,,,,,,المدينة,النقل والتخزين,كبيرة,اخضر منخفض,1
,,,,,,مراقب حركة جوية,341,,,,,,,,المدينة,تجارة الجملة والتجزئة وإصلاح المركبات ذات المحركات والدرجات النارية,كبيرة,اخضر منخفض,20
,,,,,,مراقب حركة سفن,69,,,,,,,,تبوك,الصناعة التحويلية,كبيرة,اخضر منخفض,3
,,,,,,مراقب حركة سيارات,2458,,,,,,,,تبوك,النقل والتخزين,كبيرة,اخضر منخفض,1
,,,,,,مراقب حركة قطارات,218,,,,,,,,تبوك,تجارة الجملة والتجزئة وإصلاح المركبات ذات المحركات والدرجات النارية,كبيرة,اخضر منخفض,10
,,,,,,مراقب حركة مركبات,7449,,,,,,,,جازان,إمدادات الكهرباء والغاز والبخار وتكييف الهواء,كبيرة,اخضر منخفض,1
,,,,,,مراقب حقائب,519,,,,,,,,جازان,تجارة الجملة والتجزئة وإصلاح المركبات ذات المحركات والدرجات النارية,كبيرة,اخضر منخفض,11
,,,,,,مراقب حماية المستهلك والمستثمر,10,,,,,,,,حائل,أنشطة خدمات الاقامة والطعام,كبيرة,اخضر منخفض,1
,,,,,,مراقب خدمات حج وعمرة,78,,,,,,,,حائل,الخدمات الإدارية وخدمات الدعم,كبيرة,اخضر منخفض,1
,,,,,,مراقب خدمات عامة,8715,,,,,,,,حائل,الصناعة التحويلية,كبيرة,اخضر منخفض,1
,,,,,,مراقب خلطات اسفلتية,23,,,,,,,,حائل,تجارة الجملة والتجزئة وإصلاح المركبات ذات المحركات والدرجات النارية,كبيرة,اخضر منخفض,8
,,,,,,مراقب خلطات خرسانية,51,,,,,,,,عسير,أنشطة خدمات الاقامة والطعام,كبيرة,اخضر منخفض,1
,,,,,,مراقب سباكة المعادن,6,,,,,,,,عسير,إمدادات الكهرباء والغاز والبخار وتكييف الهواء,كبيرة,اخضر منخفض,1
,,,,,,مراقب شواخص مرورية,3,,,,,,,,عسير,التشييد,كبيرة,اخضر منخفض,1
,,,,,,مراقب طبي,15,,,,,,,,عسير,الصناعة التحويلية,كبيرة,اخضر منخفض,4
,,,,,,مراقب عام,28217,,,,,,,,عسير,النقل والتخزين,كبيرة,اخضر منخفض,1
,,,,,,مراقب على الانتاج في أعمال الحدادة,77,,,,,,,,عسير,تجارة الجملة والتجزئة وإصلاح المركبات ذات المحركات والدرجات النارية,كبيرة,اخضر منخفض,41
,,,,,,مراقب على الانتاج في اعمال الخراطة,46,,,,,,,,مكة المكرمة,أنشطة خدمات الاقامة والطعام,كبيرة,اخضر منخفض,4
,,,,,,مراقب على الانتاج في صناعة الماكينات المعدنيه وتشغ,13,,,,,,,,مكة المكرمة,أنشطة صحة الانسان والعمل الاجتماعي,كبيرة,اخضر منخفض,5
,,,,,,مراقب على الانتاج في صناعة كهرباء السيارات والسفن,7,,,,,,,,مكة المكرمة,إمدادات المياه وأنشطة الصرف الصحي وإدارة النفايات ومعالجتها,كبيرة,اخضر منخفض,4
,,,,,,مراقب على الإنتاج في صناعة كهربة وإصلاح الهاتف والمبرقات,2,,,,,,,,مكة المكرمة,الأنشطة المهنية والعلمية والتقنية,كبيرة,اخضر منخفض,2
,,,,,,مراقب على الانتاج في صناعة واصلاح التلفاز والفيديو,23,,,,,,,,مكة المكرمة,التشييد,كبيرة,اخضر منخفض,21
,,,,,,مراقب على صناعة الادوات المنزلية,11,,,,,,,,مكة المكرمة,التعليم,كبيرة,اخضر منخفض,3
,,,,,,مراقب عمل توصيلات كهربائية,217,,,,,,,,مكة المكرمة,الخدمات الإدارية وخدمات الدعم,كبيرة,اخضر منخفض,8
,,,,,,مراقب عمليات مياه,614,,,,,,,,مكة المكرمة,الصناعة التحويلية,كبيرة,اخضر منخفض,32
,,,,,,مراقب عملية إنتاج المعادن,237,,,,,,,,مكة المكرمة,الفنون والترفيه والتسلية,كبيرة,اخضر منخفض,1
,,,,,,مراقب غابات,23,,,,,,,,مكة المكرمة,النقل والتخزين,كبيرة,اخضر منخفض,15
,,,,,,مراقب فرن خبز الي,13,,,,,,,,مكة المكرمة,تجارة الجملة والتجزئة وإصلاح المركبات ذات المحركات والدرجات النارية,كبيرة,اخضر منخفض,142
,,,,,,مراقب فنادق,135,,,,,,,,نجران,الخدمات الإدارية وخدمات الدعم,كبيرة,اخضر منخفض,2
,,,,,,مراقب قوالب خرسانه,13,,,,,,,,نجران,تجارة الجملة والتجزئة وإصلاح المركبات ذات المحركات والدرجات النارية,كبيرة,اخضر منخفض,6
,,,,,,مراقب كاميرات أمنية,2698,,,,,,,,الباحة,أنشطة خدمات الاقامة والطعام,متوسطة (فئة أ),اخضر منخفض,8
,,,,,,مراقب لوحات تحكم مصاف (تصفية نفط),2,,,,,,,,الباحة,التشييد,متوسطة (فئة أ),اخضر منخفض,1
,,,,,,مراقب لوحة تحكم (تكرير البترول),24,,,,,,,,الباحة,الصناعة التحويلية,متوسطة (فئة أ),اخضر منخفض,7
,,,,,,مراقب لوحة تحكم تنقية المياه,45,,,,,,,,الباحة,تجارة الجملة والتجزئة وإصلاح المركبات ذات المحركات والدرجات النارية,متوسطة (فئة أ),اخضر منخفض,10
,,,,,,مراقب مالي,3327,,,,,,,,الجوف,غير خاضعة لانشطة ISIC4,متوسطة (فئة أ),اخضر منخفض,1
,,,,,,مراقب متجر,6568,,,,,,,,الجوف,أنشطة خدمات الاقامة والطعام,متوسطة (فئة أ),اخضر منخفض,3
,,,,,,مراقب مخزون,3501,,,,,,,,الجوف,أنشطة صحة الانسان والعمل الاجتماعي,متوسطة (فئة أ),اخضر منخفض,1
,,,,,,مراقب مساجد,32,,,,,,,,الجوف,التشييد,متوسطة (فئة أ),اخضر منخفض,2
,,,,,,مراقب مصنع,681,,,,,,,,الجوف,التعليم,متوسطة (فئة أ),اخضر منخفض,5
,,,,,,مراقب موانئ,321,,,,,,,,الجوف,الخدمات الإدارية وخدمات الدعم,متوسطة (فئة أ),اخضر منخفض,1
,,,,,,مراقب هبوط طائرات,6,,,,,,,,الجوف,الصناعة التحويلية,متوسطة (فئة أ),اخضر منخفض,6
,,,,,,مراقب وبائيات,102,,,,,,,,الجوف,النقل والتخزين,متوسطة (فئة أ),اخضر منخفض,3
,,,,,,مراقب وحدة معالجة مياه صرف صناعي,28,,,,,,,,الجوف,تجارة الجملة والتجزئة وإصلاح المركبات ذات المحركات والدرجات النارية,متوسطة (فئة أ),اخضر منخفض,12
,,,,,,مراقب ومشرف حقول النفط,533,,,,,,,,الحدود الشمالية,أنشطة خدمات الاقامة والطعام,متوسطة (فئة أ),اخضر منخفض,3
,,,,,,مراقب وملاحظ ومشرف على الانتاج بصناعة الالياف الصن,23,,,,,,,,الحدود الشمالية,التعليم,متوسطة (فئة أ),اخضر منخفض,2
,,,,,,مراقب وملاحظ ومشرف على الانتاج في صناعة الاسمنت,43,,,,,,,,الحدود الشمالية,الخدمات الإدارية وخدمات الدعم,متوسطة (فئة أ),اخضر منخفض,2
,,,,,,مراقب وملاحظ ومشرف على الانتاج في صناعة البلاستيك,95,,,,,,,,الحدود الشمالية,الصناعة التحويلية,متوسطة (فئة أ),اخضر منخفض,3
,,,,,,مراقب وملاحظ ومشرف على الانتاج في صناعة الورق,24,,,,,,,,الحدود الشمالية,تجارة الجملة والتجزئة وإصلاح المركبات ذات المحركات والدرجات النارية,متوسطة (فئة أ),اخضر منخفض,4
,,,,,,مراقب وملاحظ ومشرف على الانتاج في صناعة منتجات الم,6,,,,,,,,الرياض,غير خاضعة لانشطة ISIC4,متوسطة (فئة أ),اخضر منخفض,10
,,,,,,مربي ابقار,45,,,,,,,,الرياض,أنشطة الخدمات الأخرى,متوسطة (فئة أ),اخضر منخفض,19
,,,,,,مربي إبل,25,,,,,,,,الرياض,أنشطة خدمات الاقامة والطعام,متوسطة (فئة أ),اخضر منخفض,190
,,,,,,مربي أسماك زينة,8,,,,,,,,الرياض,أنشطة صحة الانسان والعمل الاجتماعي,متوسطة (فئة أ),اخضر منخفض,19
,,,,,,مربي اسماك زينة,6,,,,,,,,الرياض,إمدادات الكهرباء والغاز والبخار وتكييف الهواء,متوسطة (فئة أ),اخضر منخفض,2
,,,,,,مربي اسماك عام,22,,,,,,,,الرياض,إمدادات المياه وأنشطة الصرف الصحي وإدارة النفايات ومعالجتها,متوسطة (فئة أ),اخضر منخفض,3
,,,,,,مربي أغنام,39,,,,,,,,الرياض,الأنشطة العقارية,متوسطة (فئة أ),اخضر منخفض,6
,,,,,,مربي اكتفاء ذاتي حيوانات,1,,,,,,,,الرياض,الأنشطة المهنية والعلمية والتقنية,متوسطة (فئة أ),اخضر منخفض,24
,,,,,,مربي جمال,65,,,,,,,,الرياض,التشييد,متوسطة (فئة أ),اخضر منخفض,166
,,,,,,مربي حيوانات (تجارب,0,,,,,,,,الرياض,التعدين واستغلال المحاجر,متوسطة (فئة أ),اخضر منخفض,6
,,,,,,مربي خيول,35,,,,,,,,الرياض,التعليم,متوسطة (فئة أ),اخضر منخفض,24
,,,,,,مربي دجاج البيض,17,,,,,,,,الرياض,الخدمات الإدارية وخدمات الدعم,متوسطة (فئة أ),اخضر منخفض,64
,,,,,,مربي دجاج لاحم,111,,,,,,,,الرياض,الزراعة والحراجة وصيد الأسماك,متوسطة (فئة أ),اخضر منخفض,6
,,,,,,مربي دواجن,400,,,,,,,,الرياض,الصناعة التحويلية,متوسطة (فئة أ),اخضر منخفض,340
,,,,,,مربي دواجن عام,1236,,,,,,,,الرياض,الفنون والترفيه والتسلية,متوسطة (فئة أ),اخضر منخفض,8
,,,,,,مربي طيور,5,,,,,,,,الرياض,المعلومات والاتصالات,متوسطة (فئة أ),اخضر منخفض,19
,,,,,,مربي طيور الزينة,26,,,,,,,,الرياض,النقل والتخزين,متوسطة (فئة أ),اخضر منخفض,89
,,,,,,مربي طيور زينة,16,,,,,,,,الرياض,تجارة الجملة والتجزئة وإصلاح المركبات ذات المحركات والدرجات النارية,متوسطة (فئة أ),اخضر منخفض,453
,,,,,,مربي ماشية,3701,,,,,,,,الرياض,لأنشطة المالية وأنشطة التأمين,متوسطة (فئة أ),اخضر منخفض,2
,,,,,,مربي مواشي عام,2464,,,,,,,,الشرقية,غير خاضعة لانشطة ISIC4,متوسطة (فئة أ),اخضر منخفض,13
,,,,,,مربي نحل,4567,,,,,,,,الشرقية,أنشطة الخدمات الأخرى,متوسطة (فئة أ),اخضر منخفض,6
,,,,,,مربية,12,,,,,,,,الشرقية,أنشطة خدمات الاقامة والطعام,متوسطة (فئة أ),اخضر منخفض,175
,,,,,,مربية اطفال(معلمة),4748,,,,,,,,الشرقية,أنشطة صحة الانسان والعمل الاجتماعي,متوسطة (فئة أ),اخضر منخفض,5
,,,,,,مربية منزلية,10,,,,,,,,الشرقية,إمدادات الكهرباء والغاز والبخار وتكييف الهواء,متوسطة (فئة أ),اخضر منخفض,1
,,,,,,مرتب صفحات,33,,,,,,,,الشرقية,إمدادات المياه وأنشطة الصرف الصحي وإدارة النفايات ومعالجتها,متوسطة (فئة أ),اخضر منخفض,1
,,,,,,مرشح خميرة الخبز,1,,,,,,,,الشرقية,الأنشطة العقارية,متوسطة (فئة أ),اخضر منخفض,3
,,,,,,مرشد حركة السفن,40,,,,,,,,الشرقية,الأنشطة المهنية والعلمية والتقنية,متوسطة (فئة أ),اخضر منخفض,11
,,,,,,مرشد ديني,72,,,,,,,,الشرقية,التشييد,متوسطة (فئة أ),اخضر منخفض,149
,,,,,,مرشد زائرين,99,,,,,,,,الشرقية,التعدين واستغلال المحاجر,متوسطة (فئة أ),اخضر منخفض,6
,,,,,,مرشد سفن,18,,,,,,,,الشرقية,التعليم,متوسطة (فئة أ),اخضر منخفض,25
,,,,,,مرشد سياحي,176,,,,,,,,الشرقية,الخدمات الإدارية وخدمات الدعم,متوسطة (فئة أ),اخضر منخفض,35
,,,,,,مرشد سياحي بحري,0,,,,,,,,الشرقية,الزراعة والحراجة وصيد الأسماك,متوسطة (فئة أ),اخضر منخفض,3
,,,,,,مرشد سياحي عام,87,,,,,,,,الشرقية,الصناعة التحويلية,متوسطة (فئة أ),اخضر منخفض,222
,,,,,,مرشد صحة,102,,,,,,,,الشرقية,الفنون والترفيه والتسلية,متوسطة (فئة أ),اخضر منخفض,2
,,,,,,مرشد طلابي,1140,,,,,,,,الشرقية,المعلومات والاتصالات,متوسطة (فئة أ),اخضر منخفض,3
,,,,,,مرشد طيران,75,,,,,,,,الشرقية,النقل والتخزين,متوسطة (فئة أ),اخضر منخفض,55
,,,,,,مرشد متحف,28,,,,,,,,الشرقية,تجارة الجملة والتجزئة وإصلاح المركبات ذات المحركات والدرجات النارية,متوسطة (فئة أ),اخضر منخفض,280
,,,,,,مرشد مهني,133,,,,,,,,الشرقية,لأنشطة المالية وأنشطة التأمين,متوسطة (فئة أ),اخضر منخفض,1
,,,,,,مرشد موقع,409,,,,,,,,القصيم,غير خاضعة لانشطة ISIC4,متوسطة (فئة أ),اخضر منخفض,2
,,,,,,مركّب سجاد وموكيت وأرضيات لدائنية,835,,,,,,,,القصيم,أنشطة خدمات الاقامة والطعام,متوسطة (فئة أ),اخضر منخفض,35
,,,,,,مركب أحجار كريمة,291,,,,,,,,القصيم,إمدادات المياه وأنشطة الصرف الصحي وإدارة النفايات ومعالجتها,متوسطة (فئة أ),اخضر منخفض,1
,,,,,,مركب ارضيات لدائبيه,0,,,,,,,,القصيم,التشييد,متوسطة (فئة أ),اخضر منخفض,18
,,,,,,مركب اطر لوحات,1,,,,,,,,القصيم,التعليم,متوسطة (فئة أ),اخضر منخفض,6
,,,,,,مركب الفسيفساء,9,,,,,,,,القصيم,الخدمات الإدارية وخدمات الدعم,متوسطة (فئة أ),اخضر منخفض,15
,,,,,,مركب أنابيب,18713,,,,,,,,القصيم,الصناعة التحويلية,متوسطة (فئة أ),اخضر منخفض,53
,,,,,,مركب انشاءات معدنية,65,,,,,,,,القصيم,النقل والتخزين,متوسطة (فئة أ),اخضر منخفض,13
,,,,,,مركب انشاءات معدنية عام,1,,,,,,,,القصيم,تجارة الجملة والتجزئة وإصلاح المركبات ذات المحركات والدرجات النارية,متوسطة (فئة أ),اخضر منخفض,63
,,,,,,مركب تمديدات صحية منزلية,8,,,,,,,,المدينة,غير خاضعة لانشطة ISIC4,متوسطة (فئة أ),اخضر منخفض,2
,,,,,,مركب خطوط المشتركين,25,,,,,,,,المدينة,أنشطة خدمات الاقامة والطعام,متوسطة (فئة أ),اخضر منخفض,60
,,,,,,مركب دعائم انفاق,13,,,,,,,,المدينة,أنشطة صحة الانسان والعمل الاجتماعي,متوسطة (فئة أ),اخضر منخفض,16
,,,,,,مركب زجاج,2012,,,,,,,,المدينة,إمدادات المياه وأنشطة الصرف الصحي وإدارة النفايات ومعالجتها,متوسطة (فئة أ),اخضر منخفض,1
,,,,,,مركب زجاج مركبات,0,,,,,,,,المدينة,الأنشطة المهنية والعلمية والتقنية,متوسطة (فئة أ),اخضر منخفض,1
,,,,,,مركب ستائر,936,,,,,,,,المدينة,التشييد,متوسطة (فئة أ),اخضر منخفض,19
,,,,,,مركب سجاد وموكيت,0,,,,,,,,المدينة,التعليم,متوسطة (فئة أ),اخضر منخفض,5
,,,,,,مركب سقوف اصطناعية,2,,,,,,,,المدينة,الخدمات الإدارية وخدمات الدعم,متوسطة (فئة أ),اخضر منخفض,5
,,,,,,مركب سكك حديدية,1,,,,,,,,المدينة,الصناعة التحويلية,متوسطة (فئة أ),اخضر منخفض,30
,,,,,,مركب سكك حديدية عام,0,,,,,,,,المدينة,المعلومات والاتصالات,متوسطة (فئة أ),اخضر منخفض,1
,,,,,,مركب شبكات هاتف ارضية,6,,,,,,,,المدينة,النقل والتخزين,متوسطة (فئة أ),اخضر منخفض,18
,,,,,,مركب شبكات هاتف عام,52,,,,,,,,المدينة,تجارة الجملة والتجزئة وإصلاح المركبات ذات المحركات والدرجات النارية,متوسطة (فئة أ),اخضر منخفض,102
,,,,,,مركب شبكات هواتف هوائية,4,,,,,,,,تبوك,أنشطة خدمات الاقامة والطعام,متوسطة (فئة أ),اخضر منخفض,10
,,,,,,مركب شواخص,11,,,,,,,,تبوك,أنشطة صحة الانسان والعمل الاجتماعي,متوسطة (فئة أ),اخضر منخفض,4
,,,,,,مركب عوارض سكك حديدية,0,,,,,,,,تبوك,الأنشطة المهنية والعلمية والتقنية,متوسطة (فئة أ),اخضر منخفض,1
,,,,,,مركب قوالب خرسانة معدنية,2,,,,,,,,تبوك,التشييد,متوسطة (فئة أ),اخضر منخفض,3
,,,,,,مركب مقاسم الكترونية,0,,,,,,,,تبوك,التعدين واستغلال المحاجر,متوسطة (فئة أ),اخضر منخفض,1
,,,,,,مركب مقاسم الكترونية عام,0,,,,,,,,تبوك,الخدمات الإدارية وخدمات الدعم,متوسطة (فئة أ),اخضر منخفض,1
,,,,,,مركب نعال,2,,,,,,,,تبوك,الصناعة التحويلية,متوسطة (فئة أ),اخضر منخفض,7
,,,,,,مركب هوائي اتصالات عام,3,,,,,,,,تبوك,النقل والتخزين,متوسطة (فئة أ),اخضر منخفض,6
,,,,,,مركب هوائي تلفزيوني,0,,,,,,,,تبوك,تجارة الجملة والتجزئة وإصلاح المركبات ذات المحركات والدرجات النارية,متوسطة (فئة أ),اخضر منخفض,25
,,,,,,مركب هوائي رئيسي (مركزي ),0,,,,,,,,جازان,أنشطة خدمات الاقامة والطعام,متوسطة (فئة أ),اخضر منخفض,22
,,,,,,مركب هياكل خرسانية,2,,,,,,,,جازان,أنشطة صحة الانسان والعمل الاجتماعي,متوسطة (فئة أ),اخضر منخفض,1
,,,,,,مركب ورق جدران,259,,,,,,,,جازان,إمدادات المياه وأنشطة الصرف الصحي وإدارة النفايات ومعالجتها,متوسطة (فئة أ),اخضر منخفض,1
,,,,,,مرمز بيانات,333,,,,,,,,جازان,التشييد,متوسطة (فئة أ),اخضر منخفض,3
,,,,,,مرمم لوحات فنية,5,,,,,,,,جازان,التعليم,متوسطة (فئة أ),اخضر منخفض,3
,,,,,,مرمم وثائق,57,,,,,,,,جازان,الزراعة والحراجة وصيد الأسماك,متوسطة (فئة أ),اخضر منخفض,1
,,,,,,مزارع أسماك,14,,,,,,,,جازان,الصناعة التحويلية,متوسطة (فئة أ),اخضر منخفض,23
,,,,,,مزارع أشجار وشجيرات,72,,,,,,,,جازان,المعلومات والاتصالات,متوسطة (فئة أ),اخضر منخفض,1
,,,,,,مزارع اكتفاء ذاتي مزرعة محاصيل وحيوانات,5,,,,,,,,جازان,النقل والتخزين,متوسطة (فئة أ),اخضر منخفض,2
,,,,,,مزارع إنتاج نباتي حيواني,270,,,,,,,,جازان,تجارة الجملة والتجزئة وإصلاح المركبات ذات المحركات والدرجات النارية,متوسطة (فئة أ),اخضر منخفض,58
,,,,,,مزارع بذور وتقاوي,10,,,,,,,,حائل,غير خاضعة لانشطة ISIC4,متوسطة (فئة أ),اخضر منخفض,1
,,,,,,مزارع بستة عام,47,,,,,,,,حائل,أنشطة خدمات الاقامة والطعام,متوسطة (فئة أ),اخضر منخفض,12
,,,,,,مزارع بستنة,140,,,,,,,,حائل,أنشطة صحة الانسان والعمل الاجتماعي,متوسطة (فئة أ),اخضر منخفض,4
,,,,,,مزارع تقليم,10,,,,,,,,حائل,إمدادات المياه وأنشطة الصرف الصحي وإدارة النفايات ومعالجتها,متوسطة (فئة أ),اخضر منخفض,1
,,,,,,مزارع حبوب,17,,,,,,,,حائل,التشييد,متوسطة (فئة أ),اخضر منخفض,3
,,,,,,مزارع حمضيات,3,,,,,,,,حائل,التعليم,متوسطة (فئة أ),اخضر منخفض,1
,,,,,,مزارع خضار,39,,,,,,,,حائل,الخدمات الإدارية وخدمات الدعم,متوسطة (فئة أ),اخضر منخفض,2
,,,,,,مزارع خضراوات,43,,,,,,,,حائل,الزراعة والحراجة وصيد الأسماك,متوسطة (فئة أ),اخضر منخفض,3
,,,,,,مزارع زراعة محمية,19,,,,,,,,حائل,الصناعة التحويلية,متوسطة (فئة أ),اخضر منخفض,8
,,,,,,مزارع صوب,8,,,,,,,,حائل,النقل والتخزين,متوسطة (فئة أ),اخضر منخفض,4
,,,,,,مزارع عام,15676,,,,,,,,حائل,تجارة الجملة والتجزئة وإصلاح المركبات ذات المحركات والدرجات النارية,متوسطة (فئة أ),اخضر منخفض,20
,,,,,,مزارع عنب,1,,,,,,,,عسير,غير خاضعة لانشطة ISIC4,متوسطة (فئة أ),اخضر منخفض,3
,,,,,,مزارع غابات,1,,,,,,,,عسير,أنشطة الخدمات الأخرى,متوسطة (فئة أ),اخضر منخفض,1
,,,,,,مزارع قشريات,0,,,,,,,,عسير,أنشطة خدمات الاقامة والطعام,متوسطة (فئة أ),اخضر منخفض,48
,,,,,,مزارع محاصيل,220,,,,,,,,عسير,أنشطة صحة الانسان والعمل الاجتماعي,متوسطة (فئة أ),اخضر منخفض,13
,,,,,,مزارع محاصيل حقلية عام,8,,,,,,,,عسير,إمدادات المياه وأنشطة الصرف الصحي وإدارة النفايات ومعالجتها,متوسطة (فئة أ),اخضر منخفض,1
,,,,,,مزارع محاصيل مختلطة,18,,,,,,,,عسير,الأنشطة العقارية,متوسطة (فئة أ),اخضر منخفض,2
,,,,,,مزارع مراعي,20,,,,,,,,عسير,الأنشطة المهنية والعلمية والتقنية,متوسطة (فئة أ),اخضر منخفض,1
,,,,,,مزارع مساحات خضراء,58,,,,,,,,عسير,التشييد,متوسطة (فئة أ),اخضر منخفض,10
,,,,,,مزارع مشاتل,61,,,,,,,,عسير,التعدين واستغلال المحاجر,متوسطة (فئة أ),اخضر منخفض,1
,,,,,,مزارع منزلي,8,,,,,,,,عسير,التعليم,متوسطة (فئة أ),اخضر منخفض,11
,,,,,,مزارع نباتات طبية وعطرية,4,,,,,,,,عسير,الخدمات الإدارية وخدمات الدعم,متوسطة (فئة أ),اخضر منخفض,1
,,,,,,مزارع نخيل,373,,,,,,,,عسير,الزراعة والحراجة وصيد الأسماك,متوسطة (فئة أ),اخضر منخفض,2
,,,,,,مزخرف كتب باليد,2,,,,,,,,عسير,الصناعة التحويلية,متوسطة (فئة أ),اخضر منخفض,36
,,,,,,مسّاح أراضي,4367,,,,,,,,عسير,المعلومات والاتصالات,متوسطة (فئة أ),اخضر منخفض,1
,,,,,,مسّاح بحري,18,,,,,,,,عسير,النقل والتخزين,متوسطة (فئة أ),اخضر منخفض,11
,,,,,,مسّاح جوي,34,,,,,,,,عسير,تجارة الجملة والتجزئة وإصلاح المركبات ذات المحركات والدرجات النارية,متوسطة (فئة أ),اخضر منخفض,95
,,,,,,مسّاح جيوديسي,19,,,,,,,,مكة المكرمة,غير خاضعة لانشطة ISIC4,متوسطة (فئة أ),اخضر منخفض,4
,,,,,,مسّاح هيدروغرافي,9,,,,,,,,مكة المكرمة,أنشطة الخدمات الأخرى,متوسطة (فئة أ),اخضر منخفض,10
,,,,,,مساح -عام,5733,,,,,,,,مكة المكرمة,أنشطة خدمات الاقامة والطعام,متوسطة (فئة أ),اخضر منخفض,232
,,,,,,مساح  كميات,1,,,,,,,,مكة المكرمة,أنشطة صحة الانسان والعمل الاجتماعي,متوسطة (فئة أ),اخضر منخفض,27
,,,,,,مساح ابنية,116,,,,,,,,مكة المكرمة,إمدادات المياه وأنشطة الصرف الصحي وإدارة النفايات ومعالجتها,متوسطة (فئة أ),اخضر منخفض,4
,,,,,,مساح احذية,0,,,,,,,,مكة المكرمة,الأنشطة العقارية,متوسطة (فئة أ),اخضر منخفض,8
,,,,,,مساح إحصائي,165,,,,,,,,مكة المكرمة,الأنشطة المهنية والعلمية والتقنية,متوسطة (فئة أ),اخضر منخفض,8
,,,,,,مساح احصائي,2,,,,,,,,مكة المكرمة,التشييد,متوسطة (فئة أ),اخضر منخفض,103
,,,,,,مساح اراضي,33,,,,,,,,مكة المكرمة,التعدين واستغلال المحاجر,متوسطة (فئة أ),اخضر منخفض,2
,,,,,,مساح تصويري,137,,,,,,,,مكة المكرمة,التعليم,متوسطة (فئة أ),اخضر منخفض,25
,,,,,,مساح تعدين,40,,,,,,,,مكة المكرمة,الخدمات الإدارية وخدمات الدعم,متوسطة (فئة أ),اخضر منخفض,54
,,,,,,مساح جيولوجي,27,,,,,,,,مكة المكرمة,الصناعة التحويلية,متوسطة (فئة أ),اخضر منخفض,183
,,,,,,مساح طرق,42,,,,,,,,مكة المكرمة,الفنون والترفيه والتسلية,متوسطة (فئة أ),اخضر منخفض,5
,,,,,,مساح كميات,2789,,,,,,,,مكة المكرمة,المعلومات والاتصالات,متوسطة (فئة أ),اخضر منخفض,4
,,,,,,مساح مناجم,4,,,,,,,,مكة المكرمة,النقل والتخزين,متوسطة (فئة أ),اخضر منخفض,81
,,,,,,مساح و محقق حقلي,0,,,,,,,,مكة المكرمة,تجارة الجملة والتجزئة وإصلاح المركبات ذات المحركات والدرجات النارية,متوسطة (فئة أ),اخضر منخفض,433
,,,,,,مساعد إحصاء,289,,,,,,,,مكة المكرمة,لأنشطة المالية وأنشطة التأمين,متوسطة (فئة أ),اخضر منخفض,2
,,,,,,مساعد إداري,83025,,,,,,,,نجران,أنشطة خدمات الاقامة والطعام,متوسطة (فئة أ),اخضر منخفض,7
,,,,,,مساعد اداري,17214,,,,,,,,نجران,التشييد,متوسطة (فئة أ),اخضر منخفض,6
,,,,,,مساعد إسعافات أولية,115,,,,,,,,نجران,التعليم,متوسطة (فئة أ),اخضر منخفض,1
,,,,,,مساعد إكتوارية,17,,,,,,,,نجران,الخدمات الإدارية وخدمات الدعم,متوسطة (فئة أ),اخضر منخفض,2
,,,,,,مساعد باحث علوم طبية,0,,,,,,,,نجران,الصناعة التحويلية,متوسطة (فئة أ),اخضر منخفض,12
,,,,,,مساعد بائع,5071,,,,,,,,نجران,تجارة الجملة والتجزئة وإصلاح المركبات ذات المحركات والدرجات النارية,متوسطة (فئة أ),اخضر منخفض,15
,,,,,,مساعد براد,50,,,,,,,,الباحة,التشييد,متوسطة (فئة ب),اخضر منخفض,1
,,,,,,مساعد بناء حجر,8,,,,,,,,الباحة,الخدمات الإدارية وخدمات الدعم,متوسطة (فئة ب),اخضر منخفض,1
,,,,,,مساعد بناء خرسانه,6,,,,,,,,الباحة,الصناعة التحويلية,متوسطة (فئة ب),اخضر منخفض,1
,,,,,,مساعد بناء طوب,6,,,,,,,,الجوف,أنشطة خدمات الاقامة والطعام,متوسطة (فئة ب),اخضر منخفض,3
,,,,,,مساعد تصوير طبي,11,,,,,,,,الجوف,التعليم,متوسطة (فئة ب),اخضر منخفض,3
,,,,,,مساعد تموين,0,,,,,,,,الجوف,الصناعة التحويلية,متوسطة (فئة ب),اخضر منخفض,2
,,,,,,مساعد حداد اثاث معدني,1,,,,,,,,الجوف,تجارة الجملة والتجزئة وإصلاح المركبات ذات المحركات والدرجات النارية,متوسطة (فئة ب),اخضر منخفض,11
,,,,,,مساعد حداد الواح معدنية,54,,,,,,,,الحدود الشمالية,أنشطة خدمات الاقامة والطعام,متوسطة (فئة ب),اخضر منخفض,2
,,,,,,مساعد حداد انشاءات معدنية,8,,,,,,,,الحدود الشمالية,إمدادات المياه وأنشطة الصرف الصحي وإدارة النفايات ومعالجتها,متوسطة (فئة ب),اخضر منخفض,1
,,,,,,مساعد حداد تسليح بناء,55,,,,,,,,الحدود الشمالية,الصناعة التحويلية,متوسطة (فئة ب),اخضر منخفض,2
,,,,,,مساعد حسابات,5229,,,,,,,,الحدود الشمالية,تجارة الجملة والتجزئة وإصلاح المركبات ذات المحركات والدرجات النارية,متوسطة (فئة ب),اخضر منخفض,7
,,,,,,مساعد خدمة اجتماعية,409,,,,,,,,الرياض,غير خاضعة لانشطة ISIC4,متوسطة (فئة ب),اخضر منخفض,5
,,,,,,مساعد خراط,10,,,,,,,,الرياض,أنشطة خدمات الاقامة والطعام,متوسطة (فئة ب),اخضر منخفض,84
,,,,,,مساعد دهان خشب,0,,,,,,,,الرياض,أنشطة صحة الانسان والعمل الاجتماعي,متوسطة (فئة ب),اخضر منخفض,36
,,,,,,مساعد دهان مباني,12,,,,,,,,الرياض,إمدادات الكهرباء والغاز والبخار وتكييف الهواء,متوسطة (فئة ب),اخضر منخفض,2
,,,,,,مساعد دهان مركباات,4,,,,,,,,الرياض,إمدادات المياه وأنشطة الصرف الصحي وإدارة النفايات ومعالجتها,متوسطة (فئة ب),اخضر منخفض,1
,,,,,,مساعد دهان معادن,10,,,,,,,,الرياض,الأنشطة العقارية,متوسطة (فئة ب),اخضر منخفض,3
,,,,,,مساعد رعاية أحداث,7,,,,,,,,الرياض,الأنشطة المهنية والعلمية والتقنية,متوسطة (فئة ب),اخضر منخفض,11
,,,,,,مساعد رعاية ذوي إعاقة,2505,,,,,,,,الرياض,التشييد,متوسطة (فئة ب),اخضر منخفض,138
,,,,,,مساعد رعاية مرضى,2294,,,,,,,,الرياض,التعليم,متوسطة (فئة ب),اخضر منخفض,18
,,,,,,مساعد رعاية مرضى منزلي,11,,,,,,,,الرياض,الخدمات الإدارية وخدمات الدعم,متوسطة (فئة ب),اخضر منخفض,69
,,,,,,مساعد رعاية مسنين,284,,,,,,,,الرياض,الزراعة والحراجة وصيد الأسماك,متوسطة (فئة ب),اخضر منخفض,9
,,,,,,مساعد رياضيات,6,,,,,,,,الرياض,الصناعة التحويلية,متوسطة (فئة ب),اخضر منخفض,240
,,,,,,مساعد رئيس تحرير (صحيفة -مجلة),9,,,,,,,,الرياض,الفنون والترفيه والتسلية,متوسطة (فئة ب),اخضر منخفض,1
,,,,,,مساعد سائق قطار,141,,,,,,,,الرياض,المعلومات والاتصالات,متوسطة (فئة ب),اخضر منخفض,11
,,,,,,مساعد سباك,31,,,,,,,,الرياض,النقل والتخزين,متوسطة (فئة ب),اخضر منخفض,32
,,,,,,مساعد سمكري ترميم مركبات,6,,,,,,,,الرياض,تجارة الجملة والتجزئة وإصلاح المركبات ذات المحركات والدرجات النارية,متوسطة (فئة ب),اخضر منخفض,174
,,,,,,مساعد شخصي,1701,,,,,,,,الرياض,لأنشطة المالية وأنشطة التأمين,متوسطة (فئة ب),اخضر منخفض,1
,,,,,,مساعد صحي,4848,,,,,,,,الشرقية,أنشطة الخدمات الأخرى,متوسطة (فئة ب),اخضر منخفض,5
,,,,,,مساعد صيدلي,599,,,,,,,,الشرقية,أنشطة خدمات الاقامة والطعام,متوسطة (فئة ب),اخضر منخفض,79
,,,,,,مساعد ضابط سلامة وصحة مهنية,133,,,,,,,,الشرقية,أنشطة صحة الانسان والعمل الاجتماعي,متوسطة (فئة ب),اخضر منخفض,11
,,,,,,مساعد طاهي,326,,,,,,,,الشرقية,إمدادات المياه وأنشطة الصرف الصحي وإدارة النفايات ومعالجتها,متوسطة (فئة ب),اخضر منخفض,1
,,,,,,مساعد طب بيطري,258,,,,,,,,الشرقية,الأنشطة العقارية,متوسطة (فئة ب),اخضر منخفض,2
,,,,,,مساعد طبي,0,,,,,,,,الشرقية,الأنشطة المهنية والعلمية والتقنية,متوسطة (فئة ب),اخضر منخفض,6
,,,,,,مساعد طبيب,0,,,,,,,,الشرقية,التشييد,متوسطة (فئة ب),اخضر منخفض,114
,,,,,,مساعد طبيب أسنان,1456,,,,,,,,الشرقية,التعليم,متوسطة (فئة ب),اخضر منخفض,6
,,,,,,مساعد طبيب اسنان,346,,,,,,,,الشرقية,الخدمات الإدارية وخدمات الدعم,متوسطة (فئة ب),اخضر منخفض,29
,,,,,,مساعد طبيب بيطري,16,,,,,,,,الشرقية,الزراعة والحراجة وصيد الأسماك,متوسطة (فئة ب),اخضر منخفض,1
,,,,,,مساعد طيار,705,,,,,,,,الشرقية,الصناعة التحويلية,متوسطة (فئة ب),اخضر منخفض,127
,,,,,,مساعد فراز,81,,,,,,,,الشرقية,الفنون والترفيه والتسلية,متوسطة (فئة ب),اخضر منخفض,6
,,,,,,مساعد فني مختبر معالجة حرارية,0,,,,,,,,الشرقية,النقل والتخزين,متوسطة (فئة ب),اخضر منخفض,30
,,,,,,مساعد قصير (الباخ),1,,,,,,,,الشرقية,تجارة الجملة والتجزئة وإصلاح المركبات ذات المحركات والدرجات النارية,متوسطة (فئة ب),اخضر منخفض,117
,,,,,,مساعد كبير الطهاة,5,,,,,,,,القصيم,أنشطة خدمات الاقامة والطعام,متوسطة (فئة ب),اخضر منخفض,7
,,,,,,مساعد كهربائي تمديدات,1189,,,,,,,,القصيم,أنشطة صحة الانسان والعمل الاجتماعي,متوسطة (فئة ب),اخضر منخفض,3
,,,,,,مساعد كهربائي سفن,9,,,,,,,,القصيم,الأنشطة المهنية والعلمية والتقنية,متوسطة (فئة ب),اخضر منخفض,1
,,,,,,مساعد كهربائي سيارات,17,,,,,,,,القصيم,التشييد,متوسطة (فئة ب),اخضر منخفض,12
,,,,,,مساعد كهربائي شبكات هوائية,51,,,,,,,,القصيم,التعليم,متوسطة (فئة ب),اخضر منخفض,4
,,,,,,مساعد كهربائي صيانة محطات توليد,37,,,,,,,,القصيم,الخدمات الإدارية وخدمات الدعم,متوسطة (فئة ب),اخضر منخفض,16
,,,,,,مساعد كهربائي قطارات,1,,,,,,,,القصيم,الصناعة التحويلية,متوسطة (فئة ب),اخضر منخفض,25
,,,,,,مساعد كهربائي لحام كبلات,7,,,,,,,,القصيم,الفنون والترفيه والتسلية,متوسطة (فئة ب),اخضر منخفض,1
,,,,,,مساعد كهربائي محطات تحويل,7,,,,,,,,القصيم,المعلومات والاتصالات,متوسطة (فئة ب),اخضر منخفض,1
,,,,,,مساعد كهربائي محطات توليد,18,,,,,,,,القصيم,النقل والتخزين,متوسطة (فئة ب),اخضر منخفض,10
,,,,,,مساعد كهربائي مصاعد,167,,,,,,,,القصيم,تجارة الجملة والتجزئة وإصلاح المركبات ذات المحركات والدرجات النارية,متوسطة (فئة ب),اخضر منخفض,44
,,,,,,مساعد لحام اوكسجين,36,,,,,,,,المدينة,غير خاضعة لانشطة ISIC4,متوسطة (فئة ب),اخضر منخفض,1
,,,,,,مساعد لحام كهرباء,148,,,,,,,,المدينة,أنشطة الخدمات الأخرى,متوسطة (فئة ب),اخضر منخفض,1
,,,,,,مساعد مبلط,3,,,,,,,,المدينة,أنشطة خدمات الاقامة والطعام,متوسطة (فئة ب),اخضر منخفض,25
,,,,,,مساعد مخرج,60,,,,,,,,المدينة,أنشطة صحة الانسان والعمل الاجتماعي,متوسطة (فئة ب),اخضر منخفض,3
,,,,,,مساعد مدير محطة طيران,6,,,,,,,,المدينة,إمدادات المياه وأنشطة الصرف الصحي وإدارة النفايات ومعالجتها,متوسطة (فئة ب),اخضر منخفض,1
,,,,,,مساعد مدير موقع تغذية,73,,,,,,,,المدينة,التشييد,متوسطة (فئة ب),اخضر منخفض,11
,,,,,,مساعد مركب انشاءات معدنية,77,,,,,,,,المدينة,التعليم,متوسطة (فئة ب),اخضر منخفض,3
,,,,,,مساعد مركب سكك حديدية,4,,,,,,,,المدينة,الخدمات الإدارية وخدمات الدعم,متوسطة (فئة ب),اخضر منخفض,6
,,,,,,مساعد مركب شبكات هاتف,12,,,,,,,,المدينة,الصناعة التحويلية,متوسطة (فئة ب),اخضر منخفض,29
,,,,,,مساعد مزارع عام,47,,,,,,,,المدينة,النقل والتخزين,متوسطة (فئة ب),اخضر منخفض,4
,,,,,,مساعد مشغل افران الصهر,160,,,,,,,,المدينة,تجارة الجملة والتجزئة وإصلاح المركبات ذات المحركات والدرجات النارية,متوسطة (فئة ب),اخضر منخفض,38
,,,,,,مساعد معلم,1581,,,,,,,,تبوك,أنشطة خدمات الاقامة والطعام,متوسطة (فئة ب),اخضر منخفض,13
,,,,,,مساعد مفتش سلامة وصحة مهنية,82,,,,,,,,تبوك,أنشطة صحة الانسان والعمل الاجتماعي,متوسطة (فئة ب),اخضر منخفض,5
,,,,,,مساعد ملحق إداري,0,,,,,,,,تبوك,التشييد,متوسطة (فئة ب),اخضر منخفض,3
,,,,,,مساعد ممرض,4,,,,,,,,تبوك,التعليم,متوسطة (فئة ب),اخضر منخفض,3
,,,,,,مساعد منجد,3,,,,,,,,تبوك,الخدمات الإدارية وخدمات الدعم,متوسطة (فئة ب),اخضر منخفض,4
,,,,,,مساعد ميكانيكي اجهزة تبريد مركزي,9,,,,,,,,تبوك,الصناعة التحويلية,متوسطة (فئة ب),اخضر منخفض,7
,,,,,,مساعد ميكانيكي الات زراعية,3,,,,,,,,تبوك,المعلومات والاتصالات,متوسطة (فئة ب),اخضر منخفض,1
,,,,,,مساعد ميكانيكي اليات ثقيلة,84,,,,,,,,تبوك,النقل والتخزين,متوسطة (فئة ب),اخضر منخفض,1
,,,,,,مساعد ميكانيكي تجهيزات الري والرش,31,,,,,,,,تبوك,تجارة الجملة والتجزئة وإصلاح المركبات ذات المحركات والدرجات النارية,متوسطة (فئة ب),اخضر منخفض,24
,,,,,,مساعد ميكانيكي تدفئة عام,0,,,,,,,,جازان,أنشطة خدمات الاقامة والطعام,متوسطة (فئة ب),اخضر منخفض,18
,,,,,,مساعد ميكانيكي تركيب معدات,67,,,,,,,,جازان,إمدادات الكهرباء والغاز والبخار وتكييف الهواء,متوسطة (فئة ب),اخضر منخفض,2
,,,,,,مساعد ميكانيكي تكييف,34,,,,,,,,جازان,الخدمات الإدارية وخدمات الدعم,متوسطة (فئة ب),اخضر منخفض,1
,,,,,,مساعد ميكانيكي تمديدات صحية,1,,,,,,,,جازان,الصناعة التحويلية,متوسطة (فئة ب),اخضر منخفض,15
,,,,,,مساعد ميكانيكي توربين غازي,6,,,,,,,,جازان,النقل والتخزين,متوسطة (فئة ب),اخضر منخفض,1
,,,,,,مساعد ميكانيكي توربين مائي,1,,,,,,,,جازان,تجارة الجملة والتجزئة وإصلاح المركبات ذات المحركات والدرجات النارية,متوسطة (فئة ب),اخضر منخفض,34
,,,,,,مساعد ميكانيكي صيانة,4019,,,,,,,,حائل,أنشطة خدمات الاقامة والطعام,متوسطة (فئة ب),اخضر منخفض,4
,,,,,,مساعد ميكانيكي محرك توربيني,1,,,,,,,,حائل,إمدادات المياه وأنشطة الصرف الصحي وإدارة النفايات ومعالجتها,متوسطة (فئة ب),اخضر منخفض,1
,,,,,,مساعد ميكانيكي هيدروليك,27,,,,,,,,حائل,التشييد,متوسطة (فئة ب),اخضر منخفض,1
,,,,,,مساعد نجار اثاث,39,,,,,,,,حائل,التعليم,متوسطة (فئة ب),اخضر منخفض,1
,,,,,,مساعد نجار مبان,44,,,,,,,,حائل,الخدمات الإدارية وخدمات الدعم,متوسطة (فئة ب),اخضر منخفض,1
,,,,,,مستثمر,1995,,,,,,,,حائل,الصناعة التحويلية,متوسطة (فئة ب),اخضر منخفض,7
,,,,,,مستشار,2776,,,,,,,,حائل,النقل والتخزين,متوسطة (فئة ب),اخضر منخفض,2
,,,,,,مستشار أ,180,,,,,,,,حائل,تجارة الجملة والتجزئة وإصلاح المركبات ذات المحركات والدرجات النارية,متوسطة (فئة ب),اخضر منخفض,14
,,,,,,مستشار إداري,6,,,,,,,,عسير,أنشطة خدمات الاقامة والطعام,متوسطة (فئة ب),اخضر منخفض,17
,,,,,,مستشار ب,35,,,,,,,,عسير,أنشطة صحة الانسان والعمل الاجتماعي,متوسطة (فئة ب),اخضر منخفض,6
,,,,,,مستشار تدريب,459,,,,,,,,عسير,إمدادات الكهرباء والغاز والبخار وتكييف الهواء,متوسطة (فئة ب),اخضر منخفض,1
,,,,,,مستشار خاص للموضة,35,,,,,,,,عسير,التشييد,متوسطة (فئة ب),اخضر منخفض,4
,,,,,,مستشار خدمات فنية,5029,,,,,,,,عسير,التعليم,متوسطة (فئة ب),اخضر منخفض,7
,,,,,,مستشار سلامة طيران,0,,,,,,,,عسير,الخدمات الإدارية وخدمات الدعم,متوسطة (فئة ب),اخضر منخفض,3
,,,,,,مستشار سلامة وصحة مهنية,27,,,,,,,,عسير,الزراعة والحراجة وصيد الأسماك,متوسطة (فئة ب),اخضر منخفض,1
,,,,,,مستشار سلامة ومنع خسائر,19,,,,,,,,عسير,الصناعة التحويلية,متوسطة (فئة ب),اخضر منخفض,38
,,,,,,مستشار قانوني - النظم العامه,1941,,,,,,,,عسير,النقل والتخزين,متوسطة (فئة ب),اخضر منخفض,3
,,,,,,مستشار قانوني (النظم الخاصة),622,,,,,,,,عسير,تجارة الجملة والتجزئة وإصلاح المركبات ذات المحركات والدرجات النارية,متوسطة (فئة ب),اخضر منخفض,63
,,,,,,مسعف,760,,,,,,,,مكة المكرمة,غير خاضعة لانشطة ISIC4,متوسطة (فئة ب),اخضر منخفض,4
,,,,,,مسوق عقاري,296,,,,,,,,مكة المكرمة,أنشطة خدمات الاقامة والطعام,متوسطة (فئة ب),اخضر منخفض,121
,,,,,,مسؤول إجراءات أحوال مدنية,8,,,,,,,,مكة المكرمة,أنشطة صحة الانسان والعمل الاجتماعي,متوسطة (فئة ب),اخضر منخفض,12
,,,,,,مسؤول إجراءات جوازات,247,,,,,,,,مكة المكرمة,الأنشطة العقارية,متوسطة (فئة ب),اخضر منخفض,1
,,,,,,مسؤول اشتراكات قنوات تلفزيونية,0,,,,,,,,مكة المكرمة,الأنشطة المهنية والعلمية والتقنية,متوسطة (فئة ب),اخضر منخفض,5
,,,,,,مسؤول إعانات اجتماعية,38,,,,,,,,مكة المكرمة,التشييد,متوسطة (فئة ب),اخضر منخفض,53
,,,,,,مسؤول تراخيص وتصاريح,558,,,,,,,,مكة المكرمة,التعليم,متوسطة (فئة ب),اخضر منخفض,13
,,,,,,مسؤول تموين,655,,,,,,,,مكة المكرمة,الخدمات الإدارية وخدمات الدعم,متوسطة (فئة ب),اخضر منخفض,26
,,,,,,مسؤول رسوم جمركية,14,,,,,,,,مكة المكرمة,الصناعة التحويلية,متوسطة (فئة ب),اخضر منخفض,108
,,,,,,مسؤول رعاية أطفال,1001,,,,,,,,مكة المكرمة,الفنون والترفيه والتسلية,متوسطة (فئة ب),اخضر منخفض,3
,,,,,,مسؤول ضرائب,76,,,,,,,,مكة المكرمة,المعلومات والاتصالات,متوسطة (فئة ب),اخضر منخفض,4
,,,,,,مسؤول طلبات التأجير التمويلي,55,,,,,,,,مكة المكرمة,النقل والتخزين,متوسطة (فئة ب),اخضر منخفض,33
,,,,,,مسؤول طلبات التأمين,609,,,,,,,,مكة المكرمة,تجارة الجملة والتجزئة وإصلاح المركبات ذات المحركات والدرجات النارية,متوسطة (فئة ب),اخضر منخفض,231
,,,,,,مسؤول طلبات تمويل عقاري,25,,,,,,,,نجران,أنشطة خدمات الاقامة والطعام,متوسطة (فئة ب),اخضر منخفض,3
,,,,,,مسؤول طلبات قروض,150,,,,,,,,نجران,أنشطة صحة الانسان والعمل الاجتماعي,متوسطة (فئة ب),اخضر منخفض,1
,,,,,,مسؤول نظم,840,,,,,,,,نجران,الأنشطة المهنية والعلمية والتقنية,متوسطة (فئة ب),اخضر منخفض,1
,,,,,,مسئول علاقات حكومية,16345,,,,,,,,نجران,التشييد,متوسطة (فئة ب),اخضر منخفض,10
,,,,,,مشحم ومزيت سيارات,40,,,,,,,,نجران,الخدمات الإدارية وخدمات الدعم,متوسطة (فئة ب),اخضر منخفض,1
,,,,,,مشحم ومزيت مركبات,14156,,,,,,,,نجران,الصناعة التحويلية,متوسطة (فئة ب),اخضر منخفض,7
,,,,,,مشرف أرصاد جوية,10,,,,,,,,نجران,النقل والتخزين,متوسطة (فئة ب),اخضر منخفض,2
,,,,,,مشرف ازياء مسرح او استديو,22,,,,,,,,نجران,تجارة الجملة والتجزئة وإصلاح المركبات ذات المحركات والدرجات النارية,متوسطة (فئة ب),اخضر منخفض,8
,,,,,,مشرف اعمال كتابية عام,4,,,,,,,,الباحة,أنشطة خدمات الاقامة والطعام,متوسطة (فئة ج),اخضر منخفض,3
,,,,,,مشرف اغذية,2231,,,,,,,,الباحة,التشييد,متوسطة (فئة ج),اخضر منخفض,1
,,,,,,مشرف إنتاج,9470,,,,,,,,الباحة,الصناعة التحويلية,متوسطة (فئة ج),اخضر منخفض,2
,,,,,,مشرف إنشاء طرق,665,,,,,,,,الباحة,تجارة الجملة والتجزئة وإصلاح المركبات ذات المحركات والدرجات النارية,متوسطة (فئة ج),اخضر منخفض,3
,,,,,,مشرف إنشاء مباني,11696,,,,,,,,الجوف,الأنشطة المهنية والعلمية والتقنية,متوسطة (فئة ج),اخضر منخفض,1
,,,,,,مشرف او مراقب مزرعة,685,,,,,,,,الجوف,الصناعة التحويلية,متوسطة (فئة ج),اخضر منخفض,5
,,,,,,مشرف أول طباعة خرائط,3,,,,,,,,الجوف,النقل والتخزين,متوسطة (فئة ج),اخضر منخفض,1
,,,,,,مشرف برامج سياحية,0,,,,,,,,الجوف,تجارة الجملة والتجزئة وإصلاح المركبات ذات المحركات والدرجات النارية,متوسطة (فئة ج),اخضر منخفض,8
,,,,,,مشرف تصنيع,2426,,,,,,,,الحدود الشمالية,أنشطة خدمات الاقامة والطعام,متوسطة (فئة ج),اخضر منخفض,1
,,,,,,مشرف تعدين,499,,,,,,,,الحدود الشمالية,الأنشطة المهنية والعلمية والتقنية,متوسطة (فئة ج),اخضر منخفض,1
,,,,,,مشرف تنظيف وتدبير,9200,,,,,,,,الحدود الشمالية,التشييد,متوسطة (فئة ج),اخضر منخفض,1
,,,,,,مشرف ثقافي,0,,,,,,,,الحدود الشمالية,النقل والتخزين,متوسطة (فئة ج),اخضر منخفض,1
,,,,,,مشرف خدمات اتصالات لاسلكية,463,,,,,,,,الحدود الشمالية,تجارة الجملة والتجزئة وإصلاح المركبات ذات المحركات والدرجات النارية,متوسطة (فئة ج),اخضر منخفض,7
,,,,,,مشرف خدمات المرافق,572,,,,,,,,الرياض,غير خاضعة لانشطة ISIC4,متوسطة (فئة ج),اخضر منخفض,2
,,,,,,مشرف خدمات بحرية في الموانيء,292,,,,,,,,الرياض,أنشطة الخدمات الأخرى,متوسطة (فئة ج),اخضر منخفض,4
,,,,,,مشرف خدمات بريدية,334,,,,,,,,الرياض,أنشطة خدمات الاقامة والطعام,متوسطة (فئة ج),اخضر منخفض,38
,,,,,,مشرف خدمات صحية وبائية,0,,,,,,,,الرياض,أنشطة صحة الانسان والعمل الاجتماعي,متوسطة (فئة ج),اخضر منخفض,7
,,,,,,مشرف خدمات طعام,1771,,,,,,,,الرياض,الأنشطة العقارية,متوسطة (فئة ج),اخضر منخفض,1
,,,,,,مشرف خدمات عامة في سفينة,7,,,,,,,,الرياض,الأنشطة المهنية والعلمية والتقنية,متوسطة (فئة ج),اخضر منخفض,12
,,,,,,مشرف خدمات عامة في فندق,1050,,,,,,,,الرياض,التشييد,متوسطة (فئة ج),اخضر منخفض,66
,,,,,,مشرف خدمات غرف,690,,,,,,,,الرياض,التعدين واستغلال المحاجر,متوسطة (فئة ج),اخضر منخفض,1
,,,,,,مشرف خدمات نقل بري,1631,,,,,,,,الرياض,التعليم,متوسطة (فئة ج),اخضر منخفض,12
,,,,,,مشرف خدمات نقل جوي,704,,,,,,,,الرياض,الخدمات الإدارية وخدمات الدعم,متوسطة (فئة ج),اخضر منخفض,36
,,,,,,مشرف رعاية شباب,24,,,,,,,,الرياض,الزراعة والحراجة وصيد الأسماك,متوسطة (فئة ج),اخضر منخفض,2
,,,,,,مشرف رياضي,362,,,,,,,,الرياض,الصناعة التحويلية,متوسطة (فئة ج),اخضر منخفض,185
,,,,,,مشرف صحة وسلامة مهنية,12659,,,,,,,,الرياض,الفنون والترفيه والتسلية,متوسطة (فئة ج),اخضر منخفض,3
,,,,,,مشرف صيانة,12211,,,,,,,,الرياض,المعلومات والاتصالات,متوسطة (فئة ج),اخضر منخفض,2
,,,,,,مشرف صيانة إنشاءات,1095,,,,,,,,الرياض,النقل والتخزين,متوسطة (فئة ج),اخضر منخفض,17
,,,,,,مشرف عقار,542,,,,,,,,الرياض,تجارة الجملة والتجزئة وإصلاح المركبات ذات المحركات والدرجات النارية,متوسطة (فئة ج),اخضر منخفض,91
,,,,,,مشرف على توزيع و تشغيل امن شبكات الحاسب,225,,,,,,,,الشرقية,غير خاضعة لانشطة ISIC4,متوسطة (فئة ج),اخضر منخفض,2
,,,,,,مشرف على سكن خاص,64,,,,,,,,الشرقية,أنشطة الخدمات الأخرى,متوسطة (فئة ج),اخضر منخفض,1
,,,,,,مشرف على مسكن عام,1083,,,,,,,,الشرقية,أنشطة خدمات الاقامة والطعام,متوسطة (فئة ج),اخضر منخفض,16
,,,,,,مشرف عمال,33635,,,,,,,,الشرقية,أنشطة صحة الانسان والعمل الاجتماعي,متوسطة (فئة ج),اخضر منخفض,1
,,,,,,مشرف عمليات بريدية,1144,,,,,,,,الشرقية,إمدادات المياه وأنشطة الصرف الصحي وإدارة النفايات ومعالجتها,متوسطة (فئة ج),اخضر منخفض,1
,,,,,,مشرف فحص جودة مسح جوي,0,,,,,,,,الشرقية,الأنشطة المهنية والعلمية والتقنية,متوسطة (فئة ج),اخضر منخفض,4
,,,,,,مشرف فني بحري في المواني,36,,,,,,,,الشرقية,التشييد,متوسطة (فئة ج),اخضر منخفض,94
,,,,,,مشرف قاعدة بيانات,4705,,,,,,,,الشرقية,التعدين واستغلال المحاجر,متوسطة (فئة ج),اخضر منخفض,4
,,,,,,مشرف محجر,612,,,,,,,,الشرقية,التعليم,متوسطة (فئة ج),اخضر منخفض,5
,,,,,,مشرف محطة وقود,0,,,,,,,,الشرقية,الخدمات الإدارية وخدمات الدعم,متوسطة (فئة ج),اخضر منخفض,10
,,,,,,مشرف مدخلي البيانات,6824,,,,,,,,الشرقية,الزراعة والحراجة وصيد الأسماك,متوسطة (فئة ج),اخضر منخفض,3
,,,,,,مشرف مراجعة إدارية,103,,,,,,,,الشرقية,الصناعة التحويلية,متوسطة (فئة ج),اخضر منخفض,109
,,,,,,مشرف مراجعة ادارية,2,,,,,,,,الشرقية,الفنون والترفيه والتسلية,متوسطة (فئة ج),اخضر منخفض,1
,,,,,,مشرف مراجعة مالية,796,,,,,,,,الشرقية,النقل والتخزين,متوسطة (فئة ج),اخضر منخفض,20
,,,,,,مشرف مزرعة,290,,,,,,,,الشرقية,تجارة الجملة والتجزئة وإصلاح المركبات ذات المحركات والدرجات النارية,متوسطة (فئة ج),اخضر منخفض,78
,,,,,,مشرف مسكن,5305,,,,,,,,القصيم,إمدادات المياه وأنشطة الصرف الصحي وإدارة النفايات ومعالجتها,متوسطة (فئة ج),اخضر منخفض,1
,,,,,,مشرف مكتب,14914,,,,,,,,القصيم,الأنشطة العقارية,متوسطة (فئة ج),اخضر منخفض,2
,,,,,,مشرف موقع إنشائي,9439,,,,,,,,القصيم,التشييد,متوسطة (فئة ج),اخضر منخفض,11
,,,,,,مشرف نظافة,1446,,,,,,,,القصيم,الخدمات الإدارية وخدمات الدعم,متوسطة (فئة ج),اخضر منخفض,11
,,,,,,مشرف ومراقب للبيع في تجارة التجزئة,1439,,,,,,,,القصيم,الصناعة التحويلية,متوسطة (فئة ج),اخضر منخفض,13
,,,,,,مشرف ومراقب للبيع في تجارة الجملة,920,,,,,,,,القصيم,النقل والتخزين,متوسطة (فئة ج),اخضر منخفض,2
,,,,,,مشطب زجاج,222,,,,,,,,القصيم,تجارة الجملة والتجزئة وإصلاح المركبات ذات المحركات والدرجات النارية,متوسطة (فئة ج),اخضر منخفض,63
,,,,,,مشغل آبار النفط بالأحماض,152,,,,,,,,المدينة,أنشطة خدمات الاقامة والطعام,متوسطة (فئة ج),اخضر منخفض,10
,,,,,,مشغل اتصالات سلكية (راديو ) بمحطة ارضية,35,,,,,,,,المدينة,أنشطة صحة الانسان والعمل الاجتماعي,متوسطة (فئة ج),اخضر منخفض,1
,,,,,,مشغل اجهزة التهوية والتدفئة,1,,,,,,,,المدينة,الأنشطة المهنية والعلمية والتقنية,متوسطة (فئة ج),اخضر منخفض,3
,,,,,,مشغل اجهزة تبريد مركزي,7,,,,,,,,المدينة,التشييد,متوسطة (فئة ج),اخضر منخفض,8
,,,,,,مشغل اجهزة تكييف مركزي,15,,,,,,,,المدينة,الخدمات الإدارية وخدمات الدعم,متوسطة (فئة ج),اخضر منخفض,2
,,,,,,مشغل أجهزة مسح جوي رقمي,1,,,,,,,,المدينة,الصناعة التحويلية,متوسطة (فئة ج),اخضر منخفض,13
,,,,,,مشغل أحواض تنظيف الجلود,1,,,,,,,,المدينة,النقل والتخزين,متوسطة (فئة ج),اخضر منخفض,4
,,,,,,مشغل إشارات سكك حديدية,467,,,,,,,,المدينة,تجارة الجملة والتجزئة وإصلاح المركبات ذات المحركات والدرجات النارية,متوسطة (فئة ج),اخضر منخفض,30
,,,,,,مشغل افران الصهر,70,,,,,,,,تبوك,أنشطة خدمات الاقامة والطعام,متوسطة (فئة ج),اخضر منخفض,2
,,,,,,مشغل افران القرميد,4,,,,,,,,تبوك,الأنشطة المهنية والعلمية والتقنية,متوسطة (فئة ج),اخضر منخفض,3
,,,,,,مشغل افران تجفيف الجلود,0,,,,,,,,تبوك,التشييد,متوسطة (فئة ج),اخضر منخفض,1
,,,,,,مشغل افران تجفيف المنسوجات,0,,,,,,,,تبوك,التعليم,متوسطة (فئة ج),اخضر منخفض,8
,,,,,,مشغل أفران تجفيف جلود,7,,,,,,,,تبوك,الخدمات الإدارية وخدمات الدعم,متوسطة (فئة ج),اخضر منخفض,3
,,,,,,مشغل أفران تجفيف منسوجات,21,,,,,,,,تبوك,الصناعة التحويلية,متوسطة (فئة ج),اخضر منخفض,3
,,,,,,مشغل الات الثقب في المناجم,20,,,,,,,,تبوك,الفنون والترفيه والتسلية,متوسطة (فئة ج),اخضر منخفض,1
,,,,,,مشغل آلات إنتاج نفط وغاز,1627,,,,,,,,تبوك,النقل والتخزين,متوسطة (فئة ج),اخضر منخفض,2
,,,,,,مشغل آلات تشكيل بلاستيك,1682,,,,,,,,تبوك,تجارة الجملة والتجزئة وإصلاح المركبات ذات المحركات والدرجات النارية,متوسطة (فئة ج),اخضر منخفض,14
,,,,,,مشغل آلات تصنيع منتجات بلاستيكية,1805,,,,,,,,جازان,غير خاضعة لانشطة ISIC4,متوسطة (فئة ج),اخضر منخفض,1
,,,,,,مشغل آلات تصنيع مواد بلاستيكية,1112,,,,,,,,جازان,أنشطة خدمات الاقامة والطعام,متوسطة (فئة ج),اخضر منخفض,3
,,,,,,مشغل الات تقطيع المكرونة,0,,,,,,,,جازان,التشييد,متوسطة (فئة ج),اخضر منخفض,3
,,,,,,مشغل الات تنظيف وفصل الركاز,3,,,,,,,,جازان,الخدمات الإدارية وخدمات الدعم,متوسطة (فئة ج),اخضر منخفض,2
,,,,,,مشغل الات تنقية الخامات المعدنية,360,,,,,,,,جازان,الزراعة والحراجة وصيد الأسماك,متوسطة (فئة ج),اخضر منخفض,1
,,,,,,مشغل الات حفر,2376,,,,,,,,جازان,الصناعة التحويلية,متوسطة (فئة ج),اخضر منخفض,10
,,,,,,مشغل آلات حفر آبار مياه,138,,,,,,,,جازان,النقل والتخزين,متوسطة (فئة ج),اخضر منخفض,2
,,,,,,مشغل آلات حفر آبار نفط وغاز,4815,,,,,,,,جازان,تجارة الجملة والتجزئة وإصلاح المركبات ذات المحركات والدرجات النارية,متوسطة (فئة ج),اخضر منخفض,42
,,,,,,مشغل آلات خلط مواد بلاستيكية,65,,,,,,,,حائل,أنشطة خدمات الاقامة والطعام,متوسطة (فئة ج),اخضر منخفض,3
,,,,,,مشغل آلات زراعية,0,,,,,,,,حائل,الأنشطة المهنية والعلمية والتقنية,متوسطة (فئة ج),اخضر منخفض,1
,,,,,,مشغل آلات طباعة العلامات,140,,,,,,,,حائل,التشييد,متوسطة (فئة ج),اخضر منخفض,1
,,,,,,مشغل الات مساعدة في تحلية المياه,151,,,,,,,,حائل,الصناعة التحويلية,متوسطة (فئة ج),اخضر منخفض,3
,,,,,,مشغل الات مسح وتسوية الخشب,17,,,,,,,,حائل,النقل والتخزين,متوسطة (فئة ج),اخضر منخفض,3
,,,,,,مشغل آلات مناجم,160,,,,,,,,حائل,تجارة الجملة والتجزئة وإصلاح المركبات ذات المحركات والدرجات النارية,متوسطة (فئة ج),اخضر منخفض,6
,,,,,,مشغل الات نشر الخشب,7,,,,,,,,عسير,أنشطة خدمات الاقامة والطعام,متوسطة (فئة ج),اخضر منخفض,10
,,,,,,مشغل الات نقر وتفريز الخشب,13,,,,,,,,عسير,الأنشطة المهنية والعلمية والتقنية,متوسطة (فئة ج),اخضر منخفض,2
,,,,,,مشغل الالات استنساخ,79,,,,,,,,عسير,التشييد,متوسطة (فئة ج),اخضر منخفض,9
,,,,,,مشغل الاله الحاسبة,154,,,,,,,,عسير,التعليم,متوسطة (فئة ج),اخضر منخفض,1
,,,,,,مشغل آلة التمشيط,11,,,,,,,,عسير,الخدمات الإدارية وخدمات الدعم,متوسطة (فئة ج),اخضر منخفض,1
,,,,,,مشغل الة الجدل,0,,,,,,,,عسير,الصناعة التحويلية,متوسطة (فئة ج),اخضر منخفض,12
,,,,,,مشغل الة الحلج,44,,,,,,,,عسير,النقل والتخزين,متوسطة (فئة ج),اخضر منخفض,1
,,,,,,مشغل الة الزوي,0,,,,,,,,عسير,تجارة الجملة والتجزئة وإصلاح المركبات ذات المحركات والدرجات النارية,متوسطة (فئة ج),اخضر منخفض,20
,,,,,,مشغل الة السحب,181,,,,,,,,مكة المكرمة,أنشطة خدمات الاقامة والطعام,متوسطة (فئة ج),اخضر منخفض,66
,,,,,,مشغل آلة السرفلة,8,,,,,,,,مكة المكرمة,أنشطة صحة الانسان والعمل الاجتماعي,متوسطة (فئة ج),اخضر منخفض,1
,,,,,,مشغل الة اللف,0,,,,,,,,مكة المكرمة,إمدادات المياه وأنشطة الصرف الصحي وإدارة النفايات ومعالجتها,متوسطة (فئة ج),اخضر منخفض,2
,,,,,,مشغل آلة إنتاج أحذية,4,,,,,,,,مكة المكرمة,الأنشطة العقارية,متوسطة (فئة ج),اخضر منخفض,1
,,,,,,مشغل آلة إنتاج أسمدة,76,,,,,,,,مكة المكرمة,الأنشطة المهنية والعلمية والتقنية,متوسطة (فئة ج),اخضر منخفض,4
,,,,,,مشغل آلة إنتاج أسمنت,277,,,,,,,,مكة المكرمة,التشييد,متوسطة (فئة ج),اخضر منخفض,30
,,,,,,مشغل آلة إنتاج الخرسانة,2814,,,,,,,,مكة المكرمة,التعليم,متوسطة (فئة ج),اخضر منخفض,10
,,,,,,مشغل آلة إنتاج تمور,70,,,,,,,,مكة المكرمة,الخدمات الإدارية وخدمات الدعم,متوسطة (فئة ج),اخضر منخفض,19
,,,,,,مشغل آلة إنتاج دهانات,359,,,,,,,,مكة المكرمة,الصناعة التحويلية,متوسطة (فئة ج),اخضر منخفض,69
,,,,,,مشغل آلة إنتاج رقائق السيليكون,5,,,,,,,,مكة المكرمة,النقل والتخزين,متوسطة (فئة ج),اخضر منخفض,8
,,,,,,مشغل آلة إنتاج سكر,106,,,,,,,,مكة المكرمة,تجارة الجملة والتجزئة وإصلاح المركبات ذات المحركات والدرجات النارية,متوسطة (فئة ج),اخضر منخفض,130
,,,,,,مشغل آلة إنتاج طوب أسمنتي,795,,,,,,,,نجران,أنشطة خدمات الاقامة والطعام,متوسطة (فئة ج),اخضر منخفض,1
,,,,,,مشغل آلة إنتاج متفجرات,5,,,,,,,,نجران,التشييد,متوسطة (فئة ج),اخضر منخفض,7
,,,,,,مشغل آلة إنتاج مخابز وحلويات,581,,,,,,,,نجران,الصناعة التحويلية,متوسطة (فئة ج),اخضر منخفض,2
,,,,,,مشغل آلة إنتاج مستحضرات تجميل,62,,,,,,,,نجران,النقل والتخزين,متوسطة (فئة ج),اخضر منخفض,1
,,,,,,مشغل آلة إنتاج مستحضرات صيدلانية,301,,,,,,,,نجران,تجارة الجملة والتجزئة وإصلاح المركبات ذات المحركات والدرجات النارية,متوسطة (فئة ج),اخضر منخفض,8
,,,,,,مشغل آلة إنتاج مستلزمات تصوير فوتوغرافي,190,,,,,,,,الباحة,غير خاضعة لانشطة ISIC4,صغيرة (فئة ب),بلاتيني,5
,,,,,,مشغل آلة إنتاج منتجات حجرية ومعدنية,410,,,,,,,,الباحة,أنشطة الخدمات الأخرى,صغيرة (فئة ب),بلاتيني,14
,,,,,,مشغل الة بثق الخزف,0,,,,,,,,الباحة,أنشطة خدمات الاقامة والطعام,صغيرة (فئة ب),بلاتيني,52
,,,,,,مشغل الة بثق اللدائن,203,,,,,,,,الباحة,أنشطة صحة الانسان والعمل الاجتماعي,صغيرة (فئة ب),بلاتيني,42
,,,,,,مشغل آلة بثق معادن,1050,,,,,,,,الباحة,إمدادات المياه وأنشطة الصرف الصحي وإدارة النفايات ومعالجتها,صغيرة (فئة ب),بلاتيني,1
,,,,,,مشغل الة تبريد وتجفيف المطاط,0,,,,,,,,الباحة,الأنشطة العقارية,صغيرة (فئة ب),بلاتيني,3
,,,,,,مشغل آلة تبطين ورق,129,,,,,,,,الباحة,الأنشطة المهنية والعلمية والتقنية,صغيرة (فئة ب),بلاتيني,3
,,,,,,مشغل الة تبيض عجينة الورق,1,,,,,,,,الباحة,التشييد,صغيرة (فئة ب),بلاتيني,112
,,,,,,مشغل آلة تبييض منسوجات,11,,,,,,,,الباحة,التعليم,صغيرة (فئة ب),بلاتيني,2
,,,,,,مشغل آلة تجفيف أطعمة,7,,,,,,,,الباحة,الخدمات الإدارية وخدمات الدعم,صغيرة (فئة ب),بلاتيني,12
,,,,,,مشغل الة تجفيف الورق,8,,,,,,,,الباحة,الزراعة والحراجة وصيد الأسماك,صغيرة (فئة ب),بلاتيني,3
,,,,,,مشغل آلة تجفيف ورق,68,,,,,,,,الباحة,الصناعة التحويلية,صغيرة (فئة ب),بلاتيني,25
,,,,,,مشغل الة تجليخ الزجاج,2,,,,,,,,الباحة,الفنون والترفيه والتسلية,صغيرة (فئة ب),بلاتيني,2
,,,,,,مشغل الة تجليد,34,,,,,,,,الباحة,المعلومات والاتصالات,صغيرة (فئة ب),بلاتيني,1
,,,,,,مشغل الة تجليد ملازم,5,,,,,,,,الباحة,النقل والتخزين,صغيرة (فئة ب),بلاتيني,5
,,,,,,مشغل آلة تجهيز ألياف,608,,,,,,,,الباحة,تجارة الجملة والتجزئة وإصلاح المركبات ذات المحركات والدرجات النارية,صغيرة (فئة ب),بلاتيني,119
,,,,,,مشغل الة تجهيز قشرة,10,,,,,,,,الجوف,غير خاضعة لانشطة ISIC4,صغيرة (فئة ب),بلاتيني,23
,,,,,,مشغل آلة تجويف معادن,180,,,,,,,,الجوف,أنشطة الخدمات الأخرى,صغيرة (فئة ب),بلاتيني,23
,,,,,,مشغل الة ترطيب,40,,,,,,,,الجوف,أنشطة خدمات الاقامة والطعام,صغيرة (فئة ب),بلاتيني,60
,,,,,,مشغل آلة تركيب أزرار,13,,,,,,,,الجوف,أنشطة صحة الانسان والعمل الاجتماعي,صغيرة (فئة ب),بلاتيني,30
,,,,,,مشغل الة تريكو,9,,,,,,,,الجوف,إمدادات المياه وأنشطة الصرف الصحي وإدارة النفايات ومعالجتها,صغيرة (فئة ب),بلاتيني,2
,,,,,,مشغل آلة تزرير خشب,1,,,,,,,,الجوف,الأنشطة العقارية,صغيرة (فئة ب),بلاتيني,3
,,,,,,مشغل الة تسريح,0,,,,,,,,الجوف,الأنشطة المهنية والعلمية والتقنية,صغيرة (فئة ب),بلاتيني,10
,,,,,,مشغل آلة تسوية أسطح أخشاب,12,,,,,,,,الجوف,التشييد,صغيرة (فئة ب),بلاتيني,97
,,,,,,مشغل الة تسوية وصقل الاحجار والرخام,3,,,,,,,,الجوف,التعدين واستغلال المحاجر,صغيرة (فئة ب),بلاتيني,2
,,,,,,مشغل آلة تشطيب أحذية,3,,,,,,,,الجوف,التعليم,صغيرة (فئة ب),بلاتيني,6
,,,,,,مشغل آلة تشطيب بلاط,128,,,,,,,,الجوف,الخدمات الإدارية وخدمات الدعم,صغيرة (فئة ب),بلاتيني,25
,,,,,,مشغل آلة تشطيب خيوط,2,,,,,,,,الجوف,الزراعة والحراجة وصيد الأسماك,صغيرة (فئة ب),بلاتيني,8
,,,,,,مشغل آلة تشطيب رخام,371,,,,,,,,الجوف,الصناعة التحويلية,صغيرة (فئة ب),بلاتيني,29
,,,,,,مشغل آلة تشطيب زجاج,173,,,,,,,,الجوف,الفنون والترفيه والتسلية,صغيرة (فئة ب),بلاتيني,7
,,,,,,مشغل آلة تشطيب معادن,1906,,,,,,,,الجوف,المعلومات والاتصالات,صغيرة (فئة ب),بلاتيني,1
,,,,,,مشغل آلة تشطيب منتجات بلاستيكية,43,,,,,,,,الجوف,النقل والتخزين,صغيرة (فئة ب),بلاتيني,26
,,,,,,مشغل آلة تشطيب منسوجات,77,,,,,,,,الجوف,تجارة الجملة والتجزئة وإصلاح المركبات ذات المحركات والدرجات النارية,صغيرة (فئة ب),بلاتيني,152
,,,,,,مشغل آلة تشطيب ورق,11,,,,,,,,الحدود الشمالية,غير خاضعة لانشطة ISIC4,صغيرة (فئة ب),بلاتيني,19
,,,,,,مشغل الة تشغيل مبرمجة,1400,,,,,,,,الحدود الشمالية,أنشطة الخدمات الأخرى,صغيرة (فئة ب),بلاتيني,13
,,,,,,مشغل الة تشكيل المكرونة,0,,,,,,,,الحدود الشمالية,أنشطة خدمات الاقامة والطعام,صغيرة (فئة ب),بلاتيني,42
,,,,,,مشغل آلة تشكيل ألواح الزجاج,103,,,,,,,,الحدود الشمالية,أنشطة صحة الانسان والعمل الاجتماعي,صغيرة (فئة ب),بلاتيني,21
,,,,,,مشغل آلة تشكيل خشب,43,,,,,,,,الحدود الشمالية,إمدادات الكهرباء والغاز والبخار وتكييف الهواء,صغيرة (فئة ب),بلاتيني,1
,,,,,,مشغل آلة تشكيل مطاط,10,,,,,,,,الحدود الشمالية,الأنشطة العقارية,صغيرة (فئة ب),بلاتيني,2
,,,,,,مشغل آلة تشكيل ورق,138,,,,,,,,الحدود الشمالية,الأنشطة المهنية والعلمية والتقنية,صغيرة (فئة ب),بلاتيني,2
,,,,,,مشغل آلة تصفيح المطاط,99,,,,,,,,الحدود الشمالية,التشييد,صغيرة (فئة ب),بلاتيني,80
,,,,,,مشغل الة تصفيح المطاط,0,,,,,,,,الحدود الشمالية,التعدين واستغلال المحاجر,صغيرة (فئة ب),بلاتيني,1
,,,,,,مشغل آلة تصنيع أسماك وقشريات,19,,,,,,,,الحدود الشمالية,التعليم,صغيرة (فئة ب),بلاتيني,10
,,,,,,مشغل آلة تصنيع إطارات مطاطية,318,,,,,,,,الحدود الشمالية,الخدمات الإدارية وخدمات الدعم,صغيرة (فئة ب),بلاتيني,18
,,,,,,مشغل الة تصنيع الالياف الاصطناعية,49,,,,,,,,الحدود الشمالية,الزراعة والحراجة وصيد الأسماك,صغيرة (فئة ب),بلاتيني,2
,,,,,,مشغل آلة تصنيع ألياف اصطناعية,129,,,,,,,,الحدود الشمالية,الصناعة التحويلية,صغيرة (فئة ب),بلاتيني,16
,,,,,,مشغل آلة تصنيع بلاط,191,,,,,,,,الحدود الشمالية,الفنون والترفيه والتسلية,صغيرة (فئة ب),بلاتيني,1
,,,,,,مشغل آلة تصنيع زجاج,359,,,,,,,,الحدود الشمالية,المعلومات والاتصالات,صغيرة (فئة ب),بلاتيني,1
,,,,,,مشغل آلة تصنيع سيراميك,178,,,,,,,,الحدود الشمالية,النقل والتخزين,صغيرة (فئة ب),بلاتيني,11
,,,,,,مشغل آلة تصنيع قشرة,28,,,,,,,,الحدود الشمالية,تجارة الجملة والتجزئة وإصلاح المركبات ذات المحركات والدرجات النارية,صغيرة (فئة ب),بلاتيني,110
,,,,,,مشغل آلة تصنيع لحوم,224,,,,,,,,الرياض,غير خاضعة لانشطة ISIC4,صغيرة (فئة ب),بلاتيني,"4,314"
,,,,,,مشغل آلة تصنيع مطاط,15,,,,,,,,الرياض,أنشطة الخدمات الأخرى,صغيرة (فئة ب),بلاتيني,544
,,,,,,مشغل آلة تصنيع منتجات خشبية,74,,,,,,,,الرياض,أنشطة خدمات الاقامة والطعام,صغيرة (فئة ب),بلاتيني,998
,,,,,,مشغل آلة تصنيع منتجات مطاطية,29,,,,,,,,الرياض,أنشطة صحة الانسان والعمل الاجتماعي,صغيرة (فئة ب),بلاتيني,582
,,,,,,مشغل آلة تصنيع منتجات ورقية,709,,,,,,,,الرياض,إمدادات الكهرباء والغاز والبخار وتكييف الهواء,صغيرة (فئة ب),بلاتيني,23
,,,,,,مشغل آلة تصنيع ورق,1327,,,,,,,,الرياض,إمدادات المياه وأنشطة الصرف الصحي وإدارة النفايات ومعالجتها,صغيرة (فئة ب),بلاتيني,37
,,,,,,مشغل آلة تصنيع ورق مقوى,253,,,,,,,,الرياض,الأنشطة العقارية,صغيرة (فئة ب),بلاتيني,252
,,,,,,مشغل آلة تطريز,178,,,,,,,,الرياض,الأنشطة المهنية والعلمية والتقنية,صغيرة (فئة ب),بلاتيني,658
,,,,,,مشغل الة تطريز,20,,,,,,,,الرياض,التشييد,صغيرة (فئة ب),بلاتيني,"3,843"
,,,,,,مشغل آلة تعبئة,2388,,,,,,,,الرياض,التعدين واستغلال المحاجر,صغيرة (فئة ب),بلاتيني,38
,,,,,,مشغل الة تعبئة الصابون وتغليفه,15,,,,,,,,الرياض,التعليم,صغيرة (فئة ب),بلاتيني,144
,,,,,,مشغل الة تعبئة الكبسولات الدوائية,17,,,,,,,,الرياض,الخدمات الإدارية وخدمات الدعم,صغيرة (فئة ب),بلاتيني,723
,,,,,,مشغل آلة تعبئة منتجات كيميائية,200,,,,,,,,الرياض,الزراعة والحراجة وصيد الأسماك,صغيرة (فئة ب),بلاتيني,258
,,,,,,مشغل آلة تعقيم مواد غذائية,41,,,,,,,,الرياض,الصناعة التحويلية,صغيرة (فئة ب),بلاتيني,"1,120"
,,,,,,مشغل آلة تغليف,929,,,,,,,,الرياض,الفنون والترفيه والتسلية,صغيرة (فئة ب),بلاتيني,100
,,,,,,مشغل الة تغليف الاقراص الدوائية,39,,,,,,,,الرياض,المعلومات والاتصالات,صغيرة (فئة ب),بلاتيني,374
,,,,,,مشغل الة تفتيت العجينة الورقية,0,,,,,,,,الرياض,النقل والتخزين,صغيرة (فئة ب),بلاتيني,"1,119"
,,,,,,مشغل الة تقطيع العجين,62,,,,,,,,الرياض,تجارة الجملة والتجزئة وإصلاح المركبات ذات المحركات والدرجات النارية,صغيرة (فئة ب),بلاتيني,"3,080"
,,,,,,مشغل الة تكسية المعادن بالخارصين (مشغل الة جلفنة),0,,,,,,,,الرياض,لأنشطة المالية وأنشطة التأمين,صغيرة (فئة ب),بلاتيني,243
,,,,,,مشغل الة تكوين الزجاج,3,,,,,,,,الشرقية,غير خاضعة لانشطة ISIC4,صغيرة (فئة ب),بلاتيني,189
,,,,,,مشغل الة تلحيم الجلود,0,,,,,,,,الشرقية,أنشطة الخدمات الأخرى,صغيرة (فئة ب),بلاتيني,373
,,,,,,مشغل آلة تمهيد أراضي,782,,,,,,,,الشرقية,أنشطة خدمات الاقامة والطعام,صغيرة (فئة ب),بلاتيني,819
,,,,,,مشغل الة تنبيه صنع المنسوجات,0,,,,,,,,الشرقية,أنشطة صحة الانسان والعمل الاجتماعي,صغيرة (فئة ب),بلاتيني,313
,,,,,,مشغل آلة تنظيف الأدمة والتلحيم,74,,,,,,,,الشرقية,إمدادات الكهرباء والغاز والبخار وتكييف الهواء,صغيرة (فئة ب),بلاتيني,14
,,,,,,مشغل الة تنظيف وتحويل عجينة الورق,8,,,,,,,,الشرقية,إمدادات المياه وأنشطة الصرف الصحي وإدارة النفايات ومعالجتها,صغيرة (فئة ب),بلاتيني,30
,,,,,,مشغل الة تنظيف ومزج الياف,6,,,,,,,,الشرقية,الأنشطة العقارية,صغيرة (فئة ب),بلاتيني,87
,,,,,,مشغل الة تنعيم العجينة الورقية,2,,,,,,,,الشرقية,الأنشطة المهنية والعلمية والتقنية,صغيرة (فئة ب),بلاتيني,224
,,,,,,مشغل الة جاروشة خشب,4,,,,,,,,الشرقية,"الإدارة العامة والدفاع , الضمان الاجتماعي الالزامي",صغيرة (فئة ب),بلاتيني,1
,,,,,,مشغل آلة جدل حبال,6,,,,,,,,الشرقية,التشييد,صغيرة (فئة ب),بلاتيني,"2,726"
,,,,,,مشغل آلة جدل خيوط,230,,,,,,,,الشرقية,التعدين واستغلال المحاجر,صغيرة (فئة ب),بلاتيني,61
,,,,,,مشغل آلة جلفنة المعادن,172,,,,,,,,الشرقية,التعليم,صغيرة (فئة ب),بلاتيني,86
,,,,,,مشغل الة حقن اللدائن,94,,,,,,,,الشرقية,الخدمات الإدارية وخدمات الدعم,صغيرة (فئة ب),بلاتيني,345
,,,,,,مشغل آلة حلاقة الجلود,3,,,,,,,,الشرقية,الزراعة والحراجة وصيد الأسماك,صغيرة (فئة ب),بلاتيني,179
,,,,,,مشغل آلة حلج قطن,23,,,,,,,,الشرقية,الصناعة التحويلية,صغيرة (فئة ب),بلاتيني,823
,,,,,,مشغل آلة حياكة,34,,,,,,,,الشرقية,الفنون والترفيه والتسلية,صغيرة (فئة ب),بلاتيني,52
,,,,,,مشغل الة حياكة جوارب,0,,,,,,,,الشرقية,المعلومات والاتصالات,صغيرة (فئة ب),بلاتيني,70
,,,,,,مشغل الة حياكة كهربائية,8,,,,,,,,الشرقية,النقل والتخزين,صغيرة (فئة ب),بلاتيني,310
,,,,,,مشغل آلة حياكة مبرمجة,55,,,,,,,,الشرقية,تجارة الجملة والتجزئة وإصلاح المركبات ذات المحركات والدرجات النارية,صغيرة (فئة ب),بلاتيني,"2,316"
,,,,,,مشغل آلة خلط مواد كيميائية,342,,,,,,,,الشرقية,لأنشطة المالية وأنشطة التأمين,صغيرة (فئة ب),بلاتيني,58
,,,,,,مشغل آلة خياطة,876,,,,,,,,القصيم,غير خاضعة لانشطة ISIC4,صغيرة (فئة ب),بلاتيني,109
,,,,,,مشغل الة خياطة صناعية,226,,,,,,,,القصيم,أنشطة الخدمات الأخرى,صغيرة (فئة ب),بلاتيني,78
,,,,,,مشغل آلة درفلة معادن,1270,,,,,,,,القصيم,أنشطة خدمات الاقامة والطعام,صغيرة (فئة ب),بلاتيني,195
,,,,,,مشغل الة دق,40,,,,,,,,القصيم,أنشطة صحة الانسان والعمل الاجتماعي,صغيرة (فئة ب),بلاتيني,89
,,,,,,مشغل آلة رسم نماذج قص المنسوجات,8,,,,,,,,القصيم,إمدادات الكهرباء والغاز والبخار وتكييف الهواء,صغيرة (فئة ب),بلاتيني,1
,,,,,,مشغل الة سحب الزجاج,29,,,,,,,,القصيم,إمدادات المياه وأنشطة الصرف الصحي وإدارة النفايات ومعالجتها,صغيرة (فئة ب),بلاتيني,6
,,,,,,مشغل آلة سحب وشد الجلود,12,,,,,,,,القصيم,الأنشطة العقارية,صغيرة (فئة ب),بلاتيني,9
,,,,,,مشغل الة سحب وكي الجلود,0,,,,,,,,القصيم,الأنشطة المهنية والعلمية والتقنية,صغيرة (فئة ب),بلاتيني,50
,,,,,,مشغل الة سكب الحروف,5,,,,,,,,القصيم,التشييد,صغيرة (فئة ب),بلاتيني,538
,,,,,,مشغل الة سكب السطور,2,,,,,,,,القصيم,التعدين واستغلال المحاجر,صغيرة (فئة ب),بلاتيني,1
,,,,,,مشغل الة صب الاعمدة الخرسانية,4,,,,,,,,القصيم,التعليم,صغيرة (فئة ب),بلاتيني,13
,,,,,,مشغل الة صب الانابيب الاسمنتية,30,,,,,,,,القصيم,الخدمات الإدارية وخدمات الدعم,صغيرة (فئة ب),بلاتيني,109
,,,,,,مشغل الة صب الانابيب الخزفية,22,,,,,,,,القصيم,الزراعة والحراجة وصيد الأسماك,صغيرة (فئة ب),بلاتيني,43
,,,,,,مشغل آلة صب المعادن,254,,,,,,,,القصيم,الصناعة التحويلية,صغيرة (فئة ب),بلاتيني,160
,,,,,,مشغل الة صباغة الخيوط,0,,,,,,,,القصيم,الفنون والترفيه والتسلية,صغيرة (فئة ب),بلاتيني,22
,,,,,,مشغل آلة صباغة المنسوجات,30,,,,,,,,القصيم,المعلومات والاتصالات,صغيرة (فئة ب),بلاتيني,10
,,,,,,مشغل الة صباغة المنسوجات,6,,,,,,,,القصيم,النقل والتخزين,صغيرة (فئة ب),بلاتيني,77
,,,,,,مشغل آلة صباغة خيوط,286,,,,,,,,القصيم,تجارة الجملة والتجزئة وإصلاح المركبات ذات المحركات والدرجات النارية,صغيرة (فئة ب),بلاتيني,529
,,,,,,مشغل الة صقل الجلود,0,,,,,,,,القصيم,لأنشطة المالية وأنشطة التأمين,صغيرة (فئة ب),بلاتيني,4
,,,,,,مشغل الة صقل الكبسولات الدوائية,2,,,,,,,,المدينة,غير خاضعة لانشطة ISIC4,صغيرة (فئة ب),بلاتيني,85
,,,,,,مشغل الة صقل الورق,56,,,,,,,,المدينة,أنشطة الخدمات الأخرى,صغيرة (فئة ب),بلاتيني,85
,,,,,,مشغل آلة صقل جلود,28,,,,,,,,المدينة,أنشطة خدمات الاقامة والطعام,صغيرة (فئة ب),بلاتيني,431
,,,,,,مشغل الة صقل منتجات للدائن,0,,,,,,,,المدينة,أنشطة صحة الانسان والعمل الاجتماعي,صغيرة (فئة ب),بلاتيني,125
,,,,,,مشغل آلة صناعات كيميائية,597,,,,,,,,المدينة,إمدادات الكهرباء والغاز والبخار وتكييف الهواء,صغيرة (فئة ب),بلاتيني,1
,,,,,,مشغل الة صنع الاكياس من ورق السلوفان,0,,,,,,,,المدينة,إمدادات المياه وأنشطة الصرف الصحي وإدارة النفايات ومعالجتها,صغيرة (فئة ب),بلاتيني,11
,,,,,,مشغل الة صنع الحبال,11,,,,,,,,المدينة,الأنشطة العقارية,صغيرة (فئة ب),بلاتيني,21
,,,,,,مشغل الة صنع الورق,81,,,,,,,,المدينة,الأنشطة المهنية والعلمية والتقنية,صغيرة (فئة ب),بلاتيني,41
,,,,,,مشغل آلة صنع خيام,91,,,,,,,,المدينة,التشييد,صغيرة (فئة ب),بلاتيني,736
,,,,,,مشغل الة صنع صناديق الورق المقوى يدويا,5,,,,,,,,المدينة,التعدين واستغلال المحاجر,صغيرة (فئة ب),بلاتيني,9
,,,,,,مشغل الة صنفرة,123,,,,,,,,المدينة,التعليم,صغيرة (فئة ب),بلاتيني,25
,,,,,,مشغل الة طباعة اسطوانية,76,,,,,,,,المدينة,الخدمات الإدارية وخدمات الدعم,صغيرة (فئة ب),بلاتيني,116
,,,,,,مشغل الة طباعة الغائر,2,,,,,,,,المدينة,الزراعة والحراجة وصيد الأسماك,صغيرة (فئة ب),بلاتيني,36
,,,,,,مشغل الة طباعة اوفست,2,,,,,,,,المدينة,الصناعة التحويلية,صغيرة (فئة ب),بلاتيني,164
,,,,,,مشغل الة طباعة دوارة,1,,,,,,,,المدينة,الفنون والترفيه والتسلية,صغيرة (فئة ب),بلاتيني,21
,,,,,,مشغل الة طباعة مسطحة,0,,,,,,,,المدينة,المعلومات والاتصالات,صغيرة (فئة ب),بلاتيني,8
,,,,,,مشغل الة طباعة ملونة,1,,,,,,,,المدينة,النقل والتخزين,صغيرة (فئة ب),بلاتيني,65
,,,,,,مشغل آلة طرق معادن,294,,,,,,,,المدينة,تجارة الجملة والتجزئة وإصلاح المركبات ذات المحركات والدرجات النارية,صغيرة (فئة ب),بلاتيني,615
,,,,,,مشغل الة طلاء الورق,37,,,,,,,,المدينة,لأنشطة المالية وأنشطة التأمين,صغيرة (فئة ب),بلاتيني,13
,,,,,,مشغل آلة طلاء معادن,656,,,,,,,,تبوك,غير خاضعة لانشطة ISIC4,صغيرة (فئة ب),بلاتيني,29
,,,,,,مشغل الة طي الورق المطبوع,8,,,,,,,,تبوك,أنشطة الخدمات الأخرى,صغيرة (فئة ب),بلاتيني,32
,,,,,,مشغل آلة عجينة ورق,124,,,,,,,,تبوك,أنشطة خدمات الاقامة والطعام,صغيرة (فئة ب),بلاتيني,128
,,,,,,مشغل آلة عراوي,55,,,,,,,,تبوك,أنشطة صحة الانسان والعمل الاجتماعي,صغيرة (فئة ب),بلاتيني,38
,,,,,,مشغل آلة غربلة,27,,,,,,,,تبوك,إمدادات الكهرباء والغاز والبخار وتكييف الهواء,صغيرة (فئة ب),بلاتيني,1
,,,,,,مشغل آلة غزل خيوط,252,,,,,,,,تبوك,إمدادات المياه وأنشطة الصرف الصحي وإدارة النفايات ومعالجتها,صغيرة (فئة ب),بلاتيني,4
,,,,,,مشغل آلة غسيل الأقمشة,134,,,,,,,,تبوك,الأنشطة العقارية,صغيرة (فئة ب),بلاتيني,4
,,,,,,مشغل آلة غسيل سجاد وموكيت,19,,,,,,,,تبوك,الأنشطة المهنية والعلمية والتقنية,صغيرة (فئة ب),بلاتيني,16
,,,,,,مشغل آلة غسيل ملابس وبياضات,519,,,,,,,,تبوك,التشييد,صغيرة (فئة ب),بلاتيني,221
,,,,,,مشغل الة فرز الدهون,1,,,,,,,,تبوك,التعدين واستغلال المحاجر,صغيرة (فئة ب),بلاتيني,3
,,,,,,مشغل آلة فرز النواة,90,,,,,,,,تبوك,التعليم,صغيرة (فئة ب),بلاتيني,14
,,,,,,مشغل الة قص الزجاج,37,,,,,,,,تبوك,الخدمات الإدارية وخدمات الدعم,صغيرة (فئة ب),بلاتيني,42
,,,,,,مشغل آلة قص قماش,82,,,,,,,,تبوك,الزراعة والحراجة وصيد الأسماك,صغيرة (فئة ب),بلاتيني,22
,,,,,,مشغل آلة قص ورق,262,,,,,,,,تبوك,الصناعة التحويلية,صغيرة (فئة ب),بلاتيني,49
,,,,,,مشغل آلة قطع خشب,171,,,,,,,,تبوك,الفنون والترفيه والتسلية,صغيرة (فئة ب),بلاتيني,6
,,,,,,مشغل الة كساء النسيج بالمطاط,0,,,,,,,,تبوك,المعلومات والاتصالات,صغيرة (فئة ب),بلاتيني,1
,,,,,,مشغل آلة كي,13,,,,,,,,تبوك,النقل والتخزين,صغيرة (فئة ب),بلاتيني,34
,,,,,,مشغل الة لحام كهربائي اتوماتيكية,0,,,,,,,,تبوك,تجارة الجملة والتجزئة وإصلاح المركبات ذات المحركات والدرجات النارية,صغيرة (فئة ب),بلاتيني,228
,,,,,,مشغل الة لحام مقاومة,0,,,,,,,,جازان,غير خاضعة لانشطة ISIC4,صغيرة (فئة ب),بلاتيني,45
,,,,,,مشغل آلة لصق بطاقات إنتاج,35,,,,,,,,جازان,أنشطة الخدمات الأخرى,صغيرة (فئة ب),بلاتيني,27
,,,,,,مشغل آلة لف الأقمشة,1,,,,,,,,جازان,أنشطة خدمات الاقامة والطعام,صغيرة (فئة ب),بلاتيني,237
,,,,,,مشغل الة لف الشلائل,0,,,,,,,,جازان,أنشطة صحة الانسان والعمل الاجتماعي,صغيرة (فئة ب),بلاتيني,100
,,,,,,مشغل آلة لف شلائل,217,,,,,,,,جازان,إمدادات الكهرباء والغاز والبخار وتكييف الهواء,صغيرة (فئة ب),بلاتيني,1
,,,,,,مشغل آلة مطحن حبوب,954,,,,,,,,جازان,إمدادات المياه وأنشطة الصرف الصحي وإدارة النفايات ومعالجتها,صغيرة (فئة ب),بلاتيني,6
,,,,,,مشغل آلة معالجة أحجار,139,,,,,,,,جازان,الأنشطة العقارية,صغيرة (فئة ب),بلاتيني,12
,,,,,,مشغل آلة معالجة جلود وفرو,4,,,,,,,,جازان,الأنشطة المهنية والعلمية والتقنية,صغيرة (فئة ب),بلاتيني,25
,,,,,,مشغل آلة معالجة حرارية للمعادن,687,,,,,,,,جازان,التشييد,صغيرة (فئة ب),بلاتيني,278
,,,,,,مشغل آلة معالجة خيوط غزل,19,,,,,,,,جازان,التعدين واستغلال المحاجر,صغيرة (فئة ب),بلاتيني,4
,,,,,,مشغل آلة معالجة كيميائية,2568,,,,,,,,جازان,التعليم,صغيرة (فئة ب),بلاتيني,18
,,,,,,مشغل آلة معالجة لب,2,,,,,,,,جازان,الخدمات الإدارية وخدمات الدعم,صغيرة (فئة ب),بلاتيني,33
,,,,,,مشغل آلة مكبس كي,14,,,,,,,,جازان,الزراعة والحراجة وصيد الأسماك,صغيرة (فئة ب),بلاتيني,28
,,,,,,مشغل آلة منتجات ألبان,337,,,,,,,,جازان,الصناعة التحويلية,صغيرة (فئة ب),بلاتيني,69
,,,,,,مشغل آلة منتجات حبوب,120,,,,,,,,جازان,الفنون والترفيه والتسلية,صغيرة (فئة ب),بلاتيني,9
,,,,,,مشغل آلة منتجات زيوت طعام,173,,,,,,,,جازان,النقل والتخزين,صغيرة (فئة ب),بلاتيني,26
,,,,,,مشغل آلة منتجات فواكه وخضراوات,302,,,,,,,,جازان,تجارة الجملة والتجزئة وإصلاح المركبات ذات المحركات والدرجات النارية,صغيرة (فئة ب),بلاتيني,371
,,,,,,مشغل آلة نسيج,1031,,,,,,,,جازان,لأنشطة المالية وأنشطة التأمين,صغيرة (فئة ب),بلاتيني,2
,,,,,,مشغل الة نفخ الزجاج,0,,,,,,,,حائل,غير خاضعة لانشطة ISIC4,صغيرة (فئة ب),بلاتيني,147
,,,,,,مشغل آلة نفخ زجاج,18,,,,,,,,حائل,أنشطة الخدمات الأخرى,صغيرة (فئة ب),بلاتيني,53
,,,,,,مشغل الةالبرم,17,,,,,,,,حائل,أنشطة خدمات الاقامة والطعام,صغيرة (فئة ب),بلاتيني,83
,,,,,,مشغل الحاسب الالي,5459,,,,,,,,حائل,أنشطة صحة الانسان والعمل الاجتماعي,صغيرة (فئة ب),بلاتيني,54
,,,,,,مشغل الفرن العالي,0,,,,,,,,حائل,إمدادات المياه وأنشطة الصرف الصحي وإدارة النفايات ومعالجتها,صغيرة (فئة ب),بلاتيني,1
,,,,,,مشغل اله السكب بالطرد المركزي,0,,,,,,,,حائل,الأنشطة العقارية,صغيرة (فئة ب),بلاتيني,7
,,,,,,مشغل اله السكب بالطرد بالقوالب,33,,,,,,,,حائل,الأنشطة المهنية والعلمية والتقنية,صغيرة (فئة ب),بلاتيني,9
,,,,,,مشغل اله بثق الانابيب,198,,,,,,,,حائل,التشييد,صغيرة (فئة ب),بلاتيني,171
,,,,,,مشغل اله ثقب وتخريم,82,,,,,,,,حائل,التعليم,صغيرة (فئة ب),بلاتيني,7
,,,,,,مشغل آله رافعه,814,,,,,,,,حائل,الخدمات الإدارية وخدمات الدعم,صغيرة (فئة ب),بلاتيني,43
,,,,,,مشغل اله سحب الاسلاك المعدنية,65,,,,,,,,حائل,الزراعة والحراجة وصيد الأسماك,صغيرة (فئة ب),بلاتيني,20
,,,,,,مشغل اله صنع المسامير,4,,,,,,,,حائل,الصناعة التحويلية,صغيرة (فئة ب),بلاتيني,57
,,,,,,مشغل اله صنفرة,31,,,,,,,,حائل,الفنون والترفيه والتسلية,صغيرة (فئة ب),بلاتيني,13
,,,,,,مشغل اله فرز التمور عن النواه,22,,,,,,,,حائل,المعلومات والاتصالات,صغيرة (فئة ب),بلاتيني,1
,,,,,,مشغل الية تحمل,524,,,,,,,,حائل,النقل والتخزين,صغيرة (فئة ب),بلاتيني,41
,,,,,,مشغل انظمة التدفئة المركزية,1,,,,,,,,حائل,تجارة الجملة والتجزئة وإصلاح المركبات ذات المحركات والدرجات النارية,صغيرة (فئة ب),بلاتيني,243
,,,,,,مشغل بدالة,0,,,,,,,,عسير,غير خاضعة لانشطة ISIC4,صغيرة (فئة ب),بلاتيني,66
,,,,,,مشغل برج فصل زيت البرافين,3,,,,,,,,عسير,أنشطة الخدمات الأخرى,صغيرة (فئة ب),بلاتيني,79
,,,,,,مشغل تحلية غرفة تحكم في محطة تحلية المياه المالحة,147,,,,,,,,عسير,أنشطة خدمات الاقامة والطعام,صغيرة (فئة ب),بلاتيني,334
,,,,,,مشغل تحويلة قطارات,4,,,,,,,,عسير,أنشطة صحة الانسان والعمل الاجتماعي,صغيرة (فئة ب),بلاتيني,147
,,,,,,مشغل توربين,610,,,,,,,,عسير,إمدادات الكهرباء والغاز والبخار وتكييف الهواء,صغيرة (فئة ب),بلاتيني,1
,,,,,,مشغل توربين بخاري,9,,,,,,,,عسير,إمدادات المياه وأنشطة الصرف الصحي وإدارة النفايات ومعالجتها,صغيرة (فئة ب),بلاتيني,3
,,,,,,مشغل توربين غازي,37,,,,,,,,عسير,الأنشطة العقارية,صغيرة (فئة ب),بلاتيني,14
,,,,,,مشغل توربين كهربائي,33,,,,,,,,عسير,الأنشطة المهنية والعلمية والتقنية,صغيرة (فئة ب),بلاتيني,45
,,,,,,مشغل توربين مائي,5,,,,,,,,عسير,التشييد,صغيرة (فئة ب),بلاتيني,563
,,,,,,مشغل ثناية صفيح اليه,33,,,,,,,,عسير,التعدين واستغلال المحاجر,صغيرة (فئة ب),بلاتيني,1
,,,,,,مشغل جاروشة حبوب,2,,,,,,,,عسير,التعليم,صغيرة (فئة ب),بلاتيني,20
,,,,,,مشغل جرافة,910,,,,,,,,عسير,الخدمات الإدارية وخدمات الدعم,صغيرة (فئة ب),بلاتيني,74
,,,,,,مشغل جلاية بلاط,4,,,,,,,,عسير,الزراعة والحراجة وصيد الأسماك,صغيرة (فئة ب),بلاتيني,37
,,,,,,مشغل جهاز بلورة السكر,0,,,,,,,,عسير,الصناعة التحويلية,صغيرة (فئة ب),بلاتيني,157
,,,,,,مشغل جهاز تبخير,16,,,,,,,,عسير,الفنون والترفيه والتسلية,صغيرة (فئة ب),بلاتيني,14
,,,,,,مشغل جهاز تبريد,28,,,,,,,,عسير,المعلومات والاتصالات,صغيرة (فئة ب),بلاتيني,2
,,,,,,مشغل جهاز تعبئة ناقلات,50,,,,,,,,عسير,النقل والتخزين,صغيرة (فئة ب),بلاتيني,73
,,,,,,مشغل جهاز تعبئة يعمل بالطاقة,43,,,,,,,,عسير,تجارة الجملة والتجزئة وإصلاح المركبات ذات المحركات والدرجات النارية,صغيرة (فئة ب),بلاتيني,675
,,,,,,مشغل جهاز تفاعل النفط,206,,,,,,,,عسير,لأنشطة المالية وأنشطة التأمين,صغيرة (فئة ب),بلاتيني,1
,,,,,,مشغل جهاز تفاعل للمعاجة الكيميائية,905,,,,,,,,مكة المكرمة,غير خاضعة لانشطة ISIC4,صغيرة (فئة ب),بلاتيني,414
,,,,,,مشغل جهاز تقطير النفط,26,,,,,,,,مكة المكرمة,أنشطة الخدمات الأخرى,صغيرة (فئة ب),بلاتيني,335
,,,,,,مشغل جهاز تقطير متقطع المواد الكيميائية,19,,,,,,,,مكة المكرمة,أنشطة خدمات الاقامة والطعام,صغيرة (فئة ب),بلاتيني,"1,122"
,,,,,,مشغل جهاز تقطير مستمر لمعاجة المواد الكيميائية,12,,,,,,,,مكة المكرمة,أنشطة صحة الانسان والعمل الاجتماعي,صغيرة (فئة ب),بلاتيني,565
,,,,,,مشغل جهاز تكسية الاطارات,8,,,,,,,,مكة المكرمة,إمدادات الكهرباء والغاز والبخار وتكييف الهواء,صغيرة (فئة ب),بلاتيني,13
,,,,,,مشغل جهاز شد فولاذ التسليح في الاعمدة الخرسانية,1,,,,,,,,مكة المكرمة,إمدادات المياه وأنشطة الصرف الصحي وإدارة النفايات ومعالجتها,صغيرة (فئة ب),بلاتيني,39
,,,,,,مشغل جهاز عرض سينمائي,20,,,,,,,,مكة المكرمة,الأنشطة العقارية,صغيرة (فئة ب),بلاتيني,152
,,,,,,مشغل جهاز فصل السكر,0,,,,,,,,مكة المكرمة,الأنشطة المهنية والعلمية والتقنية,صغيرة (فئة ب),بلاتيني,370
,,,,,,مشغل جهاز كربنة السكر,0,,,,,,,,مكة المكرمة,"الإدارة العامة والدفاع , الضمان الاجتماعي الالزامي",صغيرة (فئة ب),بلاتيني,1
,,,,,,مشغل جهاز مراقبة الاقراص الدوائية,2,,,,,,,,مكة المكرمة,التشييد,صغيرة (فئة ب),بلاتيني,"2,971"
,,,,,,مشغل جهاز معالجة النفط,208,,,,,,,,مكة المكرمة,التعدين واستغلال المحاجر,صغيرة (فئة ب),بلاتيني,16
,,,,,,مشغل حاسب الكتروني,144,,,,,,,,مكة المكرمة,التعليم,صغيرة (فئة ب),بلاتيني,99
,,,,,,مشغل حراري غرفة تحكم,106,,,,,,,,مكة المكرمة,الخدمات الإدارية وخدمات الدعم,صغيرة (فئة ب),بلاتيني,505
,,,,,,مشغل حزام ناقل,21,,,,,,,,مكة المكرمة,الزراعة والحراجة وصيد الأسماك,صغيرة (فئة ب),بلاتيني,55
,,,,,,مشغل حفار ترددي للابار,445,,,,,,,,مكة المكرمة,الصناعة التحويلية,صغيرة (فئة ب),بلاتيني,651
,,,,,,مشغل حفارة,9207,,,,,,,,مكة المكرمة,الفنون والترفيه والتسلية,صغيرة (فئة ب),بلاتيني,65
,,,,,,مشغل حقل التخمير لخميرة الخبز,2,,,,,,,,مكة المكرمة,المعلومات والاتصالات,صغيرة (فئة ب),بلاتيني,95
,,,,,,مشغل خلاط تغرية,0,,,,,,,,مكة المكرمة,النقل والتخزين,صغيرة (فئة ب),بلاتيني,326
,,,,,,مشغل خلاط خرسانية مركزية,4,,,,,,,,مكة المكرمة,تجارة الجملة والتجزئة وإصلاح المركبات ذات المحركات والدرجات النارية,صغيرة (فئة ب),بلاتيني,"2,798"
,,,,,,مشغل خلاطة اسفلت,2,,,,,,,,مكة المكرمة,لأنشطة المالية وأنشطة التأمين,صغيرة (فئة ب),بلاتيني,83
,,,,,,مشغل خلاطة خرسانية,4,,,,,,,,نجران,غير خاضعة لانشطة ISIC4,صغيرة (فئة ب),بلاتيني,107
,,,,,,مشغل درافيل الالواح المعدنية,56,,,,,,,,نجران,أنشطة الخدمات الأخرى,صغيرة (فئة ب),بلاتيني,21
,,,,,,مشغل درافيل الانابيب المعدنية,157,,,,,,,,نجران,أنشطة خدمات الاقامة والطعام,صغيرة (فئة ب),بلاتيني,55
,,,,,,مشغل درافيل المقاطع المعدنية,94,,,,,,,,نجران,أنشطة صحة الانسان والعمل الاجتماعي,صغيرة (فئة ب),بلاتيني,40
,,,,,,مشغل رافعة,4184,,,,,,,,نجران,إمدادات المياه وأنشطة الصرف الصحي وإدارة النفايات ومعالجتها,صغيرة (فئة ب),بلاتيني,2
,,,,,,مشغل رافعة برجية,1373,,,,,,,,نجران,الأنشطة العقارية,صغيرة (فئة ب),بلاتيني,1
,,,,,,مشغل رافعة متحركة ونش,845,,,,,,,,نجران,الأنشطة المهنية والعلمية والتقنية,صغيرة (فئة ب),بلاتيني,8
,,,,,,مشغل رجاج,4,,,,,,,,نجران,التشييد,صغيرة (فئة ب),بلاتيني,142
,,,,,,مشغل سخان اسفلت,0,,,,,,,,نجران,التعدين واستغلال المحاجر,صغيرة (فئة ب),بلاتيني,1
,,,,,,مشغل صهر الزجاج,5,,,,,,,,نجران,التعليم,صغيرة (فئة ب),بلاتيني,6
,,,,,,مشغل ضاغطة هواء حفر,0,,,,,,,,نجران,الخدمات الإدارية وخدمات الدعم,صغيرة (فئة ب),بلاتيني,20
,,,,,,مشغل طباعة وتصوير,132,,,,,,,,نجران,الزراعة والحراجة وصيد الأسماك,صغيرة (فئة ب),بلاتيني,13
,,,,,,مشغل عجان فرن الي,2,,,,,,,,نجران,الصناعة التحويلية,صغيرة (فئة ب),بلاتيني,41
,,,,,,مشغل عجان ورق,8,,,,,,,,نجران,الفنون والترفيه والتسلية,صغيرة (فئة ب),بلاتيني,3
,,,,,,مشغل عربه رفع بضائع,43,,,,,,,,نجران,النقل والتخزين,صغيرة (فئة ب),بلاتيني,40
,,,,,,مشغل عصارة قصب سكر,0,,,,,,,,نجران,تجارة الجملة والتجزئة وإصلاح المركبات ذات المحركات والدرجات النارية,صغيرة (فئة ب),بلاتيني,157
,,,,,,مشغل غرابيل حبوب,3,,,,,,,,الباحة,لأنشطة المالية وأنشطة التأمين,عملاقة,بلاتيني,2
,,,,,,مشغل غسالات الملابس,6,,,,,,,,الجوف,لأنشطة المالية وأنشطة التأمين,عملاقة,بلاتيني,2
,,,,,,مشغل غسالة الصوف,2,,,,,,,,الحدود الشمالية,لأنشطة المالية وأنشطة التأمين,عملاقة,بلاتيني,2
,,,,,,مشغل غلايات مياه,332,,,,,,,,الرياض,غير خاضعة لانشطة ISIC4,عملاقة,بلاتيني,11
,,,,,,مشغل فاصلات خميرة الخبز,1,,,,,,,,الرياض,إمدادات الكهرباء والغاز والبخار وتكييف الهواء,عملاقة,بلاتيني,1
,,,,,,مشغل فرامل قطارات,4,,,,,,,,الرياض,الأنشطة المهنية والعلمية والتقنية,عملاقة,بلاتيني,1
,,,,,,مشغل فرن احجار,0,,,,,,,,الرياض,التشييد,عملاقة,بلاتيني,3
,,,,,,مشغل فرن الالمنيوم,0,,,,,,,,الرياض,التعليم,عملاقة,بلاتيني,1
,,,,,,مشغل فرن الدست,0,,,,,,,,الرياض,الخدمات الإدارية وخدمات الدعم,عملاقة,بلاتيني,7
,,,,,,مشغل فرن الفولاذ,0,,,,,,,,الرياض,الزراعة والحراجة وصيد الأسماك,عملاقة,بلاتيني,2
,,,,,,مشغل فرن تجفيف الخشب,8,,,,,,,,الرياض,الصناعة التحويلية,عملاقة,بلاتيني,10
,,,,,,مشغل فرن تجفيف الطوب الرملي,2,,,,,,,,الرياض,المعلومات والاتصالات,عملاقة,بلاتيني,3
,,,,,,مشغل فرن تجفيف المكرونة,1,,,,,,,,الرياض,النقل والتخزين,عملاقة,بلاتيني,1
,,,,,,مشغل فرن تحميض الطوب الحراري والخزفي,1,,,,,,,,الرياض,تجارة الجملة والتجزئة وإصلاح المركبات ذات المحركات والدرجات النارية,عملاقة,بلاتيني,4
,,,,,,مشغل فرن تحميض خامات,55,,,,,,,,الرياض,لأنشطة المالية وأنشطة التأمين,عملاقة,بلاتيني,40
,,,,,,مشغل فرن تسخين معادن,8,,,,,,,,الشرقية,غير خاضعة لانشطة ISIC4,عملاقة,بلاتيني,4
,,,,,,مشغل فرن حرق الخزف,1,,,,,,,,الشرقية,أنشطة صحة الانسان والعمل الاجتماعي,عملاقة,بلاتيني,13
,,,,,,مشغل فرن صناعة الاسمنت,51,,,,,,,,الشرقية,إمدادات الكهرباء والغاز والبخار وتكييف الهواء,عملاقة,بلاتيني,1
,,,,,,مشغل فرن صهر زجاج,44,,,,,,,,الشرقية,التشييد,عملاقة,بلاتيني,5
,,,,,,مشغل فرن طوب وبلاط,246,,,,,,,,الشرقية,التعدين واستغلال المحاجر,عملاقة,بلاتيني,2
,,,,,,مشغل في محطة توليد الكهرباء والبخار,399,,,,,,,,الشرقية,الصناعة التحويلية,عملاقة,بلاتيني,1
,,,,,,مشغل في معمل تكرير,1734,,,,,,,,الشرقية,تجارة الجملة والتجزئة وإصلاح المركبات ذات المحركات والدرجات النارية,عملاقة,بلاتيني,4
,,,,,,مشغل كسارة,942,,,,,,,,الشرقية,لأنشطة المالية وأنشطة التأمين,عملاقة,بلاتيني,40
,,,,,,مشغل كسارة احجار,46,,,,,,,,القصيم,تجارة الجملة والتجزئة وإصلاح المركبات ذات المحركات والدرجات النارية,عملاقة,بلاتيني,1
,,,,,,مشغل كهربائي توزيع الحمل الكهربائي في محطة القوى,169,,,,,,,,القصيم,لأنشطة المالية وأنشطة التأمين,عملاقة,بلاتيني,11
,,,,,,مشغل ماكينة التثقيب للبطاقات والاشرطة الورقية,0,,,,,,,,المدينة,غير خاضعة لانشطة ISIC4,عملاقة,بلاتيني,6
,,,,,,مشغل ماكينة التعدين,103,,,,,,,,المدينة,لأنشطة المالية وأنشطة التأمين,عملاقة,بلاتيني,1
,,,,,,مشغل ماكينة تخشين الاطارات,6,,,,,,,,تبوك,غير خاضعة لانشطة ISIC4,عملاقة,بلاتيني,2
,,,,,,مشغل ماكينة تسمير الكتب بالسلك,3,,,,,,,,تبوك,أنشطة صحة الانسان والعمل الاجتماعي,عملاقة,بلاتيني,2
,,,,,,مشغل ماكينة تعبئة معلبات واوعية زجاجية,257,,,,,,,,تبوك,لأنشطة المالية وأنشطة التأمين,عملاقة,بلاتيني,2
,,,,,,مشغل ماكينة توليد الطاقة بالبخار,17,,,,,,,,جازان,غير خاضعة لانشطة ISIC4,عملاقة,بلاتيني,4
,,,,,,مشغل ماكينة ثابتة,4748,,,,,,,,جازان,المعلومات والاتصالات,عملاقة,بلاتيني,1
,,,,,,مشغل ماكينة ثني المعادن,38,,,,,,,,حائل,لأنشطة المالية وأنشطة التأمين,عملاقة,بلاتيني,4
,,,,,,مشغل ماكينة رصف الطرق بالخرسانة,0,,,,,,,,عسير,غير خاضعة لانشطة ISIC4,عملاقة,بلاتيني,5
,,,,,,مشغل ماكينة سحب مواسير او انابيب دون وصلات,72,,,,,,,,عسير,إمدادات الكهرباء والغاز والبخار وتكييف الهواء,عملاقة,بلاتيني,1
,,,,,,مشغل ماكينة صب القضبان وسباكتها,7,,,,,,,,عسير,المعلومات والاتصالات,عملاقة,بلاتيني,1
,,,,,,مشغل ماكينة ضخ,122,,,,,,,,عسير,تجارة الجملة والتجزئة وإصلاح المركبات ذات المحركات والدرجات النارية,عملاقة,بلاتيني,1
,,,,,,مشغل ماكينة ضغط الغازات,15,,,,,,,,عسير,لأنشطة المالية وأنشطة التأمين,عملاقة,بلاتيني,5
,,,,,,مشغل ماكينة ضغط هواء,6,,,,,,,,مكة المكرمة,غير خاضعة لانشطة ISIC4,عملاقة,بلاتيني,6
,,,,,,مشغل ماكينة قص الكتب والسجلات,3,,,,,,,,مكة المكرمة,أنشطة صحة الانسان والعمل الاجتماعي,عملاقة,بلاتيني,4
,,,,,,مشغل ماكينة قطع الاحجار,3,,,,,,,,مكة المكرمة,إمدادات الكهرباء والغاز والبخار وتكييف الهواء,عملاقة,بلاتيني,1
,,,,,,مشغل ماكينة مسك الدفاتر,5,,,,,,,,مكة المكرمة,الأنشطة المهنية والعلمية والتقنية,عملاقة,بلاتيني,1
,,,,,,مشغل ماكينة معالجة المياه وتنقيتها وتصفيتها,42,,,,,,,,مكة المكرمة,الصناعة التحويلية,عملاقة,بلاتيني,3
,,,,,,مشغل مبخرة تمور,36,,,,,,,,مكة المكرمة,المعلومات والاتصالات,عملاقة,بلاتيني,1
,,,,,,مشغل مبيض كيميائي,1,,,,,,,,مكة المكرمة,النقل والتخزين,عملاقة,بلاتيني,1
,,,,,,مشغل مثقاب حفر الابار,194,,,,,,,,مكة المكرمة,لأنشطة المالية وأنشطة التأمين,عملاقة,بلاتيني,61
,,,,,,مشغل مجرفة تحميل,1773,,,,,,,,الباحة,أنشطة خدمات الاقامة والطعام,كبيرة,بلاتيني,1
,,,,,,مشغل محرقة مخلفات,88,,,,,,,,الباحة,أنشطة صحة الانسان والعمل الاجتماعي,كبيرة,بلاتيني,5
,,,,,,مشغل محركات ديزل,729,,,,,,,,الباحة,الخدمات الإدارية وخدمات الدعم,كبيرة,بلاتيني,2
,,,,,,مشغل محركات سفن,10,,,,,,,,الباحة,تجارة الجملة والتجزئة وإصلاح المركبات ذات المحركات والدرجات النارية,كبيرة,بلاتيني,3
,,,,,,مشغل محطة تحلية مياه,2049,,,,,,,,الباحة,لأنشطة المالية وأنشطة التأمين,كبيرة,بلاتيني,1
,,,,,,مشغل محطة توليد طاقة,3102,,,,,,,,الجوف,أنشطة الخدمات الأخرى,كبيرة,بلاتيني,1
,,,,,,مشغل محطة خلط في تحلية المياه,159,,,,,,,,الجوف,أنشطة خدمات الاقامة والطعام,كبيرة,بلاتيني,1
,,,,,,مشغل محطة ضخ في محطة تحلية المياه المالحة,52,,,,,,,,الجوف,أنشطة صحة الانسان والعمل الاجتماعي,كبيرة,بلاتيني,3
,,,,,,مشغل محطة لمعالجة المياه,636,,,,,,,,الجوف,الخدمات الإدارية وخدمات الدعم,كبيرة,بلاتيني,4
,,,,,,مشغل محطة معالجة مياه صرف صحي,1804,,,,,,,,الجوف,تجارة الجملة والتجزئة وإصلاح المركبات ذات المحركات والدرجات النارية,كبيرة,بلاتيني,7
,,,,,,مشغل مخرطة,4004,,,,,,,,الجوف,لأنشطة المالية وأنشطة التأمين,كبيرة,بلاتيني,4
,,,,,,مشغل مخرطة اتوماتيكية,21,,,,,,,,الحدود الشمالية,أنشطة الخدمات الأخرى,كبيرة,بلاتيني,1
,,,,,,مشغل مخرطة الاحجار,3,,,,,,,,الحدود الشمالية,أنشطة صحة الانسان والعمل الاجتماعي,كبيرة,بلاتيني,3
,,,,,,مشغل مخرطة تشكيل الواح معدنية,4,,,,,,,,الحدود الشمالية,الخدمات الإدارية وخدمات الدعم,كبيرة,بلاتيني,2
,,,,,,مشغل مخرطة تشكيل صفيح,0,,,,,,,,الحدود الشمالية,الصناعة التحويلية,كبيرة,بلاتيني,1
,,,,,,مشغل مخرطة حجر ورخام,119,,,,,,,,الحدود الشمالية,تجارة الجملة والتجزئة وإصلاح المركبات ذات المحركات والدرجات النارية,كبيرة,بلاتيني,5
,,,,,,مشغل مدحلة طرق,4532,,,,,,,,الرياض,غير خاضعة لانشطة ISIC4,كبيرة,بلاتيني,10
,,,,,,مشغل مراجل بخار,10,,,,,,,,الرياض,أنشطة خدمات الاقامة والطعام,كبيرة,بلاتيني,1
,,,,,,مشغل مرجل قص عجينة الورق,19,,,,,,,,الرياض,أنشطة صحة الانسان والعمل الاجتماعي,كبيرة,بلاتيني,35
,,,,,,مشغل مصافي الزيوت النباتية,0,,,,,,,,الرياض,الأنشطة العقارية,كبيرة,بلاتيني,5
,,,,,,مشغل مصنع,8801,,,,,,,,الرياض,الأنشطة المهنية والعلمية والتقنية,كبيرة,بلاتيني,4
,,,,,,مشغل مصهر معادن خام,713,,,,,,,,الرياض,التشييد,كبيرة,بلاتيني,28
,,,,,,مشغل مضخات خطوط الانابيب,94,,,,,,,,الرياض,التعدين واستغلال المحاجر,كبيرة,بلاتيني,2
,,,,,,مشغل مضخات عامة,443,,,,,,,,الرياض,التعليم,كبيرة,بلاتيني,3
,,,,,,مشغل مضخات مصاف,21,,,,,,,,الرياض,الخدمات الإدارية وخدمات الدعم,كبيرة,بلاتيني,40
,,,,,,مشغل مضخة آبار,486,,,,,,,,الرياض,الصناعة التحويلية,كبيرة,بلاتيني,10
,,,,,,مشغل مضخة خرسانية,1,,,,,,,,الرياض,المعلومات والاتصالات,كبيرة,بلاتيني,17
,,,,,,مشغل مضخة مياه,1262,,,,,,,,الرياض,النقل والتخزين,كبيرة,بلاتيني,5
,,,,,,مشغل مطحنة حبوب,16,,,,,,,,الرياض,تجارة الجملة والتجزئة وإصلاح المركبات ذات المحركات والدرجات النارية,كبيرة,بلاتيني,52
,,,,,,مشغل مطحنة لب الخشب,8,,,,,,,,الرياض,لأنشطة المالية وأنشطة التأمين,كبيرة,بلاتيني,19
,,,,,,مشغل مطحنة معادن خام,35,,,,,,,,الشرقية,غير خاضعة لانشطة ISIC4,كبيرة,بلاتيني,3
,,,,,,مشغل مطرقة اليه,1,,,,,,,,الشرقية,أنشطة خدمات الاقامة والطعام,كبيرة,بلاتيني,1
,,,,,,مشغل معدات رش آفات متنقلة,15,,,,,,,,الشرقية,أنشطة صحة الانسان والعمل الاجتماعي,كبيرة,بلاتيني,15
,,,,,,مشغل معدات ري متنقلة,16,,,,,,,,الشرقية,إمدادات الكهرباء والغاز والبخار وتكييف الهواء,كبيرة,بلاتيني,1
,,,,,,مشغل معدات زراعية,1739,,,,,,,,الشرقية,الأنشطة العقارية,كبيرة,بلاتيني,1
,,,,,,مشغل معدات سفلتة,1742,,,,,,,,الشرقية,الأنشطة المهنية والعلمية والتقنية,كبيرة,بلاتيني,1
,,,,,,مشغل معدات سفن,138,,,,,,,,الشرقية,التشييد,كبيرة,بلاتيني,25
,,,,,,مشغل معدات صقل وتلميع معادن,693,,,,,,,,الشرقية,التعدين واستغلال المحاجر,كبيرة,بلاتيني,9
,,,,,,مشغل معصرة تمور,1,,,,,,,,الشرقية,التعليم,كبيرة,بلاتيني,12
,,,,,,مشغل مقاسم الكتروني,22,,,,,,,,الشرقية,الخدمات الإدارية وخدمات الدعم,كبيرة,بلاتيني,25
,,,,,,مشغل مقاسم الكترونية عام,36,,,,,,,,الشرقية,الزراعة والحراجة وصيد الأسماك,كبيرة,بلاتيني,1
,,,,,,مشغل مقسم هاتف,613,,,,,,,,الشرقية,الصناعة التحويلية,كبيرة,بلاتيني,33
,,,,,,مشغل مقص القرميد,6,,,,,,,,الشرقية,المعلومات والاتصالات,كبيرة,بلاتيني,5
,,,,,,مشغل مقص صفيح الي,6,,,,,,,,الشرقية,النقل والتخزين,كبيرة,بلاتيني,1
,,,,,,مشغل مقص ورق,2,,,,,,,,الشرقية,تجارة الجملة والتجزئة وإصلاح المركبات ذات المحركات والدرجات النارية,كبيرة,بلاتيني,41
,,,,,,مشغل مكابس الزيوت النباتية,0,,,,,,,,الشرقية,لأنشطة المالية وأنشطة التأمين,كبيرة,بلاتيني,11
,,,,,,مشغل مكبس أخشاب,31,,,,,,,,القصيم,غير خاضعة لانشطة ISIC4,كبيرة,بلاتيني,2
,,,,,,مشغل مكبس اطارات مطاطية,0,,,,,,,,القصيم,أنشطة الخدمات الأخرى,كبيرة,بلاتيني,1
,,,,,,مشغل مكبس الاقراص الدوائية,3,,,,,,,,القصيم,أنشطة خدمات الاقامة والطعام,كبيرة,بلاتيني,1
,,,,,,مشغل مكبس الخزف,0,,,,,,,,القصيم,أنشطة صحة الانسان والعمل الاجتماعي,كبيرة,بلاتيني,7
,,,,,,مشغل مكبس بلاط اسمنتي يدوي,5,,,,,,,,القصيم,التعدين واستغلال المحاجر,كبيرة,بلاتيني,1
,,,,,,مشغل مكبس بلاط خزفي,34,,,,,,,,القصيم,الخدمات الإدارية وخدمات الدعم,كبيرة,بلاتيني,4
,,,,,,مشغل مكبس تشكيل المعادن (بطريقة البثق),3,,,,,,,,القصيم,الصناعة التحويلية,كبيرة,بلاتيني,1
,,,,,,مشغل مكبس حدادة,0,,,,,,,,القصيم,تجارة الجملة والتجزئة وإصلاح المركبات ذات المحركات والدرجات النارية,كبيرة,بلاتيني,15
,,,,,,مشغل مكبس زجاج,6,,,,,,,,القصيم,لأنشطة المالية وأنشطة التأمين,كبيرة,بلاتيني,2
,,,,,,مشغل مكبس صفيح,16,,,,,,,,المدينة,أنشطة خدمات الاقامة والطعام,كبيرة,بلاتيني,1
,,,,,,مشغل مكبس طوب اسمنتي الي,3,,,,,,,,المدينة,أنشطة صحة الانسان والعمل الاجتماعي,كبيرة,بلاتيني,6
,,,,,,مشغل مكبس طوب اسمنتي يدوي,7,,,,,,,,المدينة,إمدادات الكهرباء والغاز والبخار وتكييف الهواء,كبيرة,بلاتيني,2
,,,,,,مشغل مكبس طوب رملي الي,4,,,,,,,,المدينة,الأنشطة العقارية,كبيرة,بلاتيني,1
,,,,,,مشغل مكبس قرميد,1,,,,,,,,المدينة,التشييد,كبيرة,بلاتيني,2
,,,,,,مشغل مكبس قوالب تشكيل اللدائن,10,,,,,,,,المدينة,التعدين واستغلال المحاجر,كبيرة,بلاتيني,2
,,,,,,مشغل ملف الواح معدنية,22,,,,,,,,المدينة,التعليم,كبيرة,بلاتيني,1
,,,,,,مشغل مناخل حبوب,1,,,,,,,,المدينة,الخدمات الإدارية وخدمات الدعم,كبيرة,بلاتيني,20
,,,,,,مشغل منشار حجر قرصي,5,,,,,,,,المدينة,الصناعة التحويلية,كبيرة,بلاتيني,6
,,,,,,مشغل منشار خشب,105,,,,,,,,المدينة,تجارة الجملة والتجزئة وإصلاح المركبات ذات المحركات والدرجات النارية,كبيرة,بلاتيني,18
,,,,,,مشغل منشار شريطي,2,,,,,,,,المدينة,لأنشطة المالية وأنشطة التأمين,كبيرة,بلاتيني,2
,,,,,,مشغل منشار شريطي متعدد,0,,,,,,,,تبوك,أنشطة صحة الانسان والعمل الاجتماعي,كبيرة,بلاتيني,5
,,,,,,مشغل منشار صينية,1,,,,,,,,تبوك,الأنشطة المهنية والعلمية والتقنية,كبيرة,بلاتيني,1
,,,,,,مشغل منشار معادن الي,0,,,,,,,,تبوك,التشييد,كبيرة,بلاتيني,1
,,,,,,مشغل مولد بخار,181,,,,,,,,تبوك,التعليم,كبيرة,بلاتيني,1
,,,,,,مشغل نول آلي,217,,,,,,,,تبوك,الخدمات الإدارية وخدمات الدعم,كبيرة,بلاتيني,6
,,,,,,مشغل نول الي,9,,,,,,,,تبوك,الصناعة التحويلية,كبيرة,بلاتيني,1
,,,,,,مشغل نول بطاطين,0,,,,,,,,تبوك,تجارة الجملة والتجزئة وإصلاح المركبات ذات المحركات والدرجات النارية,كبيرة,بلاتيني,9
,,,,,,مشغل نول جاكارد,0,,,,,,,,جازان,أنشطة الخدمات الأخرى,كبيرة,بلاتيني,1
,,,,,,مشغل نول سجاد,0,,,,,,,,جازان,أنشطة خدمات الاقامة والطعام,كبيرة,بلاتيني,1
,,,,,,مشغل نول يدوي,6,,,,,,,,جازان,أنشطة صحة الانسان والعمل الاجتماعي,كبيرة,بلاتيني,3
,,,,,,مشغل وحد انتاج الحقن الدوائية,1,,,,,,,,جازان,الخدمات الإدارية وخدمات الدعم,كبيرة,بلاتيني,7
,,,,,,مشغل وحدات تحكم مناجم ومحاجر,97,,,,,,,,جازان,الصناعة التحويلية,كبيرة,بلاتيني,1
,,,,,,مشغل وحدة البلاط الاسمنتي,25,,,,,,,,جازان,تجارة الجملة والتجزئة وإصلاح المركبات ذات المحركات والدرجات النارية,كبيرة,بلاتيني,7
,,,,,,مشغل وحدة انتاج الادوية السائلة,25,,,,,,,,جازان,لأنشطة المالية وأنشطة التأمين,كبيرة,بلاتيني,2
,,,,,,مشغل وحدة انتاج المراهم الدوائية,5,,,,,,,,حائل,أنشطة الخدمات الأخرى,كبيرة,بلاتيني,1
,,,,,,مشغل وحدة تحضير المساحيق الدوائية,1,,,,,,,,حائل,أنشطة خدمات الاقامة والطعام,كبيرة,بلاتيني,1
,,,,,,مشغل وحدة تشكيل الواح الزجاج,0,,,,,,,,حائل,أنشطة صحة الانسان والعمل الاجتماعي,كبيرة,بلاتيني,3
,,,,,,مشغل وحدة تلبيس الاقراص الدوائية,3,,,,,,,,حائل,الأنشطة العقارية,كبيرة,بلاتيني,1
,,,,,,مشغل وحدة خلط الخرسانة,3,,,,,,,,حائل,التشييد,كبيرة,بلاتيني,1
,,,,,,مشغل ونش,251,,,,,,,,حائل,الخدمات الإدارية وخدمات الدعم,كبيرة,بلاتيني,4
,,,,,,مشكل اطارات,0,,,,,,,,حائل,الزراعة والحراجة وصيد الأسماك,كبيرة,بلاتيني,1
,,,,,,مصحح لغوي,400,,,,,,,,حائل,تجارة الجملة والتجزئة وإصلاح المركبات ذات المحركات والدرجات النارية,كبيرة,بلاتيني,4
,,,,,,مصفف شعر,20052,,,,,,,,حائل,لأنشطة المالية وأنشطة التأمين,كبيرة,بلاتيني,3
,,,,,,مصففة شعر,149,,,,,,,,عسير,غير خاضعة لانشطة ISIC4,كبيرة,بلاتيني,1
,,,,,,مصلح احذية جلدية (اسكافي),3,,,,,,,,عسير,أنشطة الخدمات الأخرى,كبيرة,بلاتيني,1
,,,,,,مصلح اطارات مركبات,27,,,,,,,,عسير,أنشطة خدمات الاقامة والطعام,كبيرة,بلاتيني,1
,,,,,,مصلح دراجة هوائية,173,,,,,,,,عسير,أنشطة صحة الانسان والعمل الاجتماعي,كبيرة,بلاتيني,12
,,,,,,مصلح عربات من غير محرك,4,,,,,,,,عسير,الأنشطة المهنية والعلمية والتقنية,كبيرة,بلاتيني,1
,,,,,,مصلح كرسي متحرك,3,,,,,,,,عسير,الخدمات الإدارية وخدمات الدعم,كبيرة,بلاتيني,10
,,,,,,مصمم أثاث,442,,,,,,,,عسير,الصناعة التحويلية,كبيرة,بلاتيني,1
,,,,,,مصمم أزياء,1085,,,,,,,,عسير,تجارة الجملة والتجزئة وإصلاح المركبات ذات المحركات والدرجات النارية,كبيرة,بلاتيني,14
,,,,,,مصمم إضاءة,91,,,,,,,,عسير,لأنشطة المالية وأنشطة التأمين,كبيرة,بلاتيني,2
,,,,,,مصمم إعلان,4019,,,,,,,,مكة المكرمة,غير خاضعة لانشطة ISIC4,كبيرة,بلاتيني,4
,,,,,,مصمم أفراح,0,,,,,,,,مكة المكرمة,أنشطة الخدمات الأخرى,كبيرة,بلاتيني,1
,,,,,,مصمم ألعاب رقمية,26,,,,,,,,مكة المكرمة,أنشطة خدمات الاقامة والطعام,كبيرة,بلاتيني,1
,,,,,,مصمم برامج,417,,,,,,,,مكة المكرمة,أنشطة صحة الانسان والعمل الاجتماعي,كبيرة,بلاتيني,36
,,,,,,مصمم برامج تعليمية,78,,,,,,,,مكة المكرمة,الأنشطة العقارية,كبيرة,بلاتيني,2
,,,,,,مصمم بنية أمن سيبراني,10,,,,,,,,مكة المكرمة,الأنشطة المهنية والعلمية والتقنية,كبيرة,بلاتيني,2
,,,,,,مصمم بنية أمن سيبراني أنظمة تحكم صناعي وتقنيات تشغيلية,6,,,,,,,,مكة المكرمة,التشييد,كبيرة,بلاتيني,5
,,,,,,مصمم تصميم البنية المؤسسية,27,,,,,,,,مكة المكرمة,التعدين واستغلال المحاجر,كبيرة,بلاتيني,5
,,,,,,مصمم جرافيك,3665,,,,,,,,مكة المكرمة,التعليم,كبيرة,بلاتيني,3
,,,,,,مصمم حلول أعمال,457,,,,,,,,مكة المكرمة,الخدمات الإدارية وخدمات الدعم,كبيرة,بلاتيني,23
,,,,,,مصمم دعاية واعلان,10,,,,,,,,مكة المكرمة,الصناعة التحويلية,كبيرة,بلاتيني,10
,,,,,,مصمم رقصات,2,,,,,,,,مكة المكرمة,النقل والتخزين,كبيرة,بلاتيني,5
,,,,,,مصمم صناعي,440,,,,,,,,مكة المكرمة,تجارة الجملة والتجزئة وإصلاح المركبات ذات المحركات والدرجات النارية,كبيرة,بلاتيني,60
,,,,,,مصمم طباعة,538,,,,,,,,مكة المكرمة,لأنشطة المالية وأنشطة التأمين,كبيرة,بلاتيني,11
,,,,,,مصمم عرض,1608,,,,,,,,نجران,أنشطة الخدمات الأخرى,كبيرة,بلاتيني,1
,,,,,,مصمم قاعدة بيانات,75,,,,,,,,نجران,أنشطة صحة الانسان والعمل الاجتماعي,كبيرة,بلاتيني,3
,,,,,,مصمم مجوهرات,197,,,,,,,,نجران,الخدمات الإدارية وخدمات الدعم,كبيرة,بلاتيني,1
,,,,,,مصمم ملابس,63,,,,,,,,نجران,الصناعة التحويلية,كبيرة,بلاتيني,1
,,,,,,مصمم منتجات صناعية وتجارية,783,,,,,,,,نجران,تجارة الجملة والتجزئة وإصلاح المركبات ذات المحركات والدرجات النارية,كبيرة,بلاتيني,4
,,,,,,مصمم نسيج,32,,,,,,,,الباحة,التشييد,متوسطة (فئة أ),بلاتيني,2
,,,,,,مصمم نظم,229,,,,,,,,الباحة,الخدمات الإدارية وخدمات الدعم,متوسطة (فئة أ),بلاتيني,8
,,,,,,مصمم وثائق وعلامات أمنية,2,,,,,,,,الجوف,أنشطة خدمات الاقامة والطعام,متوسطة (فئة أ),بلاتيني,1
,,,,,,مصمم وسائط متعددة,359,,,,,,,,الجوف,أنشطة صحة الانسان والعمل الاجتماعي,متوسطة (فئة أ),بلاتيني,1
,,,,,,مصنف اخشاب,2,,,,,,,,الجوف,التشييد,متوسطة (فئة أ),بلاتيني,3
,,,,,,مصنف أطعمة ومشروبات,755,,,,,,,,الجوف,التعليم,متوسطة (فئة أ),بلاتيني,2
,,,,,,مصنف الياف,2,,,,,,,,الجوف,الخدمات الإدارية وخدمات الدعم,متوسطة (فئة أ),بلاتيني,3
,,,,,,مصنف جلود خام,6,,,,,,,,الجوف,الصناعة التحويلية,متوسطة (فئة أ),بلاتيني,2
,,,,,,مصنف ملابس وبياضات,282,,,,,,,,الجوف,تجارة الجملة والتجزئة وإصلاح المركبات ذات المحركات والدرجات النارية,متوسطة (فئة أ),بلاتيني,1
,,,,,,مصنفر ودهان اخشاب,1,,,,,,,,الحدود الشمالية,أنشطة خدمات الاقامة والطعام,متوسطة (فئة أ),بلاتيني,1
,,,,,,مصور استديو,870,,,,,,,,الحدود الشمالية,التشييد,متوسطة (فئة أ),بلاتيني,1
,,,,,,مصور الحفر الضوئي,0,,,,,,,,الحدود الشمالية,الخدمات الإدارية وخدمات الدعم,متوسطة (فئة أ),بلاتيني,3
,,,,,,مصور تلفازي,27,,,,,,,,الرياض,غير خاضعة لانشطة ISIC4,متوسطة (فئة أ),بلاتيني,30
,,,,,,مصور تلفزيوني,281,,,,,,,,الرياض,أنشطة الخدمات الأخرى,متوسطة (فئة أ),بلاتيني,5
,,,,,,مصور جوي,9,,,,,,,,الرياض,أنشطة خدمات الاقامة والطعام,متوسطة (فئة أ),بلاتيني,11
,,,,,,مصور سينمائي,22,,,,,,,,الرياض,أنشطة صحة الانسان والعمل الاجتماعي,متوسطة (فئة أ),بلاتيني,76
,,,,,,مصور صحفي,133,,,,,,,,الرياض,إمدادات الكهرباء والغاز والبخار وتكييف الهواء,متوسطة (فئة أ),بلاتيني,2
,,,,,,مصور فوتوغرافي,1824,,,,,,,,الرياض,إمدادات المياه وأنشطة الصرف الصحي وإدارة النفايات ومعالجتها,متوسطة (فئة أ),بلاتيني,3
,,,,,,مصور فوتوغرافي للاعلانات التجارية,0,,,,,,,,الرياض,الأنشطة العقارية,متوسطة (فئة أ),بلاتيني,12
,,,,,,مصور فوتوغرافي للصحافة,191,,,,,,,,الرياض,الأنشطة المهنية والعلمية والتقنية,متوسطة (فئة أ),بلاتيني,19
,,,,,,مضيف ارضي,63,,,,,,,,الرياض,التشييد,متوسطة (فئة أ),بلاتيني,119
,,,,,,مضيف أرضي للحجوزات,735,,,,,,,,الرياض,التعدين واستغلال المحاجر,متوسطة (فئة أ),بلاتيني,3
,,,,,,مضيف بحري,27,,,,,,,,الرياض,التعليم,متوسطة (فئة أ),بلاتيني,29
,,,,,,مضيف جوي,1188,,,,,,,,الرياض,الخدمات الإدارية وخدمات الدعم,متوسطة (فئة أ),بلاتيني,64
,,,,,,مضيف سفينة,1,,,,,,,,الرياض,الزراعة والحراجة وصيد الأسماك,متوسطة (فئة أ),بلاتيني,6
,,,,,,مضيف طيران,2016,,,,,,,,الرياض,الصناعة التحويلية,متوسطة (فئة أ),بلاتيني,30
,,,,,,مضيف قطار /حافلة,96,,,,,,,,الرياض,الفنون والترفيه والتسلية,متوسطة (فئة أ),بلاتيني,3
,,,,,,مضيف نادي صحي,1295,,,,,,,,الرياض,المعلومات والاتصالات,متوسطة (فئة أ),بلاتيني,34
,,,,,,مطور العاب رقمية,58,,,,,,,,الرياض,النقل والتخزين,متوسطة (فئة أ),بلاتيني,20
,,,,,,مطور أمن سيبراني,23,,,,,,,,الرياض,تجارة الجملة والتجزئة وإصلاح المركبات ذات المحركات والدرجات النارية,متوسطة (فئة أ),بلاتيني,100
,,,,,,مطور أمن نظم ,113,,,,,,,,الرياض,لأنشطة المالية وأنشطة التأمين,متوسطة (فئة أ),بلاتيني,48
,,,,,,مطور برامج,1133,,,,,,,,الشرقية,غير خاضعة لانشطة ISIC4,متوسطة (فئة أ),بلاتيني,8
,,,,,,مطور تطبيقات,668,,,,,,,,الشرقية,أنشطة الخدمات الأخرى,متوسطة (فئة أ),بلاتيني,3
,,,,,,مطور مواقع الكترونية,328,,,,,,,,الشرقية,أنشطة خدمات الاقامة والطعام,متوسطة (فئة أ),بلاتيني,6
,,,,,,مطوف,1,,,,,,,,الشرقية,أنشطة صحة الانسان والعمل الاجتماعي,متوسطة (فئة أ),بلاتيني,38
,,,,,,مظهر طباعة صور فوتغرافية (مرتش),1,,,,,,,,الشرقية,إمدادات الكهرباء والغاز والبخار وتكييف الهواء,متوسطة (فئة أ),بلاتيني,1
,,,,,,معالج النفايات,592,,,,,,,,الشرقية,إمدادات المياه وأنشطة الصرف الصحي وإدارة النفايات ومعالجتها,متوسطة (فئة أ),بلاتيني,6
,,,,,,معالج جلود طبيعية,10,,,,,,,,الشرقية,الأنشطة العقارية,متوسطة (فئة أ),بلاتيني,3
,,,,,,معالج صحة فم وأسنان,183,,,,,,,,الشرقية,الأنشطة المهنية والعلمية والتقنية,متوسطة (فئة أ),بلاتيني,8
,,,,,,معالج مهني,45,,,,,,,,الشرقية,التشييد,متوسطة (فئة أ),بلاتيني,61
,,,,,,معاون مساح,54,,,,,,,,الشرقية,التعدين واستغلال المحاجر,متوسطة (فئة أ),بلاتيني,11
,,,,,,معاين حوادث,0,,,,,,,,الشرقية,التعليم,متوسطة (فئة أ),بلاتيني,9
,,,,,,معد صفحات,40,,,,,,,,الشرقية,الخدمات الإدارية وخدمات الدعم,متوسطة (فئة أ),بلاتيني,45
,,,,,,معد منتجات تبغ,57,,,,,,,,الشرقية,الصناعة التحويلية,متوسطة (فئة أ),بلاتيني,70
,,,,,,معد وجبات سريعة,12960,,,,,,,,الشرقية,المعلومات والاتصالات,متوسطة (فئة أ),بلاتيني,4
,,,,,,معد وجبات عربة طعام,1106,,,,,,,,الشرقية,النقل والتخزين,متوسطة (فئة أ),بلاتيني,10
,,,,,,معقم منتجات الالبان,2,,,,,,,,الشرقية,تجارة الجملة والتجزئة وإصلاح المركبات ذات المحركات والدرجات النارية,متوسطة (فئة أ),بلاتيني,79
,,,,,,معقم مواد غذائية,4,,,,,,,,الشرقية,لأنشطة المالية وأنشطة التأمين,متوسطة (فئة أ),بلاتيني,12
,,,,,,معلب اسماك,13,,,,,,,,القصيم,غير خاضعة لانشطة ISIC4,متوسطة (فئة أ),بلاتيني,4
,,,,,,معلق رياضي,5,,,,,,,,القصيم,أنشطة خدمات الاقامة والطعام,متوسطة (فئة أ),بلاتيني,2
,,,,,,معلم,30413,,,,,,,,القصيم,أنشطة صحة الانسان والعمل الاجتماعي,متوسطة (فئة أ),بلاتيني,23
,,,,,,معلم ابتدائي,10939,,,,,,,,القصيم,الأنشطة المهنية والعلمية والتقنية,متوسطة (فئة أ),بلاتيني,1
,,,,,,معلم ابتدائي إجتماعيات ولغة عربية وإسلاميات,1961,,,,,,,,القصيم,التشييد,متوسطة (فئة أ),بلاتيني,6
,,,,,,معلم ابتدائي تربية أسرية,56,,,,,,,,القصيم,التعليم,متوسطة (فئة أ),بلاتيني,3
,,,,,,معلم ابتدائي تربية صحية وبدنية,482,,,,,,,,القصيم,الخدمات الإدارية وخدمات الدعم,متوسطة (فئة أ),بلاتيني,7
,,,,,,معلم ابتدائي تربية فنية,249,,,,,,,,القصيم,الصناعة التحويلية,متوسطة (فئة أ),بلاتيني,2
,,,,,,معلم ابتدائي حاسب آلي,357,,,,,,,,القصيم,الفنون والترفيه والتسلية,متوسطة (فئة أ),بلاتيني,2
,,,,,,معلم ابتدائي علوم ورياضيات,2343,,,,,,,,القصيم,المعلومات والاتصالات,متوسطة (فئة أ),بلاتيني,1
,,,,,,معلم ابتدائي لغة أجنبية,1986,,,,,,,,القصيم,النقل والتخزين,متوسطة (فئة أ),بلاتيني,3
,,,,,,معلم اجتماعيات,73,,,,,,,,القصيم,تجارة الجملة والتجزئة وإصلاح المركبات ذات المحركات والدرجات النارية,متوسطة (فئة أ),بلاتيني,12
,,,,,,معلم آلة موسيقية,114,,,,,,,,المدينة,غير خاضعة لانشطة ISIC4,متوسطة (فئة أ),بلاتيني,1
,,,,,,معلم برايل,10,,,,,,,,المدينة,أنشطة خدمات الاقامة والطعام,متوسطة (فئة أ),بلاتيني,11
,,,,,,معلم تربية رياضية,138,,,,,,,,المدينة,أنشطة صحة الانسان والعمل الاجتماعي,متوسطة (فئة أ),بلاتيني,7
,,,,,,معلم تربية فنية,79,,,,,,,,المدينة,إمدادات المياه وأنشطة الصرف الصحي وإدارة النفايات ومعالجتها,متوسطة (فئة أ),بلاتيني,1
,,,,,,معلم تربيه دينيه,90,,,,,,,,المدينة,الأنشطة العقارية,متوسطة (فئة أ),بلاتيني,1
,,,,,,معلم تمهيدي,299,,,,,,,,المدينة,الأنشطة المهنية والعلمية والتقنية,متوسطة (فئة أ),بلاتيني,3
,,,,,,معلم ثانوي,6601,,,,,,,,المدينة,التشييد,متوسطة (فئة أ),بلاتيني,9
,,,,,,معلم ثانوي اجتماعيات,282,,,,,,,,المدينة,التعليم,متوسطة (فئة أ),بلاتيني,3
,,,,,,معلم ثانوي أحياء,551,,,,,,,,المدينة,الخدمات الإدارية وخدمات الدعم,متوسطة (فئة أ),بلاتيني,8
,,,,,,معلم ثانوي إدارة أعمال,106,,,,,,,,المدينة,الزراعة والحراجة وصيد الأسماك,متوسطة (فئة أ),بلاتيني,1
,,,,,,معلم ثانوي اقتصاد,35,,,,,,,,المدينة,الصناعة التحويلية,متوسطة (فئة أ),بلاتيني,6
,,,,,,معلم ثانوي تربية أسرية,28,,,,,,,,المدينة,الفنون والترفيه والتسلية,متوسطة (فئة أ),بلاتيني,1
,,,,,,معلم ثانوي تربية صحية وبدنية,243,,,,,,,,المدينة,المعلومات والاتصالات,متوسطة (فئة أ),بلاتيني,2
,,,,,,معلم ثانوي تربية فنية,86,,,,,,,,المدينة,النقل والتخزين,متوسطة (فئة أ),بلاتيني,2
,,,,,,معلم ثانوي تربية مهنية,5,,,,,,,,المدينة,تجارة الجملة والتجزئة وإصلاح المركبات ذات المحركات والدرجات النارية,متوسطة (فئة أ),بلاتيني,25
,,,,,,معلم ثانوي حاسب وبرمجة,434,,,,,,,,تبوك,غير خاضعة لانشطة ISIC4,متوسطة (فئة أ),بلاتيني,1
,,,,,,معلم ثانوي دراسات إسلامية,639,,,,,,,,تبوك,أنشطة خدمات الاقامة والطعام,متوسطة (فئة أ),بلاتيني,1
,,,,,,معلم ثانوي دراسات سلوكية,26,,,,,,,,تبوك,أنشطة صحة الانسان والعمل الاجتماعي,متوسطة (فئة أ),بلاتيني,3
,,,,,,معلم ثانوي رياضيات,782,,,,,,,,تبوك,الأنشطة المهنية والعلمية والتقنية,متوسطة (فئة أ),بلاتيني,1
,,,,,,معلم ثانوي علوم أرض,30,,,,,,,,تبوك,التشييد,متوسطة (فئة أ),بلاتيني,1
,,,,,,معلم ثانوي علوم صحية,30,,,,,,,,تبوك,التعليم,متوسطة (فئة أ),بلاتيني,1
,,,,,,معلم ثانوي فنون,23,,,,,,,,تبوك,الخدمات الإدارية وخدمات الدعم,متوسطة (فئة أ),بلاتيني,5
,,,,,,معلم ثانوي فيزياء,552,,,,,,,,تبوك,الصناعة التحويلية,متوسطة (فئة أ),بلاتيني,2
,,,,,,معلم ثانوي قانون,5,,,,,,,,تبوك,تجارة الجملة والتجزئة وإصلاح المركبات ذات المحركات والدرجات النارية,متوسطة (فئة أ),بلاتيني,14
,,,,,,معلم ثانوي كيمياء,425,,,,,,,,جازان,غير خاضعة لانشطة ISIC4,متوسطة (فئة أ),بلاتيني,2
,,,,,,معلم ثانوي لغة أجنبية,1383,,,,,,,,جازان,أنشطة صحة الانسان والعمل الاجتماعي,متوسطة (فئة أ),بلاتيني,26
,,,,,,معلم ثانوي لغة عربية,774,,,,,,,,جازان,إمدادات المياه وأنشطة الصرف الصحي وإدارة النفايات ومعالجتها,متوسطة (فئة أ),بلاتيني,1
,,,,,,معلم ثانوي محاسبة,58,,,,,,,,جازان,التشييد,متوسطة (فئة أ),بلاتيني,2
,,,,,,معلم ثانوي مكتبات,24,,,,,,,,جازان,التعليم,متوسطة (فئة أ),بلاتيني,3
,,,,,,معلم ثانوي هندسة,4,,,,,,,,جازان,الخدمات الإدارية وخدمات الدعم,متوسطة (فئة أ),بلاتيني,2
,,,,,,معلم حضانة,767,,,,,,,,جازان,النقل والتخزين,متوسطة (فئة أ),بلاتيني,2
,,,,,,معلم خط عربي,7,,,,,,,,جازان,تجارة الجملة والتجزئة وإصلاح المركبات ذات المحركات والدرجات النارية,متوسطة (فئة أ),بلاتيني,11
,,,,,,معلم رياض أطفال,10189,,,,,,,,جازان,لأنشطة المالية وأنشطة التأمين,متوسطة (فئة أ),بلاتيني,1
,,,,,,معلم رياضيات,584,,,,,,,,حائل,غير خاضعة لانشطة ISIC4,متوسطة (فئة أ),بلاتيني,1
,,,,,,معلم صعوبات التعلم,3323,,,,,,,,حائل,أنشطة خدمات الاقامة والطعام,متوسطة (فئة أ),بلاتيني,1
,,,,,,معلم صفوف أولية,4240,,,,,,,,حائل,أنشطة صحة الانسان والعمل الاجتماعي,متوسطة (فئة أ),بلاتيني,7
,,,,,,معلم علوم,799,,,,,,,,حائل,التشييد,متوسطة (فئة أ),بلاتيني,1
,,,,,,معلم لغة اجنبية,1686,,,,,,,,حائل,التعليم,متوسطة (فئة أ),بلاتيني,3
,,,,,,معلم لغة إشارة,13,,,,,,,,حائل,الخدمات الإدارية وخدمات الدعم,متوسطة (فئة أ),بلاتيني,2
,,,,,,معلم لغة عربية,494,,,,,,,,حائل,الصناعة التحويلية,متوسطة (فئة أ),بلاتيني,1
,,,,,,معلم مرحلة متوسطة,3470,,,,,,,,حائل,تجارة الجملة والتجزئة وإصلاح المركبات ذات المحركات والدرجات النارية,متوسطة (فئة أ),بلاتيني,2
,,,,,,معلم مرحلة متوسطة إجتماعيات,202,,,,,,,,عسير,غير خاضعة لانشطة ISIC4,متوسطة (فئة أ),بلاتيني,1
,,,,,,معلم مرحلة متوسطة تربية أسرية,31,,,,,,,,عسير,أنشطة خدمات الاقامة والطعام,متوسطة (فئة أ),بلاتيني,5
,,,,,,معلم مرحلة متوسطة تربية إسلامية,608,,,,,,,,عسير,أنشطة صحة الانسان والعمل الاجتماعي,متوسطة (فئة أ),بلاتيني,9
,,,,,,معلم مرحلة متوسطة تربية صحية وبدنية,155,,,,,,,,عسير,الأنشطة المهنية والعلمية والتقنية,متوسطة (فئة أ),بلاتيني,1
,,,,,,معلم مرحلة متوسطة تربية فنية,134,,,,,,,,عسير,التشييد,متوسطة (فئة أ),بلاتيني,2
,,,,,,معلم مرحلة متوسطة حاسب آلي,345,,,,,,,,عسير,التعليم,متوسطة (فئة أ),بلاتيني,2
,,,,,,معلم مرحلة متوسطة دراسات سلوكية,79,,,,,,,,عسير,الخدمات الإدارية وخدمات الدعم,متوسطة (فئة أ),بلاتيني,8
,,,,,,معلم مرحلة متوسطة رياضيات,522,,,,,,,,عسير,الصناعة التحويلية,متوسطة (فئة أ),بلاتيني,2
,,,,,,معلم مرحلة متوسطة علوم,439,,,,,,,,عسير,الفنون والترفيه والتسلية,متوسطة (فئة أ),بلاتيني,2
,,,,,,معلم مرحلة متوسطة فنون,24,,,,,,,,عسير,تجارة الجملة والتجزئة وإصلاح المركبات ذات المحركات والدرجات النارية,متوسطة (فئة أ),بلاتيني,21
,,,,,,معلم مرحلة متوسطة لغة أجنبية,596,,,,,,,,مكة المكرمة,غير خاضعة لانشطة ISIC4,متوسطة (فئة أ),بلاتيني,9
,,,,,,معلم مرحلة متوسطة لغة عربية,586,,,,,,,,مكة المكرمة,أنشطة الخدمات الأخرى,متوسطة (فئة أ),بلاتيني,1
,,,,,,معلم موهوبين,37,,,,,,,,مكة المكرمة,أنشطة خدمات الاقامة والطعام,متوسطة (فئة أ),بلاتيني,9
,,,,,,معيد,171,,,,,,,,مكة المكرمة,أنشطة صحة الانسان والعمل الاجتماعي,متوسطة (فئة أ),بلاتيني,46
,,,,,,مغسل موتى,36,,,,,,,,مكة المكرمة,إمدادات الكهرباء والغاز والبخار وتكييف الهواء,متوسطة (فئة أ),بلاتيني,2
,,,,,,مغني,88,,,,,,,,مكة المكرمة,إمدادات المياه وأنشطة الصرف الصحي وإدارة النفايات ومعالجتها,متوسطة (فئة أ),بلاتيني,4
,,,,,,مفتش تذاكر,41,,,,,,,,مكة المكرمة,الأنشطة العقارية,متوسطة (فئة أ),بلاتيني,11
,,,,,,مفتش تذاكر نقل,127,,,,,,,,مكة المكرمة,الأنشطة المهنية والعلمية والتقنية,متوسطة (فئة أ),بلاتيني,9
,,,,,,مفتش تعدين,25,,,,,,,,مكة المكرمة,التشييد,متوسطة (فئة أ),بلاتيني,50
,,,,,,مفتش حرائق,211,,,,,,,,مكة المكرمة,التعدين واستغلال المحاجر,متوسطة (فئة أ),بلاتيني,1
,,,,,,مفتش حماية بيئية,103,,,,,,,,مكة المكرمة,التعليم,متوسطة (فئة أ),بلاتيني,19
,,,,,,مفتش خدمات النقل البري,292,,,,,,,,مكة المكرمة,الخدمات الإدارية وخدمات الدعم,متوسطة (فئة أ),بلاتيني,31
,,,,,,مفتش خدمات نقل بالسك الحديد,50,,,,,,,,مكة المكرمة,الصناعة التحويلية,متوسطة (فئة أ),بلاتيني,21
,,,,,,مفتش سلامة وصحة مهنية,877,,,,,,,,مكة المكرمة,الفنون والترفيه والتسلية,متوسطة (فئة أ),بلاتيني,6
,,,,,,مفتش صلاحية طيران,5,,,,,,,,مكة المكرمة,المعلومات والاتصالات,متوسطة (فئة أ),بلاتيني,7
,,,,,,مفتش عمليات طيران,761,,,,,,,,مكة المكرمة,النقل والتخزين,متوسطة (فئة أ),بلاتيني,16
,,,,,,مفتش مقاييس ومواصفات,619,,,,,,,,مكة المكرمة,تجارة الجملة والتجزئة وإصلاح المركبات ذات المحركات والدرجات النارية,متوسطة (فئة أ),بلاتيني,86
,,,,,,مفتش منافذ,33,,,,,,,,مكة المكرمة,لأنشطة المالية وأنشطة التأمين,متوسطة (فئة أ),بلاتيني,18
,,,,,,مفجر,89,,,,,,,,نجران,غير خاضعة لانشطة ISIC4,متوسطة (فئة أ),بلاتيني,1
,,,,,,مفصل احذية يدوي,0,,,,,,,,نجران,أنشطة صحة الانسان والعمل الاجتماعي,متوسطة (فئة أ),بلاتيني,2
,,,,,,مفصل احذيه بالآله,0,,,,,,,,نجران,الأنشطة المهنية والعلمية والتقنية,متوسطة (فئة أ),بلاتيني,1
,,,,,,مفصل ازياء عام,905,,,,,,,,نجران,التشييد,متوسطة (فئة أ),بلاتيني,3
,,,,,,مفصل عقال,129,,,,,,,,نجران,التعليم,متوسطة (فئة أ),بلاتيني,1
,,,,,,مفصل ملابس افرنجي,38,,,,,,,,نجران,الخدمات الإدارية وخدمات الدعم,متوسطة (فئة أ),بلاتيني,4
,,,,,,مفصل نعال,0,,,,,,,,نجران,الصناعة التحويلية,متوسطة (فئة أ),بلاتيني,1
,,,,,,مفصل وخياط كوت (جاكت),30,,,,,,,,نجران,تجارة الجملة والتجزئة وإصلاح المركبات ذات المحركات والدرجات النارية,متوسطة (فئة أ),بلاتيني,2
,,,,,,مفهرس,102,,,,,,,,الباحة,التشييد,متوسطة (فئة ب),بلاتيني,1
,,,,,,مفهرس كتب و مطبوعات,0,,,,,,,,الباحة,الخدمات الإدارية وخدمات الدعم,متوسطة (فئة ب),بلاتيني,2
,,,,,,مقاول عمال,778,,,,,,,,الباحة,الصناعة التحويلية,متوسطة (فئة ب),بلاتيني,1
,,,,,,مقدم برامج,55,,,,,,,,الجوف,أنشطة صحة الانسان والعمل الاجتماعي,متوسطة (فئة ب),بلاتيني,2
,,,,,,مقدم طعام,4320,,,,,,,,الجوف,التشييد,متوسطة (فئة ب),بلاتيني,1
,,,,,,مقدم طعام رئيسي,207,,,,,,,,الجوف,الخدمات الإدارية وخدمات الدعم,متوسطة (فئة ب),بلاتيني,2
,,,,,,مقدم قهوه,907,,,,,,,,الجوف,الصناعة التحويلية,متوسطة (فئة ب),بلاتيني,1
,,,,,,مقرر اجتماعات,49,,,,,,,,الجوف,تجارة الجملة والتجزئة وإصلاح المركبات ذات المحركات والدرجات النارية,متوسطة (فئة ب),بلاتيني,7
,,,,,,مقريء,0,,,,,,,,الجوف,لأنشطة المالية وأنشطة التأمين,متوسطة (فئة ب),بلاتيني,1
,,,,,,مقرئ قرآن كريم,172,,,,,,,,الحدود الشمالية,غير خاضعة لانشطة ISIC4,متوسطة (فئة ب),بلاتيني,1
,,,,,,مقطع لحم,390,,,,,,,,الحدود الشمالية,أنشطة صحة الانسان والعمل الاجتماعي,متوسطة (فئة ب),بلاتيني,1
,,,,,,مقطع ومنظف اسماك,2,,,,,,,,الحدود الشمالية,التشييد,متوسطة (فئة ب),بلاتيني,1
,,,,,,مقلم اشجار,85,,,,,,,,الحدود الشمالية,التعدين واستغلال المحاجر,متوسطة (فئة ب),بلاتيني,1
,,,,,,مقلم أظافر,5,,,,,,,,الحدود الشمالية,الصناعة التحويلية,متوسطة (فئة ب),بلاتيني,3
,,,,,,مقيِّم عقاري,316,,,,,,,,الحدود الشمالية,تجارة الجملة والتجزئة وإصلاح المركبات ذات المحركات والدرجات النارية,متوسطة (فئة ب),بلاتيني,5
,,,,,,مقيِّم مطالبات التأمين,297,,,,,,,,الرياض,غير خاضعة لانشطة ISIC4,متوسطة (فئة ب),بلاتيني,25
,,,,,,مقيّم معتمد,89,,,,,,,,الرياض,أنشطة الخدمات الأخرى,متوسطة (فئة ب),بلاتيني,4
,,,,,,مقيم أضرار,1264,,,,,,,,الرياض,أنشطة خدمات الاقامة والطعام,متوسطة (فئة ب),بلاتيني,20
,,,,,,مقيم أضرار حوادث المركبات,0,,,,,,,,الرياض,أنشطة صحة الانسان والعمل الاجتماعي,متوسطة (فئة ب),بلاتيني,55
,,,,,,مقيم آلات ومعدات,152,,,,,,,,الرياض,إمدادات المياه وأنشطة الصرف الصحي وإدارة النفايات ومعالجتها,متوسطة (فئة ب),بلاتيني,2
,,,,,,مقيم الآت ومعدات,0,,,,,,,,الرياض,الأنشطة العقارية,متوسطة (فئة ب),بلاتيني,14
,,,,,,مقيم برمجيات آمنة,9,,,,,,,,الرياض,الأنشطة المهنية والعلمية والتقنية,متوسطة (فئة ب),بلاتيني,21
,,,,,,مقيم عقار,0,,,,,,,,الرياض,التشييد,متوسطة (فئة ب),بلاتيني,64
,,,,,,مقيم مصوغات ومعادن نفيسة,3,,,,,,,,الرياض,التعدين واستغلال المحاجر,متوسطة (فئة ب),بلاتيني,3
,,,,,,مقيم منشآت اقتصادية,0,,,,,,,,الرياض,التعليم,متوسطة (فئة ب),بلاتيني,17
,,,,,,مكبر صور فوتغرافية,1,,,,,,,,الرياض,الخدمات الإدارية وخدمات الدعم,متوسطة (فئة ب),بلاتيني,44
,,,,,,ملاح بحري,309,,,,,,,,الرياض,الزراعة والحراجة وصيد الأسماك,متوسطة (فئة ب),بلاتيني,4
,,,,,,ملاح جوي,545,,,,,,,,الرياض,الصناعة التحويلية,متوسطة (فئة ب),بلاتيني,52
,,,,,,ملاحظ,602,,,,,,,,الرياض,الفنون والترفيه والتسلية,متوسطة (فئة ب),بلاتيني,4
,,,,,,ملاحظ تشغيل حفارة بالحبل,58,,,,,,,,الرياض,المعلومات والاتصالات,متوسطة (فئة ب),بلاتيني,33
,,,,,,ملاحظ تشغيل فرن بسمر لنتاج الصلب,0,,,,,,,,الرياض,النقل والتخزين,متوسطة (فئة ب),بلاتيني,9
,,,,,,ملاحظ تشغيل فرن توماس للصلب,3,,,,,,,,الرياض,تجارة الجملة والتجزئة وإصلاح المركبات ذات المحركات والدرجات النارية,متوسطة (فئة ب),بلاتيني,87
,,,,,,ملاحظ تشغيل فرن صهر المعادن,2,,,,,,,,الرياض,لأنشطة المالية وأنشطة التأمين,متوسطة (فئة ب),بلاتيني,43
,,,,,,ملاحظ تشغيل فرن كهرباء قوس ( تنقية الفولاذ),3,,,,,,,,الشرقية,غير خاضعة لانشطة ISIC4,متوسطة (فئة ب),بلاتيني,6
,,,,,,ملاحظ جهاز تقطير (تكرير البترول),2,,,,,,,,الشرقية,أنشطة الخدمات الأخرى,متوسطة (فئة ب),بلاتيني,2
,,,,,,ملاحظ خطوط,16,,,,,,,,الشرقية,أنشطة خدمات الاقامة والطعام,متوسطة (فئة ب),بلاتيني,7
,,,,,,ملاحظ ساحة قطارات وعربات,104,,,,,,,,الشرقية,أنشطة صحة الانسان والعمل الاجتماعي,متوسطة (فئة ب),بلاتيني,20
,,,,,,ملاحظ متابعة مواد,770,,,,,,,,الشرقية,إمدادات الكهرباء والغاز والبخار وتكييف الهواء,متوسطة (فئة ب),بلاتيني,1
,,,,,,ملاحظ معالجة ابار الزيت والغاز بالحامض,95,,,,,,,,الشرقية,إمدادات المياه وأنشطة الصرف الصحي وإدارة النفايات ومعالجتها,متوسطة (فئة ب),بلاتيني,1
,,,,,,ملاحظ معالجة الزيت,38,,,,,,,,الشرقية,الأنشطة العقارية,متوسطة (فئة ب),بلاتيني,3
,,,,,,ملاحظ معدات ترسيب المعادن,4,,,,,,,,الشرقية,الأنشطة المهنية والعلمية والتقنية,متوسطة (فئة ب),بلاتيني,3
,,,,,,ملبد صوف,8,,,,,,,,الشرقية,التشييد,متوسطة (فئة ب),بلاتيني,31
,,,,,,ملحق,0,,,,,,,,الشرقية,التعدين واستغلال المحاجر,متوسطة (فئة ب),بلاتيني,14
,,,,,,ملحق إداري,0,,,,,,,,الشرقية,التعليم,متوسطة (فئة ب),بلاتيني,8
,,,,,,ملحق دبلوماسي,5,,,,,,,,الشرقية,الخدمات الإدارية وخدمات الدعم,متوسطة (فئة ب),بلاتيني,29
,,,,,,ملحق فني,172,,,,,,,,الشرقية,الصناعة التحويلية,متوسطة (فئة ب),بلاتيني,43
,,,,,,ملحن,27,,,,,,,,الشرقية,الفنون والترفيه والتسلية,متوسطة (فئة ب),بلاتيني,1
,,,,,,ملمع أحذية,23,,,,,,,,الشرقية,المعلومات والاتصالات,متوسطة (فئة ب),بلاتيني,2
,,,,,,ملون زجاج,61,,,,,,,,الشرقية,النقل والتخزين,متوسطة (فئة ب),بلاتيني,23
,,,,,,مليّس,39924,,,,,,,,الشرقية,تجارة الجملة والتجزئة وإصلاح المركبات ذات المحركات والدرجات النارية,متوسطة (فئة ب),بلاتيني,57
,,,,,,مليس,540,,,,,,,,الشرقية,لأنشطة المالية وأنشطة التأمين,متوسطة (فئة ب),بلاتيني,14
,,,,,,ممثل,88,,,,,,,,القصيم,أنشطة خدمات الاقامة والطعام,متوسطة (فئة ب),بلاتيني,4
,,,,,,ممثل ادعاء,50,,,,,,,,القصيم,أنشطة صحة الانسان والعمل الاجتماعي,متوسطة (فئة ب),بلاتيني,13
,,,,,,ممثل إذاعي,0,,,,,,,,القصيم,التشييد,متوسطة (فئة ب),بلاتيني,5
,,,,,,ممثل ثانوي,6,,,,,,,,القصيم,التعليم,متوسطة (فئة ب),بلاتيني,1
,,,,,,ممثل سينمائي وتلفزيوني,5,,,,,,,,القصيم,الخدمات الإدارية وخدمات الدعم,متوسطة (فئة ب),بلاتيني,4
,,,,,,ممثل مسرحي,8,,,,,,,,القصيم,الصناعة التحويلية,متوسطة (فئة ب),بلاتيني,1
,,,,,,ممرض اسعاف اولي (طواريء),1,,,,,,,,القصيم,النقل والتخزين,متوسطة (فئة ب),بلاتيني,1
,,,,,,ممرض بيطري,6,,,,,,,,القصيم,تجارة الجملة والتجزئة وإصلاح المركبات ذات المحركات والدرجات النارية,متوسطة (فئة ب),بلاتيني,8
,,,,,,ممرض عام,24477,,,,,,,,القصيم,لأنشطة المالية وأنشطة التأمين,متوسطة (فئة ب),بلاتيني,1
,,,,,,ممرض متخصص,239,,,,,,,,المدينة,أنشطة خدمات الاقامة والطعام,متوسطة (فئة ب),بلاتيني,2
,,,,,,ممرض منزلي,63,,,,,,,,المدينة,أنشطة صحة الانسان والعمل الاجتماعي,متوسطة (فئة ب),بلاتيني,5
,,,,,,ممرضة توليد وامراض نسائية,0,,,,,,,,المدينة,الأنشطة المهنية والعلمية والتقنية,متوسطة (فئة ب),بلاتيني,1
,,,,,,ممكيج,1538,,,,,,,,المدينة,التشييد,متوسطة (فئة ب),بلاتيني,5
,,,,,,منتج أفلام,96,,,,,,,,المدينة,الخدمات الإدارية وخدمات الدعم,متوسطة (فئة ب),بلاتيني,10
,,,,,,منتج البان,44,,,,,,,,المدينة,الزراعة والحراجة وصيد الأسماك,متوسطة (فئة ب),بلاتيني,1
,,,,,,منتج تليفزيوني وإذاعي,288,,,,,,,,المدينة,الصناعة التحويلية,متوسطة (فئة ب),بلاتيني,4
,,,,,,منتج مسرحي,4,,,,,,,,المدينة,النقل والتخزين,متوسطة (فئة ب),بلاتيني,3
,,,,,,منجد اثاث,29,,,,,,,,المدينة,تجارة الجملة والتجزئة وإصلاح المركبات ذات المحركات والدرجات النارية,متوسطة (فئة ب),بلاتيني,29
,,,,,,منجد ستائر,16,,,,,,,,تبوك,أنشطة صحة الانسان والعمل الاجتماعي,متوسطة (فئة ب),بلاتيني,4
,,,,,,منجد عام,9,,,,,,,,تبوك,التشييد,متوسطة (فئة ب),بلاتيني,1
,,,,,,منجد فراش,1,,,,,,,,تبوك,التعليم,متوسطة (فئة ب),بلاتيني,2
,,,,,,منجد مركبات,12,,,,,,,,تبوك,الخدمات الإدارية وخدمات الدعم,متوسطة (فئة ب),بلاتيني,3
,,,,,,مندوب خدمات سلعيه,3903,,,,,,,,تبوك,الزراعة والحراجة وصيد الأسماك,متوسطة (فئة ب),بلاتيني,2
,,,,,,مندوب دائم,9,,,,,,,,تبوك,الصناعة التحويلية,متوسطة (فئة ب),بلاتيني,2
,,,,,,مندوب دائم للمملكة,1355,,,,,,,,تبوك,النقل والتخزين,متوسطة (فئة ب),بلاتيني,1
,,,,,,مندوب مبيعات,282883,,,,,,,,تبوك,تجارة الجملة والتجزئة وإصلاح المركبات ذات المحركات والدرجات النارية,متوسطة (فئة ب),بلاتيني,12
,,,,,,مندوب مشتريات,77031,,,,,,,,تبوك,لأنشطة المالية وأنشطة التأمين,متوسطة (فئة ب),بلاتيني,1
,,,,,,منسق إداري طبي,1,,,,,,,,جازان,أنشطة الخدمات الأخرى,متوسطة (فئة ب),بلاتيني,1
,,,,,,منسق أنظمة جودة,355,,,,,,,,جازان,أنشطة صحة الانسان والعمل الاجتماعي,متوسطة (فئة ب),بلاتيني,6
,,,,,,منسق حركة أرضية,1130,,,,,,,,جازان,التشييد,متوسطة (فئة ب),بلاتيني,1
,,,,,,منسق حركة رافعات,1666,,,,,,,,جازان,التعليم,متوسطة (فئة ب),بلاتيني,3
,,,,,,منسق زهور,2958,,,,,,,,جازان,الخدمات الإدارية وخدمات الدعم,متوسطة (فئة ب),بلاتيني,3
,,,,,,منسق فعاليات,2691,,,,,,,,جازان,الصناعة التحويلية,متوسطة (فئة ب),بلاتيني,1
,,,,,,منسق لجان,325,,,,,,,,جازان,تجارة الجملة والتجزئة وإصلاح المركبات ذات المحركات والدرجات النارية,متوسطة (فئة ب),بلاتيني,31
,,,,,,منسق مراسم,96,,,,,,,,حائل,أنشطة الخدمات الأخرى,متوسطة (فئة ب),بلاتيني,1
,,,,,,منسق معارض ومؤتمرات,433,,,,,,,,حائل,أنشطة صحة الانسان والعمل الاجتماعي,متوسطة (فئة ب),بلاتيني,5
,,,,,,منسق منتجات,3862,,,,,,,,حائل,التشييد,متوسطة (فئة ب),بلاتيني,1
,,,,,,منضد حروف,12,,,,,,,,حائل,الخدمات الإدارية وخدمات الدعم,متوسطة (فئة ب),بلاتيني,2
,,,,,,منظف احشاء واطراف الذبائح,0,,,,,,,,حائل,الصناعة التحويلية,متوسطة (فئة ب),بلاتيني,2
,,,,,,منظف احشاء وريش الدواجن,0,,,,,,,,حائل,الفنون والترفيه والتسلية,متوسطة (فئة ب),بلاتيني,1
,,,,,,منظف اسنان,4,,,,,,,,حائل,المعلومات والاتصالات,متوسطة (فئة ب),بلاتيني,1
,,,,,,منظف اواني,64,,,,,,,,حائل,تجارة الجملة والتجزئة وإصلاح المركبات ذات المحركات والدرجات النارية,متوسطة (فئة ب),بلاتيني,11
,,,,,,منظف واجهات مباني,1021,,,,,,,,حائل,لأنشطة المالية وأنشطة التأمين,متوسطة (فئة ب),بلاتيني,1
,,,,,,منظف ومجفف جلود,6,,,,,,,,عسير,غير خاضعة لانشطة ISIC4,متوسطة (فئة ب),بلاتيني,3
,,,,,,منظم برامج اعلامية,143,,,,,,,,عسير,أنشطة خدمات الاقامة والطعام,متوسطة (فئة ب),بلاتيني,3
,,,,,,منظم سياحي,2158,,,,,,,,عسير,أنشطة صحة الانسان والعمل الاجتماعي,متوسطة (فئة ب),بلاتيني,12
,,,,,,منظم مزادات,59,,,,,,,,عسير,الأنشطة العقارية,متوسطة (فئة ب),بلاتيني,1
,,,,,,منظم ميزانية,0,,,,,,,,عسير,التشييد,متوسطة (فئة ب),بلاتيني,1
,,,,,,منفذ عقوبات شرعية,1,,,,,,,,عسير,التعليم,متوسطة (فئة ب),بلاتيني,2
,,,,,,منقذ,92,,,,,,,,عسير,الخدمات الإدارية وخدمات الدعم,متوسطة (فئة ب),بلاتيني,6
,,,,,,منقذ دفاع مدني,118,,,,,,,,عسير,الزراعة والحراجة وصيد الأسماك,متوسطة (فئة ب),بلاتيني,1
,,,,,,منقذ سباحة,885,,,,,,,,عسير,الصناعة التحويلية,متوسطة (فئة ب),بلاتيني,3
,,,,,,مهرج أطفال,10,,,,,,,,عسير,النقل والتخزين,متوسطة (فئة ب),بلاتيني,1
,,,,,,مهندس,2042,,,,,,,,عسير,تجارة الجملة والتجزئة وإصلاح المركبات ذات المحركات والدرجات النارية,متوسطة (فئة ب),بلاتيني,21
,,,,,,مهندس اتصالات,7655,,,,,,,,عسير,لأنشطة المالية وأنشطة التأمين,متوسطة (فئة ب),بلاتيني,5
,,,,,,مهندس أتمتة,98,,,,,,,,مكة المكرمة,غير خاضعة لانشطة ISIC4,متوسطة (فئة ب),بلاتيني,16
,,,,,,مهندس أجهزة طبية,2952,,,,,,,,مكة المكرمة,أنشطة الخدمات الأخرى,متوسطة (فئة ب),بلاتيني,4
,,,,,,مهندس أجهزة طبية تقني,67,,,,,,,,مكة المكرمة,أنشطة خدمات الاقامة والطعام,متوسطة (فئة ب),بلاتيني,12
,,,,,,مهندس إدارة مشاريع,5772,,,,,,,,مكة المكرمة,أنشطة صحة الانسان والعمل الاجتماعي,متوسطة (فئة ب),بلاتيني,38
,,,,,,مهندس اذاعة وتلفزة,2,,,,,,,,مكة المكرمة,إمدادات المياه وأنشطة الصرف الصحي وإدارة النفايات ومعالجتها,متوسطة (فئة ب),بلاتيني,1
,,,,,,مهندس استخراج معادن,9,,,,,,,,مكة المكرمة,الأنشطة العقارية,متوسطة (فئة ب),بلاتيني,2
,,,,,,مهندس الآت زراعية,58,,,,,,,,مكة المكرمة,التشييد,متوسطة (فئة ب),بلاتيني,24
,,,,,,مهندس الصحة والسلامة والبيئة,496,,,,,,,,مكة المكرمة,التعدين واستغلال المحاجر,متوسطة (فئة ب),بلاتيني,1
,,,,,,مهندس الكتروني اجهزة,507,,,,,,,,مكة المكرمة,التعليم,متوسطة (فئة ب),بلاتيني,4
,,,,,,مهندس الكتروني اجهزة طبية,433,,,,,,,,مكة المكرمة,الخدمات الإدارية وخدمات الدعم,متوسطة (فئة ب),بلاتيني,27
,,,,,,مهندس الكتروني صيانة,85,,,,,,,,مكة المكرمة,الزراعة والحراجة وصيد الأسماك,متوسطة (فئة ب),بلاتيني,4
,,,,,,مهندس الكتروني عام,3647,,,,,,,,مكة المكرمة,الصناعة التحويلية,متوسطة (فئة ب),بلاتيني,14
,,,,,,مهندس إلكترونيات,3871,,,,,,,,مكة المكرمة,الفنون والترفيه والتسلية,متوسطة (فئة ب),بلاتيني,5
,,,,,,مهندس إلكترونيات تقني,370,,,,,,,,مكة المكرمة,المعلومات والاتصالات,متوسطة (فئة ب),بلاتيني,1
,,,,,,مهندس أمن سيبراني أنظمة تحكم صناعي وتقنيات تشغيلية,144,,,,,,,,مكة المكرمة,النقل والتخزين,متوسطة (فئة ب),بلاتيني,19
,,,,,,مهندس إنتاج,1052,,,,,,,,مكة المكرمة,تجارة الجملة والتجزئة وإصلاح المركبات ذات المحركات والدرجات النارية,متوسطة (فئة ب),بلاتيني,121
,,,,,,مهندس إنتاج تقني,82,,,,,,,,مكة المكرمة,لأنشطة المالية وأنشطة التأمين,متوسطة (فئة ب),بلاتيني,21
,,,,,,مهندس إنشائي,844,,,,,,,,نجران,أنشطة صحة الانسان والعمل الاجتماعي,متوسطة (فئة ب),بلاتيني,3
,,,,,,مهندس أول برامج خرائط,0,,,,,,,,نجران,التشييد,متوسطة (فئة ب),بلاتيني,2
,,,,,,مهندس أول مساحة,0,,,,,,,,نجران,التعليم,متوسطة (فئة ب),بلاتيني,1
,,,,,,مهندس بث,40,,,,,,,,نجران,الخدمات الإدارية وخدمات الدعم,متوسطة (فئة ب),بلاتيني,2
,,,,,,مهندس بث ارسال,0,,,,,,,,نجران,الزراعة والحراجة وصيد الأسماك,متوسطة (فئة ب),بلاتيني,1
,,,,,,مهندس بحث وتطوير,158,,,,,,,,نجران,الصناعة التحويلية,متوسطة (فئة ب),بلاتيني,1
,,,,,,مهندس بحري,237,,,,,,,,نجران,النقل والتخزين,متوسطة (فئة ب),بلاتيني,1
,,,,,,مهندس بحري في السفينه,82,,,,,,,,نجران,تجارة الجملة والتجزئة وإصلاح المركبات ذات المحركات والدرجات النارية,متوسطة (فئة ب),بلاتيني,6
,,,,,,مهندس برامج,1348,,,,,,,,الباحة,النقل والتخزين,متوسطة (فئة ج),بلاتيني,1
,,,,,,مهندس برمجيات,491,,,,,,,,الباحة,تجارة الجملة والتجزئة وإصلاح المركبات ذات المحركات والدرجات النارية,متوسطة (فئة ج),بلاتيني,6
,,,,,,مهندس بيئة,170,,,,,,,,الجوف,التشييد,متوسطة (فئة ج),بلاتيني,2
,,,,,,مهندس بيئي,431,,,,,,,,الجوف,الخدمات الإدارية وخدمات الدعم,متوسطة (فئة ج),بلاتيني,1
,,,,,,مهندس تحلية مياه,31,,,,,,,,الجوف,الصناعة التحويلية,متوسطة (فئة ج),بلاتيني,1
,,,,,,مهندس تخطيط مدن,298,,,,,,,,الجوف,النقل والتخزين,متوسطة (فئة ج),بلاتيني,1
,,,,,,مهندس تخطيط مصانع,222,,,,,,,,الجوف,تجارة الجملة والتجزئة وإصلاح المركبات ذات المحركات والدرجات النارية,متوسطة (فئة ج),بلاتيني,9
,,,,,,مهندس تدفئة وتهوية وتكييف,403,,,,,,,,الجوف,لأنشطة المالية وأنشطة التأمين,متوسطة (فئة ج),بلاتيني,1
,,,,,,مهندس تركيب معدات صناعية,44,,,,,,,,الحدود الشمالية,الخدمات الإدارية وخدمات الدعم,متوسطة (فئة ج),بلاتيني,1
,,,,,,مهندس تصميم داخلي,607,,,,,,,,الحدود الشمالية,الصناعة التحويلية,متوسطة (فئة ج),بلاتيني,2
,,,,,,مهندس تصميم مواقع,451,,,,,,,,الحدود الشمالية,تجارة الجملة والتجزئة وإصلاح المركبات ذات المحركات والدرجات النارية,متوسطة (فئة ج),بلاتيني,6
,,,,,,مهندس تصنيع,465,,,,,,,,الرياض,غير خاضعة لانشطة ISIC4,متوسطة (فئة ج),بلاتيني,23
,,,,,,مهندس تطوير ومواصفات,218,,,,,,,,الرياض,أنشطة خدمات الاقامة والطعام,متوسطة (فئة ج),بلاتيني,4
,,,,,,مهندس تعدين,591,,,,,,,,الرياض,أنشطة صحة الانسان والعمل الاجتماعي,متوسطة (فئة ج),بلاتيني,24
,,,,,,مهندس تقنية معلومات,853,,,,,,,,الرياض,إمدادات الكهرباء والغاز والبخار وتكييف الهواء,متوسطة (فئة ج),بلاتيني,1
,,,,,,مهندس تكاليف,218,,,,,,,,الرياض,إمدادات المياه وأنشطة الصرف الصحي وإدارة النفايات ومعالجتها,متوسطة (فئة ج),بلاتيني,2
,,,,,,مهندس تنسيق مواقع,242,,,,,,,,الرياض,الأنشطة العقارية,متوسطة (فئة ج),بلاتيني,3
,,,,,,مهندس توربينات,3,,,,,,,,الرياض,الأنشطة المهنية والعلمية والتقنية,متوسطة (فئة ج),بلاتيني,7
,,,,,,مهندس توليد طاقة,752,,,,,,,,الرياض,التشييد,متوسطة (فئة ج),بلاتيني,50
,,,,,,مهندس جسور,35,,,,,,,,الرياض,التعليم,متوسطة (فئة ج),بلاتيني,9
,,,,,,مهندس جيوتقني,84,,,,,,,,الرياض,الخدمات الإدارية وخدمات الدعم,متوسطة (فئة ج),بلاتيني,27
,,,,,,مهندس جيولوجي,41,,,,,,,,الرياض,الزراعة والحراجة وصيد الأسماك,متوسطة (فئة ج),بلاتيني,1
,,,,,,مهندس حاسب آلي,8998,,,,,,,,الرياض,الصناعة التحويلية,متوسطة (فئة ج),بلاتيني,16
,,,,,,مهندس حاسب آلي تقني,264,,,,,,,,الرياض,الفنون والترفيه والتسلية,متوسطة (فئة ج),بلاتيني,2
,,,,,,مهندس حفر ابار,146,,,,,,,,الرياض,المعلومات والاتصالات,متوسطة (فئة ج),بلاتيني,24
,,,,,,مهندس حماية كاثودية,0,,,,,,,,الرياض,النقل والتخزين,متوسطة (فئة ج),بلاتيني,15
,,,,,,مهندس دراسة الوقت والحركة,2,,,,,,,,الرياض,تجارة الجملة والتجزئة وإصلاح المركبات ذات المحركات والدرجات النارية,متوسطة (فئة ج),بلاتيني,90
,,,,,,مهندس ديكور,748,,,,,,,,الرياض,لأنشطة المالية وأنشطة التأمين,متوسطة (فئة ج),بلاتيني,41
,,,,,,مهندس رادار,30,,,,,,,,الشرقية,غير خاضعة لانشطة ISIC4,متوسطة (فئة ج),بلاتيني,6
,,,,,,مهندس راديو,16,,,,,,,,الشرقية,أنشطة الخدمات الأخرى,متوسطة (فئة ج),بلاتيني,1
,,,,,,مهندس راديو ورادار طائرات,3,,,,,,,,الشرقية,أنشطة صحة الانسان والعمل الاجتماعي,متوسطة (فئة ج),بلاتيني,10
,,,,,,مهندس زراعي,1892,,,,,,,,الشرقية,إمدادات الكهرباء والغاز والبخار وتكييف الهواء,متوسطة (فئة ج),بلاتيني,1
,,,,,,مهندس سلامة وصحة مهنية,3249,,,,,,,,الشرقية,إمدادات المياه وأنشطة الصرف الصحي وإدارة النفايات ومعالجتها,متوسطة (فئة ج),بلاتيني,2
,,,,,,مهندس شبكات,1456,,,,,,,,الشرقية,الأنشطة العقارية,متوسطة (فئة ج),بلاتيني,1
,,,,,,مهندس شبكات الأقمار الصناعية,5,,,,,,,,الشرقية,الأنشطة المهنية والعلمية والتقنية,متوسطة (فئة ج),بلاتيني,4
,,,,,,مهندس شبكات الضبط المساحي,0,,,,,,,,الشرقية,التشييد,متوسطة (فئة ج),بلاتيني,22
,,,,,,مهندس صحي,45,,,,,,,,الشرقية,التعدين واستغلال المحاجر,متوسطة (فئة ج),بلاتيني,8
,,,,,,مهندس صحي مياه ومجاري,17,,,,,,,,الشرقية,التعليم,متوسطة (فئة ج),بلاتيني,7
,,,,,,مهندس صناعي,5699,,,,,,,,الشرقية,الخدمات الإدارية وخدمات الدعم,متوسطة (فئة ج),بلاتيني,21
,,,,,,مهندس صناعي عام,1055,,,,,,,,الشرقية,الصناعة التحويلية,متوسطة (فئة ج),بلاتيني,45
,,,,,,مهندس ضبط وتحكم في الجودة,1032,,,,,,,,الشرقية,الفنون والترفيه والتسلية,متوسطة (فئة ج),بلاتيني,3
,,,,,,مهندس طاقة نووية,36,,,,,,,,الشرقية,المعلومات والاتصالات,متوسطة (فئة ج),بلاتيني,3
,,,,,,مهندس طب حيوي,117,,,,,,,,الشرقية,النقل والتخزين,متوسطة (فئة ج),بلاتيني,11
,,,,,,مهندس طرق,166,,,,,,,,الشرقية,تجارة الجملة والتجزئة وإصلاح المركبات ذات المحركات والدرجات النارية,متوسطة (فئة ج),بلاتيني,74
,,,,,,مهندس طيران,426,,,,,,,,الشرقية,لأنشطة المالية وأنشطة التأمين,متوسطة (فئة ج),بلاتيني,21
,,,,,,مهندس فاحص جودة البناء,59,,,,,,,,القصيم,غير خاضعة لانشطة ISIC4,متوسطة (فئة ج),بلاتيني,2
,,,,,,مهندس كفاءة في تحليل المياه,14,,,,,,,,القصيم,أنشطة صحة الانسان والعمل الاجتماعي,متوسطة (فئة ج),بلاتيني,2
,,,,,,مهندس كهربائي,35358,,,,,,,,القصيم,التشييد,متوسطة (فئة ج),بلاتيني,1
,,,,,,مهندس كهربائي اجهزة دقيقة,304,,,,,,,,القصيم,الخدمات الإدارية وخدمات الدعم,متوسطة (فئة ج),بلاتيني,5
,,,,,,مهندس كهربائي تقني,505,,,,,,,,القصيم,الصناعة التحويلية,متوسطة (فئة ج),بلاتيني,3
,,,,,,مهندس كهربائي تمديدات,316,,,,,,,,القصيم,الفنون والترفيه والتسلية,متوسطة (فئة ج),بلاتيني,1
,,,,,,مهندس كهربائي توزيع,207,,,,,,,,القصيم,المعلومات والاتصالات,متوسطة (فئة ج),بلاتيني,1
,,,,,,مهندس كهربائي توليد الطاقة الكهربائية,227,,,,,,,,القصيم,النقل والتخزين,متوسطة (فئة ج),بلاتيني,1
,,,,,,مهندس كهربائي صيانة,1071,,,,,,,,القصيم,تجارة الجملة والتجزئة وإصلاح المركبات ذات المحركات والدرجات النارية,متوسطة (فئة ج),بلاتيني,24
,,,,,,مهندس كهربائي عام,3406,,,,,,,,القصيم,لأنشطة المالية وأنشطة التأمين,متوسطة (فئة ج),بلاتيني,3
,,,,,,مهندس كهربائي مراقبة وتحكم,82,,,,,,,,المدينة,غير خاضعة لانشطة ISIC4,متوسطة (فئة ج),بلاتيني,4
,,,,,,مهندس كهربائي نقل,8,,,,,,,,المدينة,أنشطة خدمات الاقامة والطعام,متوسطة (فئة ج),بلاتيني,15
,,,,,,مهندس كهربائي نقل وتوزيع,56,,,,,,,,المدينة,أنشطة صحة الانسان والعمل الاجتماعي,متوسطة (فئة ج),بلاتيني,3
,,,,,,مهندس كهربائي وقاية,8,,,,,,,,المدينة,إمدادات الكهرباء والغاز والبخار وتكييف الهواء,متوسطة (فئة ج),بلاتيني,1
,,,,,,مهندس كهروميكانيكي,127,,,,,,,,المدينة,التشييد,متوسطة (فئة ج),بلاتيني,3
,,,,,,مهندس كيميائي,3347,,,,,,,,المدينة,التعدين واستغلال المحاجر,متوسطة (فئة ج),بلاتيني,1
,,,,,,مهندس كيميائي بحث وتطوير,34,,,,,,,,المدينة,التعليم,متوسطة (فئة ج),بلاتيني,3
,,,,,,مهندس كيميائي تقني,145,,,,,,,,المدينة,الخدمات الإدارية وخدمات الدعم,متوسطة (فئة ج),بلاتيني,6
,,,,,,مهندس كيميائي صناعات اسمدة,3,,,,,,,,المدينة,الصناعة التحويلية,متوسطة (فئة ج),بلاتيني,9
,,,,,,مهندس كيميائي صناعات غذائية,4,,,,,,,,المدينة,الفنون والترفيه والتسلية,متوسطة (فئة ج),بلاتيني,1
,,,,,,مهندس كيميائي صناعات نفطية,37,,,,,,,,المدينة,النقل والتخزين,متوسطة (فئة ج),بلاتيني,2
,,,,,,مهندس كيميائي عام,2121,,,,,,,,المدينة,تجارة الجملة والتجزئة وإصلاح المركبات ذات المحركات والدرجات النارية,متوسطة (فئة ج),بلاتيني,68
,,,,,,مهندس متفجرات,6,,,,,,,,المدينة,لأنشطة المالية وأنشطة التأمين,متوسطة (فئة ج),بلاتيني,5
,,,,,,مهندس محاجر,2,,,,,,,,تبوك,أنشطة خدمات الاقامة والطعام,متوسطة (فئة ج),بلاتيني,1
,,,,,,مهندس مدني,54524,,,,,,,,تبوك,أنشطة صحة الانسان والعمل الاجتماعي,متوسطة (فئة ج),بلاتيني,2
,,,,,,مهندس مدني ( انشاءات معدنية ),231,,,,,,,,تبوك,الأنشطة المهنية والعلمية والتقنية,متوسطة (فئة ج),بلاتيني,1
,,,,,,مهندس مدني ( جسورات ),21,,,,,,,,تبوك,الخدمات الإدارية وخدمات الدعم,متوسطة (فئة ج),بلاتيني,2
,,,,,,مهندس مدني ( ري ),152,,,,,,,,تبوك,الزراعة والحراجة وصيد الأسماك,متوسطة (فئة ج),بلاتيني,1
,,,,,,مهندس مدني ( سدود ),4,,,,,,,,تبوك,الصناعة التحويلية,متوسطة (فئة ج),بلاتيني,2
,,,,,,مهندس مدني ( سكة حديد ),68,,,,,,,,تبوك,الفنون والترفيه والتسلية,متوسطة (فئة ج),بلاتيني,1
,,,,,,مهندس مدني ( طرق ),634,,,,,,,,تبوك,المعلومات والاتصالات,متوسطة (فئة ج),بلاتيني,1
,,,,,,مهندس مدني ( مرور ),19,,,,,,,,تبوك,النقل والتخزين,متوسطة (فئة ج),بلاتيني,1
,,,,,,مهندس مدني ( مطارات ),24,,,,,,,,تبوك,تجارة الجملة والتجزئة وإصلاح المركبات ذات المحركات والدرجات النارية,متوسطة (فئة ج),بلاتيني,16
,,,,,,مهندس مدني ( موانيء ),12,,,,,,,,جازان,أنشطة صحة الانسان والعمل الاجتماعي,متوسطة (فئة ج),بلاتيني,1
,,,,,,مهندس مدني تقني,410,,,,,,,,جازان,التشييد,متوسطة (فئة ج),بلاتيني,1
,,,,,,مهندس مراقبة جودة,474,,,,,,,,جازان,الخدمات الإدارية وخدمات الدعم,متوسطة (فئة ج),بلاتيني,3
,,,,,,مهندس مركبات,163,,,,,,,,جازان,الصناعة التحويلية,متوسطة (فئة ج),بلاتيني,1
,,,,,,مهندس مساحة بحرية,21,,,,,,,,جازان,الفنون والترفيه والتسلية,متوسطة (فئة ج),بلاتيني,1
,,,,,,مهندس مساحة جوية,9,,,,,,,,جازان,النقل والتخزين,متوسطة (فئة ج),بلاتيني,1
,,,,,,مهندس مساحة عام,503,,,,,,,,جازان,تجارة الجملة والتجزئة وإصلاح المركبات ذات المحركات والدرجات النارية,متوسطة (فئة ج),بلاتيني,18
,,,,,,مهندس مستدام معتمد,97,,,,,,,,جازان,لأنشطة المالية وأنشطة التأمين,متوسطة (فئة ج),بلاتيني,2
,,,,,,مهندس مشروع,9053,,,,,,,,حائل,أنشطة صحة الانسان والعمل الاجتماعي,متوسطة (فئة ج),بلاتيني,3
,,,,,,مهندس معادن,153,,,,,,,,حائل,الخدمات الإدارية وخدمات الدعم,متوسطة (فئة ج),بلاتيني,2
,,,,,,مهندس معالجة مياه,49,,,,,,,,حائل,الزراعة والحراجة وصيد الأسماك,متوسطة (فئة ج),بلاتيني,1
,,,,,,مهندس معماري,16326,,,,,,,,حائل,الصناعة التحويلية,متوسطة (فئة ج),بلاتيني,1
,,,,,,مهندس معماري داخلي,1009,,,,,,,,حائل,المعلومات والاتصالات,متوسطة (فئة ج),بلاتيني,1
,,,,,,مهندس مقيم معتمد,10,,,,,,,,حائل,النقل والتخزين,متوسطة (فئة ج),بلاتيني,2
,,,,,,مهندس مناجم,1,,,,,,,,حائل,تجارة الجملة والتجزئة وإصلاح المركبات ذات المحركات والدرجات النارية,متوسطة (فئة ج),بلاتيني,13
,,,,,,مهندس مناولة مواد,5,,,,,,,,حائل,لأنشطة المالية وأنشطة التأمين,متوسطة (فئة ج),بلاتيني,1
,,,,,,مهندس مهني تمريض,8,,,,,,,,عسير,أنشطة صحة الانسان والعمل الاجتماعي,متوسطة (فئة ج),بلاتيني,9
,,,,,,مهندس مواد,607,,,,,,,,عسير,إمدادات الكهرباء والغاز والبخار وتكييف الهواء,متوسطة (فئة ج),بلاتيني,1
,,,,,,مهندس ميكاترونكس,340,,,,,,,,عسير,التشييد,متوسطة (فئة ج),بلاتيني,1
,,,,,,مهندس ميكانيكا التربة,7,,,,,,,,عسير,الخدمات الإدارية وخدمات الدعم,متوسطة (فئة ج),بلاتيني,8
,,,,,,مهندس ميكانيكي,31881,,,,,,,,عسير,الصناعة التحويلية,متوسطة (فئة ج),بلاتيني,2
,,,,,,مهندس ميكانيكي الآت ومكينات صناعية,36,,,,,,,,عسير,الفنون والترفيه والتسلية,متوسطة (فئة ج),بلاتيني,3
,,,,,,مهندس ميكانيكي آليات ثقيلة,294,,,,,,,,عسير,المعلومات والاتصالات,متوسطة (فئة ج),بلاتيني,1
,,,,,,مهندس ميكانيكي اليات طرق,2,,,,,,,,عسير,النقل والتخزين,متوسطة (فئة ج),بلاتيني,3
,,,,,,مهندس ميكانيكي انتاج,1088,,,,,,,,عسير,تجارة الجملة والتجزئة وإصلاح المركبات ذات المحركات والدرجات النارية,متوسطة (فئة ج),بلاتيني,40
,,,,,,مهندس ميكانيكي انتاج عام,1464,,,,,,,,عسير,لأنشطة المالية وأنشطة التأمين,متوسطة (فئة ج),بلاتيني,6
,,,,,,مهندس ميكانيكي تقني,405,,,,,,,,مكة المكرمة,غير خاضعة لانشطة ISIC4,متوسطة (فئة ج),بلاتيني,2
,,,,,,مهندس ميكانيكي تكييف مركزي,49,,,,,,,,مكة المكرمة,أنشطة الخدمات الأخرى,متوسطة (فئة ج),بلاتيني,1
,,,,,,مهندس ميكانيكي سكب,2,,,,,,,,مكة المكرمة,أنشطة خدمات الاقامة والطعام,متوسطة (فئة ج),بلاتيني,10
,,,,,,مهندس ميكانيكي صناعة السفن,12,,,,,,,,مكة المكرمة,أنشطة صحة الانسان والعمل الاجتماعي,متوسطة (فئة ج),بلاتيني,5
,,,,,,مهندس ميكانيكي صيانة,512,,,,,,,,مكة المكرمة,إمدادات الكهرباء والغاز والبخار وتكييف الهواء,متوسطة (فئة ج),بلاتيني,2
,,,,,,مهندس ميكانيكي صيانة سفن,15,,,,,,,,مكة المكرمة,إمدادات المياه وأنشطة الصرف الصحي وإدارة النفايات ومعالجتها,متوسطة (فئة ج),بلاتيني,2
,,,,,,مهندس ميكانيكي صيانة طائرات,43,,,,,,,,مكة المكرمة,الأنشطة العقارية,متوسطة (فئة ج),بلاتيني,2
,,,,,,مهندس ميكانيكي صيانة قطارات,23,,,,,,,,مكة المكرمة,الأنشطة المهنية والعلمية والتقنية,متوسطة (فئة ج),بلاتيني,1
,,,,,,مهندس ميكانيكي عام,2946,,,,,,,,مكة المكرمة,التشييد,متوسطة (فئة ج),بلاتيني,19
,,,,,,مهندس ميكانيكي قطارات,11,,,,,,,,مكة المكرمة,التعدين واستغلال المحاجر,متوسطة (فئة ج),بلاتيني,1
,,,,,,مهندس ميكانيكي لحام,280,,,,,,,,مكة المكرمة,التعليم,متوسطة (فئة ج),بلاتيني,5
,,,,,,مهندس ميكانيكي محركات وماكينات ماعدا البحرية,5,,,,,,,,مكة المكرمة,الخدمات الإدارية وخدمات الدعم,متوسطة (فئة ج),بلاتيني,24
,,,,,,مهندس ميكانيكي مركبات,71,,,,,,,,مكة المكرمة,الصناعة التحويلية,متوسطة (فئة ج),بلاتيني,22
,,,,,,مهندس ميكانيكي موانع هيدروليك,4,,,,,,,,مكة المكرمة,الفنون والترفيه والتسلية,متوسطة (فئة ج),بلاتيني,3
,,,,,,مهندس نظم تقنية معلومات,569,,,,,,,,مكة المكرمة,المعلومات والاتصالات,متوسطة (فئة ج),بلاتيني,9
,,,,,,مهندس نفط,1052,,,,,,,,مكة المكرمة,النقل والتخزين,متوسطة (فئة ج),بلاتيني,9
,,,,,,مهندس نفط وغاز,3758,,,,,,,,مكة المكرمة,تجارة الجملة والتجزئة وإصلاح المركبات ذات المحركات والدرجات النارية,متوسطة (فئة ج),بلاتيني,100
,,,,,,مهندس نقل وتوزيع طاقة,2207,,,,,,,,مكة المكرمة,لأنشطة المالية وأنشطة التأمين,متوسطة (فئة ج),بلاتيني,24
,,,,,,مهندس نووي ,31,,,,,,,,نجران,أنشطة صحة الانسان والعمل الاجتماعي,متوسطة (فئة ج),بلاتيني,2
,,,,,,مهيءانوال,0,,,,,,,,نجران,التشييد,متوسطة (فئة ج),بلاتيني,3
,,,,,,موثق سجل,77,,,,,,,,نجران,الخدمات الإدارية وخدمات الدعم,متوسطة (فئة ج),بلاتيني,1
,,,,,,موجه تربوي,84,,,,,,,,نجران,الصناعة التحويلية,متوسطة (فئة ج),بلاتيني,1
,,,,,,موزع بريد,1019,,,,,,,,نجران,النقل والتخزين,متوسطة (فئة ج),بلاتيني,1
,,,,,,موزع بريد _ساعي,740,,,,,,,,نجران,تجارة الجملة والتجزئة وإصلاح المركبات ذات المحركات والدرجات النارية,متوسطة (فئة ج),بلاتيني,4
,,,,,,موزع صحف و مطبوعات,0,,,,,,,,نجران,لأنشطة المالية وأنشطة التأمين,متوسطة (فئة ج),بلاتيني,1
,,,,,,موزع فواتير,288,,,,,,,,الرياض,غير خاضعة لانشطة ISIC4,صغيرة (فئة أ),مستبعد,4
,,,,,,موزع منشورات,30,,,,,,,,الرياض,التشييد,صغيرة (فئة أ),مستبعد,1
,,,,,,موزع موسيقي,2,,,,,,,,الرياض,التعليم,صغيرة (فئة أ),مستبعد,3
,,,,,,موصل كابلات كهربائية,10148,,,,,,,,الرياض,المعلومات والاتصالات,صغيرة (فئة أ),مستبعد,1
,,,,,,موظف اداري,29905,,,,,,,,الرياض,النقل والتخزين,صغيرة (فئة أ),مستبعد,11
,,,,,,موظف استقبال,27972,,,,,,,,الرياض,تجارة الجملة والتجزئة وإصلاح المركبات ذات المحركات والدرجات النارية,صغيرة (فئة أ),مستبعد,1
,,,,,,موظف استقبال فندق,5494,,,,,,,,الشرقية,التعليم,صغيرة (فئة أ),مستبعد,1
,,,,,,موظف صندوق محاسبة,33430,,,,,,,,الشرقية,الخدمات الإدارية وخدمات الدعم,صغيرة (فئة أ),مستبعد,1
,,,,,,مؤجر مركبات,599,,,,,,,,الشرقية,الفنون والترفيه والتسلية,صغيرة (فئة أ),مستبعد,1
,,,,,,مؤذن,21,,,,,,,,القصيم,النقل والتخزين,صغيرة (فئة أ),مستبعد,1
,,,,,,مؤرخ,0,,,,,,,,المدينة,النقل والتخزين,صغيرة (فئة أ),مستبعد,1
,,,,,,مؤلف,18,,,,,,,,تبوك,التشييد,صغيرة (فئة أ),مستبعد,2
,,,,,,مؤلف موسيقي,14,,,,,,,,عسير,تجارة الجملة والتجزئة وإصلاح المركبات ذات المحركات والدرجات النارية,صغيرة (فئة أ),مستبعد,1
,,,,,,ميكانيك حصادة,0,,,,,,,,مكة المكرمة,أنشطة الخدمات الأخرى,صغيرة (فئة أ),مستبعد,1
,,,,,,ميكانيك صمامات التحكم الهوائية,16,,,,,,,,مكة المكرمة,الأنشطة العقارية,صغيرة (فئة أ),مستبعد,1
,,,,,,ميكانيكي  صيانة افران ومدافيء عام,18,,,,,,,,مكة المكرمة,التشييد,صغيرة (فئة أ),مستبعد,1
,,,,,,ميكانيكي اجهزة تبريد مركزي,5,,,,,,,,مكة المكرمة,التعليم,صغيرة (فئة أ),مستبعد,3
,,,,,,ميكانيكي اجهزة تبريد منزلية,1,,,,,,,,مكة المكرمة,النقل والتخزين,صغيرة (فئة أ),مستبعد,4
,,,,,,ميكانيكي اجهزة تكييف مركزي,9,,,,,,,,مكة المكرمة,تجارة الجملة والتجزئة وإصلاح المركبات ذات المحركات والدرجات النارية,صغيرة (فئة أ),مستبعد,1
,,,,,,ميكانيكي اجهزة دقيقة,82,,,,,,,,الرياض,أنشطة خدمات الاقامة والطعام,صغيرة (فئة ب),مستبعد,2
,,,,,,ميكانيكي اجهزة دقيقة عام,0,,,,,,,,الرياض,التشييد,صغيرة (فئة ب),مستبعد,1
,,,,,,ميكانيكي اجهزة قياس,7,,,,,,,,الرياض,التعليم,صغيرة (فئة ب),مستبعد,7
,,,,,,ميكانيكي اصلاح جسم الطائرة,22,,,,,,,,الرياض,الخدمات الإدارية وخدمات الدعم,صغيرة (فئة ب),مستبعد,1
,,,,,,ميكانيكي اصلاح معدات بوتاجاز منزلي,0,,,,,,,,الرياض,الصناعة التحويلية,صغيرة (فئة ب),مستبعد,2
,,,,,,ميكانيكي إصلاح هيكل الطائرة,45,,,,,,,,الرياض,النقل والتخزين,صغيرة (فئة ب),مستبعد,43
,,,,,,ميكانيكي اليات ثقيلة /عجلات,7,,,,,,,,الرياض,تجارة الجملة والتجزئة وإصلاح المركبات ذات المحركات والدرجات النارية,صغيرة (فئة ب),مستبعد,2
,,,,,,ميكانيكي اليات ثقيلة عام,2732,,,,,,,,الشرقية,التعليم,صغيرة (فئة ب),مستبعد,4
,,,,,,ميكانيكي اليات ثقيلة مجنزرة,0,,,,,,,,الشرقية,الخدمات الإدارية وخدمات الدعم,صغيرة (فئة ب),مستبعد,1
,,,,,,ميكانيكي اليات زراعية عام,1541,,,,,,,,الشرقية,الفنون والترفيه والتسلية,صغيرة (فئة ب),مستبعد,1
,,,,,,ميكانيكي برادات,63,,,,,,,,الشرقية,النقل والتخزين,صغيرة (فئة ب),مستبعد,10
,,,,,,ميكانيكي تبريد عام,57,,,,,,,,القصيم,التعليم,صغيرة (فئة ب),مستبعد,2
,,,,,,ميكانيكي تجميع ماكينة زراعية وتجهيزها,11,,,,,,,,القصيم,النقل والتخزين,صغيرة (فئة ب),مستبعد,5
,,,,,,ميكانيكي تجميع ماكينة طباعة وتجهيزها وصيانتها,23,,,,,,,,المدينة,غير خاضعة لانشطة ISIC4,صغيرة (فئة ب),مستبعد,1
,,,,,,ميكانيكي تجهيز الانوال الالية,1,,,,,,,,تبوك,الأنشطة العقارية,صغيرة (فئة ب),مستبعد,1
,,,,,,ميكانيكي تجهيز انوال الجاكارد,0,,,,,,,,تبوك,التعليم,صغيرة (فئة ب),مستبعد,2
,,,,,,ميكانيكي تجهيزات الري والرش,0,,,,,,,,عسير,التعليم,صغيرة (فئة ب),مستبعد,1
,,,,,,ميكانيكي تدفئة مركزية,2,,,,,,,,عسير,النقل والتخزين,صغيرة (فئة ب),مستبعد,1
,,,,,,ميكانيكي تدفئة مركزية عام,0,,,,,,,,مكة المكرمة,غير خاضعة لانشطة ISIC4,صغيرة (فئة ب),مستبعد,1
,,,,,,ميكانيكي تدفئة وتهوية وتكييف,8466,,,,,,,,مكة المكرمة,الأنشطة العقارية,صغيرة (فئة ب),مستبعد,1
,,,,,,ميكانيكي تركيب معدات صناعية,62,,,,,,,,مكة المكرمة,التعليم,صغيرة (فئة ب),مستبعد,7
,,,,,,ميكانيكي تركيب معدات صناعية عام,2,,,,,,,,مكة المكرمة,المعلومات والاتصالات,صغيرة (فئة ب),مستبعد,1
,,,,,,ميكانيكي ترميم عجلات قطار,1,,,,,,,,مكة المكرمة,النقل والتخزين,صغيرة (فئة ب),مستبعد,15
,,,,,,ميكانيكي تكييف عام,56,,,,,,,,نجران,النقل والتخزين,صغيرة (فئة ب),مستبعد,2
,,,,,,ميكانيكي تمديدات شبكات انابيب غاز,269,,,,,,,,الرياض,التشييد,عملاقة,مستبعد,3
,,,,,,ميكانيكي تمديدات شبكات انابيب نفط,188,,,,,,,,الرياض,الصناعة التحويلية,عملاقة,مستبعد,1
,,,,,,ميكانيكي تمديدات صحية عام,8,,,,,,,,الرياض,النقل والتخزين,عملاقة,مستبعد,1
,,,,,,ميكانيكي توبين غازي عام,0,,,,,,,,الرياض,تجارة الجملة والتجزئة وإصلاح المركبات ذات المحركات والدرجات النارية,عملاقة,مستبعد,1
,,,,,,ميكانيكي توربين بخاري,4,,,,,,,,مكة المكرمة,التعدين واستغلال المحاجر,عملاقة,مستبعد,1
,,,,,,ميكانيكي توربين بخاري عام,0,,,,,,,,الرياض,أنشطة صحة الانسان والعمل الاجتماعي,كبيرة,مستبعد,1
,,,,,,ميكانيكي توربين غازي,18,,,,,,,,الرياض,الأنشطة المهنية والعلمية والتقنية,كبيرة,مستبعد,2
,,,,,,ميكانيكي توربين مائي عام,1,,,,,,,,الرياض,الصناعة التحويلية,كبيرة,مستبعد,1
,,,,,,ميكانيكي جرار زراعي,0,,,,,,,,الرياض,المعلومات والاتصالات,كبيرة,مستبعد,2
,,,,,,ميكانيكي جرارات,0,,,,,,,,الرياض,النقل والتخزين,كبيرة,مستبعد,4
,,,,,,ميكانيكي حافلات,1017,,,,,,,,الرياض,لأنشطة المالية وأنشطة التأمين,كبيرة,مستبعد,1
,,,,,,ميكانيكي حافلات وشاحنات عام,630,,,,,,,,الشرقية,التشييد,كبيرة,مستبعد,2
,,,,,,ميكانيكي خدمة سريعة,6,,,,,,,,الشرقية,الصناعة التحويلية,كبيرة,مستبعد,1
,,,,,,ميكانيكي خدمة ميدانية الطائرات,7,,,,,,,,القصيم,الخدمات الإدارية وخدمات الدعم,كبيرة,مستبعد,1
,,,,,,ميكانيكي دراجة نارية,240,,,,,,,,تبوك,أنشطة خدمات الاقامة والطعام,كبيرة,مستبعد,16
,,,,,,ميكانيكي دراجة هوائية,0,,,,,,,,تبوك,الأنشطة المهنية والعلمية والتقنية,كبيرة,مستبعد,2
,,,,,,ميكانيكي سفن,523,,,,,,,,تبوك,التشييد,كبيرة,مستبعد,1
,,,,,,ميكانيكي سفن عام,71,,,,,,,,تبوك,الخدمات الإدارية وخدمات الدعم,كبيرة,مستبعد,1
,,,,,,ميكانيكي سيارات,46485,,,,,,,,مكة المكرمة,أنشطة صحة الانسان والعمل الاجتماعي,كبيرة,مستبعد,1
,,,,,,ميكانيكي صيان معدات صناعية,403,,,,,,,,مكة المكرمة,النقل والتخزين,كبيرة,مستبعد,1
,,,,,,ميكانيكي صيانة اجهزة مناوله المواد,8,,,,,,,,الرياض,الأنشطة المهنية والعلمية والتقنية,متوسطة (فئة أ),مستبعد,1
,,,,,,ميكانيكي صيانة افران ومدافيء غاز,13,,,,,,,,الرياض,التعليم,متوسطة (فئة أ),مستبعد,9
,,,,,,ميكانيكي صيانة افران ومدافيء نفط,0,,,,,,,,الرياض,الخدمات الإدارية وخدمات الدعم,متوسطة (فئة أ),مستبعد,1
,,,,,,ميكانيكي صيانة الات الاستنساخ,0,,,,,,,,الرياض,المعلومات والاتصالات,متوسطة (فئة أ),مستبعد,1
,,,,,,ميكانيكي صيانة الات الخياطة,0,,,,,,,,الرياض,النقل والتخزين,متوسطة (فئة أ),مستبعد,20
,,,,,,ميكانيكي صيانة الات الغزل,0,,,,,,,,الرياض,تجارة الجملة والتجزئة وإصلاح المركبات ذات المحركات والدرجات النارية,متوسطة (فئة أ),مستبعد,1
,,,,,,ميكانيكي صيانة الات الغسيل والكي,0,,,,,,,,الشرقية,التعليم,متوسطة (فئة أ),مستبعد,5
,,,,,,ميكانيكي صيانة الات المطابع,0,,,,,,,,الشرقية,النقل والتخزين,متوسطة (فئة أ),مستبعد,1
,,,,,,ميكانيكي صيانة الات النسيج,30,,,,,,,,القصيم,تجارة الجملة والتجزئة وإصلاح المركبات ذات المحركات والدرجات النارية,متوسطة (فئة أ),مستبعد,1
,,,,,,ميكانيكي صيانة الات كاتبة,5,,,,,,,,تبوك,غير خاضعة لانشطة ISIC4,متوسطة (فئة أ),مستبعد,1
,,,,,,ميكانيكي صيانة الات مكتبية عام,88,,,,,,,,تبوك,النقل والتخزين,متوسطة (فئة أ),مستبعد,1
,,,,,,ميكانيكي صيانة المضخات والضواغط,3,,,,,,,,مكة المكرمة,التشييد,متوسطة (فئة أ),مستبعد,1
,,,,,,ميكانيكي صيانة بصريات,2,,,,,,,,مكة المكرمة,التعليم,متوسطة (فئة أ),مستبعد,2
,,,,,,ميكانيكي صيانة طائرات,173,,,,,,,,مكة المكرمة,النقل والتخزين,متوسطة (فئة أ),مستبعد,2
,,,,,,ميكانيكي صيانة مراجل,13,,,,,,,,الرياض,التعليم,متوسطة (فئة ب),مستبعد,2
,,,,,,ميكانيكي صيانة منشاءة صناعية,226,,,,,,,,الرياض,الصناعة التحويلية,متوسطة (فئة ب),مستبعد,1
,,,,,,ميكانيكي صيانة ميكانيكية عام,585,,,,,,,,الرياض,النقل والتخزين,متوسطة (فئة ب),مستبعد,14
,,,,,,ميكانيكي ضاغطة,1064,,,,,,,,الشرقية,النقل والتخزين,متوسطة (فئة ب),مستبعد,2
,,,,,,ميكانيكي طائرات,2092,,,,,,,,المدينة,أنشطة خدمات الاقامة والطعام,متوسطة (فئة ب),مستبعد,1
,,,,,,ميكانيكي فرامل,125,,,,,,,,المدينة,الصناعة التحويلية,متوسطة (فئة ب),مستبعد,1
,,,,,,ميكانيكي قطارات,63,,,,,,,,تبوك,أنشطة خدمات الاقامة والطعام,متوسطة (فئة ب),مستبعد,1
,,,,,,ميكانيكي قطارات عام,50,,,,,,,,مكة المكرمة,غير خاضعة لانشطة ISIC4,متوسطة (فئة ب),مستبعد,2
,,,,,,ميكانيكي قوارب صغيرة,8,,,,,,,,مكة المكرمة,التعليم,متوسطة (فئة ب),مستبعد,2
,,,,,,ميكانيكي كهرباء,2327,,,,,,,,مكة المكرمة,الصناعة التحويلية,متوسطة (فئة ب),مستبعد,1
,,,,,,ميكانيكي ماكينة مكتبية,3,,,,,,,,مكة المكرمة,النقل والتخزين,متوسطة (فئة ب),مستبعد,1
,,,,,,ميكانيكي ماكينه اشغال الخشب,1,,,,,,,,الرياض,غير خاضعة لانشطة ISIC4,متوسطة (فئة ج),مستبعد,1
,,,,,,ميكانيكي ماكينه تعدين,2,,,,,,,,الرياض,أنشطة صحة الانسان والعمل الاجتماعي,متوسطة (فئة ج),مستبعد,2
,,,,,,ميكانيكي ماكينه صنع مشغولات معدنيه,0,,,,,,,,الرياض,التعليم,متوسطة (فئة ج),مستبعد,1
,,,,,,ميكانيكي مجموعة التوجيه والتعليق,106,,,,,,,,الرياض,الصناعة التحويلية,متوسطة (فئة ج),مستبعد,2
,,,,,,ميكانيكي مجموعة الدفع والتوجيه,0,,,,,,,,الرياض,النقل والتخزين,متوسطة (فئة ج),مستبعد,5
,,,,,,ميكانيكي مجموعة العادم,19,,,,,,,,الشرقية,التعليم,متوسطة (فئة ج),مستبعد,1
,,,,,,ميكانيكي مجموعة العجلات والتعليق,37,,,,,,,,تبوك,الزراعة والحراجة وصيد الأسماك,متوسطة (فئة ج),مستبعد,1
,,,,,,ميكانيكي مجموعة نقل الحركة,69,,,,,,,,مكة المكرمة,الصناعة التحويلية,متوسطة (فئة ج),مستبعد,1
,,,,,,ميكانيكي محرك بنزين,378,,,,,,,,,,,,
,,,,,,ميكانيكي محرك ديزل,2127,,,,,,,,,,,,
,,,,,,ميكانيكي محرك طائرات توربيني,3,,,,,,,,,,,,
,,,,,,ميكانيكي محرك طائرات توربيني عام,4,,,,,,,,,,,,
,,,,,,ميكانيكي محرك طائرة,52,,,,,,,,,,,,
,,,,,,ميكانيكي محرك طائره عام,140,,,,,,,,,,,,
,,,,,,ميكانيكي محرك قطار,2,,,,,,,,,,,,
,,,,,,ميكانيكي محركات سفن,10,,,,,,,,,,,,
,,,,,,ميكانيكي مركبات خفيفة عام,164,,,,,,,,,,,,
,,,,,,ميكانيكي مصاعد,1484,,,,,,,,,,,,
,,,,,,ميكانيكي مضخات حقن ديزل,133,,,,,,,,,,,,
,,,,,,ميكانيكي معدات الكرتونية,704,,,,,,,,,,,,
,,,,,,ميكانيكي معدات تعدين,300,,,,,,,,,,,,
,,,,,,ميكانيكي معدات ثقيلة,7624,,,,,,,,,,,,
,,,,,,ميكانيكي معدات خفيفة,3307,,,,,,,,,,,,
,,,,,,ميكانيكي معدات زراعية,225,,,,,,,,,,,,
,,,,,,ميكانيكي مفاتيح سكك حديدية,0,,,,,,,,,,,,
,,,,,,ميكانيكي مكيف مركبات,6,,,,,,,,,,,,
,,,,,,ميكانيكي مكيفات منزلية,2,,,,,,,,,,,,
,,,,,,ميكانيكي منصة حفر,507,,,,,,,,,,,,
,,,,,,ميكانيكي نصب ماكينة وتركيبها,30,,,,,,,,,,,,
,,,,,,ميكانيكي هيدروليك,14,,,,,,,,,,,,
,,,,,,نادل,60637,,,,,,,,,,,,
,,,,,,ناسج سجاد يدوي,33,,,,,,,,,,,,
,,,,,,ناسخ,248,,,,,,,,,,,,
,,,,,,ناشر أدبي,2,,,,,,,,,,,,
,,,,,,ناصب سقالات,16840,,,,,,,,,,,,
,,,,,,ناظر محطة سكك حديدية,90,,,,,,,,,,,,
,,,,,,ناقد ادبي,3,,,,,,,,,,,,
,,,,,,ناقد إعلامي,3,,,,,,,,,,,,
,,,,,,ناقد فنون تشكيلية,1,,,,,,,,,,,,
,,,,,,ناقد فني,4,,,,,,,,,,,,
,,,,,,نائب الرئيس,51,,,,,,,,,,,,
,,,,,,نائب رئيس لشؤون السلامة والصحة المهنية,19,,,,,,,,,,,,
,,,,,,نائب وزير,0,,,,,,,,,,,,
,,,,,,نجّار,103406,,,,,,,,,,,,
,,,,,,نجار أثاث,23289,,,,,,,,,,,,
,,,,,,نجار اثاث,149,,,,,,,,,,,,
,,,,,,نجار اثاث خيزراني,28,,,,,,,,,,,,
,,,,,,نجار اثاث عام,453,,,,,,,,,,,,
,,,,,,نجار باب وشباك,26,,,,,,,,,,,,
,,,,,,نجار تركيبات خشبية للسفن,0,,,,,,,,,,,,
,,,,,,نجار جدران وارضيات,1,,,,,,,,,,,,
,,,,,,نجار حفر,4,,,,,,,,,,,,
,,,,,,نجار حفر وصدفيات,231,,,,,,,,,,,,
,,,,,,نجار ديكور,40,,,,,,,,,,,,
,,,,,,نجار ديكور عام,16,,,,,,,,,,,,
,,,,,,نجار سفن,50,,,,,,,,,,,,
,,,,,,نجار سفينة,0,,,,,,,,,,,,
,,,,,,نجار طاولة (نك),2,,,,,,,,,,,,
,,,,,,نجار طائرة,1,,,,,,,,,,,,
,,,,,,نجار قشرة,30,,,,,,,,,,,,
,,,,,,نجار قوارب,0,,,,,,,,,,,,
,,,,,,نجار قوالب انشائية,4702,,,,,,,,,,,,
,,,,,,نجار قوالب خرسانة,827,,,,,,,,,,,,
,,,,,,نجار كعوب أحذية,1,,,,,,,,,,,,
,,,,,,نجار مبان,720,,,,,,,,,,,,
,,,,,,نجار مبان عام,178,,,,,,,,,,,,
,,,,,,نجار مركبات,5,,,,,,,,,,,,
,,,,,,نجار هياكل خشبية,1974,,,,,,,,,,,,
,,,,,,نجارجمالونات قرميد,7,,,,,,,,,,,,
,,,,,,نحّات,249,,,,,,,,,,,,
,,,,,,نحّال,390,,,,,,,,,,,,
,,,,,,نحات,3,,,,,,,,,,,,
,,,,,,نحاس عام,0,,,,,,,,,,,,
,,,,,,نسّاج,22,,,,,,,,,,,,
,,,,,,نسّاج ,0,,,,,,,,,,,,
,,,,,,نساج قش وسعف,0,,,,,,,,,,,,
,,,,,,نشاء منسوجات,0,,,,,,,,,,,,
,,,,,,نقّاش,45,,,,,,,,,,,,
,,,,,,نقّاش حجر,280,,,,,,,,,,,,
,,,,,,نقاش حجر,1,,,,,,,,,,,,
,,,,,,نقاش خزف,0,,,,,,,,,,,,
,,,,,,نقاش زجاج,9,,,,,,,,,,,,
,,,,,,نقاش وحفار فني,6,,,,,,,,,,,,
,,,,,,هجّان,37,,,,,,,,,,,,
,,,,,,هجان,727,,,,,,,,,,,,
,,,,,,هيدرولوجي,35,,,,,,,,,,,,
,,,,,,واضع تصاميم على الاحجار,0,,,,,,,,,,,,
,,,,,,وزان,1,,,,,,,,,,,,
,,,,,,وسيط أوراق مالية,51,,,,,,,,,,,,
,,,,,,وسيط بيع وتأجير عقارات,117,,,,,,,,,,,,
,,,,,,وسيط تأمين,739,,,,,,,,,,,,
,,,,,,وسيط تأمين أخطار الشحن,2,,,,,,,,,,,,
,,,,,,وسيط تأمين عام,542,,,,,,,,,,,,
,,,,,,وسيط تأمين عقارات,10,,,,,,,,,,,,
,,,,,,وسيط تأمين مركبات,70,,,,,,,,,,,,
,,,,,,وسيط تأمين مصانع,4,,,,,,,,,,,,
,,,,,,وسيط تخليص جمركي,465,,,,,,,,,,,,
,,,,,,وسيط سلع,1340,,,,,,,,,,,,
,,,,,,وسيط سلع مستقبلية,88,,,,,,,,,,,,
,,,,,,وسيط شحن,1856,,,,,,,,,,,,
,,,,,,وسيط شحن بحري,65,,,,,,,,,,,,
,,,,,,وسيط شحن بري,32,,,,,,,,,,,,
,,,,,,وسيط شحن جوي,188,,,,,,,,,,,,
,,,,,,وسيط عقاري,405,,,,,,,,,,,,
,,,,,,وكيل إمارة منطقة,1,,,,,,,,,,,,
,,,,,,وكيل أمين,6,,,,,,,,,,,,
,,,,,,وكيل بضائع السك الحديدية,1,,,,,,,,,,,,
,,,,,,وكيل بيع منتجات,55,,,,,,,,,,,,
,,,,,,وكيل تأجير مركبات,351,,,,,,,,,,,,
,,,,,,وكيل تأمين,7,,,,,,,,,,,,
,,,,,,وكيل تجاري,1123,,,,,,,,,,,,
,,,,,,وكيل توظيف,90,,,,,,,,,,,,
,,,,,,وكيل جامعة,6,,,,,,,,,,,,
,,,,,,وكيل جمركي,94,,,,,,,,,,,,
,,,,,,وكيل دعاية وإعلان,952,,,,,,,,,,,,
,,,,,,وكيل دعاية واعلان,205,,,,,,,,,,,,
,,,,,,وكيل رياضي,1,,,,,,,,,,,,
,,,,,,وكيل سفر,14,,,,,,,,,,,,
,,,,,,وكيل سياحي,327,,,,,,,,,,,,
,,,,,,وكيل شحن,24,,,,,,,,,,,,
,,,,,,وكيل عقاري,48,,,,,,,,,,,,
,,,,,,وكيل فنانين,4,,,,,,,,,,,,
,,,,,,وكيل محافظة,1,,,,,,,,,,,,
,,,,,,وكيل مدرسة,1201,,,,,,,,,,,,
,,,,,,وكيل معهد,11,,,,,,,,,,,,
,,,,,,وكيل وزارة,10,,,,,,,,,,,,
,,,,,,وكيل وزاره,7,,,,,,,,,,,,
,,,,,,,0,,,,,,,,,,,,
,,,,,,,0,,,,,,,,,,,,
,,,,,,,0,,,,,,,,,,,,
,,,,,,,0,,,,,,,,,,,,
,,,,,,,0,,,,,,,,,,,,
,,,,,,,0,,,,,,,,,,,,
,,,,,,,0,,,,,,,,,,,,
,,,,,,,0,,,,,,,,,,,,
,,,,,,,0,,,,,,,,,,,,
,,,,,,,0,,,,,,,,,,,,
,,,,,,,0,,,,,,,,,,,,
