م,اسم شركة القطاع الخاص في المملكة بالعربي ,اسم شركة القطاع الخاص في المملكة بالإنجليزي
1,كلية الباحة الاهلية للعلوم,Al-Baha Private College of Science
2,جامعة الفيصل بالرياض,Al Faisal University in Riyadh
3,كلية الفيحاء الأهلية ,Al Fayha College in Al Jubail
4,كلية الأصالة للعمارة والتصميم,Alasala College of Architecture and Design in Dammam
5,كلية الأصالة للأعمال,Alasala College of Businesses in Dammam
6,كلية الأصالة للهندسة ,Alasala College of Engineering in Dammam
7,كلية الأصالة للقانون,Alasala College of Law in Dammam
8,كليات الغد الدولية  في ابها,Algad college of applied medical sciences in Abha
9,كليات الغد الدولية بالدمام,Algad college of applied medical sciences in Dammam
10,كليات الغد الدولية  في جدة ,Algad college of applied medical sciences in Jeddah
11,كليات الغد الدولية  في نجران,Algad college of applied medical sciences in Najran
12,كليات الغد الدولية  في القصيم,Algad college of applied medical sciences in Qassim
13,كلية الغد الدولية بالرياض ,Algad college of applied medical sciences in Riyadh
14,كليات الغد الدولية ,Algad international colleges of applied medical sciences
15,كليات الغد الدولية في المدينة ,Algad international colleges of applied medical sciences  in Almadinah
16,جامعة المعرفة بالرياض ,AlMaarefa University  in Riyadh
17,كلية الموسى للعلوم الصحية ,Al-Moosah College of Health Sciences in Al-Ahsa
18,كليات الريان الأهلية للطب البشري,Al-Rayan Colleges of Science for Human Medicine in Almadinah
19,كليات الريان الأهلية للعلوم الصحية والتمريض,Al-Rayyan College of Health Sciences and Nursing in Almadinah
20,جامعة اليمامة بالرياض,Al-Yamamah University in Riyadh
21,كليات الشرق العربي للدراسات العليا ,Arab East colleges for Graduate studies in Riyadh
22,كليات الشرق العربي للعلوم التطبيقية ,Arab East colleges of Applied studies in Riyadh
23,الجامعة العربية المفتوحة,Arab Open University
24,كلية البترجي الطبية للعلوم والتكنولوجيا,Batterjee Medical College in Jeddah
25,كلية البترجي الطبية للعلوم والتكنولوجيا بخميس مشيط,Batterjee Medical College in Khamis Mushait
26,كليات بريدة الأهلية للعلوم و الآداب,Buraydah College of Administration and Humanities
27,كليات بريدة الأهلية للعلوم التطبيقية ,Buraydah College of Applied Medical Sciences
28,كليات بريدة الأهلية لطب الأسنان والصيدلة,Buraydah College of Dentistry and pharmacy
29,كليات بريدة الأهلية للهندسة وتقنية المعلومات  ,Buraydah College of Engineering and information technology
30,جامعة دار العلوم بالرياض,Dar Al Uloom University in Riyadh
31,جامعة دار الحكمة ,Dar Al-Hekma University in Jeddah
32,جامعة عفت ,Effat University in Jeddah
33,جامعة فهد بن سلطان,Fahad bin Sultan University
34,كلية فقيه للعلوم الطبية ,Fakeeh College for Medical Sciences in Jeddah
35,كليات الخليج الأهلية ,"Gulf College of Administrative Sciences and Humanities, Hafr Al-Batin"
36,كلية ابن رشد,Ibn Rushd College of Managment Sciences in Abha
37,جامعة ابن سينا للعلوم الطبية والصيدلانية,Ibn Sina National College of Medical Studies in Jeddah
38,كليات العناية الطبية ,Inaya Medical Colleges in Riyadh
39,كلية العناية لنظم المعلومات الصحية,Inaya Medical Colleges of health information systems
40,كلية العناية الطبية للتمريض,Inaya Medical Colleges of Nursing in Riyadh
41,كلية جدة العالمية ,Jeddah International College
42,كلية الأمير محمد بن سلمان ,MBSC Prince Mohammad Bin Salman College
43,كلية محمد المانع للعلوم الطبية ,Mohammed Al-Mana College for Medical Sciences in Alkhobar
44,جامعة المستقبل بالقصيم,Mustaqbal University in Qassim
45,كلية التمريض في جامعة الحدود الشمالية عرعر,North College of Nursing in Arar
46,كلية الأمير سلطان للإدارة بجدة,Prince Sultan College of Management in Jeddah
47,كلية الأمير سلطان العسكرية للعلوم الصحية,Prince Sultan Military Collage of health science
48,جامعة الأمير سلطان بالرياض,Prince Sultan University in Riyadh
49,كلية الريادة للعلوم الصحية ,Reyada College of Health Sciences in Jeddah 
50,جامعة رياض العلم بالرياض ,Riyadh Elm University in Riyadh
51,كلية سعد للتمريض والعلوم الصحية ,Saad College of nursing and allied health science in Khobar
52,جامعة سليمان الراجحي بالقصيم,Suliman Al Rajhi University in Qassim
53,كلية عنيزة للهندسة وتقنية المعلومات,Unaizah college of Information Engineering
54,كلية عنيزة للدراسات الإنسانية والإدارية,Unayzah college of humanities studies
55,جامعة الأعمال والتكنولوجيا,University of Business & Technology in Jeddah
56,كليات الرؤية لطب الأسنان والتمريض,Vision College of Dental and Nursing in Riyadh
57,كليات الرؤية للطب البشري ,Vision College of Human Medicine in Riyadh
58,كلية الرؤية الطبية بجدة ,Vision Colleges of Dental and Nursing in Jeddah
59,شركة التخصصي العامة,Al-Takassusi General Limited Company
60,شركة نادي العلا,Alula Club Company
61,نادي الصقور,Falcon Club
62,شركة مستشفى الملك فيصل التخصصي الدولية القابضة,King faisal Specialist International Holding Company
63,الشركة السعودية للتشخيص,Saudi Diagnostic Limited CO
64,اكسس بريدج فينتريس ,Access Bridge Venture
65,شركة انتلر العربية لحاضنات ومسرعات الاعمال,Antler (Antler MENAP I)
66,ارامكو فينتشرز,Aramco Ventures
67,أرزان في سي لإدارة المشاريع,Arzan VC
68,بيكو كابيتال انفسمنت ماناجيمنت ,BECO capital
69,منجم الأعمال للتطوير والاستثمار ,BIM Ventures
70,شركة الهالة الرائدة التجارية شخص واحد,CyberMe  Studio
71,دراية فنتشرز,Derayah Venture
72,شركة همة الريادة المحدودة شركة شخص واحد ,Endeavor Catalyst
73,شركة اي دبليو تي بي العربية للاستشارات ,Ewpartners
74,شركة فيث كابيتال القابضة,Faith Capital
75,فلك للأعمال والاستثمار ,Falak Investment Hub
76,شركة فلات سيكس لابز العربية للاستشارات الادارية ,Flat6labs
77,شركة قرافين فنتشرز السعودية لخدمات الاعمال ,Graphene Ventures
78,شركة هلا الشرقية المالية ,Hala Venture
79,شركة ريادة الأداء لحاضنات ومسرعات الأعمال,Riaydat Al Adaa Company for Incubators and Accelerators (I-be hub)
80,شركة تأثير المالية,Impact46
81,شركة انفستكورب السعودية للإستثمارات المالية,Investcorp Saudi Arabia Financial Investment Company
82,جوا المالية ,JOA Capital 
83,خوارزمي القابضة ,Khwarizmi Ventures
84,ميدل ايست فينتشر بارتنرز ليمتد.,Middle East Venture Partners (MEVP)
85,شركة ام اس أي تشاينا فند السعودية الإدارية ,MSA Capital
86,شركة نما فنتشرز المالية,Nama Ventures
87,عقال,Oqal Angel Network
88,ساليكا است ماناجمنت ليمتيد,Salica Asset Management Limited  
89,صندوق اوتلايرز فنتشر كابيتال,Outliers VC
90,رائد فنتشرز,Raed Ventures
91,شركة رؤى النمو الأولى لتقنية المعلومات شركة شخص واحد ,RuaGrowth Fund
92,شركة سنابل فينتشر ستوديو لحلول الاعمال شخص واحد,Sanabil Investments
93,شركة سدرة المالية ,Seedra Ventures
94,شركة شروق لخدمات الاعمال شركة شحص واحد ,Shorooq Partners
95,الوادي الرقمي لخدمات الاعمال,STV
96,صندوق سكنى فنشرز ١ إل بي / سكنى كابيتال,Sukna Ventures
97,شركة الاستثمارات التقنية ,Tech Invest Com
98,شركة تيكستارز العربية التجارية,techstars
99,فيجن فنتشرز,Vision Ventures
100, شركة إرنست ويونغ للخدمات المهنية (مهنية ذات مسؤولية محدودة), Ernst & Young Professional Services (Professional LLC)
101,فرع إل تي آي مايندتري المحدودة , LTI Mindtree limited
102,شركة عقلانيات للتقنية ,Aklaniat Technologies Company
103,شركة نوفارتس السعودية شركة شخص واحد,NovartisSaudi Arabia
104,المعهد السعودي التقني للتعدين ,Saudi Mining Polytechnic
105,شركة هيل انتر ناشیونال  میدل ایست لیمتد,_
106,فرع شركة دار الهندسة للتصميم والاستشارات الفنية شاعر ومشاركوه,_
107,شركة شنايدر الكتريك سيستمس العربية السعودية المحدودة,Schneider Electric Systems Saudi Arabia
108, فرع شركة شابورجي بالونجي ميد أيست,_
109,شركة غرونوبل بارتنرز السعودية لخدمات الأعمال عمال شركة شخص واحد,Gronoble Partners Al Saudiyah Business Services Company
110,شركة مجموعة أبانا للمشاريع,"ABANA Enterprises Group Co,"
111,شركة إيه بي بي للصناعات الكهربائية المحدودة,ABB electrical industries co. ltd
112,شركة ابار واولاده الغذائية المحدودة,Abbar and sons food co.ltd
113,شركة أبدال للموارد البشرية ,ABDAL COMPANY FOR HUMAN RESOURCES
114,شركة عبداللطيف جميل المتحدة للتمويل ,Abdul Latif Jameel United Finance Company
115,شركة عبدالرحمن سعد واولاده القابضة,Abdul rahman Saad Alrashid & Sons holding co
116,شركة عبداللطيف جميل للتطوير التجاري,Abdula Latif Jameel Commercial Development Company Limited
117,شركة أبناء عبدالعزيز العجلان للاستثمار التجاري والعقاري عجلان واخوانه,Abdulaziz Alajlan Sons For Trading & Real Estate Investment Co.
118,شركة عبدالعزيز الجاسر التجارية القابضة,Abdulaziz Al-Jasser Commercial company holding
119,‏شركة عبدالله فؤاد المساهمة,Abdulla Fouad Group
120,شركة عبد الله عبد العزيز الراجحي وأولاده القابضة,Abdullah Abdulaziz Al Rajhi & Sons Holding Co.
121,شركة عبدالله ابو نيان التجارية,ABDULLAH ABUNAYYAN TRADING CO
122,شركة أبناء عبدالله العلي المنجم,Abdullah Ali Almunajem Sons Co
123,شركة عبدالله فؤاد للوازم والخدمات الطبية شركة شخص واحد مساهمة,Abdullah Fouad medical supplies
124,شركة عبدالله ابراهيم محمد السبيعي ايمز القابصة ,Abdullah I. Al Subaeei Holding Company 
125,شركة أبناء عبدالله إبراهيم الخريف,Abdullah Ibrahim Al Khorayef sons co.
126,شركة عبدالمحسن التميمي للمقاولات ,Abdulmohsen Altamimi Contracting Company 
127,شركة عابد على الحبشي للمقاولات,ABED ALI ALHABASHI CONTRACTING COMPANY
128,شركة ابسل جون بول للمقاولات,Absalpaul Contracting Co. 
129,شركة إيه بي في روك جروب المحدودة,ABV rock group ltd
130,شركة اكسينتشر السعودية ,Accenture Saudi Arabia Limited
131,شركة آد الترابط لإقامة وتنظيم المعارض والمؤتمرات,Add Enterprises Limited for Exhibitions 
132,شركة أدنوك الخليج للتوزيع المحدودة,Adnoc Distribution Gulf LLC
133,شركة أنظمة الاتصالات والالكترونيات المتقدمة,Advanced Communications & Electronics Systems Co.
134,شركة الحلول الفنية المتطورة للصناعة,Advanced Technical Solutions Company for Industry
135,شركة افاق كیوتیك للتجارة العامة ,Afaq Q tech for Trading
136,شركة عافية العالمية,Afia International Company
137,مصنع شركة عافية العالمية,Afia International Company Factory
138,شركة عفرينا للإنشاء والتطوير العمراني,Afrina for Construction and Urban Development
139,شركة اجيليتي للمجمعات اللوجستية (SILZ) ذ.م.م ,Agility Logistics Parks (SILZ) LLC
140,شركة عهد لخدمات الاعمال,Ahad Business Services
141,شركة أحمد عبدالله حمد العيسى,Ahmed Abdullah Hamad Alessa Company
142,شركة أيك للإستثمار,AIK Investment Company
143,شركة ايربرودكتس الشرق الأوسط للغازات الصناعية ,Air Products Middle East industrial gases
144,شركة ايرباص السعودية المحدودة ,Airbus Saudi Arabia Limited
145,شركة أجل للخدمات التمويلية,AJIL Financial Services Company
146,شركة مجموعة العجو للتجارة,Al- Ajou Group Trading Company
147,شركة مركز الأركان المتخصصة للتدريب,Al Arkkan Specialized Training center co.
148,شركة العوالي العقارية - شركة مساهمة مقفلة,Al Awaly Real Estate Development Co
149,شركة البرج للمختبرات الطبية,Al Borg Medical Laboratories Company
150,شركة البستان المحدودة ,Al bustan company limited
151,شركة الإعتصام الخليجي للتجاره,AL EATISAM ALKHALIJI TRADING COMPANY
152,شركة الجهاز للمقاولات ,Al Gihaz Contracting
153,شركة الحاسوب للتجارة,Al Hasoob Trading co
154,شركة الهيثم للتعدين ,Al Haytham Mining Company 
155,شركة الحوطي المحدودة,AL HOTY CO LTD
156,شركة الاتفاق للصناعات الحديدية ,Al Ittefaq Steel Products Company 
157,شركة مصانع الجزيره للمنتجات الفولاذيه   ,AL jazera Factories For Steel Products Co. Ltd
158,الشركة الخماسية العالمية للتطوير العقاري,Al Khomasiah International Real Estate
159,شركة المنصوري للخدمات البترولية المحدودة,Al Mansoori petroleum Services Co. LTD
160,شركة مركز المرجان الطبية,Al Murjan Medical Center Co. Ltd
161,شركة الربيع السعودية للأغذية,Al Rabie Saudi Foods Cc.
162,شركة الراشد للأسمنت ,Al Rashed Cement Company 
163,شركة الصافي دانون المحدودة,Al Safi Danone Company limited 
164,شركة ال سيف للتشغيل والصيانة  ,AlSeif for operation and maintenance Co
165,الشريف للمقاولات والتنمية التجارية شركة ذات مسؤولية محدودة,Al sharif contracting & commercial development co. ltd.
166,شركة السليمان للإستثمار القابضة,Al Sulaiman Investment Holding Company
167,مجموعة الوطن الطبية,Al Wattan Medical Group
168,شركة اليمامة للأعمال التجارية والمقاولات,Al Yamamah Company for Trading and Contracting
169,شركة اليسر للإجارة والتمويل ,Al Yusr
170,شركة الأمين الطبيه المحدودة,"Alameen Medical Company, Limited"
171,شركة الانظمة والحلول المتطورة للاتصالات,Al-anzama wa al-halloul matoutoura lazalat
172,شركة بيوت الآرجان,Alargan Homes Company
173,شركة العيوني للتجارة والمقاولات,Al-Ayuni Investment & Contracting Company 
174,شركة البابطين ليبلانك لانظمة الاتصلات شركة شخص واحد,Albabtain Leblanc Telecommunication Systems LTD
175,شركة البداهة للصناعات الحديثة المحدودة,Albadaha company for modern industries ltd
176,شركة مجموعة أعمال البسامي الدولية,Albassami international Group
177,شركة ألف ميم ياء للمعدات والأجهزة الطبية ,Alf Meem Yaa For Medical Supplies Co
178,شركة ألفا لخدمات التشغيل ,AlfaCo for Operation Services
179,شركة إسكان حقل الفاضلي للتطوير العقاري,Alfadhili Housing For Real Estate Development Company
180,شركة الفيصل للصناعات الحديدية,Al-Faisal Steel Products Company
181,شركة الفيصلية للأنظمة الطبية ,Alfaisaliah Medical Systems
182,شركة الفنار,Alfanar Company
183,شركة الحمراني العالمية شركة مساهمة قابضة,AL-HAMRANI UNIVERSAL JOINT STOCK HOLDING COMPANY
184,شركة الهاشمية للمقاولات,Al-Hashemiah Contracting Co
185,شركة مجمع أكادمية الحقيل الطبي الرقمي التخصصي,Al-hokail Academy Specialized Digital Policlinics
186,شركة الإنماء للخدمات الطبية المحدودة,Al-Inma Medical Services Company Limited
187,شركة أسواق الجزيرة ,Aljazera Markets
188,شركة الجزيرة لتأجير السيارات,Aljazirah rent a car
189,شركة توكيلات الجزيرة للسيارات ,Aljazirah Vehicles Agencies
190,شركة الجيل الطبية والتجارية,Aljeel medical & trading company
191,شركة الكوثر للتصنيع المحدودة,Alkawther industries co ltd
192,شركة الخليج للكمبيوتر والمعدات الالكترونية,Alkhaleej Computers & Electronic Systems
193,شركة الخريف للبترول,Alkhorayef Petroleum Company
194,الكفاح لمعدات البناء ,AL-Kifah Construction Equipment
195,شركة الكفاح للخرسانة المسبقة الصنع,Alkifah Precast Company
196,شركة الكحيمي للأنظمة الإلكترونية المتقدمة,AlKuhaimi Advanced Electronic Systems
197,شركة مجموعة المجال العربي ,almajal alarabi holding 
198,شركة المهذل للمقاولات العامة ,Al-mehthel general contracting company
199,شركة المعلم القابضة ,Almoallem holding company
200,شركة المدن العربية المحدودة,Almodon Alarabia Holding Co. Ltd
201,شركة المعجل للتجارة والمقاولات مساهمة سعودية مقفلة,Almojel Trading & Contracting Saudi closed joint stock
202,شركة المقر للتطوير والتنمية,ALMQR Development CO.
203,شركة مجموعة المرجان القابضة المحدودة ,Almurjan Group Holding co
204,شركة المصباح للإستثمار القابضة ,Al-Musbah Investment Holding Co
205,شركة المطلق للإستثمار العقاري  (اريك),almutlaq Real Estate Investment Company
206,شركة النافذة الدولية لتقنية المعلومات,Alnafitha International for Information Technology
207,شركة النقيب الرائدة المحدودة,ALNAQEEB PIONEER CO. LTD
208,شركة الأومير للتجارة والمقاولات ,Alomaier Trading and Contracting Company
209,شركة الفا للاستثمار شركة شخص واحد,ALPHA INVESTMENT COMPANY
210,شركة اتحاد الراجحي العقارية,Al-Rajhi United Real-estate Company
211,"شركة الراية للمواد الغذائية
(أسواق التميمي)","AL-RAYA FOOD STUFF COMPANY 
( ALTamimi Markets Company)"
212,شركة الرومانسية ,Alromansiah Joint Stock Company
213,شركة السحاب الوطنية,Alsahab National Company
214,شركة الشلوي العالمية للتجارة والمقاولات,Al-SHALAWI INTERNATIONAL Company For Trading and Contracting
215,شركة  ألستوم ترانسبورت اس ايه,ALSTOM TRANSPORT SA
216,شركة الحلول البديلة للطاقة المحدودة,Altaaqa Alternative Solution Co. Ltd
217,شركة التحالف العقاري ,Al-Tahaluf Real Estate Company 
218,شركة المكاتب التنفيذية شركة شخص واحد,ALTANFEETHI
219,الشركة العالمية للألمنيوم,Aluminum international company
220,"شركة منتجات الألمنيوم ""الوبكو"" شركة مساهمة سعودية",ALUPCO
221, شركة الوافي التكامل الدولية للمواد الغذائية المحدودة ,Alwafi Altakamul International for Food products LTD
222,شركة أماديوس العربية السعودية المحدودة,AMADEUS SAUDI ARABIA Ltd
223,شركة اميك فوستر ويلر انيرجي و شركائها الهندسية,Amec foster wheeler energy & partners engineering
224,شركة امجن السعودية المحدودة تابعة لامجن الشرق الاوسط وافريقيا,Amgen Saudi limited
225,شركة أنفاس الراحة الطبية,Anfas medical care hospital
226,شركة ابتك السعودية العربية,Aptec Saudi Arabia
227,الشركة العربية للخدمات الزراعية مجموعة اراسكو,"Arab Agriulture Service Company , Arasco"
228,الشركة العربية للمختبرات و التربة ,Arab Company For Laboratories
229,الشركة العربية للمستحضرات الدوائية شركة مساهمة مختلطة مقفلة ,Arab Company for Pharmaceutical Products
230,شركة حاسبات العرب ,Arab Computers Company 
231,الشركة العربية للإستثمارات البترولية ابيكورب,Arab Petroleum Investments Corporation ARICORP
232,الشركة العربية للتموين ,Arab Supply Trading Company ( ASTRA)
233,شركة العربية للاسماك,Arabian Fisheries Company
234,الشركة العربية للجيوفيزياء والمساحة أركاس,Arabian Geophysical & Surveying Company
235,الشركة العربية للانشاءات الحديدية,Arabian international company for steel structure
236,الشركة العربية لتصنيع المنتجات الطبية عنايه,Arabian Medical Products Manufacturing ENAYAH
237,شركة المطاحن العربية للمنتجات الغذائية,Arabian Mills for food products
238, شركة ابسكو,Arabian Petroleum supply company (APSCO)
239,شركة التموين العربي التجارية المحدودة,Arabian Trading Supplies Company 
240,الشركة العربية للمحولات,Arabian Transformers
241,شركة اركو للموارد البشرية,Arco Human Resources Company
242,شركة أرلا للأغذية المحدودة,Aria foods LTD
243,شركة مستودع اركان الطبية للتجارة,Arkan Medical Warehouse trade Co
244,شركة أرثر دلتل العربية السعودية,Arthur D Little Saudi Arabia
245,شركة أسند للحلول المحدودة ,Ascend Solution Company Limited
246,شركة مجمع أسترا الصناعي المحدودة للأسمدة والمبيدات الزراعية المحدودة,Astra Complex Co. Ltd for fertilizer and Agrochemicals
247,شركة استرا الانشاءات المحدودة شركة شخص واحد,Astra construction company ltd
248,شركة أسترا لمركبات اللدائن المحدودة,Astra Polymer Compounding Company
249,شركة اسياد القابضة ذات مسؤولية محدودة,Asyad Holding LLC
250,شركة العوجان للمرطبات,Aujan Beverages Company
251,شركة أفينت الشرق الأوسط الصناعية المحدودة,Avient Middle East Industries Company
252,شركة محور الفحص للمقاولات شركة مساهمة سعودية مقفلة ,Axis inspection contracting Jsc
253,شركة عزم السعودية للأتصالات و تقنية المعلومات,AZM 
254,الشركة البريطانية للطيران والفضاء بي ايه اي سيستمز بي ال سي,BAE systems PLC
255,شركة بي ايه سيستمز السعودية المحدودة,BAE systems saudi arabia limited
256,شركة بيكر هيوز العربية السعودية للتشغيل والصيانة المحدودة,Baker Hughes Saudi Arabia Operations and Maintenance
257,شركة برق النظم الخدمات التقنية التجارية,Barq Systems Company for commercial technology
258,شركة براق المالية ,Barraq Finance Company
259,شركة بوان للصناعات الخشبية شركة مساهمة مبسطة,Bawwan wood indust. Co
260,شركة باير العربية السعودية,Bayer Saudi Arabia
261,شركة بازي للتجارة والمقاولات المحدودة,Bazy Trading & Contracting co. ltd
262,فرع شركة بي سي سي لوجيستكس للشحن,BCC logistics branch co
263,بي اي سي العربية للمقاولات ,BEC Arabia Contracting
264,شركة مجموعة بن شيهون المحدودة,Binshihon Group Co Ltd
265,شركة بن زقر كورو المحدودة,Binzagr coro ltd.
266,شركة بن زقر يونيليفر المحدودة,Binzagr unilever limited
267,بايوجين العربية المحدودة,Biogen Arabia limited
268,شركة طرفة الابداع لاقامة وتنظيم المعارض,Blink experience
269,بوسطن كونسلتينغ جروب انترناشيونال انك,Boston Consulting Group International Inc
270,شركة بوستن اونكولجي العربية المحدودة ,Boston Oncology Arabia Limited
271,فرع شركة امازون ويب سيرفيسيز إميا أس ايه ار أل,Branch of Amazon Web Services EMEA SARL
272,فرع شركة كوجيلكس,Branch of Cogelex Co.
273,فرع شركة اريكسون ايه بي ,Branch of Company Ericsson AB
274,فرع شركة هيتاشي ريل اس تي اس,Branch of Hitachi Rail STS
275,فرع شركة جونيبر نتوركس بي في,Branch of Juniper Networks B.V
276,فرع المؤسسة الوطنية للقوى الكهربائية المحدودة,Branch of National Power Construction Corp. Ltd
277,شركة برنتاق العربية السعودية المحدودة,Brenntag Saudi Arabia LTD
278,شركة الاسلاك المشعة للمقاولات والتجارة,Bright wires company for contracting & trading
279,شركة بقشان للاستثمار المحدودة,Bugshan investment company limited
280,شركة التعمير و الانشاء المحدودة,Building construction company
281,شركة بروها بولد وشريكها للإستشارات الهندسية,BURO HAPPOLD & PARTNER FOR ENGINEERING CONSULTANCY CO.
282,شركة أبحاث وتطوير الأعمال التجارية,Business Research and development company
283,شركة مجمع المركز الكندي الطبي العام,Canadian general medical center complex company
284,شركة  مترو العاصمة,capital metro company
285,شركة سي اتش تو ام السعودية المحدودة,CH2M Saudi Limited
286,شركة شلهوب العربية للخدمات (SILZ) ذ.م.م,CHALHOUB ARABIA FOR SERVICES (SILZ) LLC
287,شركة شري للتجارة,Cherry trading company
288,فرع الشركة الصينية  لانشاءات السكك الحديدية السعودية المحدودة ,China Railway Construction Corporation International Limited  saudi branch
289,شركة سيسكو العربية السعودية المحدودة,Cisco Saudi Arabia ltd
290,شركة سيسكو السعودية العربية سابورت المحدودة,Cisco Saudi Arabia Support Limited
291,سي-جي أي سي إم للخدمات اللوجستية (SILZ) ذ.م.م,CJ-ICM Logistics Services (SILZ) LLC
292,سي-جي اللوجستية (SILZ) ذ.م.م,CJ-Logistics (SILZ) LLC
293,شركة كليات التميز,Colleges of Excellence
294,شركة الحلول للغاز,Company Al-Halloul for Gas
295,شركة الرعاية المستقبلية التجارية,Company AL-RAYYA ALMUSTAGBALIA AL-TAJARIYYA
296,شركة اندلسية العربية للخدمات الطبية,Company andelisia al-arabia for medical services
297,شركة أساس مكين للتطوير والاستثمار العقاري ,Company Assas Makeen for real estate development & investment
298,شركة باليش وندر ستديو للترفية شركة شخص واحد,Company Balich Wonder Studio For Entertainment
299,شركة بدائع البردي للأدوات المدرسية المحدودة,Company Charka Badai Al-Bardi Laladouat Madrisia Mahdouda
300,شركة إنجي القابضة ,Company ENGIE holding
301,شركة مستشفى الرعاية التخصصية,Company Mescevi Alraya Al takhsasiya
302,شركة مفيد,COMPANY MOFEED
303,شركة نايس ون بيوتي للتسويق الإلكتروني,Company Nice Wen Piotti letsoyq Alzitrouni
304,شركة سولزر السعودي للمضحات المحدودة,Company Sulzer AI Saudi Pump Ltd
305,شركة اتحاد المقاولين ,Consolidated Contractors Company
306,شركة كونسولوم السعودية ش ش و شركة شخص واحد,Consulum KSA SPC.
307,كمنز العربية المحدودة,Cummins Saudi Arabia ltd
308,شركة دي جي جونز وشركاه السعودية,D. G. JONES AND PARTNERS SAUDI ARABIA
309,شركة دايكن لتكييف الهواء العربية السعودية,Daikin air conditioning saudi arabia
310,شركة دله العقارية ,Dallah Real Estate
311,دار الأركان العقارية,Dar Al Arkan Real Estate Development Company
312,شركة دار الدراسات العمرانية,Dar Al -Dersat Al-Omrania Co
313,شركة دار الماجد العقارية مساهمة مقفلة ( الماجدية ريزدنس),Dar Al Majed Real Esrate (Almajdiad Residence) 
314,شركة دار الرياض,Dar Al Riyadh Holding Company 
315,شركة دار التمليك ,Dar Al tamleek Company 
316,شركة دار اليوم القابضة,Dar Alyaum Holding Company
317,شركة دار واعمار للإستثمار والتطوير العقاري,Dar Wa Emaar Real Estate Investment & Development Company
318,دريم هاك العربية الرياضية شركة شخص واحد,Darim hack al-Arabia sport one partner
319,الشركة العربية لخدمات البيانات الحدودة,Data Services Saudi Arabia Limited
320,دايم لتأجير المعدات,Dayim Equipment Rental
321,شركة دي سي بي السعودية شركة شخص واحد,DCP saudi company one person company
322,شركة ديف للصناعات الدوائية ,Deef pharmaceutical co
323,شركة منتجات دلمون السعودية ,Delmon Products Saudi Limited
324,شركة ديلويت اند توش السعودية للاستشارات المحدودة,Deloitte & Touche Advisory  Saudi  ltd
325,شركة ديلويت للخدمات الاستشارية المالية المحدودة,Deloitte Financial Advisory Services
326,شركة دنتونز العربية للمحاماة,Dentons Arabia law
327,شركة تطوير المنتجعات الصحراوية,Desert Resort Development Company
328,شركة ديفوتيم السعودية المحدودة,DevoTeam Saudi Company Limited
329,شركة ضوابط التقنية للتجارة شركة مساهمة مقفلة,Dhouabet Tagna Litjara Charka Massahma Maqfila
330,شركة ديافيرم المتقدمة للخدمات الطبية  ,Diaverum Advanced for Medical Services Co
331,شركة ديافيرم العربية المحدودة ,Diaverum Arabia Co.ltd
332,شركة الخطوط المتنوعة لخدمات البترول,Diversified Lines for Petroleum Service
333,داو السعودية للمواد والعلوم المحدودة,Dow materials science Saudi Arabia limited
334,شركة مجمع عيادات الدكتور عبدالعزيز إبراهيم العجاجي لطب الأسنان,Dr.Abdulaziz AlAjaji Dental Polyclinic
335,شركة دراجر العربية,Draeger Arabia company
336,شركة مواني دبي العالمية الشرق الاوسط المحدودة ,Dubai Ports World Middle East Limited
337,دوبونت سبيشاليتي برودكتس المحدودة,DuPont Specialty Products LTD
338,شركة دور للضيافة,Dur Hospitality Co
339,شركه الايرادات للنقل,Earadat Transport Company
340,شركة ابتكار للتقنية المحدودة,Ebttikar Technology Co
341,شركة البيوت الأقتصادية,Economic homes company
342,افيشيوالسعودية المحدودة,Efficio Saudi Limited
343,شركة إي اف اس اي لإدارة المرافق,EFSIM Facilities Management Company
344,شركة إجادة للنظم المحدودة ,Ejada Systems Ltd
345,شركة إيلاف الفنادق المحدودة شركة شخص واحد,Elaf Hotels Company LimitedL
346,شركة إمداد الخبرات,Emdad Alkhebrat Company
347,بنك الأمارات دبي الوطني فرع المملكة العربية السعودية ,EmiratesNational Bank of Dubai (Emirates NBD)
348,شركة اندرس وهوسر العربية ال ال سي,Endress and Hauser Saudi Arabia
349,فرع الشركة الهندسية للصناعات البترولية والكيماوية (انبي),Engineering for the Petroleum & Process industries Branch (ENPPI)
350,شركة انجاز لخدمات المدفوعات,Enjaz payment services company
351,شركة اسناد الطرق للمقاولات العامة شركة,ESNAD Al Turuq General Contracting Company
352,شركة استي لودر السعودية المحدودة,Estee Lauder Companies Saudi Limited
353,شركة تمرس المحدودة,Expertise Contracting
354,شركة اي واي لخدمات الأعمال شركة مساهمة مقفلة,EY Business Services Closed Joint Stock Company
355,شركة إزدهار القابضة,Ezdihar Holding Company
356,شركة إزدهار للتطوير العقاري,Ezdihar real estate development company
357,شركة فالكم القابضة,FALCOM HOLDING COMPANY
358,شركة الفارابي للبتروكيماويات ,Farabi Petrochemicals Company
359,شركة فاروق ومامون تمر وشركاهما ,Farouk And Maamoun Tamer Company
360,شركة فاس للطاقة التجارية,FAS Energy trading company
361,فرع شركة فيلدكور سيرفس سوليوشنز انترناشونال ال ال سي,Fieldcore service solutions international llc
362,شركة الحلول الرقمية العالمية المالية,Financial Global Digital Solutions Company - Neoleap
363,الشركة الخليجية الأولى للتعهدات والمقاولات,First gulf company for contracting and supplies
364,الشركة الوطنية الاولى للموارد البشرية,First National Resources Company (FNRCO)
365,شركة شبكة التقنية الأولى,First Tech Web Company
366,شركة فتكر للتجارة الدولية,Fitkar for International Trading
367,فلنت كونسلتنغ السعودية التقنية للمقاولات,Flint Consulting Saudi Technical Contracting 
368,طيران ناس,Fly nas
369,شركة وحدة الغذاء القابضة,food unit holding company
370,فرع شركة فورتينت يوكيه ليمتد,Fortinet Company
371,شركة فوسام المحدودة,Fosam Co. Ltd.
372,شركة المطاحن الرابعة,Fourth Milling Company
373,اف بي تي لتقنية المعلومات,FPT Information technology
374,شركة فرايكن دايم لتأجير الشاحنات ,Fraikin Dayim Truck Rental
375,شركة فريسينه السعودية العربية,Freyssinet saudi arabia
376,شركة اف تي جي ديفيلوبمينت المحدودة (شخص واحد),FTG development ltd co
377,شركة شبكات المستقبل  للإتصالات,Future Networks Telecommunication Company
378,مصنع مركز جنرال الكتريك لتكنولوجيا صناعة الطاقة ,GE energy manufacturing technology center factory
379,جيديا,Geidea
380,فرع مصنع جنرال اليكتريك جلوبل سيرفيسزجي ام بي اتش,General Electric global services GMBM
381,شركة جنرال الكتريك العربية للرعاية الصحبة المحدودة,General Electric Healthcare Arabia
382,جنرال الكتريك السعودية للتوربينات المتطورة,General Electric Saudi Advanced Turbines
383,‏شركة غسان أحمد السليمان لتجارة المفروشات,Ghassan Ahmed Al-Sulaiman Development Co. Ltd. (IKEA)
384,شركة جيزة العربية لأنظمة,Giza Arabia
385,شركة جلاكسو العربية السعودية المحدودة,Glaxo Saudi Arabia Company
386,شركة جليدز السعودية لخدمات الاعمال,Gleeds Saudi Arabia for Business Services
387,شركة نجمة العالم للتجارة,Global Star Trading L.L.C
388,شركة جولدن ايس المختصة للتجارة,Golden Ice Specialist for Trading Company
389,شركة الذهب الأخضر للتجارة,Green Gold trading Co
390,شركة التطبيقات الخليجية,Gulf Applications Co
391,شركة الخليج للتموين ,Gulf Catering
392,مصنع اغذية الخليج للتموين,Gulf Catering Food Factory
393,شركة اتحاد المقاولون الخليجية ,Gulf Consolidated Contractors
394,شركة الخليج للتوزيع المباشر,Gulf direct distribution co
395,شركة الخليج الدولية للإستثمار ,Gulf International Investment Company
396,شركة الخليج لصناعات التغليف,Gulf Packaging industries co.
397,شركة حافل للنقل,Hafil transport company 
398,شركة حلا بستاني التجارية,Hala Bostani Trading Company
399,شركة هاليون العربية المحدودة,Haleon Arabia limited company
400,شركة هاليبورتوون انيرجي سيرفيسيز انك,Halliburton Energy Services
401,هانمي جلوبال السعودية,Hanmi Global Saudi
402,‏شركة حصانة الاستثمارية,Hassana Investment Company
403,شركة تعبئة المياه الصحية,health water bottling CO
404,هايكفيجين (SILZ) ذ.م.م,Hikvision Saudi Arabia (SILZ) LLC
405,شركة هيتاشي الطاقة المحدودة,Hitachi Energy Industrial Co
406,شركة هني ويل لمنتجات التشغيل الألي والتحكم المحدودة,Honeywell Automation & control Products Ltd
407,شركة هوني ويل التركي العربية المحدودة,Honeywell Turki-Arabia Limited
408,شركة هواوي تك انفسمنت العربية السعودية المحدودة ,Huawei Tech. Investment Saudi Arabia Co. LTD
409,شركة هدهد الرقمية لتقنية المعلومات,Hudhud Digital Information Technology Company 
410,شركة هنقرستيشن المحدودة,Hungerstation Company Limited
411,شركة الورق الصحي المحدودة,Hygienic Paper Co.ltd
412,فرع شركة أي بي أم مدل ايست ,IBM Middle east
413,شركة ابراهيم شاكر المحدودة,Ibrahim shaker company ltd 
414,شركة ابريز الشرق للمقاولات و الصيانة ,IBRIZE ALSHARQ CONTRACTING AND MAINTENANCE CO
415,شركة الأمثل للأعمال والاستثمار التجاري ,Ideal for business and commercial investment
416,"شركة اختصار الزمن لنقل الطرود ""تطبيق مستر مندوب""",Ikhtisar Al Zaman company to transfer of parcels
417,شركة إمداد للأعمال الطبية المحدودة,Imdad medical business co. Itd
418,شركة تطوير وتشغيل المدن الصناعية المحدودة,Industrial Cities Development and operating Co
419,شركة انفرا تك للاتصالات وتقنية المعلومات,Infratech CO for Communications and IT
420,شركة أنيشيال العربية السعودية المحدودة,Initial Saudi Arabia Company Limited 
421,شركة المنشآت الذكية للتشغيل والصيانة المحدودة,INNOVATIVE FACILITY MANAGEMENT SERVICES
422,شركة الحلول المتميزة شركة مساهمة سعودية مقفلة,Innovative Solutions
423,شركة بيت التأمين لوساطة التأمين,Insurance House Company
424,شركة الحلول التقنية الذكية لتقنية المعلومات,Intelligent Technology Solutions for IT (Intelmatix)
425,شركة المصنع العالمي لأنظمة المباني المحدودة,International Building Systems Factory Company
426,شركة خدمات الاغذية العالمية القابضة,International food services holding Co.
427,الشركة الدولية للموارد البشرية,International Human Resource Company
428,شركة لوازم الدولية الطبية شركة شخص واحد,International medical supplies company
429,شركة انترا للتقنيات الدفاعية,Intra Defense Technologies
430,شركة إسماعيل أبو داود وبروكتر آند قامبل المحدودة,Ismail Abudawood and Procter & Gamble Limited
431,شركة أي تي تي السعودية,ITT Saudi Company
432,شركة جاكوبس للاستشارات الهندسية,Jacops engineering consultants
433,شركة جدوى البساتين للعقارات شركة شخص واحد,Jadoui al-basatin for real estate company
434,شركة مخزن أدوية جمجوم ,Jamjoom medical store co.
435,شركة مصنع الجزيرة للدهانات,Jazeera Factory for Paints Co
436,شركة مجموعة الجريسي (مساهمة مقفلة),JERAISY GROUP CO
437,شركة جبال ينبع العالمية للمقاولات,Jibal yanbu international for constructions
438,شركة جيزان المتكاملة لتحويل الغاز وللطاقة ,Jizan Integration Gasification and Power Company
439,شركة جميرة التجارية المحدودة ,Jumeirah Trading Company
440,شركة عصام قباني وشركاه للإنشاءات والصيانة,KABBANI FOR CONSTRUCTION & MAINTENANCE
441,شركة كابي التقنيات لتقنية المعلومات ,KABi Technologies
442,كفاءات حلول الأعمال المحدودة,Kafaat Business Solutions
443,شركة كي سي اي الخليج للحفر المحدودة,KCA deutag Gulf Drilling Ltd.Co
444,كيلوج براون اندروت ليمتد عزمي عبداللطيف عبدالهادي وعبدالله مهنا المعيبد,Kellogg brown & root limited - azmi abdulhadi & abdulla al moaibed (KBR - AMCDE)
445,كيو إنترناشيونال كونسلتنتس للاستشارات الهندسية شركة شخص واحد,KEO International Consultants for Engineering
446,شركة خالد احمد الجفالي ,Khaled Ahmed Juffali Co
447,شركة خالد الحداد للاتصالات المحدودة,Khalid Al-Haddad Telecom Co
448,شركة كنان الدولية للتطوير العقاري ,Kinan International real Estate Development Co
449,شركة مدينة المعرفة الإقتصادية ,knowledge Economic City Company
450,شركة شبكة المعرفة للحاسب الآلي ,Knowledgenet
451,شركة كي بي ام جي للاستشارات المهنية (مساهمة مهنية),KPMG Professional Services
452,شركة كي اس بي العربية للمضخات المحدودة,KSB pumps arabia ltd
453,شركة كوني اند ناجل المحدودة,Kuehne and Nagel ltd.
454,شركة كندرل السعودية لتقنية المعلومات,Kyndryl Saudi Information Technology Company
455,شركة لفانا القابضة ,lafana Holding Company
456,شركة لاند مارك العربية,landmark Arabia
457,شركة الليف العالمية للخدمات البيئية,Leaf Global Environmental Services
458,شركة اتحاد جوراء للإتصالات و تقنية المعلومات ,Lebara
459,فرع شركة ال جي اليكترونكس العربية السعودية المحدودة,LG Electronics Saudi Arabia Limited Branch
460,شركة لوسد المحدودة,Lucid LLC 
461,شركة لنكس للمقاولات ,Lynx Contracting Company 
462,شركة معارف للتعليم ,Maarif Education Company 
463,شركة مدى الدولية القابضة شركة شخص واحد,Mada International Holding Company
464,شركة ميرسك العربية المحدودة,maersk saudi arabia
465,شركة مها احمد الجفالي لتسويق المواد الغذائية ومشاركوها,Maha Ahmed Al Juffali For food
466,شركة محمود سعيد لصناعة الزجاج,Mahmood Saeed Glass Industry Company
467,شركة مركز مكة الطبي,Makkah medical center
468,شركة الإدارة والتطوير للموارد البشرية,Management and Development For HR Co
469,شركة مناهل العالمية للنقل والخدمات المحدودة,"Manahil International Transport and Services Co,Ltd"
470,شركة مارس السعودية العربية للتجارة المحدودة,Mars Saudi Arabia for Trading Co. LTD
471,شركة مارش العربية لوساطة التأمين ,Marsh Arabia insurance brokers
472,شركة مسار النمو للتمويل,Masar Alnmou Finance Company
473,شركة محمد العلي السويلم للمقاولات العامة,MASCO-GC
474,شركة مشيد للتجارة والنقل المحدود,Masheed trading & transport Co. ltd
475,شركة ماسيمو العربية السعودية للتجارة,Masimo Saudi Arabia Trading Co.Limited Liability Company
476,شركة مواردكم الحلول الاعمال,Mawaridcom for Business Solutions
477,شركة ماكسيموس الخليج المحدودة,Maximus Gulf LTD Co
478,شركة مكديرمت العربية المحدودة,McDermott Arabia Ltd
479,شركة ام دي اس للأنظمة الحاسب الآلي ,MDS for Computer System
480,شركة التوريدات والخدمات الطبية,Medical supplies and services company
481,شركة ميرك للإستشارات والتدريب - مركز ميرك للتدريب,Meirc Consulting and Training - Meirc Training Center
482,شركة ميلورس انترتينمنت السعودية,MELLORS ENTERTAINMENT SAUDI
483,شركة مراس العالمية للاستثمار,MERAS INTERNATIONAL INVESTMENT COMPANY
484,فرع شركة ميرسر كونسلتنغ ليمتد,Mercer Consulting Limited Branch
485,شركة ماتيتو السعودية المحدودة,Metito saudi com ltd
486,شركة مايكروسوفت العربية المحدودة,Microsoft Arabia Co LTD
487,شركة مجموعة الشرق الأوسط الأفريقي,Middle East & Africa group
488,شركة الشرق الأوسط وشمال أقريقيا لصناعة المرطبات,Middle East & North Africa Manufacturing Beverages
489,شركة الشرق الاوسط لصناعات كبلات الالياف البصرية,Middle east fiber cable manufacturing co
490,شركة حلول الشرق الاوسط لتقنية المعلومات شركة شخص واحد,Middle East Information Technology Solutions (Cyberani by Aramco) 
491,شركة الشرق الأوسط للاستثمارات,Middle East investment co
492,شركة مهمات الشرق الأوسط ,Middle East Tasks Co
493,شركة أعمال الهاتف المتنقل,Mobile Business Company 
494,شركة العمران الحديثة للمقاولات ,Modern Architecture Contracting Company
495,شركة قادة البناء الحديث,Modern Building leader MBL
496,الشركة الاكترونية الحديثة,Modern Electronics Company
497,شركة المأكولات العصرية للتجارة,Modren food company for trading
498,شركة مفرح مرزوق الحربي وشركاه المحدودة,Mofarreh Marzouq Al Harbi & Partners Co. Ltd.
499,شركة محمد عبد الرحمن فرحات للمقاولات,Mohamed.A.Farhat Co. for Contracting
500,شركة محمد عبد العزيز الراجحي وأولاده للاستثمار ,Mohammad Abdulaziz AlRajhi & Sons Investment Co
501,شركة محمد منصور الرميح للتجارة ,Mohammad Mansour Alrumaih Co. for trading
502,شركة محمد بن لادن وسمتها التجارية مؤسسة محمد بن لادن مساهمه مقفله,Mohammed Binladin co
503,شركة مرود للاستثمار,Morood Investment Company
504,شركة مساندة الوطنية للخدمات اللوجستية.,MOSANADA NATIONAL COMPANY FOR LOGISTICS SERVICES
505,شركة موتورولا سولوشنز اربيا انك,Motorola Solutions Arabia Inc.
506,شركة ميم سين باء القابضة,MSB Holding Company
507,شركة معين للموارد البشرية,Mueen Human Resources Company
508,شركة موستانج وفيصل جميل الحجيلان للاستشارات الهندسية,mustang and fisal jameel al-hejailan engineering consulting company 
509,شركة موفي لدور السينما شركة سعودية مساهمة مقفلة ,Muvi Cinemas Company
510,شركة مجمع عيادتي الدولية الطبية,My Clinic International Medical Co.
511,شركة نبع الصحة للخدمات الطبية,Naba Alsaha medical service co.
512,الشركة الوطنية لصناعة السيارات,NAI - NATIONAL AUTOMOBILE INDUSTRY
513,شركة نجم لخدمات التأمين,Najm for Insurance Services
514,شركة ندمة طابة التجارية,Najmat tabah
515,شركة نمارا للاستثمار ,Namara Investment Company
516,شركة نابكو الوطنية ,Napco National CO
517,شركة ناقل مساهمة مقفلة شركة شخص واحد,Naqel closed joint stock company one person company
518,شركة نسيج للتقنية شركة مساهمة مدرجة,Naseej For Technology Company
519,المجموعة الوطنية للاستزراع المائي مساهمة مقفلة,NATIONAL AQUACUL TURE GROUP
520,الشركة الوطنية للمساندة الأرضية للطيران,NATIONAL AVIATION GROUND SUPPORT
521,الشركة الوطنية لصناعة البسكويت والحلويات (البسكوت الوطني),National biscuits & confectionery company
522,الشركة الوطنية للبناء والتسويق,National Building & Marketing Co
523,الشركة الوطنية لحلول الأعمال,National Company for Business Solution
524,الشركة الوطنية لأنظمة الحاسب آلالي,National Computer Systems Co
525,الشركة الوطنية للصناعات الغذائية المحدودة,National Food Industries Co. Ltd
526,شركة الوقود الوطنية المحدودة,National Fuel Company
527,شركة الحبوب الوطنية,National Grain Company
528,شركة حائل الوطنية للخدمات الصحية ,National Hail Company for Health Care
529,شركة الإنارة الوطنية المحدودة,National Lighting Co.Ltd
530,الشركة الاهلية للتسويق المحدود,National marketing company
531,شركة التوريدات الوطنية للسيارات,National motors supplies
532,شركة الأنظمة الوطنية لتقنية المعلومات,National Systems Company for Information technology
533,الشركة الوطنية للانتاج الثلاثي للطاقة,National TriGeneration CHP Company) - NTCC 
534,شركة ناظر بوبا للمعدات الطبية,Nazer Bupa Medical Equipment
535,فرع شركة ان سي آر سوليوشنز ميدل ايست ال ال سي,NCR solutions (middle east) LLC
536,شركة إن إي إس جلوبال العربية,NES Global
537,شركة نسما المحدودة,Nesma Compnay Limited
538,شركة نسما للصناعات المتحدة المحدودة,Nesma United Industries Co. LTD
539,شركة نوكيا العربية المحدودة,Nokia Arabia Limited
540,نوكيا,Nokia Solutions and Network Al-Saudia Co. Ltd 
541,شركة نور انترنت للإتصالات و تقنية المعلومات ,Nour Internet For Communication and IT
542,شركة نوفل الحلول غير المعدنية للصناعة,Novel Non-Metallic Solutions Manufacturing
543,شركة العليان كمبرلي كلارك السعودية المحدودة ,olayan Kimberly Clark Saudi Company
544,شركة عمر ابو بكر بالبيد المحدودة,omar abubaker balubaid co
545,شركة عمر قاسم العيسائي وشركاه,Omar K. Alesayi & Co. (OMACO)
546,شركة عمر قاسم العيسائي وشركاه للتسويق المحدودة,OMAR KASSEM ALESAYI MARKETING CO. LTD
547,شركة اوبيلا العربية المحدودة,Opella Arabia Limited Company
548,اوراكل,Oracle 
549,شركة اوركل سيستيمز ليمتد,Oracle System LTD
550, شركة أورنج بيزنس العربية المحدودة ,Orange Business Arabia
551,شركة أصول المتكاملة العقارية,osool Integrated Real Estate Company
552,شركة بال العربية للتجارة,Pall Arabia for Trading Company
553,شركة بالو التو نيتوركس العربية السعودية المحدودة,Palo Alto Networks (Saudi Arabia) LLC
554,شركة بيفورت السعودية ,Payfort Saudi JSC
555,شركة بيري العربية السعودية المحدودة,PERI Saudi Arabia ltd
556,شركة بترولوب للزيوت شركة شخص واحد مساهمة مقفلة,Petrolube oil company
557,شركة فايزر السعودية للتجارة,Pfizer Saudi for trading
558,شركة فرماء للصناعات الدوائية والمستحضرات الحيوية,Pharma pharmaceutical industries and biological products
559,شركة مصنع المحاليل الطبية المحدودة ,Pharmaceutical Solution Industry. Ltd
560,شركة براينسا السعودية للخرسانة مسبقة الصنع,Prainsa Saudi Arabia for precast concrete
561,برايس وتر هاوس كوبرز للاستشارات المحدودة,PricewaterhouseCoopers Advisory LTD
562,شركة برايس وترهاوس كوبرز محاسبون قانونيون ,PRICEWATERHOUSECOOPERS CERTIFIED PUBLIC ACCOUNTANTS
563,شركة البوابة الأساسية للاتصالات وتقنية المعلومات,Prime Gate for Telecommunication and IT
564,شركة مستشفى الأمير فهد بن سلطان المحدودة,Prince Fahad Bin Sultan Hospital
565,شركة الخدمات الطبية المتخصصة,Professional Medical Expertise Co. (S.J.S.C)
566,الشركة التموينية للمشاريع,projects supply company
567,شركة بروتيفيتي ممبر فيرم السعودية للاستشارات الإدارية,Protiviti Saudi Member Firm for Management Consultancy
568,شركة بي دبليو سي لخدمات الأعمال,PWC Business Services Company
569,مستشفى القصيم الوطني,Qassim National Hospital
570,فرع شركة الخطوط الجوية القطرية,Qatar Airways
571,شركة كومل,Qomel Company
572,شركة الربيعة والنصار والزامل للصناعات الخرسانية المحدودة,Rabiah - Nassar and Zamil Concrete Industries Co
573,شركة عيادات رام الطبية,Ram Medical Clinic Co
574,شركة رسين للتدريب (قابضة),Raseen Holding co. 
575,شركة روابي للكهرباء,Rawabi Electric Co
576,شركة روابي للنفط والغاز,Rawabi oil & gas co
577,شركة رايه للتمويل,Raya Financing Company
578,رد هات العربية السعودية المحدودة,Red Hat Saudi Arabia Limited
579,شركة أسواق البحر الأحمر,Red Sea Markets
580,شركة ريدنجتون العربية السعودية للتوزيع,Redington Saudi Arabia Distribution Company
581,مركز التأهيل والتطوير للتدريب ,Rehabilitation & Development Training Center 
582,شركة وعد المصادر للتشغيل والصيانة,Resources promise for operating & maintenance
583,شركة مطارات الرياض,Riyadh Airports Company
584,شركة الرياض للحديد,Riyadh Steel Company
585,شركة روش برودكتس العربية السعودية ,Roche Products Saudi Arabia
586,روكويل اتوميشن السعودية,Rockwell Automation Saudi
587,رولاكو للتجارة و التعهدات القابضة ,Rolaco Trading & contracting Holding
588,شركة رولاند بيرجر استراتيجي كونسلتنتس المحدودة,Roland Berger Strategy Consultants
589,شركة روز هوليداي للضيافة السياحي,Rose Holiday
590,شركة صفد للخدمات الطبية ,Safad Medical
591,شركة سفاري ,Safari Company
592,شركة إتحاد سلام للإتصالات,Etihad Salam Telecom Company
593,مصنع شركة سالكو للصناعات اللدائنية,Salco Laminates Industry Co. LTD
594,شركة الصالحية التجارية ,Salehiya trading company
595,شركة ساليني العربية السعودية المحدودة ,Salini Saudi Arabia Company Limited
596,شركة سماماسا التجارية,Samamasa Trading Company
597,شركة سامسونج السعودية للالكترونيات,Samsung Electronics
598,صناع التميز,Sanaa Al-Tamiz 
599,شركة منتجات البلاستيك السعودية سابكو ,Sappco
600,ساشي للتجارة واللوجستيات (SILZ) ذ.م.م,"SaSHE Trading and Logistics Co., Ltd. (SILZ) LLC"
601,شركة الجبر تالكي السعودية ,SAUDI ALJABR TALKE COMPANY LIMITED
602,شركة المتحدون السعودية للشكولاته والهدايا المحدودة,Saudi Allied For Chocolate and Gifts - Patchi
603,الشركة السعودية الأمريكية للزجاج,Saudi American Glass Company
604,الشركة العربية السعودية لصناعة مواد التعبئة,Saudi Arabia Packaging Industry
605,شركة بكتل العربية السعودية,Saudi Arabian Bechtel Company
606,الشركة العربية اليابانية للمنتجات الصيدلانية المحدودة ,Saudi Arabian Japanese Pharmaceutical Company LTD.
607,بارسونز العربية المحدودة,Saudi Arabian Parsons Limited
608,شركة السعودية لصناعات التكنلوجيا الطبية الحيوية (سعودي بايو),Saudi biotechnology manufacturing co. (saudi bio)
609,الشركة السعودية للحاسبات الألكترونية ,Saudi Business Machines (SBM)
610,شركة الكربونات السعودية,Saudi Carbonate Company
611,شركة المركز السعودي للادوية,Saudi center for pharmaceuticals
612,شركة الطيران المدني السعودي القابضة,Saudi civil aviation holding
613,الشركة السعودية لتبادل المعلومات الكترونيا - تبادل,Saudi Company for Electronic Information Exchange - Tabadul
614,الشركة السعودية للتعمير,Saudi Constructioneers LTD (Saudico)
615,شركة الخدمات الإستشارية السعودية للإستشارات الهندسية,Saudi Consulting Services Co. 
616,الشركة السعودية لمعدات الديزل المحدودة,Saudi Diesel Equipment Co. Ltd
617,شركة إيميركوم السعودية,Saudi Emircom Company
618,‏شركة الاتحاد الهندسية بالسعودية للاستشارات الهندسية خطيب وعلمي,Saudi Engineering Union Al-Khatib and Al-Alami Company
619,الشركة السعودية للراتنجات الصناعية المحدودة,Saudi Industrial Resins ltd
620,الشركة السعودية جواهر للتجارة,Saudi jawahir trading company
621,الشركة السعودية للصناعات الجيرية,Saudi Lime Industries Company
622,السعودية للصيانه وادارة خطوط الامداد المحدود,Saudi Maintenance & Supply Chain Management Co
623,شركة ميس السعودية  للمنتجات الطبية المحدودة,"Saudi Mais Co, For Medical Products SMMP"
624,الشركة السعودية لحلول القوى البشرية - سماسكو,Saudi Manpower Solutions Company - SMASCO
625,الشركة السعودية الحديثة لصناعة الكبلات والبلاستيك  (مساههمة مقفلة),"Saudi Modren co. for metals, cables, and plastic"
626,شركة نت وركرس السعودية للخدمات,Saudi Networkers Services
627,الشركة السعودية النبوزلندية لمنتجات الألبان المحدودة,Saudi New Zealand Milk Products Co
628,الشركة السعودية للخرسانة الجاهزة,Saudi Readymix Concrete Co
629,شركة العقارية السعودية للبنية التحتية ,Saudi Real Estate Infrastructure Company (Binyah) 
630,الشركة السعودية لخدمات الأعمال الكهربائيه  الميكانيكيه,Saudi Services for Electro Mechanical Works Co.
631,شركة توتال السعودية للمنتجات البترولية المحدودة,Saudi Total Petroleum Products Ltd Co
632,الشركة السعودية لتنمية التجارة والصادرات,Saudi Trade and Export Development Co.
633,شركة المحولات السعودية المحدودة ,Saudi Transformers Company (STC)
634,شركة ترونوكس السعودية للتصنيع شركة شخص واحد,SAUDI TRONOX INDUSTRIES CO.
635,شركة أنظمة الحاسبات السعودية المحدودة,Saudisoft Co Ltd
636,شركة سواعد لخدمات الأعمال,Sawaeed Business Services Company
637,شركة سوافي بوريتس المحدودة,Sawafi Borets LLC 
638,شركة مجموعة سدر للتجارة والمقاولات,Seder Group
639,شركة سيركو العربية السعودية,Serco SA
640,شركة سيرفس ناو العربية المحدودة شركة شخص واحد,ServiceNow Arabia limited
641,شركة سيتيك تي بي اي  مهندسون استشاريون,Setec TPI ConsultingEngineers Co
642,شركة ستس السعودية للاستشارات الهندسية ,SETS Saudi Arabia Engineering Consultant
643,شركة شبكات الخلوية,Shabakkat Cellular Company
644,شركة ركن الشريف للتجارة,Shareef Cornor Company 
645,شركة شمول القابضة,Shomoul Holding Company
646,شركة سيافا الدولية للصناعة,Siafa international manufacturing company
647,شركة سيمنس للطاقة,Siemens energy company
648,شركة سيمنس للرعاية الصحية المحدودة,Siemens healthcare
649,شركة سيمنس هليثينييرز دايغوستكس المحدودة,Siemens Healthineers Diagnostics Limited
650,شركة سيمنس موبيليتي,Siemens Mobility GmbH
651,شركة سيجنيفاي العربية السعودية,Signify SAUDI ARABIA 
652,شركة صلة الرائدة,Sila Development co.
653,شركة صينوبك الشرق الأوسط للتكنولوجيا,Sinopec Tech Middle East LLC
654,شركة الدفع الذكي المالية ,Smart Digital Payment Company
655,شركة سمسا للنقل ,SMSA Transport
656,شركة فايز الحلول الرائدة للاستشارات الهندسية,Solution leaders Fayez Engineering 
657,شركة الأندية للرياضة (بودي ماسترز),Sport Clubs Company
658,شركة سراكو للموارد البشرية ,Sraco Human Resources
659,فرع بنك ستاندرد تشارترد,Standard Chartered Bank Branch
660,شركة إستراتيجي إند السعودية,Strategy & Saudi Arabia
661,شركة سلطان القابضة ,Sultan Holding Company
662,شركة سمو القابضة,Sumou holding company
663,شركة شور العالمية للتقنية,Sure Global Tech
664,شركة مصنع دار الأنظمة للوحات الكهربائية,System house factory for electrical panels CO
665,شركة تبوك للصناعات الدوائية المحدودة,Tabuk Pharmaceutical Manufacturing Company
666,شركة تحالف الفعاليات المحدودة,Tahaluf Events Limited
667,مجموعة تاج القابضة.,Taj Holding Group
668,تكامل لحلول الاعمال,Takamol Business Solutions
669,شركة مجموعة تكاتف القابضة,Takatuf Holding Group
670,شركة مجموعة طلعت مصطفى السعودية,Talaat Moustafa group Saudi Arabia
671,تام التنموية ,TAM
672,شركة تمر العربية التجارية ,TAMER ARABIA TRADING COMPANY LIMITED
673,شركة محمد سعيد تمر للخدمات اللوجستية المحدودة,Tamer logistics
674,شركة تمكين الدولية للأجهزة المنزلية,Tamkeen al-dawilya for household appliance
675,شركة تمكين للتقنيات,Tamkeen Technologies 
676,شركة طاقة لخدمات الآبار شركة شخص واحد ,TAQA Well services company
677,شركة تقنية الدواء للأدوية,Taqneyt Addawa Pharma Company
678,شركة ترتيب الحدث لإقامة وتنظيم  المعارض شركة شخص واحد,Tartib alhadath company - comeanddo
679,فرع شركة تاتا كونسلتنسي سيرفسز ليمتد,Tata Consultancy Services Limited
680,شركة تطوير ,Tatweer Company
681,شركة تطوير لتقنيات التعليم,Tatweer Educational Technologies 
682,شركة تطوير الخدمات النقل,Tatweer Transportation Services Company
683,شركة تطوير للمباني,TATWER BUILDING COMPANY
684,شركة توصيل التجارية,Tawseel Trading Company Ltd
685,شركة ابعاد فنية للمقاولات,Technical Dimensions Company
686,شركة ربط التقنية للاتصالات,Technical links services company limited-tls
687,شركة تيكنيكاس ريونيداس السعودية للخدمات والمقاولات المحدودة,Technicas Reunidas Saudia for Servicing and Contracting Co. LTD
688,شركة تيراداتا العربية السعودية,Teradata Saudi Arabia LLC
689,شركة تتراباك للتصنيع المحدودة,Tetra Pak Manufacturing Limited
690,شركة ثبات للإنشاءات التحتية,Thabat construction company
691,شركة ذاخر للتطوير,Thaker Development Company
692,شركة تاليس إنترناشيونال العربية السعودية المحدودة,Thales International Saudi Arabia L.L.C
693,شركة تاليس للحلول الأمنية والخدمات,Thales International Security Solutions & Services L.L.C
694,الإستشاريون لطب العيون فرع شركة البصر للخدمات الطبيه,the eye consultants-branch of al-basr medical services co
695,الشركة الدولية لتوزيع المياه,The International Water Distribution Company
696,الشركة السعودية العربيه للتسويق والتوكيلات,The Saudi Arabian Company for Marketing and age
697,شركة ذا وايت بالم ريفاينري (SILZ) ذ.م.م,The White Palm Refinery (SILZ) LLC
698,شركة تهامة لتوليد الطاقة المحدودة,Tihama power generation company limited
699,شركة توراي ميمبراين الشرق الأوسط المحدودة,Toray Membrane Middle East LLC
700,شركة طوى للتنمية,Towa Development CO
701,شركة تاورز ويليس  العربية السعودية,Towers Watson Saudi Arabia LLC
702,فرع شركة ترند مايكرو ليمتد,Trend Micro 
703,شركة كركم للتجارة,TURMER TRADING COMPANY
704,شركة تي يو في راينلاند,TÜV Rheinland Arabia LLC
705,شركة طوارئيات للعناية الطبية ,TWAREAT MEDICAL COMPANY
706,شركة ألترا الطبية,Ultra Medical Co
707,شركة الموحدة للتطوير العقاري,Unified Real Estate Development Company
708,الشركة المتحدة لصناعات الكرتون ,United Carton Industries Company
709,الشركة المتحدة للصيانة والمقاولات يونيماك,United Maintenance & Contracting Co. Unimac
710,شركة مجموعة المتحدة للسيارات,United motors group
711,الشركة المتحدة للسكر,United Sugar Company
712,الشركة المتحدة لتقنية المحطات و القواطع الكهربائية,United Technology of Electric Substations & Switchgear
713,الشركة المتحدة للمحولات الكهربائية المحدودة ,United Transformers Electric Company
714,شركة المخازن المتحدة المحدودة,United Warehouse Company
715,شركة فيوليا ووتر تكنولوجيز السعودية المحدودة,Veolia Water Technologies Saudi Limited
716,شركة فيرسوني للتجارة,Versuni Trading Company
717,شركة فياترس العربية المحدودة,Viatris Arabia Limited Company
718,شركة فيو المتحدة للتطوير العقاري,View united real estate development company
719,شركة فينيل العربية,Vinnell Arabia 
720,شركة رؤية وتطوير للاتصالات وتقنية المعلومات,Vision and Development for IT and Communication
721,شركة بنك فيجن مساهمة مقفلة,Vision Bank Closed Joint Stock Company
722,شركة رؤية العالمية للاستثمار ,Vision International Investment Company 
723,شركة في إم وير للتجارة المحدودة,Vmware Trading Ltd
724,فندق فوكو الرياض,VOCO Riyadh
725,شركة وادي العمر لتقنية المعلومات,Wadi Al Omar Co. For IT
726,شركة واحة العربية السعودية للإمدادات الكهربائية وسكوكا,Wahah Electric Supply Company of Saudi Arabia (WESCOSA)
727,شركة الوعلان للتجارة,Wallan Trading Company
728,شركة المخازن والخدمات المساندة ,Warehousing and logistics service company
729,شركة تجمبع وتدوبر المخلفات المحدودة,Waste collection & Recycling Com.Ltd
730,شركة مصنع حديد الوطنية,Watania Steel Factory Co
731,شركة تقنية المياه والبيئة المحدودة,Water and Environment Technology  Ltd
732,شركة نقل المياه,Water Transmission Company
733,ويز للحلول التسويقية,Ways
734,شركة وذرفورد انيرجي سيرفس العربية السعودية المحدودة ,Weatherford Energy Services Saudi Arabia Co. Ltd
735,شركة ويلسبون للأنابيب,Welspun Pipes
736,شركة ويستكون السعودية,Westcon
737,شركة ويبرو العربية المحدودة,Wipro Arabia Ltd
738,شركة وورلي العربية المحدودة,Worley Arabia Limited
739,شركة وورلي بارسونز للاستشارات الهندسية,Worley parsons engineering consultancies
740,شركة زينل للصناعات المحدودة ,Xenel Industries LTD
741,شركة ينال للتمويل ,Yanal
742,شركة يزيد الراجحي واخوانه القابضة مساهمة مقفلة,Yazeed Alrajhi and brothers Holding Company 
743,شركة يوسف مرون للمقاولات,Youssef Marroun Contracting Company
744,شركة يوكسال إنشاءات السعوديه,Yuksel Saudia CO.LTD
745,شركة زهران للصيانة والتشغيل,Zahran operation and maintenance
746,شركة مجموعه الزامل للتجارة والخدمات ,Zamil Group Trade and services
747,شركة زيكو ميدل أيست,Zeeco Middle East
748,شركة زمير بيوميت  أصل العربية المحدودة,Zimmer Biomet Asel Al Arabia Ltd
749, شركة مقر ألاين العربية الإقليمي, Align Arabia Regional Headquarter Company
750,مقر افوريس ميدل ايس الاقليمي افوريس ميدل ايست, Avoris GmbH
751,شركة مقر بي سي سي لوجيستيكس العالمية, BCC Logistics Global
752,مقر تشاينا جيو انجينيرينج الإقليمي, China Geo Engineering Corporation
753,شركة مقر دايمنشن داتا الإقليمي, Dimension Data PTY Limited
754,شركة مقر الدرة والسلطان الاقليمي, DORAH ALSULTAN Regional Headquarter
755,شركة مقر يورو جروب الإقليمي, EURO GROUP ENGINEERING CONSULTANCY RHQ
756,شركة مقر اف تي جي نيذرلاندز الإقليمي, FTG Netherlands NV
757,مقر إي تي كيرني الإقليمي,A.T. Kearney Regional Headquarters
758, شركة مقر كونيكا مينولتا العربية, Konica Minolta Regional Headquarters Company
759, شركة مقر بيرسون العربية الاقليمي, Pearson Arabia Regional Headquarters
760,شركة مقر سافيلز الإقليمي, Savills Middle East Regional Headquarter
761,شركة مقر سميث اند نيفيو الإقليمي, Smith and Nephew Regional headquarter
762, يو جوت أجفت دوت كوم, You Got a Gift
763,شركة مقر مجموعة المكتب الثامن عشر للسكك,China Railway 18th Bureau Group Middle East Regional Headquater
764,شركة مقر إن إي إس الشرق الأوسط وشمال افريقيا,NES MENA Regional Headquarters
765,شركة مقر اكسبلور الإقليمي,Xplore RHQ
766,شركة مقر سولفينتوم الطبية العربية,Solventum Arabia Trading RHQ
767,شركة مقر إيه بي بي الإقليمي,ABB MENA Regional Headquarter
768,مقر أبوت الإقليمي,Abbott Investments Luxembourg Sarl Regional Branch Office
769,مقر أبفي الإقليمي,AbbVie Inc
770,شركة مقر ابستراكت الإقليمي,Abstract Group
771,مقر أكسنتشر للشرق الأوسط وشمال افريقيا,Accenture ME Regional Office
772,مقر أكسيونا اغوا اس ايه الإقليمي,Acciona Agua SA
773,شركة مقر أدوبي الإقليمي,Adobe Regional HQ LLC
774,شركة مقر ادفانسد بايونيكس العربية,Advanced Bionics RHQ  Hearing Solutions
775,مقر ايكوم الإقليمي,AECOM Regional HQ
776,شركة مقر ايداس الشرق الأوسط وشمال,Aedas Middle East Regional HQ
777,مقر إيروجين الإقليمي,Aerogen Regional Head Quarter
778,شركة مقر أي إي أس إيميا المحدودة,AES EMEA Limted Regional Headquarter
779,مقر ايه جي كافيه انترناشونال ماناجمنت,TIM HORTONS
780,مقر اجفا هيلث كير الإقليمي,Agfa Healthcare Middle East
781,مقر اير ليكيد الخليج  الإقليمي,AIR LIQUIDE MIDDLE EAST
782,مقر اير برودكتس الشرق الاوسط الاقليمي,Air Products Middle East RHQ
783,شركة مقر إيرباص الاقليمي,Airbus Saudi RHQ
784,شركة مقر أولبرايت ستونبريدج الإقليمي,Albright Stonebridge Group Regional Office
785,مقر الديرلي الاقليمي,Alderley PLC
786,شركة مقر ألي إنترناشونال أس إيه أس,ALE International SAS Company
787,شركة مقر ألفا لافال الاقليمي,Alfa Laval Regional HQ
788,مقر شركة  اياسا انخيريا إي ار كيتوركورا,ALIA GESTION INTEGRAL DE SERVICIOS S L U
789,مقر ألما هيلث الإقليمي,Alma Health headquarter
790,شركة مقر ألفا الإقليمي,ALPHA INTERNATIONAL HOLDINGS COMPANY
791,شركة مقر ألستوم ترانسبورت الشرق الأوسط,ALSTOM Transport MENA Regional Headquarter
792,شركة مقر ألفارز آند مارسال الإقليمي,Alvarez and Marsal Regional Headquarters
793,شركة مقر اماديوس الإقليمي,Amadeus Regional Headquarters
794,شركة مقر مجموعة أمانة الإقليمي,Amana Group Regional Headquarter
795, شركة مقر أمازون ويب سيرفيسيز ليميتيد,Amazon Web Services RHQ Limited
796,شركة مقر أمجن الشرق الأوسط وشمال أفريقيا,Amgen Middle East and Africa Regional Headquarters
797,شركة مقر أنكورا الشرق الأوسط وشمال,Ankura MENA Regional Headquarters LLC
798,شركة مقر ايون الشرق الاوسط وشمال,Aon Middle East and North Africa Regional Headquarter
799,شركة مقر اي بي مولر ميرسك الاقليمي,AP Moller Maersk RHQ
800,شركة مقر ابكو اليبس الإقليمي,APCO ELLIPSE
801,شركة مقر أبوتكس الإقليمي,Apotex Medile East Regional Head Quarter
802,شركة مقر أبينفنتيف تكنولوجيز الإقليمي,Appinventiv Technologies LLC
803,شركة مقر ابلايد ميدكال الشرق الأوسط,Applied Medical Middle East and Africa
804,شركة مقر أيبلس الإقليمي,Applus RHQ
805,شركة مقر الخرائط الذكية العربية الإقليمي,Arabian Smart Mapping Company
806,شركة مقر ارابتك جردانة العالمية الإقليمي,Arabtech Jordania International Company
807,مقر أرامكس الإقليمي,Aramex Regional HQ
808,شركة مقر ارتفاكت الإقليمي,ARTEFACT
809,مقر ارثر دي ليتل  الإقليمي,Arthur D Little Services
810,شركة مقر اساهي انتك الإقليمي,Asahi Intecc Saudi
811,شركة مقر اسبن الطبية الاقليمي,Aspen Medical
812,شركة مقر أسبن فارما الإقليمي,Aspen Pharma Regional Headquarter
813,شركة مقر اسبن تيكنولوجي الإقليمي,Aspen Technology Regional Headquarters
814,شركة مقر أسولين الاقليمي,ASSOULINE KSA Regional HQ
815,شركة مقر أستيلاس فارما الإقليمي,Astellas Pharma Regional Headquarter
816,شركة مقر استرازينيكا كونتنينت الاقليمي,AstraZeneca Continent Regional Headqurter
817,شركة مقر اطلس كوبكو ايه بي الإقليمي,Atlas Copco Regional HQ
818, شركة بي برون العربية المحدودة,B Braun Arabia LLC
819,مقر بي أيه إي سيستمز انترناشونال ليميتد,BAE system international limited
820,شركة مقر بين آند كومباني الإقليمي,Bain and Company Regional HQ
821, شركة مقر بيكر ماكينزي الاقليمي,Baker McKenzie Regional Headquarter Company
822,شركة مقر جي إف سي جروب الإقليمي,Baker Tilly JFC Group LLC
823,شركة مقر باركر لانجهام الإقليمي,Barker Langham Regional HQ
824,شركة مقر بوش اند لومب العربية الإقليمي,Bausch and Lomb Arabia
825,شركة باكستر  الإقليمي شخص واحد,Baxter AG
826,شركة مقر باير الإقليمي,Bayer Regional Headquarter
827,شركة مقر بي دي الإقليمي,BD Arabia Regional Headquarter
828,شركة بستر الإقليمي,Bester Telecom International Limited
829,مقر بي جي أي الشرق الأوسط وشمال أفريقيا,BGI HEALTH HK COMPANY LIMITED
830,شركة مقر بايوجين الإقليمي,Biogen Regional Headquarters
831,شركة مقر بيوميريوكس الإقليمي,bioMerieux Regional Headquarter
832,شركة مقر بايوراد الإقليمي,BioRad RHQ
833,شركة مقر بلاك لين الشرق الأوسط وافريقيا,Blacklane Middle East Africa
834,شركة مقر بلاك روك الإقليمي,BLACKROCK Middle East RHQ
835,شركة مقر بي ال ار الإقليمي,BLR world Project Management Regional HQ
836,مقر بوهرينجر أنجلهايم ميدل إيست اند أفريقيا,Boehringer Ingelheim RHQ
837,شركة مكتب بوينج الشرق الأوسط الإقليمي,Boeing Regional Office
838,مقر بوسطن ساينتفك الإقليمي,Boston Scientific regional headquarters
839,شركة مقر برين لاب الشرق الأوسط وشمال,Brainlab Middle East RHQ
840,مقر جلياد ساينسز الإقليمي,Branch of Gilead Sciences Ireland UC RHQ
841,شركة مقر المقاولون العرب عثمان احمد,branch of the Arab Contractors Company  the regional
842,شركة مقر الشركة الهندسية للصناعات,Branch of the Engineering Company for Petroleum and Chemical Industries
843,شركة مقر بريستول مايرز سكويب الإقليمي,Bristol Myers Squibb Regional Headquarter Company
844,مقر بريتش أميركيان توباكو الشرق الأوسط الإقليمي,British American Tobacco (BAT)
845, شركة مقر بي اس آي الشرق الأوسط وشمال,BSI MENA Regional Headquarter
846,شركة مقر بيلد اب الإقليمي,BUILD UP EXHIBITION FIXTURES
847,شركة بيرو فيريتاس الشرق الأوسط الأقليمي,Bureau Veritas Middle East Regional Headquarter
848,شركة مقر بروهابولد الشرق الأوسط الإقليمي,Buro Happold Middle East Regional Headquarter
849,شركة مقر بي دبليو اس الشرق الأوسط وشمال,BWS MENA
850,شركة مقر بي واي سي إن الإقليمي,BYCN Regional Headquarters Company
851,شركة مقر سي إتش تو إم هيل الإقليمي,C H TWO M HILL INTERNATIONAL BV KINGDOM OF SAUDI ARABIA BRANCH
852,مقر كاف الإقليمي,CAF Regional Office
853,شركة مقر كال رويال برودكتس الإقليمي,CAL ROYAL PRODUCTS MIDDLE EAST
854,شركة مقر كانون ميديكال سيستمز كوربوريشن,Canon Medical Systems Middle East
855,شركة مقر كابجيميني الإقليمي,Capgemini LLC Regional Headquarter
856,شركة مقر كاردينال هيلث الإقليمي,Cardinal Health Regional Headquarters
857,شركة مقر كارل زايس ميديتك الإقليمي,CARL ZEISS MEDITEC AG RIGONAL HQ
858, شركة مقر كارير كوربورايشن الإقليمي,Carrier Corporation Regional Headquarters
859,مقر سي بي آر إي الشرق الأوسط وشمال,CBRE Middle East Regional Headquarters
860,شركة شديد يوروب الإقليمي شركة شخص واحد,Chedid Europe RHQ
861,المقر الإقليمي لشركة تشاينا سيفيل,China Civil Engineering Construction Corporation Regional Headquarters
862,مقر سي سي أس الإقليمي,China Communications Services International Limited
863,شركة مقر تشاينا هاربور انجنيرنغ الشرق,CHINA HARBOUR ENGINEERING CO LTD
864, شركة شمال الصين للصناعات الحربية,China North Industries Corporation MENA Regional Headquarters
865,مقر الشركة الصينية لإنشاءات السكك,China Railway Construction Corporation International Limited Regional Headquarters
866, شركة مقر سينا الاقليمي,Ciena Regional Headquarter Company
867,شركة مقر سيسكو الإقليمي,Cisco Regional Office
868,شركة مقر كلايد اند كو الاقليمي,Clyde and Co Regional Headquarter
869,شركة مقر سي أم أيه سي جي إم الإقليمي,CMA CGM Saudi Arabia Regional HQ
870,شركة مقر سيملوق مينا الإقليمي,CMLOG MENA Holding Company Limited
871, شركة مقر سي إم إس كاميرون ماكينا نابارو,CMS Cameron McKenna Nabarro Olswang LLP Regional Headquarter
872,شركة مقر كوبرا الإقليمي,Cobra Middle East Regional Headquarters Company
873,مقر كوكلير العربية الاقليمي,Cochlear Saudi Arabia
874,شركة مقر كوقنيزانت الإقليمي,Cognizant Regional Office
875,شركة مقر كولوبلاست الإقليمي,Coloplast Regional HQ KSA
876,شركة مقر كومفولت سيستمز الإقليمي,Commvault Systems Limited
877,شركة مقر اتحاد المستشارين للهندسة,Consolidated Consultants Group
878,مقر كونسولوم الإقليمي,Consulum Regional Headquarter
879,شركة مقر كوربوريت ريسرتش,Corporate Research and Investigations Limited
880,شركة مقر كوتكنا انسبكشن اس أي الشرق,Cotecna Regional HQ
881,شركة مقر كرانمور بارتنرز الشرق الاوسط,Cranmore Partners Limited
882,شركة مقر كرايون الإقليمي,Crayon Saudi Arabia
883,شركة مقر كرييتف ارتيست اجينسي الاقليمي,Creative Artists Agency LLC
884,شركة مقر سي إس إل الشرق الاوسط وافريقيا,CSL MIDDLE EAST AND AFRICA REGIONAL HEADQUARTER
885,شركة مقر كاري آند براون الإقليمي,Currie and Brown
886,شركة مقر سايبرارو الإقليمي,CYBERARROW REGIONAL HQ
887,مقر داهوا تيكنولوجي الإقليمي,Dahua Technology MENA Regional Headquarters
888,شركة مقر دايكن العربية الإقليمي,Daikin RHQ
889,شركة مقر دانون نوتريشيا الإقليمي,Danone Nutricia KSA LLC Regional HQ
890,مقر دار الدواء الإقليمي,DAR AL DAWA DEVELOPMENT AND INVESTMENT
891,شركة مقر دار الهندسة الإقليمي,Dar Alhandasah
892, مقر داتا فلو الإقلمي,dataflow regional headquarters
893,شركة مقر دافيتا كير الإقليمي,DaVita Care
894,شركة مقر دي بي انجينيرج اند كونسالتنج,DB Engineering and Consulting RHQ
895,شركة مقر دي لا رو الإقليمي,De La Rue Regional Headquarters
896,مقر ديلويت الشرق الأوسط الإقليمي,Deloitte and Touche
897,شركة مقر دلتا الإقليمي,Delta Meat and Livestock Trading Company
898,شركة مقر دنتونز الإقليمي,Dentons Middle East Regional HQ
899,شركة مقر دينتسبلاي سيرونا العربية,Dentsply Sirona Arabia Regional Headquarters LLC
900,شركة مقر دنتسو الشرق الأوسط وشمال,Dentsu MENA Regional Headquarter
901,شركة مقر ديتكون كونسلتنج الإقليمي,Detecon
902,مقر ديفوتيم الاقليمي,devoteam
903,شركة مقر ديكسكوم للشرق الأوسط و شمال,Dexom Middle East and North Africa Regional Headquarters Company
904,شركة مقر دي جي جونز الإقليمي,DGJones Middle East
905,مقر دي اتش الإقليمي,DH Regional Headquarters
906,شركة مقر دي ان في الشرق الأوسط وشمال,DNV Middle East And North Africa Regional Head Quarter
907,شركة مقر دوهوا الهندسية الإقليمي,Dohwa Engineering Regional Headquarters
908,مقر دوسان إينيربيلتي الشرق الأوسط وشمال افريقيا الإقليمي,DOOSAN Heavy Industries and Construction
909,شركة مقر دورماكابا الإقليمي,DORMAKABA ACCESS SOLUTIONS REGIONAL HEADQUARTERS LIMITED
910,شركة مقر دورنير الاقليمي,Dornier Regional Headquarter
911,شركة  مقر دورش الشرق الاوسط و شمال,Dorsch MENA RHQ
912,شركة مقر مجموعة دي أر أيه الإقليمي,DRA Group RHQ
913, شركة مقر دراجير مديكال انترناشيونال,Drager Medical International Regional Headquarters Company
914,شركة مقر دريمكاتشر الإقليمي,DreamCatcher
915,شركة مقر دي أس في العربية الإقليمي,DSV Arabia Regional Headquarter
916,شركة مقر دون اند برادستريت الإقليمي,Dun and Bradstreet Saudi RHQ
917,مقر دي دبليو اف العربية الإقليمي,DWF Group
918,شركة مقر دي اكس سي تكنولوجي الإقليمي,DXC Technology Regional Headquarter
919,مقر إي أيه أي سيستمز  الإقليمي,EAI Systems BV
920,شركة مقر ايكولاب العربية الإقليمي,Ecolab RHQ
921,شركة مقر ايديلمان الشرق الأوسط وشمال,Edelman Middle East and North Africa Regional Head Quarter
922, شركة مقر إي دي أف انترناشونال الاقليمي,EDF International Regional Headquarters
923,شركة مقر أدجينتا الإقليمي,Edgenta Middle East
924,شركة مقر إدواردز لايف ساينسيس الإقليمي,Edwards Lifesciences Regional Head Quarter
925,شركة مقر اي اف اديوكيشن الاقليمي,EF EDUCATION Regional HQ
926,مقر افيشيو انترناشونال الإقليمي,Efficio MENA Regional Headquarters
927,مقر ايجس الاقليمي,Egis Middle East Regional Headquarter
928,مقر إيجو للأدوية الأقليمي,Ego Pharmaceuticals Pty Ltd
929,شركة مقر أي اتش الشرق الأوسط وشمال,EH MENA
930,مقر ايلي ليلي الإقليمي,Eli Lilly Exports SA
931,شركة مقر ايليس دون الشرق الأوسط وشمال,EllisDon Mena Regional Headquarter
932,شركة مقر السويدي اليكتريك الإقليمي,ELSEWEDY ELECTRIC REGIONAL HEAD QUARTER
933,شركة مقر إيمرسون الإقليمي,Emerson Saudi Arabia Regional Headquarters LLC
934,شركة مقر انجيكون الإقليمي,Engicon Regional HQ
935,شركة مقر انجي الإقليمي,ENGIE RHQ
936,مقر أوراسيا ريسورسز جروب الإقليمي,ERG Middle East Sarl
937,مقر اريكسون أي بي الإقليمي,Ericsson AB Regional HQ  Saudi Branch
938,شركة مقر ارنست ويونغ الشرق الأوسط,ERNST AND YOUNG MIDDLE EAST REGIONAL HEAD QUARTER
939,شركة مقر إسري العربية الإقليمي,Esri Arabia Regional Headquarters
940,شركة مقر إسيتي العربية الإقليمي,Essity Arabia
941,شركة مقر إي تي أس الإقليمي,ETS Regional Headquarters
942,شركة مقر يورو كونسلت الإقليمي,euro consult for engineering consultancy
943,مقر إيفنتوس سكيورتي الإقليمي,Eventus Security
944,انتاليو ليمتد الإقليمي,EVERTEAM GLOBAL SERVICES LIMITED
945,شركة مقر إكسيلينس لوجنج ليمتد الشرق,Excellence Logging Limited Middle East and North Africa Regional Headquarter
946,شركة مقر اكسلانس نيو انرجي  الإقليمي,Excellence New Energy Middle East International Holding
947,شركة مقر أكسبروا الإقليمي,Expro Regional Company
948,شركة مقر إي يوث الإقليمي,Eyouth Regional HeadQuarters
949, شركة مقر إف فايف الشرق الاوسط و شمال,F5 Middle East and North Africa Regional Headquarters
950,مقر إف سي سي كونستركسيون الإقليمي,FCC Construction
951,شركة مقر فيشتنر مهندسون استشاريون,Fichtner Consulting Engineering MENA Headquarter
952,شركة مقر فيلم ماستر الإقليمي,Film Master MEA Events RHQ
953, مقر فاين هايجينيك الإقليمي,Fine Hygienic Regional Headquarters
954, المقر الإقليمي لمجموعة فيتش السعودية,Fitch Group Saudi Regional Headquarter
955,شركة مقر فايف هندرد الإقليمي,Five Hundred Startups International LLC
956,مقر فلينت إنترناشيونال الإقليمي,Flint Regional Headquarters Middle East
957, شركة مقر فورتينت الاقليمي,Fortinet Regional Headquarter Company
958, شركة مقر فوستر اند بارتنرز الشرق الأوسط,Foster and Partners MENA Regional Headquarters
959,شركة مقر إف بي تي الإقليمي,FPT Information technology RHQ
960,شركة مقر فراجومين الإقليمي,Fragomen Regional Headquarters LLC
961,شركة مقر فريزينيس كابي الإقليمي,Fresenius Kabi Regional Headquarter
962,مقر فريسينيوس ميديكال كير الإقليمي,Fresenius Medical Care Regional Headquarter
963,شركة مقر فريشفيلدز بروكهاوس,Freshfields Bruckhaus Deringer MENA Regional HQ
964,مقر فروست و سوليفان انك الإقليمي,Frost and Sullivan
965,شركة مقر أف تي أي كونسلتينج الإقليمي,FTI Consulting
966,شركة مقر فوغرو الإقليمي,FUGRO REGIONAL HEADQUARTERS
967,شركة مقر فوجي فيلم العربية الإقليمي,Fujifilm RHQ
968,شركة مقر صناعة أنابيب المستقبل الإقليمي,Future Pipe Industries Headquarter
969,شركة مقر فيوتشر لاب الإقليمي,FUTURELAB Co LTd Regional HQ
970,شركة مقر جي فور إس الدولية الإقليمي,G  four  S International Holdings Limited
971,شركة مقر غايا جلوبال تكنولوجيز الإقليمي,Gaea Global Technology
972,شركة مقر جارتنر الاقليمي,Gartner Regional Headquarters
973,مقر جي أي هيلث كير الإقليمي شخص واحد,GE Healthcare RHQ
974,مقر جي اي فيرنوفا أنترناشيونال ذ م م,General Electric International Inc Saudi
975, شركة مقر جينيسيس كلاود سيرفسز الاقليمي,Genesys Cloud Services Regional Headquarter Company
976,شركة مقر جيتنجي الإقليمي,Getinge Arabia Regional HQ
977,شركة مقر جيبسون دان آند كراتشر إل إل بي,Gibson Dunn Crutcher LLP
978,مقر جليدز الشرق الاوسط الاقليمي,Gleeds Middle East RHQ
979,شركة مقر جلينمارك للأدوية الإقليمي,Glenmark Pharmaceuticals Limited
980,شركة مقر جلوبال دومينيون الإقليمي,Global Dominion Middle East Company Limited
981,شركة مقر جلوبال اكسبيرينس سبيشلستس,Global Experience Specialists RHQ
982, شركة مقر قلوبانت الإقليمي,Globant Regional Headquarter Company
983,شركة مقر جولدمان ساكس الإقليمي,Goldman Sachs Middle East Regional HQ
984,شركة مكتب جوجل الإقليمي,Google Regional Office
985,شركة مقر جرافيتي ميديا العربية الإقليمي,Gravity Media Arabia Limited
986,شركة مقر جرينبيرج تراوريج الإقليمي,Greenberg Traurig Khalid Al Thebity Law Firm
987,مقر جرينبراير  الاقليمي,Greenbrier RHQ
988,شركة مقر غرونوبل بارتنرز الإقليمي,Grenoble Partners Middle East Regional
989,شركة مقر جرفولز الاقليمي,GRIFOLS SAUDI ARABIA
990,شركة مقر مجموعة أي بي الإدارية الإقليمي,Group IB Gulf Management
991,شركة مقر جي إس كي الإقليمي,GSK Regional Headquarters
992,شركة غوتمان ميدل ايست الإقليمي,GUTMANN MIDDILE EAST
993, شركة مقر أتش ثري سي تكنولوجيز الاقليمي,H3C Technologies Regional Headquarter Company
994,مكتب هاليبورتون الإقليمي,Halliburton Gulf States Holding PTE LTD
995,شركة مقر هانمي جلوبال الإقليمي,Hanmi Global RHQ
996,شركة مقر هانوا أيروسبيس الشرق الأوسط,Hanwha Aerospace MENA Regional Headquarters
997,شركة مقر هانوا فيجين الإقليمي,Hanwha Vision Regional Headquarter
998,شركة مقر حسن علام الشرق الاوسط الإقليمي,Hassan Allam Middle East Regional Headquarter
999, شركة مقر هاتش الإقليمي,Hatch Regional Headquarter
1000,شركة مقر  هافاس العربية الإقليمي,Havas Arabia RHQ
1001,شركة مقر هيلثتريب الإقليمي,Healthtrip Arabia
1002,شركة مقر هيدريك وسترجلز الإقليمي,Heidrick and Struggles Regional Headquarters
1003,هيوليت باكارد إنتربرايز ار اتش كيو,Hewlett Packard Enterprise RHQ
1004,شركة مقر اتش جي ام فند اس بي سي الشرق,HGM Fund Six SPC MENA RHQ
1005,مقر هيكت نيفادا الإقليمي,Hict
1006,شركة المقر الاقليمي لادوية الحكمة لمقرات,Hikma Pharmaceuticals RHQ
1007,شركة مقر هيكفيجن الإقليمي,HIKVISION KSA
1008,مقر هيل انترناشونال الإقليمي,Hill International RHQ
1009,شركة مقر هيتاشي العربية الإقليمي,Hitachi Arabia RHQ
1010,شركة مقر اتش كيه ايه الإقليمي,HKA
1011, شركة مقر هوجان لوفيلز الدولية الإقليمي,Hogan Lovells International Regional Headquarter Company
1012,فرع شركة هولوجيك الشرق الأوسط وشمال,Hologic MENA
1013,شركة مقر هومزمارت الإقليمي,Homzmart
1014,مقر هوني ويل انترناشونال الإقليمي,Honeywell international Regional Headquarter
1015,شركة مقر ماكس فيجن الإقليمي,Hong Kong Maxvision Technology Limited Regional Headquarter
1016,شركة مقر هوبسكوتش الإقليمي,HOPSCOTCH MENA RHQ
1017,شركة مقر هورفاث الإقليمي,Horvath Regional Headquarter
1018,شركة مقر هوتباك الإقليمي,HOTPACK PACKAGING INDUSTRIES LLC
1019,مقر اتش بي الشرق الأوسط وشمال افريقيا,HP MENA Regional Headquarters
1020,شركة مقر إتش كيو دبليو إس الإقليمي,HQWS RHQ
1021,مقر هواوي تكنولجيز العربية الإقليمي,Huawei Technologies Arabia Regional HQ Co Ltd
1022,مقر هايدرو أكسترودد سلوشن الإقليمي,Hydro Extruded Solutions AS
1023,شركة مقر هايفن الإقليمي,Hyphen regional HQ
1024,شركة مقر هيونداي للهندسة والإنشاءات,Hyundai Engineering and Construction Company
1025,فرع مقر شركة هيونداي للهندسة والإنشاءات,Hyundai Engineering and Construction Regional Headquarters Branch
1026,شركة مقر اي بي ام الشرق الأوسط و شمال,IBM North Gulf
1027,شركة مقر اي سي ام أي الإقليمي,ICME RHQ
1028,شركة مقر أيدوم الإقليمي,IDOM RHQ
1029,شركة مقر أي إف إس الإقليمي,IFS ME Regional Headquarter
1030,شركة مقر إماجينيشن الشرق الاوسط وشمال,Imagination MENA RHQ
1031,مقر ايمايل الاقليمي,iMile MENA Logistics
1032,شركة مقر اندرا الإقليمي,Indra Regional Headquarter
1033,شركة مقر انفوبيب الاقليمي,Infobip
1034,شركة مقر انفوسيستا دي دبليو سي الإقليمي,Infosysta DWC LLC RHQ
1035,شركة مقر انوفار الاقليمي,Inovar Saudi Regional Head Quarter
1036,شركة مقر انسترومينتشن لابورتوري اس بي أي,Instrumentation Laboratory SPA Regional Headquarter Company
1037,شركة مقر إنسوليت الشرق الأوسط وشمال,Insulet MENA Regional Headquarters
1038,مقر انترهيلث كندا الإقليمي,InterHealth Canada Limited
1039,شركة مقر الاتحاد الدولي للنقل الجوي,INTERNATIONAL AIR TRANSPORT ASSOCIATION IATA
1040,شركة مقر انتر سيرش الشرق الأوسط وشمال,InterSearch MENA Regional Headquarter
1041,شركة انترتك الشرق الأوسط وشمال إفريقيا,Intertek Middle East Regional Headquarter
1042,شركة مقر ايبسوس الشرق الأوسط وشمال,Ipsos MENA RHQ
1043,شركة مقر ايكيوفيا الإقليمي,IQVIA Healthcare Solutions
1044,مقر ايرون موينتين الإقليمي,Iron Mountain Regional Headquarter
1045,شركة مقر اي اس اس تي الكتريكال اند,ISST ELECTRICAL AND ELECTRONICS TRADING LLC
1046,شركة مقر ايطال كونسلت الشرق الاوسط وشمال,ITALCONSULT MEA
1047,مقر جيمس كوبيت الشرق الأوسط وشمال افريقيا الإقليمي,James Cubitt Middle East  North Africa LTD
1048,شركة مقر جنسن هيوز الإقليمي,JENSEN HUGHES INC
1049,شركة مقر جونسون اند جونسون الشرق الأوسط,Johnson and Johnson MENA RHQ Limited
1050,مقر جونسون كنترولز العربية الإقليمي,Headquarter Johnson Controls Arabia Regional
1051, مقر جونز لانغ لاسال الشرق الأوسط وشمال,Jones Lang LaSalle MENA Regional Headquarters
1052,شركة مقر جونيبر نيتوركس الإقليمي,Juniper Networks Regional Headquarter Company
1053,مقر جي دبليو الاقليمي,JW Global
1054,مقر كارل شتورز العربية الإقليمي,Karl Storz Arabia Regional Headquarter
1055,شركة مقر كاسبيرسكاي لابز الإقليمي,Kaspersky Labs Limited
1056,شركة مقر كيتا مينا الإقليمي,Keeta MENA Regional HQ
1057, شركة مقر كيلر الإقليمي,Keller Regional Headquarters Company
1058,شركة مقر كيلوج براون اند رووت الإقليمي,KELLOGG BROWN AND ROOT Regional Headquarters
1059,مقر خطيب وعلمي الإقليمي,Khatib and Alami
1060,شركة مقر كينج اند سبالدينج الإقليمي,King and Spalding Regional Headquarters
1061,مقر كيركلاند أند إليس الإقليمي,Kirkland and Ellis RHQ
1062,شركة مقر كلاود سبوت الإقليمي,KLOUDSPOT REGIONAL HQ
1063,شركة مقر كي ان دي اس العربية الإقليمي,KNDS Middle East Regional Headquarter
1064,شركة مقر نايت فرانك الإقليمي,Knight Frank Regional Head Quarter
1065,شركة مقر كوهلر الإقليمي,Kohler Middle East Regional Headquarters
1066,مقر كوني الإقليمي,KONE Gulf LLC
1067,شركة مقر كورن فيري الشرق الأوسط,Korn Ferry MENA HQ Limited
1068,مقر  كي بي ام جي الإقليمي,KPMG MESA ltd
1069,شركة كوك الاقليمي,KUOK MARITIME PTE LTD
1070,شركة مقر كندرل الشرق الأوسط وشمال,Kyndryl Middle East and Africa
1071,شركة مقر لاسكو الإقليمي,Laceco Regional for Regional Strategy
1072,شركة مقر لامور الإقليمي,Lamor Corporation AB Regional office
1073, شركة مقر ليثم آند واتكنز الإقليمي,Latham and Watkins Regional Headquarters Company
1074, شركة مقر لازارد الاقليمي,Lazard Regional Headquarter Company
1075,شركة مقر إل إي كيه الإقليمي,LEK Regional Headquarter
1076, شركة مقر لينوفو الشرق الأوسط وشمال,Lenovo MENA Regional Headquarter Company
1077,شركة مقر ليوناردو الشرق الأوسط,Leonardo Middle East Regional Headquarter
1078,شركة مقر إل جي الكترونكس الشرق الأوسط,LGE MEA RHQ
1079,شركة مقر ليبيليوم الشرق الأوسط وشمال,Libelium MENA Regional Headquarter
1080,شركة مقر ليند الإقليمي,Linde Regional Headquarters
1081,شركة مقر لينك دوت نت الإقليمي,LinkdotNet
1082,شركة مقر لنكشادو الإقليمي,linkshadow d m c c
1083,مقر لينكسون الإقليمي,Linxon RHQ
1084,شركة مقر ليكسيل يوروب سارل الشرق الاوسط,LIXIL Europe sarl MENA Regional Headquarter
1085,شركة مقر ال تي اي ماينتدري الإقليمي,LTIMindtree Limited
1086,شركة مقر لوسيد الشرق الأوسط وشمال,Lucid MENA RHQ
1087,شركة مقر لوسي إلكتريك الشرق الأوسط وشمال,Lucy Electric MENA Regional Headquarters
1088,شركة مقر لولو ستة اس بيه,Lulu 6 SPV LTD
1089, شركة مقر لوندبيك الاقليمي,Lundbeck Regional Headquarter Company
1090,شركة مقر لاكجري هوتيلز انترناشونال,Luxury Switzerland Holding Company GmbH
1091,شركة مقر ميس الإقليمي,MACE CONSULT RHQ ARABIA LLC
1092,مقر مكين انيرجي  الإقليمي,MAKEEN Energy AS
1093,شركة مقر مابا انسات في تيكارت انونيم,MAPA INSAAT VE TICARET ANONIM SIRKETI
1094,مارش ماكلینان العربیة لمقرات الشركات,Marsh McLennan Arabia Regional HQ
1095, مقر ماسيمو انترناشيونال اس ايه ار ال,Masimo International SARL Regional Headquarters
1096,مقر ماكسيموس الإقليمي,Maximus Gulf Regional Headquarter
1097,شركة مقر ماغرو هيل الإقليمي,McGraw Hill Regional Headquarters Company
1098,شركة مقر ماكينزي اند كومباني الإقليمي,McKinsey and Company Inc RHQ  KSA Branch
1099,مقر ميد إل الإقليمي,  MED EL Regional Head Quarter
1100, شركة مقر ميدلاين الاقليمي,Medline Regional Headquarter Company
1101,مقر ميدترونيك العربية الاقليمي,Medtronic Arabia
1102,شركة مقر ماينهاردت الإقليمي,Meinhardt arabia ltd
1103,شركة مقر ميركانز الإقليمي,Mercans Regional HQ
1104,شركة مقر ميرك الإقليمي,Merck Regional Headquarter
1105,شركة مقر ميريل لايف ساينسز الإقليمي,Meril Life Sciences Regional Headquarters
1106,شركة ميريت العربية ذات مسؤولية محدودة,Merit Incentives Holding LTD
1107,شركة مقر مايكل بيج انترناشيونال الإقليمي,Michael Page International Regional HQ
1108,شركة مقر مايكروسوفت الاقليمي,Microsoft Middle East and North Africa Software Solutions Regional Headquarters
1109,شركة مقر شبكة تواصل الشرق الأوسط,Middle East Communication Network Regional Headquarter
1110,شركة مقر إم دي اس الاقليمي,Middle East for Information Systems
1111,شركة مقر ميليمان الإقليمي,Milliman Riyadh Region RHQ
1112,شركة مقر مايند راي الشرق الأوسط وشمال,Mindray Middle East and North Africa Regional Headquarters LLC
1113, شركه مقر ميزوهو إم إي إيه الإقليمي,Mizuho MEA Regional Headquarters Company
1114,شركة مقر مونليكي الشرق الأوسط وشمال,Molnlycke Middle East and North Africa Regional Headquarter
1115,شركة مقر موت ماكدونالد ليميتد الإقليمي,Mott MacDonald Limited for Engineering Consultancy
1116, شركة مقر موساروبرا الاقليمي,Musarubra Regional Headquarter Company
1117,شركة مقر النساج المتحده المحدودة,Nas Tex Arabia Company
1118,شركة ناشونال انيرجي سيرفيسس ريونايتد,National Energy Services Reunited Corp
1119,شركة مقر نافر العربية الإقليمي,NAVER Arabia Regional Headquarters
1120,شركة مقر ان بي تي سوشل نتوركنق الإقليمي,NBT Social Networking KSA Regional HQ
1121,شركة مقر نستله العربية الوسطى الإقليمي,Nestl Central Arabia
1122, شركة مقر نت أب الاقليمي,NetApp Regional Headquarter Company
1123,شركة نيت ستار الدولية المحدودة,Netstar SG Pte Ltd
1124,شركة مقر نيو لاب الاقليمي,New Lab KSA Regional HQ
1125,شركة مقر نيهون كوهدين العربية الإقليمي,NIHON KOHDEN SAUDI ARABIA
1126, شركة مقر نينتكس الاقليمي,Nintex Regional Headquarter Company
1127,شركة مقر نيبرو الإقليمي,Nipro Company limited
1128,شركة مقر نوكيا الإقليمي,Nokia Regional Headquarter Company
1129,شركة مقر نورتال الإقليمي,Nortal Regional Head Quarter
1130,شركة مقر نورثكروفت الشرق الاوسط الإقليمي,Northcroft MEA RHQ
1131,مقر نورذن ترست الشرق الأوسط,Northern Trust MENA RHQ
1132,شركة مقر نورتون روز فلبرايت الإقليمي,Norton Rose Fulbright Regional Headquarter
1133,شركة مقر ان او في الإقليمي,NOV Regional Headquarter
1134, شركة مقر نوفارتس الإقليمي,Novartis Regional Headquarter Company
1135,مقر  نوفاتل الإقليمي,NOVATEL GROUP
1136,شركة مقر نوفو نوردسك الإقليمي,Novo Nordisk RHQ
1137,شركة مقر ان اس سي سي انترناشيونال,NSCC HEADQUARTER
1138,مقر نيوكتك الإقليمي,nuctech company limited
1139,شركة مقر نوتانيكس الشرق الأوسط وشمال افريقيا,Nutanix MENA Regional Headquarter
1140,شركة مقر أوبريلا الإقليمي,Obrela Regional Head Quarter
1141,شركة مقر او سي او جلوبال الإقليمي,OCO Global Regional Headquarter
1142,مقر أوديسي الإقليمي,Odyssey Consultants LTD
1143,شركة مقر او اتش ال العربية الإقليمي,OHL Arabia Regional Head Quarters
1144,شركة مقر اوليمبوس الإقليمي,OLYMPUS REGIONAL HEADQUARTER
1145,شركة مقر أومنيسيل الدولية الشرق الأوسط,Omnicell International Regional Headquarters MENA
1146,مقر اومنيكوم الإقليمي شركة شخص واحد,Omnicom EMEA Holdings Limited
1147, شركة مقر اوبن تيكست الشرق الأوسط وشمال,Open Text Regional Headquarters Company for Middle East and North Africa
1148,مقر اوراكل مينا الإقليمي,Oracle Saudi Regional Office
1149,شركة مقر اورنج بزنس الإقليمي,Orange Business Regional Headquarter
1150,مقر اورفال الإقليمي,Oravel Regional Headquarter
1151,شركة مقر بلاديوم العالمية الإقليمي,Palladium International Limited
1152,شركة مقر بالو التو نيتوركس الإقليمي,Palo Alot Networks Regional Headquarter
1153,شركة مقر بارسونز الإقليمي,Parsons RHQ
1154,شركة مقر بول هارتمان الإقليمي,Paul Hartmann Regional Headquarter
1155,شركة باي موب المحدودة,Paymob
1156,مقر بيبسي كولا انترناشونال الإقليمي,PepsiCo RHQ
1157,شركة مقر بيرفكت بيوريتي الإقليمي,Perfect Purity General Trading
1158,شركة مقر فايزر الشرق الأوسط وشمال,Pfizer Regional Headquarter MENA
1159,مقر فيليبس الإقليمي,PHILIPS MEDICAL SYSTEMS NEDERLAND B V
1160,شركة مقر بيني الشرق الأوسط وشمال,Pini MENA Regional Headquarter
1161,شركة مقر الرائد الإقليمي,Pioneer Engineering Consultancy L L C
1162,شركة مقر بلازا بريميوم لاونج مانجمنت,Plaza Premium Lounge Management
1163,شركة مقر بورتاس العربية الإقليمي,Portas Consulting Arabia Regional HQ LLC
1164,مقر اوبتيرنا الاقليمي,PPC Opterna Arabia
1165,مقر برايس ووترهاوس كوبرز  الإقليمي,PricewaterhouseCoopers Limited Partnership
1166,شركة مقر بروجر الإقليمي,PROGER RHQ Saudi Arabia
1167,شركة مقر بروتيفيتي ممبر فيرم الإقليمي,Protiviti Member Firm Regional HQ
1168,شركة مقر ببليسيس الإقليمي,Publicis Regional Headquarter
1169,شركة مقر بيور ستوراج الاقليمي,Pure Storage Arabia Regional HQ Limited
1170,شركة مقر قياجن الشرق الأوسط وشمال,QIAGEN Middle East  North Africa Regional Headquarter Company
1171,شركة مقر كوادرابي فيريفيكايشون سيرفيسز,QUADRABAY VERIFICATION
1172,شركة مقر كويدل أورثو الإقليمي,QuidelOrtho Regional Headquarter
1173,مقر راكس لخدمات إصدار شهادات الجودة,RACS Quality Certificates RHQ
1174,شركة مقر رابيسكان سيستمس الشرق الأوسط,Rapiscan Systems Saudi Regional Headquarter
1175,شركة مقر آر إيه تي بي ديفيلوبمنت,RATP DEVELOPMENT RHQ
1176,شركة مقر راو بي الاقليمي,RAUBE
1177,شركة مقر ريكورداتي رير ديزيزس الشرق,Recordati Rare Diseases MENA RHQ
1178,شركة مقر اكثيونا كورتورال انجينيرينك اس,Reginal Headquarter of Acciona Cultural Engineering SA
1179,مقر بوسطن كونسلتينج جروب إنترناشونال إنك الإقليمى,The Regional Headquarter of Boston Consulting Group International Inc
1180,شركة مقر بيكو غلف الإقليمي,Regional Headquarter of Pico Gulf Limited
1181, مقر شركة ام اس دي كي اس ايه جي ام بي,Regional Headquarters MSD KSA GMBH
1182,شركة مقر بكتل الاقليمي,Regional Headquarters of Bechtel Holdings Limited
1183, شركة مقر ريتشارد أتياس اند اسوسييتس,Regional Headquarters of Richard Attias and Associates
1184,شركة مقر سوربانا للاستشارات الإقليمي,Regional HQ of Surbana Consultant PTE LTD
1185,شركة مقر أي إل إف للاستشارات الهندسية,Regional ILF Engineering Consulting Headquarters
1186,شركة مقر روينيرت انتيرناشونال الاقليمي,Reuenrt International Holding
1187,شركة مقر رهيم الإقليمي,Rheem Manufacturing
1188,شركة مقر رايدر ليفيت باكنال الإقليمي,Rider Levett Bucknall
1189,شركة مقر آر إم إس آي الإقليمي,RMSI
1190,مقر ار او المتحدة الإقليمي,RO United For Trading and Contracting
1191,شركة مقر روبرت بوش الاقليمي,ROBERT BOSCH KSA RHQ
1192,شركة مقر روش الإقليمي,Roche Regional Headquarters
1193,مقر روديل انترناشونال جي ام بي اتش,Roedl and Partner
1194,شركة مقر رولاند برجر الإقليمي,Roland Berger Middle East Regional Headquarters
1195,شركة مقر رويال المستقبل الإقليمي شركة,Royal Future Company Limited
1196,شركة مقر أر دبليو أرمسترونغ اند اسوشيتس,RW Armstrong and Associates
1197,شركة مقر إس آند بي جلوبال الإقليمي,S and P Global Regional Headquarters
1198,مقر سالفو اند اسوشيتس الإقليمي,SALFO and Associates SA
1199,مقر سامسونج سي أند تي كوربوريشن الإقليمي,SAMSUNG C&T CORPORATION RHQ
1200,مقر سامسونج للإلكترونيات الشرق الأوسط وشمال افريقيا الإقليمي,Samsung Electronics Middle East  North Africa Regional Headquarters
1201,مقر سامسونج إي اند ايه الإقليمي,SAMSUNG ENGINEERING REGIONAL HEADQUARTERS
1202,شركة مقر ساندوز الإقليمي,Sandoz Limited Regional Headquarters
1203,مقر سانوفي العربية الإقليمي,Sanofi Foreign Participations BV
1204,شركة اس أي بي الشرق الأوسط وأفريقيا,SAP Middle East  Africa North Regional Headquarter
1205,شركة شلمبرجير تكنيكال سيرفيسيز إنك,Schlumberger Technical Services Inc
1206,شركة مقر شنايدر اليكتريك الإقليمي,Schneider Electric Regional Headquarter
1207,مقر شوكو انترناشونال كي جي الإقليمي,Schuco International KG
1208,شركة مقر بي ام جي الإقليمي,SEASONALPHA LDA
1209,شركة مقر سينير موبيليتي الاقليمي,Sener Mobility
1210,شركة مقر سيركو الشرق الأوسط وشمال,Serco Middle East and North Africa Regional Headquarters
1211,شركة مقر سيرفكورب الإقليمي,Servcorp Offshore Holdings PTY LTD
1212, شركة مقر سيرفيسناو الاقليمي,ServiceNow Regional Headquarter Company
1213,مقر شركة سيتيك الشرق الأوسط وشمال,Setec MENA RHQ
1214,شركة مقر ستس الإقليمي,SETS S A R L
1215,مقر إس جي إس الاقليمي,SGS RHQ
1216,شركة مقر شاندونج تايجون الإقليمي,SHANDONG TIEJUN COMPANY REGIONAL HQ
1217,المقر الإقليمي لشركة شنغهاي جيوهاربور,Shanghai Geoharbour Construction Group Company Limited Middle East Regional Headquarters
1218,شركة مقر شابورجي بالونجي الإقليمي,Shapoorji Pallonji Mideast Regional Headquarter Single Shareholder Limited Liability Company
1219,شركة مقر شون سادلر الإقليمي,Shaun Sadler Holdings
1220,شركة مقر سيا بارتنرز الإقليمي,Sia Partners
1221,شركة مقر سيمنس للطاقة الإقليمي,Siemens Energy Regional HQ
1222, مقر سيمنس هيلثينييرز الإقليمي,Siemens Healthineers Regional Headquarter
1223,مقر سيمنس الإقليمي,Siemens Regional Headquarters
1224,شركة مقر سيجنيفاي الشرق الأوسط وشمال,Signify MENA Regional Headquarter
1225,مقر سيتا آر إتش كيو الإقليمي,SITA RHQ
1226,شركة مقر سمارت فينتيك فور يو الإقليمي,Smart Fintech 4U Pte Ltd
1227,مقر أتكنزرياليس الاقليمي,Atkins Realis (SNC Lavalin)
1228, شركة مقر سنوفليك الاقليمي,Snowflake Regional Headquarter Company
1229,شركة مقر سبرينكلر الشرق الأوسط,Sprinklr MENA Regional Headquarters
1230,مقر ستادا الإقليمي,STADA REGIONAL HQ
1231, شركة مقر ستاجو الاقليمي,Stago Regional Headquarter Company
1232,شركة مقر سترايكر لخدمات التوريد الاقليمي,Stryker ESCS BV KSA Branch RHQ
1233,شركة مقر سويز انترناشونال الإقليمي,SUEZ International Middle East Regional HQ
1234,شركة مقر سوميت الإقليمي,Summit Regional Headquarter
1235,شركة مقر سونيل الإقليمي,Sunell Saudi Arabia
1236,مقر ساذرلاند الاقليمي,Sutherland Global Services Saudi Arabia RHQ
1237, شركة مقر سويفل الاقليمي,SWVL Regional Headquarters
1238,شركة مقر سيسمكس الطبية الإقليمي,Sysmex Healthcare Regional Headquarter
1239,مقر شركة سيستم اير ا ب الإقليمي,System air AB
1240,شركة مقر سيسترا الإقليمي,Systra Arabia Regional Headquarters
1241, شركة مقر تايت مينا الإقليمي,TAIT MENA Regional Headquarters Company
1242,مقر تاجر الإقليمي,Tajer BV for IT Co
1243,شركة مقر تاكيدا الإقليمي,Takeda Middle East Regional Office
1244,شركة مقر تالوجي إنترناشونال الشرق الأوسط,Talogy International Regional Headquarters MENA
1245,شركة مقر ترجمة الإقليمي,Tarjama Ltd Regional HQ
1246,شركة مقر تاتا للخدمات الاستشارية,TATA CONSULTANCY SERVICES Regional HQ
1247,شركة مقر ديل تكنولوجيز الإقليمي,Dell Technologies KSA LLC
1248,شركة مقر تيكستارز الشرق الأوسط وشمال,Techstars MEA RHQ
1249,شركة مقر تيبسا تكنيكا آي بروجيكتوس,"TECNICA Y PROYECTOS, S.A (TYPSA)"
1250,شركة مقر تينيو استراتيجي الإقليمي,Teneo Strategy LLC
1251,شركة مقر تيراداتا انترناشيونال سيلز,Teradata International Sales Limited Regional Headquarters
1252, شركة مقر تيرومو الاقليمي,Terumo Regional Headquarter Company
1253,مقر تاليس العربية الاقليمي,Thales
1254,شركة مقر ألكون الإقليمي,The company of Alcon regional headquarters
1255,جرينبراير المكتب الإقليمي,The Greenbrier Companies
1256,شركة مقر ذي بلاس غروب العالمية الإقليمي,THE PLUS GROUP INTERNATIONAL LTD Regional Headquarter
1257,شركة مقر كابلان الشرق الأوسط وشمال افريقيا ,The Regional Headquarter of Kaplan Middle East Limited
1258,شركة مقر ذا سبورتس كونسولتنسي الإقليمي,THE SPORTS CONSULTANCY
1259,شركة مقر ثياميز أس أيه الإقليمي,Theaimes SA
1260,شركة مقر ثيرمو فيشر ساينتفك الإقليمي,Thermo Fisher Scientific Regional Headquorters
1261,مقر ثريف دينامك الإقليمي,Thrive Dynamic Regional HQ
1262,شركة مقر تي ام اف الإقليمي,TMF SA
1263, المقر الإقليمي لشركة توني بلير,Tony Blair Institute MENA Regional Headquarters
1264,شركة مقر ويليس انترناشونال الإقليمي,Towers Watson
1265,مقر تريلا الإقليمي,Trella Regional headquarter
1266,مقر تريند مايكرو الإقليمي,Trend Micro Limited RHQ
1267,شركة مقر تروكس جي إم بي اتش الإقليمي,TROX GMBH
1268, شركة مقر تروجلوبال الشرق الأوسط وشمال,TRUE GLOBAL MENA HEADQUARTERS
1269,شركة مقر تي يو في أوستريا الإقليمي,TUV AUSTRA Regional Headquarters
1270,شركة مقر تي يو في راينلاند الشرق الأوسط,TUV Rheinland MENA LLC
1271,شركة مقر توف سود الإقليمي,TUV SUD Middle East Regional Headquarters Branch
1272,شركة مقر يوداسيتي الإقليمي,Udacity KSA Regional HQ
1273,شركة مقر يونيفونك الإقليمي,UNIFONIC RHQ
1274,شركة مقر فا تيك واباج الاقليمي,VA TECH WABAG LIMITED KSA Regional HQ
1275,شركة مقر قيمة مجموعة رأس المال الاقليمي,Valuable Capital Group Ltd Regional HQ
1276,شركة مقر فاندر لاند اندستريز الشرق,Vanderlande Industries MENA Regional HQ
1277,شركة مقر فاست داتا الشرق الأوسط وشمال,Vast Data MENA regional Headquarter
1278,شركة مقر فيوليا العربية الإقليمي,VECGE Arabia Regional Headquarter
1279,شركة مقر فيرتف العربية الإقليمي,Vertiv Regional Headquarter
1280,مقر في اف ورلدوايد الإقليمي,VF Services Saudi Ltd
1281,شركة مقر فياترس العربية الإقليمي,Viatris Arabia RHQ LLC
1282,شركة فيزا السعودية المحدودة,Visa Saudi Arabia LLC
1283,مقر فوباك الإقليمي,Vopak Middle East Branch Saudi Arabia
1284,شركة مقر ويكاب الإقليمي,WakeCap Regional HQ
1285,مقر ويذرفورد الشرق الأوسط وشمال أفريقيا,Weatherford Regional Headquarter in Middle East and North Africa
1286,شركة مقر ويبيلد اس بي ايه الشرق الأوسط,WeBuild SpA Middle East Regional Headquarters
1287,مقر  ويلبور انتجريتي سوليوشنز الإقليمي,Wellbore Integrity Solutions LLC
1288,شركة مقر وايت آند كيس الشرق الأوسط وشمال,White and Case MENA Regional HQ
1289,فرع المقر الاقليمي لشركة ويلو,wilo SE
1290,مقر ويبرو الإقليمي,Wipro Limited
1291,شركة مقر وولترز كلور العربية الإقليمي,Wolters Kluwer Arabia Regional Headquarters Limited
1292,شركة مقر وود ماكنزي الإقليمي,Wood Mackenzie Limited
1293, شركة مقر وورلي ام إي اية الاقليمي,Worley MEA Regional Headquarters Company
1294,شركة مقر دبليو بي بي الشرق الأوسط وشمال,WPP MENA RHQ
1295,مقر دبليو اس بي الإقليمي,WSP Middle East RHQ
1296,شركة مقر أكس سي إم جي الشرق الأوسط,XCMG MENA LLC
1297,شركة مقر زيروكس الشرق الأوسط,Xerox MENA RHQ LLC
1298,مقر اكس رايل قروب ليمتد الإقليمي,Xrail Group Limited Regional Headquarters
1299,شركة مقر أكستريم الإقليمي,XTREME
1300,شركة مقر يابي مركزي الاقليمي,YAPI MERKEZI REGIONAL HQ
1301,مكتب يوكوجاوا الشرق الأوسط وافريقيا,Yokogawa Middle East and Africa Regional Office
1302,شركة مقر يوندر الإقليمي,Yonder Consulting Limited
1303,شركة مقر زابكوم الإقليمي,Zapcom Group Regional HQ
1304,شركة النساج العالمية المحدودة,Zhilang Hongtai Fatty Telkah Occupation Co Ltd
1305,مقر زيمر بايومت الإقليمي,Zimmer Biomet Nederland B.V.
1306, شركة مقر زيسكيلر الاقليمي,Zscaler Regional Headquarter Company
1307,شركة مقر زوتاري الإقليمي,Zutari Engineering Consultants
1308,شركة أبوت العربية السعودية للتجارة,Abbott Laboratories
1309,شركة بيكر هيوز التجارية المحدودة,Baker Hughes Trading Company Limited
1310,شركة نوفو بيجنوني انتيرناشيونال اس ار ال,Baker Hughes- Nuovo Pignone International
1311,"	
شركة بوهرينجر إنجلهايم السعودية للتجارة",Boehringer Ingelheim
1312,فرع شركة أوليفر وايمن,Branch Oliver Wyman Limited
1313, شركة ديلويت اند توش وشركاهم محاسبون,Deloitte
1314,فرع شركه دايمنشن داتا بي تي واي ليمتد,Dimension Data
1315,شركة جنرال إلكتريك للخدمات الطبية,GE Healthcare
1316,فرع شركة هاليبورتون السعودية انديستريز سيرفسز المحدودة,Halliburton
1317,شركة هيوليت باكارد إنتربرايز المحدودة شركة شخص واحد,Hewlett Packard Enterprise Limited 
1318,شركة لوكجري هوتيلز انترناشونال العربية,Luxury Hotel's Int'l Saudi Arabia Co. Ltd
1319,شركة ماستر كارد العربية لتقنية المعلومات,MasterCard 
1320,فرع شركة ماكنزي اند كومباني انك انترناشيونال,Mckinsey & Company Inc International Branch
1321,شركة فيليبس العربية السعودية للرعاية,Philips Healthcare
1322,فرع شركة سامسونج سي آند تي كوربوريشن,Samsung C&T
1323,شركة انترناشيونال انيرجي سيرفسز السعودية المحدودة,Saudi International Energy Services Co. Ltd
1324,شلمبرجير ميدل إيست أس أيه,Schlumberger Middle East S.A.
1325,شركة يوكوجاوا للخدمات العربية السعودية,Yokogawa
1326, مجموعة العليان القابضة, Olayan Holding Group
1327,مجموعة الفيصلية ,Al Faisaliah Group
1328, شركة فواز عبدالعزيز الحكير وأولاده,Fawaz Abdul Aziz Al Hokair & SonsCompany
1329, مجموعة عبداللطيف جميل,Abdul Latif Jameel Group
1330,شركة عبد الله العثيم للاستثمار ,Abdullah Al-Othaim Investment Company
1331,شركة اسواق عبد الله العثيم ,Abdullah Al-Othaim Markets Company
1332,شركة عبدالله محمد بن سعيدان  واولاده العقارية,Abdullah bin Saedan & Sons real estate co
1333,شركة مجموعة عبداللطيف العيسى القابضة,Abdullatif Alissa Group Holding Company
1334,شركة عبداللطيف ومحمد الفوزان القابضة,Abdullatif and Mohammad Alfozan Holding Co.
1335, مجموعة عبدالمحسن الحكير القابضة ,Abdulmohsen Al Hokair Holding Group
1336, مجموعة عجلان واخوانه القابضة,Ajlan & Bros Holding
1337,شركة الاوائل العصرية للمقاولات ,Al Awael Modern Contracting co (AMCC) 
1338,شركة الجميح وشل لزيوت التشحيم المحدودة ,Al Jomiah and shell lubricating oil company
1339,شركة العثيم القابضة ,Al Othaim Holding Co
1340,العثمان القابضة ,Al- Othman Holding
1341,القحطاني القابضة ,Al Qahtani Holding
1342,شركة مجموعة الراجحي القابضة,Al Rajhi Holding Group Company
1343,شركة الراشد للتجارة والمقاولات,Al Rashid Trading & Contracting Company
1344,العيسائي القابضة ,ALESAYI HOLDING
1345,شركة الفوزان القابضة,Alfozan Holding Co.
1346,شركة الجبر القابضة,Aljabr Holding Company
1347,مجموعة الجماز ,AlJammaz Group
1348, شركة الجميح القابضة,Aljomaih Holding
1349, مجموعة الخريف,Alkhorayef Group
1350,شركة الخريف لزيوت التشحيم,Alkhorayef lubricants company
1351,شركة المجدوعي القابضة ,AlmajdouieHolding Company
1352,المانع قروب ,AlmanaGroup
1353,شركة عبدالقادر المهيدب واولاده ,Al-Muhaidib Group
1354, مجموعة النهلة,Al-Nahla Group
1355,شركة الراشد للاغذية المحدودة,Alrashed Food Company
1356,شركة الراشد للإطارات,Alrashed Tires Company
1357,شركة آل سعيدان للعقارات,Alsaedan real estate company
1358,السيار القابضة ,Alsayar Holding
1359, شركة أصيلة للاستثمار,Assila Investments
1360,مجموعة العوجان الصناعية ,Aujan industries Group
1361,بن داود القابضة,BinDawoodHolding
1362,مستشفى بقشان ,Bugshan Hospital
1363,شركة شينت عجلان وإخوانه للكهرباء,Chint Ajlan and Brothers Electrical Co.Ltd
1364,شركة عبدالله ابونيان للاستثمار القابضة,Company Abdallah Abo Nian for Investment
1365,شركة دله البركة القابضة,Dallah Albaraka Holding Co.
1366,شركة دينيس العربية ,Denys Arabia Co
1367,شركة اتقان الحلول التقنية ,Exact Technical Services Co (ETS)
1368,شركة فاس لبمتحدة الطبية ,FAS Holding group
1369,شركة حمد محمد الرقيب وأولاده التجارية,Hamad Mohammed Alrugaib and Sons CO
1370,شركة إبراهيم الجفالي وإخوانه للتكييف والكهرباء المحدودة,"Juffali Airconditioning, mechanical & Electrical CO."
1371,شركة ابراهيم الجفالي واخوانه للسيارات,Juffali Automotive Company
1372, مجموعة الجفالي,Juffali Group
1373,شركة ماسك للاستثمار ,MASIC Investment Company
1374, مجموعة محمد يوسف ناغي,Mohamed Yousuf Naghi Group
1375,شركة محمد يوسف ناغي للسيارات,Mohamed Yousuf Naghi Motors Company
1376,نايف الراجحي للاستثمار ,Naif AlRajhi Investment
1377,نايف صالح عبدالعزيز الراجحي الاستثمارية المحدودة شركة شخص واحد,"Naif Saleh Abdulaziz Alrajhi Investment Co, Ltd"
1378,العبيكان للاستثمار ,Obeikan Investment
1379,شركة العليان الماليه,Olayan Financing Company
1380,شركة العليان للخدمات الغذائية ,Olayan Food Services Company
1381,شركة العليان السعودية القابضة,Olayan Saudi Holding Company 
1382,شركة العليان السعودية الإستثمارية المحدودة,Olayan Saudi Investment Company
1383,شركة راشد عبد الرحمن الراشد وأولاده,Rashed AbdulRahman Al Rashed & Sons Co
1384,شركة روابي القابضة ,Rawabi Holding Group
1385,شركة فيتونيت السعودية المحدودة (سافيتو),Saudi Vetonit Company Limited
1386, شركة سدكو القابضة,Sedco Holding Company
1387,شركة سليمان عبد العزيز الراجحي للاستثمارات العقارية,Sulaiman Al Rajhi Real Estate Investent Company 
1388,شركة سليمان بن عبدالعزيز الراجحي القابضة,Sulaiman Alrajhi Holding
1389,سمو العقارية ,Sumou Real Estate
1390,مجموعة تمر,Tamer Group
1391,شركة كوكا كولا السعودية لتعبئة المرطبات,The Coca Cola Bottling Company of Saudi Arabia
1392,مجموعة شركات الزاهد,Zahid Group
1393,زينل,Zainal
1394, مجموعة الزامل القابضة,Zamil Group Holding Company
1395,دار نيوم القابضة, First House
1396,شركة ضوئيات للاتصالات - الشركة السعودية للكهرباء,Dawiyat Integrated Telecommunication and Information Technology Company
1397,شركة أكوا لالستثمار الصناعية شركة شخص واحد,ACWA Industrial Investment Company – One Person Co
1398,شركة أكوا باور لإدارة مشاريع الطاقة والاستحواذ,ACWA Power Co. for Project Management and Acquisition
1399,أكوا باور للطاقة,ACWA Power for Energy 
1400,شركة أكوا باور جيزان للطاقة,ACWA Power for Jizan Energy Co
1401,شركة أكوا باور السعودية لتنمية المياه والطاقة ,ACWA Power Saudi Electricity and Water Development Co.
1402,الشركة العربية المتقدمة للمشبهات المحدودة ,Advanced Arabian Simulation Company
1403,شركة الألكترونيات المتقدمة ,Advanced Electronics Company
1404,شركة الألكترونيات المتقدمة للخدمات المساندة,Advanced Electronics Support Services Company
1405,شركة المعدات المكملة للطائرات ,Aircraft Accessories and Components Company
1406,شركة مستشفى الغرب التخصصي للرعاية الطبية  - مجموعة الدكتور سليمان الحبيب,Al Gharb Al Takhassus for Healthcare Company
1407,شركة الامتياز للتشغيل والصيانة المحدودة,Al Imtiaz Operation and Maintenance Company Ltd.
1408,شركة المراكز الأولية للرعاية الطبية  - مجموعة الدكتور سليمان الحبيب,Al Marakez Al Awwalyah for Healthcare Company
1409,شركة المختبرات التشخيصية الطبية - مجموعة الدكتور سليمان الحبيب,Al Mokhtabarat Diagnostic Medical Company
1410,شركة مستشفى المحمدية للرعاية الطبية  - مجموعة الدكتور سليمان الحبيب,Al Muhammadiyah Hospital for Healthcare Company
1411,شركة مستشفى الريان للرعاية الطبية  - مجموعة الدكتور سليمان الحبيب,Al Rayan Hospital for Healthcare Company
1412,شركة الوسطى الطبية المحدودة  - مجموعة الدكتور سليمان الحبيب,Al Wosta Medical Limited Company
1413,شركة الأهلي للإسناد الخارجي,AlAhli Outsourcing Company
1414,شركة الأول العقارية,Alawwal Real Estate Company (“AREC”)
1415,شركة مياه عاليه,Aliah Company
1416,شركة الإنماء ذات الأغراض الخاصة المحدودة,Alinma SPV Limited
1417,"شركة الجبيل للأسمدة (""البيروني"") - سابك",Al-Jubail Fertilizer Company (Al-Bayroni)
1418,"شركة الجبيل للبتروكيماويات (""كيميا"") - سابك",Al-Jubail Petrochemical Company (Kemya)
1419,شركة المراعي لأغذية الاطفال ,Almarai Baby Food Company Limited
1420,شركة المراعي للانشاءات ,Almarai Construction Company Limited
1421,شركة المراعي للحوم ,Almarai for Meat LLC
1422,شركة المراعي للاستثمار المحدودة ,Almarai Investment Company Limited
1423,شركة المرجان لإنتاج الكهرباء,Al-Mourjan For Electricity Production Co
1424,شركة السلام لصناعة الطائرات ,Alsalam Aerospace Industries Company 
1425,شركة أمواج العالمية المحدودة,Amwaj International Company Ltd
1426,شركة عقالات المحدودة (عقالات),Aqalat Limited Company (Aqalat)
1427,شركة الرس للطاقة الشمسية,Ar Rass Solar Energy Company
1428,الشركة العربية الكيماوية (لاتكس) المحدودة,Arabian Chemical Company (Latex) Ltd
1429,الشركة العربية الكيماوية (البوليستايرين) المحدودة,Arabian Chemical Company (Polystyrene) Ltd
1430,الشركة العربية لأعمال المياه والطاقة,Arabian Company for Water and Power Projects
1431,شركة كفاءة العربية للتشغيل والصيانة (شركة مساهمة),Arabian Efficiency Company for Operation and Maintenance - Close Joint Stock Company
1432,الشركة العربية للصناعات المعدنية المحدودة,Arabian Metal Industries
1433,"الشركة العربية للبتروكيماويات ""بتروكيما"" - سابك",Arabian Petrochemical Company (Petrokemya)
1434,شــركة العقارات العربية المحدودة,Arabian Real Estate Company Limited (“ARECO”)
1435,الشركة العربية للاتصالات المحدودة,Arabian Telecommunications Company Ltd.
1436,شركة أرامكو للكيميائيات,Aramco Chemical Company
1437,شركة أرامكو لإمداد الغاز,Aramco Gas Pipelines Company
1438,شركة أرامكو لأعمال الخليج المحدودة,Aramco Gulf Operations Company Limited
1439,شركة أرامكو لزيوت التشحيم والبيع بالتجزئة,Aramco Lubricants and Retail Company
1440,شركة أرامكو لإمداد الزيت الخام,Aramco Oil Pipelines Company
1441,شركة مشاريع أرامكو,Aramco Trading Company
1442,شركة ارتاس المتحدة  - المراعي,Artas United Limited Company 
1443,شركة صيدليات الشرق الأوسط - مجموعة الدكتور سليمان الحبيب,Asharq Al Awsat Pharmacies Company
1444,شركة بوابة الغرب للرعاية الطبية - مجموعة الدكتور سليمان الحبيب,Bawabat Al Gharb for Healthcare Company
1445,شركة بوابة الشمال للرعاية الطبية - مجموعة الدكتور سليمان الحبيب,Bawabat Al Shamal for Healthcare Company
1446,شركة صندوق الإبتكار للإستثمار - STC,Sendouk Al-Abatakar for Investment Company
1447,شركة مستشفى بريدة التخصصي للرعاية الطبية  - مجموعة الدكتور سليمان الحبيب,Buraidah Al Takhassusi Hospital for Healthcare Company
1448,شركة المراكز الرقمية للبيانات والإتصالات (سنتر 3),Digital Centers for Data and Telecommunications  Company (center3)
1449,شركة قنوات الاتصالات السعودية,Saudi Telecom Channels Company (Channels)
1450,شركة مراكز الاتصال,Contact Center Company (CCC)
1451,شركة كيرزون ستريت بروبيرتيز ليميتد,Curzon Street Properties Limited
1452,شركة ظفرة لتحلية المياه,Dhafra Water Desalination Company
1453,شركة الإمتياز الرقمي لتقنية نظم المعلومات المحدودة,Digital Excellence Company For Information Systems Technology
1454,شركة الدكتور سليمان الحبيب للتعليم - مجموعة الدكتور سليمان الحبيب,Dr. Sulaiman Al Habib for Education Company
1455,"الشركة الشرقية للبتروكيماويات "" شرق"" - سابك",Eastern Petrochemical Company (Sharq)
1456,شركة علم أركان لتقنية نظم المعلومات,Elm Arkan Information Systems Technology
1457,شركة علم للاستثمار التقني,Elm Technical Investment Company
1458,شركة مدينة الطاقة للتطوير,Energy City Development Company
1459,شركة مدينة الطاقة للتشغيل,Energy City Operating Company 
1460,شركة اينوا للطاقة - نيوم,ENOWA
1461,شركة إتمام اللوجستية للصيانة والتشغيل - المراعي,Etmam Logistics Company
1462,شركة الأداء المميز للكيميائيات ذ.م.م,Excellent Performance Chemicals Company
1463,الشركة الوطنية الأولى القابضة,First National Holding Company - Sole Proprietorship
1464,الشركة الوطنية الأولى لخدمات التشغيل والصيانة,First National Operation and Maintenance Co.
1465,شركة فلو الطبية - مجموعة الدكتور سليمان الحبيب,Flow Medical Company
1466,شركة موارد المستقبل المحدودة,Future Resources Company
1467,شركة مستشفى غرب جدة - مجموعة الدكتور سليمان الحبيب,Gharb Jeddah Hospital Company
1468,الشركة العالمية للحلول الرقمية المتكاملة,Global Digital Integrated Solutions Company
1469,شركة حائل للتنمية الزراعية   - المراعي,Hail Agricultural Development Company
1470,شركة هجر النتاج الكهرباء مساهمة مقفلة,Hajr for Electricity Production Company
1471,مركز تطوير وابتكار الهيدروجين (فرع شركة اينوا),HIDC
1472,المعهد العالي لتقنيات المياه والكهرباء,Higher Institute for Water and Power Technologies
1473,شركة العناية الصحية المنزلية - مجموعة الدكتور سليمان الحبيب,Home Healthcare Company
1474,شركة حلول السحابة لالتصاالت وتقنية المعلومات - مجموعة الدكتور سليمان الحبيب,Hulool Al Sahabah for IT and Communication Company
1475,شركة المعادن الصناعية,Industrial Minerals Company 
1476,الشركة العالمية لخدمات المخابز المحدودة -المراعي,International Baking Services Company Limited
1477,شركة بوارج الدولية لتحلية المياه المحدودة,International Barges Co. for Water Desalination
1478,الشركة الدولية لأغذية الأطفال ,International Pediatric Nutrition Company Limited
1479,الشركة العالمية للشحن والنقل,"International Shipping and Transportation Co. 
(“ISTC”)"
1480,شركة الخليج النموذجية للإعلام الرقمي المحدودة (انتغرال),Gulf Digital Media Model Company Ltd (Intigral) 
1481,شركة إدارة الاستثمار,Investment Management Company
1482,شركة انترنت الأشياء لتقنية المعلومات,"Internet of Things Information Technology 
Company (IoT squared)"
1483,شركة اشعاع القابضة,Ishaa Holding Company
1484,شركة اشعاع للطاقة المتجددة,Ishaa Renewable Energy Company - One Person Company
1485,شركة الإنماء اسناد (شركة ذات مسؤولية محدودة),Isnad Company (Limited Liability Company)
1486,شركة إثراء الرياض العقارية,Ithra Al Riyad Real Estate
1487,شركة جزلة لتحلية المياه,Jazlah Water Desalination Company – Close Joint Stock Co.
1488,شركة جيل الابتكار الرقمية المحدودة,Jeel Digital Innovation Company
1489,شركة الجبيل لخدمات وتخزين المنتجات الكيماوية - سابك,Jubail Chemical Storage and Services Company (Chemtank)
1490,شركة جبيل او اند ام المحدودة,Jubail O&M Company Ltd.
1491,شركة الجبيل المتحدة للبتروكيماويات - سابك,Jubail United Petrochemical Company (United)
1492,شركة إبراهيم الجفالي واخوانه للتكييف والأجهزة المنزلية,Juffali Airconditioning & Home Appliances Company
1493,شركة إبراهيم الجفالي واخوانه لقطع غيار السيارات والشاحنات,Juffali Auto Parts Company
1494,شركة إبراهيم الجفالي واخوانه للمنتجات الكيماوية,Juffali Chemical Products
1495,شركة إبراهيم الجفالي واخوانه للمعدات الثقيلة,Juffali Heavy Equipment Company
1496,شركة إبراهيم الجفالي واخوانه لأنظمة الطباعة,Juffali Printing Systems Limited
1497,شركة إبراهيم الجفالي واخوانه للمعدات الفنية,Juffali Technical Equipment Company
1498,شركة كهروماء,Kahrooma Company
1499,شركة ليلى والرس القابضة,Layla and Ar Rass Holding Company
1500,شركة ليلى للطاقة الشمسية,Layla Solar Energy Company
1501,شركة معادن للألومنيوم,Ma’aden Aluminum Company
1502,شركة معادن باريك الثانية المحدودة,Ma’aden Barrick 2 Limited
1503,شركة معادن باريك الثالثة المحدودة,Ma’aden Barrick 3 Limited
1504,شركة معادن باريك للنحاس,Ma’aden Barrick Copper Company
1505,شركة معادن للبوكسايت والألومينا,Ma’aden Bauxite and Alumina Company
1506,شركة معادن للأسمدة,Ma’aden Fertilizer Company
1507,شركة معادن الذهب ومعادن الأساس,Ma’aden Gold and Base Metals Company
1508,شركة معادن الذهب ومعادن الأساس القابضة,Ma’aden Gold and Base Metals Holding Company
1509,شركة معادن للبنية التحتية,Ma’aden Infrastructure Company
1510,شركة معادن المتكاملة القابضة للألومنيوم,Ma’aden Integrated Aluminium Holding Company
1511,شركة معادن المتكاملة القابضة للأسمدة,Ma’aden Integrated Fertilizer Holding Company
1512,شركة معادن ايفانهو الكتريك للاستكشاف والتطوير المحدودة,"Ma’aden Ivanhoe Electric Exploration and Development 
Limited Company"
1513,شركة معادن للتسويق والتوزيع,Ma’aden Marketing and Distribution Company 
1514,شركة معادن للفوسفات,Ma’aden Phosphate Company
1515,شركة معادن للدرفلة,Ma’aden Rolling Company 
1516,شركة المعادن الاستراتيجية للتعدين,Ma’aden Strategic Minerals Mining Company
1517,شركة معادن وعد الشمال,Ma’aden Wa’ad Al Shamal Phosphate Company
1518,شركة صيانة التكييف والتبريد المحدودة )ماركو(,Maintenance of Airconditioning and Refrigerators Company
1519,شركة الراجحي لإدارة وتنمية الموارد  البشرية (المملكة العربية السعودية),(Management and Development for  Human Resources Company (KSA
1520,شركة مرافق البحر الأحمر المشتركة للطاقة,Marafiq Red Sea for Energy Company
1521,شركة مرافق طويق للطاقة,Marafiq Tweeq Power Company
1522,شركة رفاهية التنقل لتأجير السيارات,Mobility Luxury Car Rental Company
1523,الشركة الحديثة لصناعة المواد الغذائية  - المراعي,Modern Food Industries Company Limited
1524,شركة مكاملة لخدمات حقول النفط المحدودة,Mukamala Oil Field Services Limited 
1525,شركة مكاملة للطيران,Mukamalah Aviation Company
1526,شركة المساهمات المتعددة,Multiple Shares Company Ltd
1527,"الشركة الوطنية للأسمدة الكيماويات "" ابن البيطار "" - سابك",National Chemical Fertilizer Company (Ibn Al-Baytar)
1528,الشركة الوطنية لخدمات الأعمال العالمية  - سابك,National Company for Global Business Services
1529,"الشركة الوطنية للغازات الصناعية "" غاز"" - سابك",National Industrial Gases Company (Gas)
1530,"الشركة الوطنية للميثانول ""ابن سينا"" - سابك",National Methanol Company (Ibn Sina)
1531,شركة نوار القابضة,Nawwar Holding Company
1532,شركة نوار للطاقة المتجددة,Nawwar Renewable Energy Company
1533,شركة نيوم للهيدروجين الأخضر المحدودة,NEOM GREEN HYDROGEN CO. LTD
1534,صندوق نيوم لااستثمار - نيوم,NIF
1535,نوماك الجبيل للتشغيل والصيانة,NOMAC Jubail Operation and Maintenance
1536,شركة نوماك البحر األحمر للتشغيل والصيانة,NOMAC Red Sea Company for Operation and Maintenance LLC
1537,شركة نوماك للطاقة المتجددة,NOMAC Renewable Energy Company
1538,شركة نوماك السعودية للتشغيل والصيانة,NOMAC Saudia for Operation and Maintenance Company
1539,شركة نور الشعيبة القابضة (سابقًا شركة مرافق القدية القابضة),Noor Al Shuaibah Holding Company
1540,شركة نادي نيوم,NSC
1541,شركة الواحة القابضة,Oasis Holding Company
1542,شركة واحة الطاقة الأولى للمياه وللطاقة التقليدية,Oasis power One Conventional Energy and Water Company LLC
1543,شركة واحة الطاقة الثانية للطاقة المتجددة,Oasis power Two Renewable Energy Company LLC
1544,شركة اوكساجون - نيوم,Oxagon
1545,مصنع الأوائل للصناعات الغذائية  - المراعي,Premier Food Industries Company L.L.C
1546,شركة تملك المشاريع المحدودة,Projects Acquisition Company
1547,شركة تأصيل الدواجن  - المراعي,Pure Breed Poultry Company Limited
1548,شركة قارا للطاقة الشمسية المحدودة,Qara Solar Energy Company
1549,شركة قدرة الأولى للكهرباء,Qudra One for Electricity Company
1550,شركة قدرة الاولى القابضة,Qudra One Holding Company
1551,شركة القرية الاستثمارية,Qurayyah Investment Company
1552,شركة مشروع القرية,Qurayyah Project Company Limited
1553,شركة رابغ العربية للمياه والكهرباء,Rabigh Arabian Water & Electricity Company
1554,شركة رابغ لإجارة الاصول المحدودة,Rabigh Asset Leasing Company
1555,شركة رابغ للكهرباء,Rabigh Electricity Co
1556,شركة توسعة رابغ المحدودة,Rabigh Expansion Company Limited
1557,شركة رابغ الاستثمارية المحدودة,Rabigh Investment Co.
1558,شركة رابغ للتشغيل والصيانة,Rabigh Operation and Maintenance Co. Ltd.
1559,شركة رابغ الثالثة شركة مساهمة مقفلة مختلطة,Rabigh Three Company
1560,شركة رابغ لخدمات إنتاج المياه المحدودة,Rabigh Water Production Services Co Ltd
1561,شركة روابط الطبية,Rawabet Medical Company
1562,شركة روابي لتحلية المياة,Rawabi Water Desalination Company
1563,الشركة العقارية المطورة للتمليك والإدارة المحدودة,Real Estate Development Company (REDCO)
1564,شركة ريمات المتقدمة لتقنية المعلومات ,Remat Advanced Information Technology LLC 
1565,شركة الرياض لوكالة التأمين,Riyad Company for Insurance Agency
1566,شركة إسناد الرياض للموارد البشرية,Riyad Esnad Company for Human Resources
1567,شركة الرياض للأسواق المالية,Riyad Financial Markets Limited
1568,شركة سعد الثانية القابضة,Saad Two Holding Company
1569,شركة سعد الثانية للطاقة المتجددة,Saad Two Renewable Energy Company
1570,شــركة ساب للأسواق المحدودة,SAB Markets Limited 
1571,شركة سابك لاستثمارات المغذيات الزراعية سانك,"SABIC Agri-Nutrients Investment Company 
(“SANIC”)"
1572,شركة سابك كابيتال بي في وشركاتها التابعة,SABIC Cabital B.V and its subsidiaris
1573,شركة سابك للاستثمارات الصناعية  - سابك,SABIC Industrial Investments Company (SIIC)
1574,سابك العالمية القابضة,SABIC international holdings B.V (SIH)
1575,شركة سابك للأستثمار وتنمية المحتوى المحلي  - سابك,SABIC Investment and Local Content Development Company
1576,شركة سابك لخدمات الامدادات المحدودة - سابك,SABIC Supply Chain Services LTD. (SSCS)
1577,"شركة سابك لخدمات التخزين ""ساب تانك"" - سابك",SABIC Terminal Services Company (SABTANK)
1578,شركة الصحراء ومعادن للبتروكيماويات,Sahara and Ma’aden Petrochemicals Company
1579,شركة سكاكا للطاقة الشمسية,SAKAKA Solar Energy Company
1580,شركة سامبا للعقارات,Samba Real Estate Company
1581,شركة سامي للفضاء والطيران  ,SAMI Aerospace LLC
1582,شركة سامي للدفاعات الجوية المحدودة ,SAMI Air Defense systems Limited
1583,شركة سامي ايرباص  للطائرات وخدمات الصيانة ,SAMI Airbus Aircraft & Maintenance Services
1584,شركة سامي سي ام أي للأنظمة الدفاعية ,SAMI CMI Defence Systems Company
1585, شركة سامي للمواد المركبة المحدودة,SAMI Composites LLC
1586,شركة سامي للأنظمة الدفاعية المحدودة  ,SAMI Defense SystemsLLC
1587,شركة سامي دسر للأنظمة الجوية المحدودة  ,SAMI Dussur Aeronautics LLC Company
1588,شركة سامي  للالكترونيات ,SAMI Electronics LLC 
1589,شركة سامي  للتقنيات الحديثة ,SAMI Emerging Technologies LLC
1590, شركة سامي فيجا ايرو ميني فاكشرنج للصناعة,SAMI Figeac Aero Manufacturing Industry
1591,شركة سامي جنرال دينامكس للأنظمة الأرضية المحدودة ,SAMI General Dynamics Land Systems LLC
1592, شركة سامي إل ثري هاريس تكنولوجيز,SAMI L3Harris technologies LLC 
1593,شركة سامي  للأنظمة الأرضية ,SAMI Land System LLC
1594,شركة سامي أم بي أيه لانظمة الصواريخ,SAMI MBDA Missile Systems LLC
1595,شركة سامي نافانتيا للصناعات البحرية,SAMI Navantia Naval Industries Company
1596,شركة سامي البحرية المحدودة,SAMI Sea LLC 
1597,شركة سامي للخدمات المشتركة,SAMI Shared Services LLC 
1598,شركة سامي تاليس للأنظمة الإلكترونية,SAMI Thales Electronic Systems Company 
1599,الشركة السعودية للتقنيات المتقدمة,Saudi Advanced Technologies
1600,شركة أرامكو السعودية آسيا المحدودة,Saudi Aramco Asia Company Limited
1601,شركة أرامكو السعودية للتطوير,Saudi Aramco Development Company
1602,شركة مركز أرامكو السعودية لريادة الأعمال المحدودة,"Saudi Aramco Entrepreneurship Center 
Company Limited"
1603,شركة أرامكو السعودية لريادة الأعمال الاستثمارية المحدودة,"Saudi Aramco Entrepreneurship Venture 
Company Limited"
1604,شركة مصفاة أرامكو السعودية الجبيل,Saudi Aramco Jubail Refinery Company
1605,شركة أرامكو السعودية روان للحفر البحري,Saudi Aramco Nabors Drilling Company
1606,شركة أرامكو السعودية للطاقة,Saudi Aramco Power Company
1607,شركة ارامكو السعودية روان للحفر البحري,Saudi Aramco Rowan offshore Drilling Company
1608,شركة صكوك أرامكو السعودية,Saudi Aramco Sukuk Company
1609,شركة أرامكو السعودية لألبحاث والتقنية,Saudi Aramco Technologies Company
1610,شركة أرامكو السعودية لبحوث وتقنيات الاستكشاف والانتاج,Saudi Aramco Upstream Technology Company
1611,شركة كهرباء السعودية لتطوير المشاريع - الشركة السعودية للكهرباء,Saudi Electricity Project Development Company (PDC)
1612,"الشركة السعودية الاوروبيه للبتروكيماويات ""ابن زهر"" - سابك",Saudi European Petrochemical Company (Ibn Zahr)
1613,شركة التقنية المالية السعودية,Saudi Fintech Company
1614,شركة كيان الســعودية لإجارة الاصول,Saudi Kayan Assets Leasing Company
1615,الشركة السعودية الماليزية لخدمات التشغيل والصيانة المحدودة,Saudi Malaysia O&M Services Co. Ltd.
1616,الشركة السعودية الماليزية للمياه والكهرباء المحدودة,Saudi Malaysia Water and Electricity Co. Ltd.
1617,الشركة السعودية للميثاكريليت - سابك,Saudi Methacrylate Company (SAMAC)
1618,"الشركة السعودية للميثانول ""الرازي"" - سابك",Saudi Methanol Company (Ar-Razi)
1619,الشركة السعودية لصناعة الثلاجات المحدودة,Saudi Refrigerators Manufacturing Company Limited
1620,الشركة السعودية لمساندة الطائرات  العامودية ,Saudi Rotorcraft Support Company
1621,شركة ينبع السعودية للبتروكيماويات  - سابك,Saudi Yanbu Petrochemical Company (Yanpet)
1622,شركة مجمع صحة العليا الطبي - مجموعة الدكتور سليمان الحبيب,Sehat Al Olaya Medical Complex Company
1623,شركة صحة الشرق الطبية المحدودة  - مجموعة الدكتور سليمان الحبيب,Sehat Al Sharq Medical Limited Company
1624,شركة صحة السويدي الطبية  - مجموعة الدكتور سليمان الحبيب,Sehat Al Suwaidi Medical Company
1625,شركة صحة الحمراء للرعاية الطبية - مجموعة الدكتور سليمان الحبيب,Sehat AlHamra for Healthcare Company
1626,شركة صحة الخرج للرعاية الطبية - مجموعة الدكتور سليمان الحبيب,Sehat AlKharj for Healthcare Company
1627,شركة سقاية للتشغيل والصيانة المحدودة,Seqayah Operation and Maintenance Company Ltd
1628,شركة شمال الرياض للرعاية الطبية  - مجموعة الدكتور سليمان الحبيب,Shamal Al Riyadh for Healthcare Company
1629,شركة الشعيبة الثانية لتحلية المياه القابضة المحدودة,Shuaiba Two Water Desalination Holding Company LLC
1630,شركة توسعة الشعيبة القابضة المحدودة,Shuaibah Expansion Holding Company Limited
1631,شركة مشروع توسعة الشعيبة,Shuaibah Expansion Project Co
1632,شركة الشعيبة للطاقة,Shuaibah for Energy Company
1633,شركة الشعيبة القابضة,Shuaibah Holding Company
1634,شركة الشعيبة الوطنية للمياه والطاقة,Shuaibah National Company for Water and Power
1635,شركة الشعيبة الثالثة لتحلية المياه,Shuaibah Three Water Desalination Company 
1636,شركة شعيبة الثانية للطاقة الكهربائية مساهمة سعودية مقفلة,Shuaibah Two for Electrical Energy Company
1637,شركة مشروع الشعيبة الثانية لتنمية المياه,Shuaibah Two Water Development Project Co
1638,شركة الشعيبة للمياه والكهرباء,Shuaibah Water & Electricity Co Ltd
1639,شركة خدمات الشقيق للصيانة شركة شخص واحد,Shuqaiq Services Company for Maintenance
1640,شركة سدرة الأولى للكهرباء,Sidra One for Electricity Company
1641,شركة سدرة الأولى القابضة,Sidra One Holding Company
1642,الشركة المتقدمة للتقنية والأمن السيبراني (سرار) - STC,Sirar by stc
1643,شركة الأهلي المالية السعودية للاستثمار العقاري,SNB Capital Real Estate Investment Company (REIC)
1644,شركة سفن للصناعات ,Sofon Industries Company 
1645,شركة سفن للصناعات البحرية,Sofon Naval Industries Company
1646,شركة وادي الحلول المحدودة - الشركة السعودية للكهرباء,Solutions Valley Company
1647,شركة الإتصالات العامة (المتخصصة) - STC,Public Telecommunications Company (Specialized)
1648,شركة الأنظمة المتخصصة المتكاملة للتقنيات,Specialized Enterprise Systems
1649,شركة ستافكو,Staff Co
1650,شركة المدفوعات الرقمية السعودية - STC,Saudi Digital Payments Company (stc Bank)
1651,شركة سدير الأولى القابضة,Sudair One Holding Company
1652,شركة سدير الأولى للطاقة المتجددة,Sudair One Renewable Energy Project Company
1653,شركة التنوير العقارية,Tanweer Real Estate Company
1654,شركة تسويات الإدارية - مجموعة الدكتور سليمان الحبيب,Taswyat Management Company 
1655,شركة أبراج الاتصالات توال - STC,TAWAl
1656,شركة توثيق(المملكة العربية السعودية),(Tawtheeq Company(KSA
1657,شركة تونموس - نيوم,TONOMUS
1658,شركة توبيان - نيوم,TOPIAN 
1659,شركة تدير العقارية( المملكة العربية السعودية),(Tuder Real Estate Company(KSA
1660,شركة العمرة للخدمات المتميزة,Umrah for Specialized Services Company
1661,شركة تحالف المياه القابضة,Water consortium Holding company
1662,شركة توسعة تحلية المياه,Water Desalination Expansion Company
1663,شركة المخابز الغربية  -المراعي,Western Bakeries Company Limited
1664,شركة وصاية العالمية للاستثمار,Wisayah Global Investment Company 
1665,شركة وراس للتشغيل والصيانة - مجموعة الدكتور سليمان الحبيب,Wrass for Operation and Maintenance Company
1666,شركة وراس العقارية,Wrass Real Estate Company
1667,شركة إبراهيم الجفالي واخوانه,EA Juffali and Brothers (Closed Joint Stock Company)
1668,شركة العرض المتقن للخدمات التجارية,Perfect Presentation for Commercial Services Co
1669,شركة أسواق عبدالله العثيم,Abdullah Al Othaim Markets Co
1670,شركة عبد الله سعد محمد أبو معطي للمكتبات,Abdullah Saad Mohammed Abo Moati for Bookstores Co
1671,شركة الأسمنت العربية,Arabian Cement Co
1672,المجموعة المتحدة للتأمين التعاوني,Allied Cooperative Insurance Group
1673,شركة أكوا باور,ACWA POWER COMPANY
1674,شركة أديس القابضة,ADES Holding Company
1675,الشركة المتقدمة للبتروكيماويات,Advanced Petrochemical Co
1676,شركة التأمين العربية التعاونية,Arabian Insurance Cooperative Company
1677,صندوق المعذر ريت,AL Maather REIT Fund
1678,صندوق الراجحي ريت,Al Rajhi REIT Fund
1679,شركة العبداللطيف للإستثمار الصناعي,Al Abdullatif Industrial Investment Co
1680,صندوق الأهلي ريت 1,AlAhli REIT Fund 1
1681,الشركة العقارية السعودية,Saudi Real Estate Co
1682,شركة الآمار الغذائية,Alamar Foods Co
1683,شركة الأندلس العقارية,Alandalus Property Co
1684,الشركة العربية للتعهدات الفنية,Arabian Contracting Services Co
1685,شركة ثوب الأصيل,Thob Al Aseel Co
1686,شركة البابطين للطاقة والإتصالات,Al-Babtain Power and Telecommunication Co
1687,شركة الباحة للإستثمار والتنمية,Al-Baha Investment and Development Co
1688,بنك البلاد,Bank Albilad
1689,شركة الدواء للخدمات الطبية,Aldawaa Medical Services Co
1690,شركة الدريس للخدمات البترولية و النقليات,Aldrees Petroleum and Transport Services Co
1691,شركة الاتحاد للتأمين التعاوني,Al-Etihad Cooperative Insurance Co
1692,شركة الحمادي القابضة,Al Hammadi Holding
1693,  سابقا شركة مجموعة عبدالمحسن الحكير للسياحة والتنمية ,Abdulmohsen Alhokair Group for Tourism and Development
1694,مصرف الإنماء,Alinma Bank
1695,صندوق الإنماء ريت الفندقي,Alinma Hospitality REIT Fund
1696,صندوق الإنماء ريت لقطاع التجزئة,Alinma Retail REIT Fund
1697,صندوق الجزيرة ريت,AlJazira REIT
1698,شركة الجوف الزراعية,Al-Jouf Agricultural Development Co
1699,شركة الكثيري القابضة,Al Kathiri Holding Co
1700,صندوق الخبير ريت,Alkhabeer REIT Fund
1701,شركة الخليج للتدريب والتعليم,Alkhaleej Training and Education Co
1702,سابقا شركة أليانز السعودي الفرنسي للتأمين التعاوني,
1703,شركة المراعي,Almarai Co
1704,شركة الموارد للقوى البشرية,Al Mawarid Manpower Co
1705,شركة المنجم للأغذية,Almunajem Foods Co
1706,شركة العمران للصناعة والتجارة,Al-Omran Industrial Trading Co
1707,مصرف الراجحي,Al Rajhi Bank
1708,شركة الراجحي للتأمين التعاوني,Al-Rajhi Company for Cooperative Insurance
1709,شركة الصقر للتأمين التعاوني,Al Sagr Cooperative Insurance Co
1710,شركة متاجر السيف للتنمية والاستثمار,AlSaif Stores for Development and Investment Co
1711,شركة اللجين,Alujain Corp
1712,شركة اليمامة للصناعات الحديدية,Al Yamamah Steel Industries Co
1713,شركة المصانع الكبرى للتعدين,Almasane Alkobra Mining Co
1714,شركة أمانة للتأمين التعاوني,Amana Cooperative Insurance Co
1715,شركة أمريكانا للمطاعم العالمية بي إل سي,Americana Restaurants International PLC
1716,شركة أميانتيت العربية السعودية,Saudi Arabian Amiantit Co
1717,شركة أملاك العالمية للتمويل,Amlak International Finance Co
1718,مجموعة أنعام الدولية القابضة,Anaam International Holding Group
1719,البنك العربي الوطني,Arab National Bank
1720,الشركة العربية للأنابيب,Arabian Pipes Co
1721,شركة بحر العرب لأنظمة المعلومات,Arab Sea Information System Co
1722,شركة الحفر العربية,Arabian Drilling Co
1723,شركة الدرع العربي للتأمين التعاوني,Arabian Shield Cooperative Insurance Co
1724,شركة الرياض للتعمير,Arriyadh Development Co
1725,شركة إتحاد مصانع الأسلاك,United Wire Factories Co
1726,مجموعة أسترا الصناعية,Astra Industrial Group
1727,شركة عطاء التعليمية,Ataa Educational Co
1728,شركة إتحاد عذيب للإتصالات,Etihad Atheeb Telecommunication Co
1729,شركة الخريف لتقنية المياه والطاقة,Alkhorayef Water and Power Technologies Co
1730,شركة أيان للإستثمار,AYYAN Investment Co
1731,شركة باعظيم التجارية,Baazeem Trading Co
1732,الشركة الوطنية السعودية للنقل البحري,The National Shipping Company of Saudi Arabia
1733,شركة باتك للإستثمار والأعمال اللوجستية,Batic Investments and Logistics Co
1734,شركة بوان,"	Bawan Company "
1735,شركة الصناعات الكيميائية الأساسية,Basic Chemical Industries Co
1736,شركة بن داود القابضة,BinDawood Holding Co
1737,بنك الجزيرة,Bank Aljazira
1738,صندوق بنيان ريت,Bonyan REIT Fund
1739,البنك السعودي الفرنسي,Banque Saudi Fransi
1740,الشركة المتحدة الدولية للمواصلات,United International Transportation Co
1741,شركة بوبا العربية للتأمين التعاوني,Bupa Arabia for Cooperative Insurance Co
1742,شركة بروج للتأمين التعاوني,Buruj Cooperative Insurance Co
1743,الشركة الوطنية للرعاية الطبية,National Medical Care Co
1744,شركة كاتريون للتموين القابضة,CATRION Catering Holding Co
1745,شركة المراكز العربية,Arabian Centres Co
1746,شركة فواز عبدالعزيز الحكير وشركاه,Fawaz Abdulaziz Alhokair Co
1747,شركة كيمائيات الميثانول,Methanol Chemicals Co
1748,الشركة الكيميائية السعودية القابضة,Saudi Chemical Holding Company
1749,شركة تْشب العربية للتأمين التعاوني,CHUBB Arabia Cooperative Insurance Co
1750,شركة أسمنت المدينة,City Cement Co
1751,شركة دله للخدمات الصحية,Dallah Healthcare Co
1752,شركة دار الأركان للتطوير العقاري,Dar Alarkan Real Estate Development Co
1753,صندوق دراية ريت,Derayah REIT Fund
1754,شركة الأعمال التطويرية الغذائية,Development Works Food Co
1755,شركة أنابيب الشرق المتكاملة للصناعة,East Pipes Integrated Company for Industry
1756,شركة الصناعات الكهربائية,Electrical Industries Co
1757,شركة علم,Elm Company
1758,إعمار المدينة الإقتصادية,Emaar The Economic City
1759,شركة عناية السعودية للتأمين التعاوني,Saudi Enaya Cooperative Insurance Co
1760,شركة أسمنت المنطقة الشرقية,Eastern Province Cement Company
1761,شركة دار المعدات الطبية والعلمية,Scientific and Medical Equipment House Co
1762,شركة إتحاد إتصالات,Etihad Etisalat Co
1763,الشركة المتحدة للإلكترونيات,United Electronics Co
1764,الشركة السعودية للتسويق,Saudi Marketing Co
1765,شركة تصنيع مواد التعبئة والتغليف,Filing and Packing Materials Manufacturing Co
1766,شركة المطاحن الأولى,Market Watch Today
1767,مجموعة فتيحي القابضة,Fitaihi Holding Group
1768,شركة لجام للرياضة,Leejam Sports Co
1769,شركة القصيم القابضة للاستثمار,Al Gassim Investment Holding Co
1770,شركة الغاز والتصنيع الأهلية,National Gas and Industrialization Co
1771,مجموعة الخليج للتأمين,Gulf Insurance Group
1772,الشركة الخليجية العامة للتأمين التعاوني,Gulf General Cooperative Insurance Co
1773,شركة إتحاد الخليج الأهلية للتأمين التعاوني,Gulf Union Alahlia Cooperative Insurance Co
1774,شركة حلواني إخوان,Halwani Bros. Co
1775,شركة أسمنت حائل,Hail Cement Co
1776,شركة هرفي للخدمات الغذائية,Herfy Food Services Co
1777,شركة جبل عمر للتطوير,Jabal Omar Development Co
1778,صندوق جدوى ريت الحرمين,Jadwa REIT Al Haramain Fund
1779,صندوق جدوى ريت السعودية,Jadwa REIT Saudi Fund
1780,شركة مصنع جمجوم للأدوية,Jamjoom Pharmaceuticals Factory Co
1781,شركة جرير للتسويق,Jarir Marketing Co
1782,شركة جازان للتنمية والاستثمار,Jazan Development and Investment Co
1783,شركة الجزيرة تكافل تعاوني,Aljazira Takaful Taawuni Co
1784,شركة أسمنت الجوف,Al Jouf Cement Co
1785,مدينة المعرفة الإقتصادية,Knowledge Economic City
1786,شركة المملكة القابضة,Kingdom Holding Company
1787,شركة لازوردي للمجوهرات,Lazurde Company for Jewelry
1788,شركة ليفا للتأمين,LIVA Insurance Co
1789,شركة أرامكو السعودية لزيوت الأساس,Saudi Aramco Base Oil Co
1790,شركة لومي للتأجير,Lumi Rental Co
1791,الشركة الوطنية لتصنيع وسبك المعادن,National Metal Manufacturing and Casting Co
1792,شركة التعدين العربية السعودية,Saudi Arabian Mining Company
1793,شركة مهارة للموارد البشرية,Maharah Human Resources Co
1794,شركة ملاذ للتأمين التعاوني,Malath Cooperative Insurance Co
1795,شركة مرافق الكهرباء والمياه بالجبيل وينبع,The Power and Water Utility Company for Jubail and Yanbu
1796,شركة مجموعة إم بي سي,MBC Group Co
1797,شركة مكة للإنشاء والتعمير,Makkah Construction and Development Co
1798,شركة المتوسط والخليج للتأمين وإعادة التأمين التعاوني,The Mediterranean and Gulf Insurance and Reinsurance Co
1799,صندوق ميفك ريت,MEFIC REIT Fund
1800,شركة الشرق الأوسط لصناعة وإنتاج الورق,Middle East Paper Company
1801,شركة الشرق الأوسط للكابلات المتخصصة,Middle East Specialized Cables Co
1802,شركة مياهنا,Miahona company 
1803,شركة المعمر لأنظمة المعلومات,Al Moammar Information Systems Co
1804,شركة المواساة للخدمات الطبية,Mouwasat Medical Services Co
1805,شركة المرابحة المرنة للتمويل,Morabaha Marina Financing Co
1806,صندوق ملكية عقارات الخليج ريت,Mulkia Gulf Real Estate REIT
1807,صندوق مشاركة ريت,Musharaka REIT Fund
1808,لشركة الوطنية للتنمية الزراعية,National Agricultural Development Co
1809,شركة النهدي الطبية,Nahdi Medical Co
1810,شركة أسمنت نجران,Najran Cement Co
1811,شركة نماء للكيماويات,Nama Chemicals Co
1812,شركة نقي للمياه,Naqi Water Co
1813,شركة نسيج العالمية التجارية,Naseej International Trading Co
1814,شركة النايفات للتمويل,Nayifat Finance Co
1815,الشركة الوطنية للتربية و التعليم,National Company for Learning and Education
1816,شركة الجبس الأهلية,National Gypsum Co
1817,شركة أسمنت المنطقة الشمالية,Northern Region Cement Co
1818,شركة زهرة الواحة للتجارة,Zahrat Al Waha for Trading Co
1819,شركة رابغ للتكرير والبتروكيماويات,Rabigh Refining and Petrochemical Co
1820,شركة أسمنت القصيم,Qassim Cement Company
1821,رسن لتقنية المعلومات,Rasan Information Technology Co.
1822,شركة ريدان الغذائية,Raydan Food Co
1823,شركة البحر الأحمر العالمية,Red Sea International Co
1824,شركة رتال للتطوير العمراني,Retal Urban Development Co
1825,بنك الرياض,Riyad Bank
1826,صندوق الرياض ريت,Riyad REIT Fund
1827,شركة مجموعة كابلات الرياض,Riyadh Cables Group Co
1828,شركة أسمنت الرياض,Riyadh Cement Co
1829,البنك السعودي الأول,Saudi Awwal Bank
1830,الشركة السعودية للصناعات الأساسية,Saudi Basic Industries Corp
1831,شركة سابك للمغذيات الزراعية,SABIC Agri-Nutrients Co
1832,الشركة السعودية للعدد والأدوات,Saudi Company for Hardware
1833,الشركة السعودية لمنتجات الألبان والأغذية,Saudia Dairy and Foodstuff Co
1834,شركة صدر للخدمات اللوجستية,Sadr Logistics Co
1835,البنك السعودي للإستثمار,Saudi Investment Bank
1836,الشركة السعودية للصناعات المتطورة,Saudi Advanced Industries Co
1837,الشركة العربية السعودية للتأمين التعاوني,Saudi Arabian Cooperative Insurance Co
1838,شركة سال السعودية للخدمات اللوجستية,SAL Saudi Logistics Services Co
1839,شركة سلامة للتأمين التعاوني,Salama Cooperative Insurance Co
1840,الشركة السعودية للنقل الجماعي,Saudi Public Transport Company
1841,شركة المصافي العربية السعودية,Saudi Arabia Refineries Co
1842,الشركة السعودية لخدمات السيارات والمعدات,Saudi Automotive Services Co
1843,شركة الكابلات السعودية,Saudi Cable Co
1844,شركة الأسمنت السعودية,Saudi Cement Co
1845,شركة الخزف السعودي,Saudi Ceramic Co
1846,الشركة السعودية للكهرباء,Saudi Electricity Co
1847,شركة الشرق الأوسط للرعاية الصحية,Middle East Healthcare Co
1848,شركة كيان السعودية للبتروكيماويات,Saudi Kayan Petrochemical Co
1849,الشركة السعودية لإعادة التأمين,Saudi Reinsurance Co
1850,مجموعة صافولا,Savola Group
1851,صندوق سدكو كابيتال ريت,SEDCO Capital REIT Fund
1852,مجموعة سيرا القابضة,Seera Group Holding
1853,الشركة السعودية للأسماك,Saudi Fisheries Co
1854,الشركة السعودية للخدمات الأرضية,Saudi Ground Services Co
1855,شركة الحسن غازي إبراهيم شاكر,Al Hassan Ghazi Ibrahim Shaker Co
1856,شركة الشرقية للتنمية,Ash-Sharqiyah Development Co
1857,شركة سهل للتمويل,SHL Finance Co
1858,صندوق سيكو السعودية ريت,SICO Saudi REIT Fund
1859,الشركة السعودية للتنمية الصناعية,Saudi Industrial Development Co
1860,الشركة السعودية للصادرات الصناعية,Saudi Industrial Export Co
1861,المجموعة السعودية للإستثمار الصناعي,Saudi Industrial Investment Group
1862,شركة سناد القابضة,Sinad Holding Co
1863,شركة الصحراء العالمية للبتروكيماويات,Sahara International Petrochemical Co
1864,شركة البنى التحتية المستدامة القابضة,Sustained Infrastructure Holding Co
1865,البنك الأهلي السعودي,The Saudi National Bank
1866,الشركة العربية لخدمات الإنترنت والاتصالات,Arabian Internet and Communications Services Co
1867,شركة أسمنت المنطقة الجنوبية,Southern Province Cement Company
1868,الشركة السعودية للصناعات الدوائية والمستلزمات الطبية,Saudi Pharmaceutical Industries and Medical Appliances Corp
1869,الشركة السعودية لصناعة الورق,Saudi Paper Manufacturing Co
1870,الشركة السعودية للطباعة والتغليف,Saudi Printing and Packaging Co
1871,المجموعة السعودية للأبحاث والإعلام,Saudi Research and Media Group
1872,الشركة السعودية لأنابيب الصلب,Saudi Steel Pipe Co
1873,شركة الإتصالات السعودية,Saudi Telecom Company
1874,مجموعة الدكتور سليمان الحبيب للخدمات الطبية,Dr. Sulaiman Al Habib Medical Services Group
1875,شركة سمو العقارية,Sumou Real Estate Co
1876,الشركة السعودية لإنتاج الأنابيب الفخارية,Saudi Vitrified Clay Pipes Co
1877,شركة مجموعة تداول السعودية القابضة,Saudi Tadawul Group Holding Co
1878,شركة تبوك للتنمية الزراعية,Tabuk Agricultural Development Co
1879,شركة طيبة للإستثمار,Taiba Investments Company
1880,شركة تكوين المتطورة للصناعات,Takween Advanced Industries Co
1881,صندوق تعليم ريت,Taleem REIT Fund
1882,شركة التنمية الغذائية,Tanmiah Food Co
1883,شركة تهامة للإعلان والعلاقات العامة,Tihama Advertising and Public Relations Co
1884,شركة التصنيع الوطنية,National Industrialization Co
1885,الشركة التعاونية للتأمين,The Company for Cooperative Insurance
1886,شركة أسمنت تبوك,Tabuk Cement Co
1887,شركة المشروعات السياحية,Tourism Enterprise Co
1888,شركة ذيب لتأجير السيارات,Theeb Rent a Car Co
1889,شركة ثمار التنمية القابضة,Thimar Development Holding Co
1890,شركة أسمنت ام القرى,Umm Al-Qura Cement Co
1891,الشركة المتحدة للتأمين التعاوني,United Cooperative Assurance Co
1892,شركة وفرة للصناعة والتنمية,Wafrah for Industry and Development Co
1893,شركة ولاء للتأمين التعاوني,Walaa Cooperative Insurance Co
1894,الشركة الوطنية للتأمين,Wataniya Insurance Co
1895,"شركة ينبع الوطنية للبتروكيماويات ""ينساب"" - سابك",Yanbu National Petrochemical Company (Yansab)
1896,شركة أسمنت ينبع,Yanbu Cement Company
1897,شركة أسمنت اليمامة,Yamama Cement Co
1898,شركة الإتصالات المتنقلة السعودية,Mobile Telecommunication Company Saudi Arabia
1899,شركة الزامل للإستثمار الصناعي,Zamil Industrial Investment Co
1900,شركة الصناعات الزجاجية الوطنية,The National Company for Glass Industries
1901,شركة ديبا العربية السعودية للمقاولات والديكور الداخلي المحدودة,DEPA
1902,بنك المنشات الصغيرة والمتوسطة,Small & Medium Enterprises Bank (SME Bank)
1903,الشركة السعودية للضيافة,Saudi Hospitality Company
1904,نادي الفتح,‏ ‏Al Fateh Club
1905,نادي الخليج,‏ ‏‎ Al Khaleej Club
1906,نادي الرياض,‏ Al Riyadh Club
1907,نادي ضمك,‏ Damac Club
1908,نادي العروبة,‏ ‏Al Orobah Club
1909,شركة نادي القادسية,‏ ‏Al Qadsiah Club Company
1910,نادي الرائد,‏ ‏Al Raed Club
1911,نادي الشباب,‏ Al Shabab Club
1912,نادي التعاون,‏ Al Taawoun Club
1913,برنامج جدة التاريخية ,Jeddah Historic District program 
1914,شركة تأجير الطائرات,Aircraft Leasing Company
1915,شركة نادي الأهلي,Al Ahli Club Company
1916,شركة بواني القابضة,Al Bawani Holding Company
1917,نادي الاتفاق,‏Al Ettifaq Club
1918,نادي الفيحاء,‏Al Fayha Club
1919,شركة نادي الهلال,Al Hilal Club Company
1920,شركة نادي الاتحاد,Al Ittihad Club Company
1921,نادي الخلود,‏Al Kholood Club
1922,شركة تراث المدينة,Al Madinah Heritage Company
1923,شركة نادي النصر,Al Nasser Club Company
1924,نادي الاخدود,‏‏Al Okhdood Club
1925,شركة أسواق التميمي,Al Tamimi Markets Company
1926,نادي الوحدة,‏Al Wehda Club
1927,شركة تطوير البلد,AlBalad Development Company
1928,شركة المباني مقاولون عامون,AlMabani General Contractors Company
1929,شركة العلا للتطوير,AlUla Development company
1930,البنك العربي (عمان) المحدود,Arab Bank (Amman)
1931,"الشركة العربية للألياف الصناعية ""أبن رشد"" ",Arabian Industrial Fibers Company (Ibn Rushd)
1932,شركة أرسيلور ميتال تيوبيلر برودكتس الجبيل,ArcelorMittal Tubular Products Al Jubail
1933,شركة أردارا للتطوير,Ardara Development Company
1934,شركة عسير للاستثمار,Aseer Investment Company
1935,اسما كابيتال,ASMA Capital partners
1936,شركة خدمات الطيران,Aviation Services Company
1937,شركة بدائل,Badael Company
1938,شركة بداية لتمويل المنازل,Bidaya FinanceCompany
1939,شركة مجموعة بوتيك,Boutique Group
1940,شركة سير الوطنية للسيارات,Ceer National Automotive Company
1941,شركة مركز الحوكمة,Center for Governance Company
1942,شركة مصدر لحلول البيانات ,Company Masdar Lahloul Al Bayanat
1943,بنك دال 360,D360 Bank
1944,شركة دان,Dan Company
1945,شركة الدرعية,Diriyah Company
1946,شركة البنية التحتية للسيارات الكهربائية,Electric Vehicle Infrastructure Company
1947,شركة السيف مهندسون مقاولون المحدودة,ElSeif Engineering Contracting Company Limited
1948,طيران أديل,Fly Adeal 
1949,شركة صندوق الصناديق,Fund of Funds Company
1950,شركة المستقبل للذكاء الاصطناعي,Future Artificial Intelligence Company
1951,شركة لاتيس الذهبية للاستثمار,Golden Lattice Investments Company
1952,جولف السعودية,Golf Saudi
1953,بنك الخليج الدولي,Gulf International Bank B.S.C
1954,شركة المختبر الخليجي لفحص المعدات الكهربائية,Gulf Lab Electric Equipment Testing Company
1955,شركة تطوير منتجات الحلال,Halal Products Development Company
1956,شركة الصحة القابضة,Health Holding Company 
1957,شركة إدارة الفنادق,Hotel Management Company
1958,الشركة الصناعية للأكترونيات,Industrial Company for Electronics
1959,الشركة الصناعية للإلكترونيات,Industrial Company for Electronics (ICE)
1960,شركة التصنيع وخدمات الطاقة,Industrialization And Energy Services Company
1961,أنوفيتف انيرجي هولدنق,Innovative Energy Holding
1962,شركة جسارة لإدارة المشاريع,Jasara Program Management Company
1963,شركة وسط جدة للتطوير,Jeddah Central Development Company
1964,شركة كياني,Kayanee Company
1965,شركة إدارة وتطوير مركز الملك عبدالله المالي,King Abdullah Financial District Development and Management Company
1966,شركة تطوير مطار الملك سلمان الدولي,King Salman International Airport Development Company
1967,الشركة الكويتية للأغذية (أمريكانا) ش.م.ك.م,Kuwait Food Company (Americana) K.S.C.
1968,لين لخدمات الاعمال,Lean Business Services
1969,شركة منارة المعادن للاستثمار,Manara Minerals Investment Company
1970,الشركة الوطنية للاستثمار في قطاع السيارات والتنقل,National Automotive and Mobility Investment Company
1971,الشركة الوطنية لخدمات الإسكان,National Housing Services Company
1972,الشركة الوطنية لخدمات التسجيل العيني للعقار,National Real Estate Registration Services Company
1973,الشركة الوطنية للخدمات الأمنية,National Security Services Company
1974,الشركة الوطنية للشراء الموحد للأدوية والأجهزة والمستلزمات الطبية,National Unified Procurement Company For Medical Supplies
1975,شركة المياه الوطنية,National Water Company
1976,شركة نيوم,Neom Company
1977,شركة نسما وشركاهم للمقاولات المحدودة,Nesma and Partners Contracting Company Limited
1978,شركة تطوير المربع الجديد,New Murabba Development Company
1979,شركة نون للاستثمارات,Noon investment
1980,شركة تطوير منتزه النفط,Oil Park Development Company
1981,مؤسسة عكاظ للصحافة والنشر,OKAZ ORGANIZATION FOR PRESS & PUBLICATION
1982,شركة الاستثمارات الدوائية,Pharmaceutical Investment Company
1983,بوسكو اي اند سي العربية السعودية,POSCO E&C Saudi Arabia
1984,شركة القدية للاستثمار,Qiddiya Investment Company
1985,شركة البحر الأحمر للسفن السياحية,Red Sea Cruise Company
1986,محطة بوابة البحر الأحمر,Red Sea Gateway Terminal
1987,شركة البحر الأحمر الدولية,Red Sea Global Company
1988,شركة سوق الكربون الطوعي الإقليمية,Regional Voluntary Carbon Market Company
1989,شركة ريمات الرياض للتنمية,Remat AlRiyadh Development Company
1990,شركة مجموعة روشن,Roshn Group Company
1991,شركة رؤى الحرم المكي,Rua Al Haram Al Makki Company
1992,شركة رؤى المدينة القابضة,Rua Al Madinah Holding Company
1993,شركة سدو لحلول الأعمال,SADU Business Solutions
1994,الشركة السعودية للاستثمار الزراعي والانتاج الحيواني,Saudi Agriculture and Livestock Investment Company
1995,شركة خدمات الملاحة الجوية السعودية ,Saudi Air Navigation Services
1996,شركة الخطوط السعودية للخدمات الطبية,Saudi Airlines Medical Services Company
1997,الشركة العربية السعودية للاستثمارات الصناعية,Saudi Arabian Industrial Investments Company
1998,الشركة العربية السعودية للاستثمار,Saudi Arabian Investment Company
1999,الشركة السعودية للصناعات العسكرية,Saudi Arabian Military Industries
2000,الشركة السعودية البحرينية للاستثمار,Saudi Bahraini Investment Company
2001,الشركة السعودية للقهوة,Saudi Coffee Company
2002,الشركة السعودية لتهيئة وصيانة الطائرات,Saudi Company for Aircraft Modification and Maintenance
2003,الشركة السعودية للذكاء الاصطناعي,Saudi Company for Artificial Intelligence
2004,الشركة السعودية لحلول التأشيرات والسفر,Saudi Company for Visa and Travel Solutions
2005,شركة تبريد المناطق السعودية,Saudi District Cooling Company
2006,شركة داون تاون السعودية,Saudi Downtown Company
2007,الشركة السعودية المصرية للاستثمار,Saudi Egyptian Investment Company
2008,الشركة السعودية للالعاب الالكترونية القابضة,Saudi Electronic Gaming Holding Company
2009,شركة مشاريع الترفيه السعودية,Saudi Entertainment Ventures
2010,الشركة السعودية للخدمات المالية المساندة,Saudi Financial Support Services Company - Sanid
2011,الشركة السعودية العالمية للموانئ,Saudi Global Ports Company (Singapore)
2012,الشركة السعودية لتقنية المعلومات,Saudi Information Technology Company
2013,الشركة السعودية الاستثمارية لإعادة التدوير,Saudi Investment Recycling Company
2014,الشركة السعودية العراقية للاستثمار,Saudi Iraqi Investment Company
2015,الشركة السعودية للحديد والصلب (حديد),Saudi Iron & Steel Company (Hadeed)
2016,الشركة السعودية الأردنية للاستثمار,Saudi Jordanian Investment Company
2017,شركة خدمات التعدين )اسناد(.,Saudi Mining services company (ESNAD)
2018,الشركة السعودية العمانية للاستثمار,Saudi Omani Investment Company
2019,الشركة السعودية لشراء الطاقة,Saudi Power Procurement Company
2020,الشركة السعودية للخطوط الحديدية,Saudi Railway Company
2021,الشركة السعودية لإعادة التمويل العقاري,Saudi Real Estate Refinance Company
2022,الشركة السعودية السودانية للاستثمار,Saudi Sudanese Investment Company
2023,الشركة السعودية للتنمية والاستثمار التقني,Saudi Technology Development and Investment Company
2024,الشركة السعودية للتطوير السياحي مساهمه مقفله,Saudi Tourism Development Company
2025,الشركة السعودية للاستثمار السياحي,Saudi Tourism Investment Company
2026,الشركة السعودية لشراكات المياه ,Saudi Water Partnership Company
2027,طيران السعودية,Saudia Airlines
2028,شركة الخطوط السعودية للشحن,Saudia Cargo
2029,شركة سواني,Sawani Company
2030,شركة صلة,Sela Company
2031,سينستايم الشرق الأوسط وافريقيا المحدودة,SenseTime MEA Limited
2032,شركة السودة للتطوير,Soudah Development Company
2033,شركة سبل للخدمات الرقمية,SPL Digital Services Company
2034,شركة الاستثمار الرياضي,Sports Investments Company
2035,شركة تحكم الاستثمارية,Tahakom Investment Company
2036,تكامل القابضة,takamol holding company 
2037,شركة تطوير التعليم القابضة,Tatweer Education Holding Company
2038,شركة تحكم التقنية ,Technology Control Company 
2039,شركة الطائرات المروحية والنفاثة,The Helicopter and Jet Company
2040,الشركة الوطنية لخدمات كفاءة الطاقة,The National Energy Services Company
2041,الشركة السعودية لإدارة المرافق,The Saudi Facility Management Company
2042,ثقة لخدمات الأعمال,THIQAH Business Services
2043,شركة ام القرى للتنمية و الاعمار,Umm Al Qura Construction & Development Company
2044,شركة ابتاون جدة ,uptown jeddah company 
2045,شركة المياه والكهرباء القابضة,Water and Electricity Holding Company
2046,شركة الزامل للخدمات البحرية,Zamil Offshore Services Company
2047,شركة البحر الاحمر للتطوير,The Red Sea Development Company
2048,شركة إكسبو 2030 الرياض,Expo 2030 Riyadh Company
2049,شركة الواحة للأسواق الحرة,AlWaha Duty Free Company
2050,شركة تسامى خدمات الأعمال,TASAMA Business Services
2051,الشركة الوطنية للإسكان,National Housing Company 
2052,الشركة الوطنية للفضاء,National Space Company
2053,شركة آلات للتقنيات شركة شخص واحد مساهمة مقفلة,ALAT Technologies Company
2054,القورو,Algooru
2055,شركة الحوسبة السحابية العامة لتقنية المعلومات,ALI BABA CLOUD
2056,المطار,Almatar
2057,برق,Barq
2058,بيزات,Bayzat 
2059,كلاسيرا,Classera
2060,إليفاتوس,elevatus
2061,فلاورد,Floward
2062,فودكس,Foodics
2063,قاذران,Gathern
2064,شركة هلا للمدفوعات,Hala Payments 
2065,هايبر باي,Hyperpay
2066,إيمنسا,Immensa technology labs
2067,كلين,Kleen
2068,لبيه,labayh
2069,لمه,Lamaa
2070,لوازم,Lawazem
2071,لين,Lean 
2072,لوسيديا,Lucidya
2073,منافع,Manafa 
2074,العمل البارع,master works 
2075,سيارة ,Mawqi' Sayarah For Trading 
2076,مسمار,Mismar
2077,مرني,Morni
2078,مزن,Mozn
2079,مرسول,Mrsool
2080,نعناع,Nana
2081,نير باي,Near Pay
2082,نينجا,ninja
2083,نون أكادمي,Noon Academy
2084,نقطة,Nugttah
2085,باي تابز,PayTabs
2086,شركة بيني سوفتوير العربية لتقنية المعلومات,penny Software Arabia for Information Technology
2087,شركة قوافل للتسويق الإلكتروني,Qawafel Electronic Marketing Company
2088,كوانت,Quant Data & Analytics
2089,رين,Rain 
2090,راس مال,RasMal
2091,رسال,Resal
2092,ريتيلو,retailo
2093,رواء,Rewaa
2094,سلاسة,Salasa
2095,سلة,Salla
2096,ساري,sary
2097,شقردي,Shgardi
2098,شركة الحلول المبسطة المالية,Sifi
2099,سوم,Soum
2100,تمارا,Tamara
2101,تعميد,Tameed
2102,تمرة المالية,Tamra Capital 
2103,تلفاز 11,Telfaz 11
2104,تلقاني,Telgani
2105,تركر ,Trukker 
2106,طويق,Tweeq
2107,يونيفونك,Unifonic
2108,ويقو,wego
2109,زد,Zid
2110,شركة الدكان السريع لتقنية المعلومات ,Al-Dukkan Al-Saree' Information Technology Company
2111,شركة التجريب والابتكار المحدودة,AL-TAJRIB WALABTIKAR
2112,شركة عقار ماب السعودية المحدودة ,Aqarmap Corporation
2113,شركة اثير تقنية نظم المعلومات,Athir information systems technology
2114,شركة بينه للاتصالات وتقنية المعلومات شركة شخص واحد ( شخص واحد),BAEYNH Telecommunications and Information Technology
2115,شركة بلينك العربية لتقنية المعلومات شركة شخص واحد,Blink Arabia for Information Technology
2116,شركة بريدفاست للتجارة شركة شخص واحد,Breadfast Trading Cpmpany
2117,شركة بي ار كيه زد العالمية لتقنية المعلومات شركة شخص واحد,BRKZ International for Information Technology
2118,شركة كارتلو للتجارة ,Cartlow 
2119,شركة شفاء الشرق الأوسط لتقنية المعلومات شركة شخص واحد ( شخص واحد),Chefaa Middle East Information Technology Company
2120,شركة إبتكارات الفضاء للبحوث والدراسات (شخص واحد),Company EPTEKARAT AL-FUDHA for Research and Studies
2121,شركة اكوبيتال العربية للخدمات اللوجستية,Company OCOPETAL AL-ARABIA For logistics
2122,شركة سيف العلوم لتقنية المعلومات,Company SIF AL-ALOUM For Information Technology
2123,شركة ديلي ميلز الخليج للاتصالات وتقنية المعلومات شركة شخص واحد,Dailymealz Gulf for communication and information technology
2124,شركة دواء لنقل الطرود  شركة الشخص الواحد,Dawa for Package Transportation
2125,شركة القرار الحاسم لتقنية المعلومات ,Decisive Decision Information Technology Company
2126,شركة ايراد لتقنية المعلومات,Erad Information Technology Company 
2127,شركة جلاميرا  العربية لتقنية المعلومات,Glamera Arabia For Information Technology
2128,شركة العدسات المبتكرة,Innovative Lenses Compan
2129,شركة ذكاء الحلول للوساطة الرقمية ,Intelligent Solutions for Digital Mediation
2130,إنفيجو السعودية للاتصالات وتقنية,Invygo Saudi Arabia for Telecommunications and Technology
2131,شركة جسر النظم للاتصالات وتنقية المعلومات,Jisr Systems Company for Communications and Information Technology
2132,شركة خزنلي للخدمات اللوجستية شخص واحد,khazenly for logistic services
2133,شركة نصفك الأخر لتقنية المعلومات,NISFAK PTE. LTD.
2134,شركة أومنيفل السعودية لتقنية المعلومات,Omniful Saudi for information technology company
2135,اوتو جلوبال العربية لتقنية المعلومات,OTO Global Arabia Company for Information Technology
2136,شركة ريتشوير لتقنية المعلومات شخص واحد,REACHWARE Information Technology Company
2137,شركة ريفنت الدولية لتقنية المعلومات ,REVENT INTERNATIONAL FOR INFORMATION TECHNOLOGY COMPANY 
2138,شركة سند اركان المستقبل لتقنية المعلومات ,Sand Arkan Al-Mustaqbal for Information Technology
2139,شركة الحلول الكافية لتقنية المعلومات,Sufficient Solutions for Information Technology
2140,شركة تابي السعودية للاتصالات وتقنية المعلومات شركة شخص واحد,Tabby
2141,شركة وعد الرقمي للاتصالات وتقنية المعلومات,Waad Digital Telecommunications and Information Technology Company
2142,شركة الجمل الأبيض لتقنية المعلومات شركة شخص واحد ( شخص واحد),white Camel Information Technology company
2143,شركة ليندو السعودية للتمويل مساهمة مغلقة ,Lendo Saudi Financing Company – Closed Joint Stock Company
2144,شركة فاب كابيتال المالية, FAB Capital
2145, شركة أديم المالية,Adeem Financial Company
2146,شركة آفاق المالية,Afaq Capital
2147,شركة المسكن الميسر,Affordable house co
2148,مجموعة النفيعي للاستثمار,Al Nefaie Investment Group
2149,شركة الراجحي المالية,Al Rajhi Capital
2150, شركة الوساطة المالية,Al Wasatah Al Maliah Company
2151,شركة الأول كابيتال,AlAwwal Capital Company
2152,شركة البلاد للاستثمار,AlBilad Investment Company
2153,مجموعة الدخيل المالية,AlDukheil Financial Group
2154,شركة الإنماء للاستثمار,Alinma Investment Company
2155,شركة الاستثمار للأوراق المالية والوساطة (الاستثمار كابيتال),Alistithmar Capital Company
2156,شركة الجزيرة للأسواق المالية,AlJazira Capital Company
2157, شركة الخبير المالية,Al-Khabeer Capital 
2158,شركة الخير كابيتال السعودية,AlKhair Capital Saudi Arabia Company
2159,شركة الخزانة المالية,Alkhizanah Capital Company
2160,شركة ألفا المالية,Alpha Capital
2161,شركة الرائدة للتمويل ,Alraedah Finance Company
2162,شركة أموال المالية,Amwal Financial Co.
2163,ابيكس فاندروك للأستثمار,Apex Fundrock for Investment 
2164,شركة العربي المالية شخص واحد مساهمة,Arab National Investment Company
2165,شركة أرباح المالية,Arbah Capital Company
2166,شركة اركابيتا المالية,Arcapita Saudi Capital Company
2167,شركة آرش المالية,Arch Capital 
2168,شركة أريب المالية,Areeb Capital Company 
2169,شركة أرتال المالية,Artal Capital Company
2170,شركة أشمور للاستثمار السعودية,Ashmore Investment Saudi Arabia
2171,شركة أسياف للأستثمار,Asyaf Investment Company
2172,شركة عوده كابيتال,Audi Capital Company
2173,شركة عوائد الأصول المالية,Awaed Alosool Capital
2174,شركة بيت المال الخليجي,Bait Al Mal Al Khaleeji Company
2175,شركة بيت النمو المالية,Bayt Alnomow Capital Company
2176,شركة بلاك روك العربية السعودية,BlackRock Saudi Arabia
2177,شركة بي ال ام إي المالية,BLME Saudi Arabia Company
2178,شركة بلوم للاستثمار السعودية,Blominvest Saudi Arabia Company
2179,مجموعة بي إ م جي المالية,BMG Financial Group
2180,شركة بي إن بي باريبا السعودية للاستثمار,BNP Pariba Investment Company KSA
2181,شركة بي ان واي ميلون السعودية المالية,BNY Mellon Saudi Financial Company
2182,شركة سيتي جروب العربية السعودية,Citigroup Saudi Arabia
2183,شركة كريدي اجريكول سي آي بي العربية المالية,Credit Agricole CIB Arabia Financial
2184,شركة كريديت سويس العربية السعودية,Credit Suisse Saudi Arabia Company
2185,شركة دراية المالية,Derayah Financial Company
2186,دويتشه العربية السعودية للأوراق المالية,Deutsche Securities Saudi Arabia Company
2187, شركة دوم كابيتال المالية,Dom Capital Financial Company
2188,شركة جسر الشرق المالية,East Bridge Capital
2189,شركة المجموعة المالية-هيرميس السعودية,EFG-Hermes-KSA
2190,شركة إحاطة المالية,Ehata Financial Company
2191,شركة إجادة المالية,Ejada Capital
2192,شركة الإمارات دبي الوطني كابيتال السعودية,Emirates NBD Capital KSA LLC
2193,شركة إمكان للتمويل,Emkan finance company
2194,شركة الإرتقاء المالية,Erteqa Financial Company
2195,شركة اسناد المالية,Esnad Financial Company 
2196,شركة أف آي إم بارتنرز كي أس أيه,FIM Partners KSA
2197,شركة المبدعون المالية,Financial Innovators Company
2198,شركة فيتش أستراليا بيه تي واي إل تي دي,Fitch Australia PTY Ltd
2199,شركة فرصة المالية,Forsa Capital
2200,شركة جي إف إتش السعودية المالية,GFH Capital Saudi Arabia
2201,شركة جي أي بي كابيتال,GIB Capital Company
2202,شركة جولدمان ساكس العربية السعودية,Goldman Sachs Saudi Arabia Company
2203,شركة جرينستون العربية السعودية,Greenstone Saudi Arabia
2204,شركة المستثمرون الخليجيون لإدارة الأصول,Gulf Investors Asset Management Company
2205,شركة هيكلة الإدارية,Haykala Capital compan
2206,شركة إتش إس بي سي العربية السعودية,HSBC Saudi Arabia Limited
2207,شركة تأثير المالية,Impact Capital Company
2208,شركة إثمار السعودية للاستشارات المالية,Ithmar Saudi Financial Consultancy Services
2209,شركة إتقان كابيتال,Itqan Capital Company
2210,شركة جي بي مورقان العربية السعودية,J.P. Morgan Saudi Arabia Company
2211,شركة جدارة للأستثمار,JADARA Investment Company
2212,شركة جدوى للاستثمار,Jadwa Investment Company
2213,شركة كادن للإستثمار,Kaden investments
2214,شركة كامكو للاستثمار,Kamco Investment Company
2215,شركة قيمة المالية,Value Capital Company
2216,شركة كي كي آر السعودية,KKR Saudi Limited
2217,شركة لدن للإستثمار,Ladun Investment Company
2218,شركة لازارد العربية السعودية,Lazard Saudi Arabia limited Company
2219,شركة الملز المالية,Malaz Capital Company
2220,شركة معرفة المالية,Marifa Capital
2221,شركة مشورة المالية,Mashora Capital
2222,شركة مدر للأستثمار,Mdr investment co
2223,ميفك كابيتال,Mefic Capital
2224,شركة ميراك المالية,Merak Capital Company
2225,شركة ميريل لينش المملكة العربية السعودية,Merrill Lynch KSA Company
2226, شركة الشرق الأوسط للاستثمار المالي,Middle East Financial Investment Company
2227,شركة معيار المالية,Miyar capital
2228,شركة ميزوهو العربية السعودية,Mizuho Saudi Arabia Company
2229,شركة ام ام سي المالية,MMC Financial Company
2230, شركة موليس اند كومباني السعودية المحدودة,Moelis & Company Saudi Limited 
2231, فرع شركة موديز انفيستورز سيرفيس,Moody's Investors Services KSA Branch
2232,شركة مورغان ستانلي السعودية,Morgan Stanley Saudi Arabia Company
2233,شركة ملكية للاستثمار,Mulkia Investment Company
2234,شركة مركز مقاصة الأوراق المالية (مقاصة),Muqassa Company
2235,شركة مشاركة المالية,Musharaka Capital Company
2236,شركة نارم المالية,Narmo Capital
2237,فرع بنك البحرين الوطني,National Bank of Bahrain KSA Branch
2238,بنك الوطني الكويتي,National Bank of Kuwait - KSA
2239,شركة ناتيكسيس العربية السعودية للإستثمار,Natixis Saudi Arabia Investment Company
2240,شركة درب التجار المالية شركة شخص واحد,NEO Merchants Capital
2241,شركة نطاق المالية,Nitaq Financial Company
2242,شركة النمو المالية للاستشارات المالية,Nomw Capital Company
2243,شركة أصول و بخيت الاستثمارية,Osool & Bakheet Investment Company
2244,شركة محافظ للأستثمار,Portfolios Investment Company
2245, شركة رصانة المالية,Rasana Capital
2246,شركة التحليلات المالية,Financial Analytics Co.
2247,شركة رواسي المتقدمة للاستثمار,Rawasi Advanced Investment Company
2248,شركة راز أموال للإستثمار,Raz Amwal Investment
2249,شركة رزين المالية,Razeen Capital
2250,شركة ركاز الوطنية المالية,Rekaz National Capital
2251,شركة الرياض المالية,Riyad Capital Company
2252,الأول للاستثمار,SAB Invest
2253,شركة سبعين للاستثمار,Sabeen Investment Company 
2254,شركة سديد المالية,Sadeed Financial Company
2255,شركة سدو المالية,Sadu Capital Company
2256,الشركة السعودية للاقتصاد والتنمية للأوراق المالية,Saudi Economic and Development Securities Company
2257,شركة تداول السعودية شخص واحد مساهمة مقفلة,Saudi Exchange Company
2258,شركة السعودي الفرنسي كابيتال,Saudi Fransi Capital Company
2259,شركة السعودي الفرنسي للتمويل التأجيري,Saudi Fransi leasing finance company
2260,شركة بيت التمويل السعودي الكويتي,Saudi Kuwaiti Finance House Company
2261,فينشر كابيتال الاستثمارية السعودية,Saudi Venture Capital Investment Company
2262,شركة شعاع كابيتال العربية السعودية,Shuaa Capital Saudi Arabia Company
2263,شركة سيكو المالية,SICO Financial Company
2264,شركة سدرة المالية,Sidra Capital Company
2265,وكالة سما للتصنيف شركة شخص وحد,SIMAH Rating Agency
2266,شركة إس ام بي سي العربية السعودية للخدمات الاستشارية,SMBC Advisory Services Saudi Arabia
2267,شركة الأهلي المالية,SNB Capital
2268,شركة سوسيتيه جنرال العربية السعودية,Societe Generale Saudi Arabia
2269,ستاندرد آند بورز لخدمات السوق الائتمانية أوروبا المحدودة,Standard and Poor’s Credit Market Services Europe Limited
2270,ستاندرد تشارترد كابيتال العربية السعودية,Standard Chartered Capital Saudi Arabia
2271,شركة ستايت ستريت العربية السعودية للحلول المالية,State Street Saudi Arabia Financial Solution
2272,شركة سويكورب,Swicorp Company
2273,شركة تنمية المالية,Tanmia Capital Company
2274,شركة تتمة المالية,Tatimah Capital
2275,شركة الفريق الاول,Team One Company
2276,شركة ثروات طويق المالية,Tharawat Tuwaiq Financial Company
2277,شركة ثروات للاوراق المالية,Tharwat For Financial Securties
2278,شركة مكتب العائلة العالمية للاستثمار,The Family Office International Investment Company
2279,شركة نورذن ترست العربية السعودية,The Northern Trust Company of Saudi Arabia
2280,شركة يو بي اس العربية السعودية شركة مساهمة اجنبية مقفلة,UBS Saudi Arabia Company
2281,شركة الوطني لإدارة الثروات,Watani Wealth Management Company
2282,شركة وثيق المالية,Watheeq Financial Services
2283,شركة يقين المالية (يقين كابيتال),Yaqeen Capital
2284,مدارس ألدنهام ,Aldenham Schools
2285,كلية آردينجلي,Ardingly College
2286,شركة باكسوود التعليمية العالمية,Buckswood
2287,مجموعة مدارس تشاتسورث,Chatsworth Schools
2288,مدارس كوغنيتا,Cognita
2289,شركة إديوريتش,EDUREACH
2290,كلية إليزمير,Ellesmere College
2291,مجموعة مدارس ايتون هاوس التعلمية ,Eton House
2292,شركة فورتس للتعليم,Fortes Education
2293,مؤسسة المدارس العالمية,Global Schools Foundation
2294,شركة إنوفينتشرز للتعليم,Innoventures Education
2295,مجموعة إنسبايرد التعليمية,Inspired
2296,مدرسة ميلفيلد,Millfield School
2297,مدارس مسك,Misk Schools
2298,نورد انجليا التعليمية,Nord Anglia Schools
2299,مدارس نوفو ,NuVu Schools
2300,مدرسة ريجيت جرامار,Reigate Grammar School
2301,مدرسة ريبتون العالمية ,Repton
2302,مدرسة غيلدفورد,RGS Guildford International School
2303,مدارس إس إي كي الدولية,SEK International School
2304,مدرسة ويلينغتون العالمية,Wellington College International
2305,المركز الخليجي للوقاية من الامراض,Gulf Health Council
2306,شركة الأحساء للخدمات الطبية ,Al Ahsa Medical Services Co.
2307,مجموعة مستشفيات المانع العامة,al mana hospital group
2308,مجموعة مستشفيات الحمادي,alhammadi medical group
2309,شركة علي بن محمد بن محفر بن علي الطبي,Ali Bin Ali Hospital 
2310,شركة المسواك التجارية,almeswak Medical Group
2311,مجموعة شركة المواساة للخدمات الطبية,almouwasat medical group
2312,مستشفى السلام للخدمات الطبية( الشركة أيان للاستثمار),Alsalam Medical Services Co.
2313,شركة التخصصي الأينس الطبية المحدودة,Altakassusi Alliance Medical
2314,مستشفى أستر سند الرياض ,Aster Sanad Hospital
2315,شركة المركز الوطني لأمراض الدم والأورام,Blood and Cancer Center
2316,مستشفى دار الشفاء ,Dar Alshefa hospital company 
2317,شركة مستشفى الدكتور عبدالرحمن طه بخش المحدوده,Dr Bakhsh Hospital
2318,شركة مستشفى الدكتور سمير محمد علي عباس ,Dr Samir Abbas Hospital
2319,مستشفى عبدالرحمن المشاري,Dr. Abdulrahman AL Mishari hospital
2320,مستشفى باقدو والدكتور عرفان ,Dr. Erfan and Bagedo General Hospital
2321,مستشفى الدكتور محمد فقيه الطبي,Dr. Mohammad alfagih hospital
2322,مجموعة مستشفى الدكتور سليمان عبدالقادر فقيه,DR. SOLIMAN FAKEEH HOSPITAL
2323,مستشفى شرق جدة العام,East Jeddah Hospital
2324,مجموعة مستشفى الحياة الوطني,hayat hospital group
2325,شركة تطوير القطاع الصحي القابضة ,Health Care Development Holding Company
2326,مستشفى إنترهيلث,Interhealth hospital
2327,شركة المركز الطبي الدولي ,International Medical Center
2328,شركة مستشفى جدة الأهلي,Jeddah National Hospital Company
2329,مستشفى جونزهوبكنز أرامكو,johns hopkins Aramco Healthcare
2330,مستشفى المملكة,kingdom hospital
2331,مستشفى كينغز كوليدج لندن ,King's College Hospital London
2332,شركة مستشفيات ومراكز مغربي ,Magrabi Hospital and centers
2333,مستشفى الجدعاني الجديد الطبي,New al-jedaani medical hospital
2334,مستشفى عبيد التخصصي,OBEID SPECIALIZED HOSPITAL
2335,مجموعة السعودي الألماني الصحية,Saudi German Health group
2336,الشركة الطبية التخصصية (مستشفيات التخصصي الطبي),Specialized Medical company 
2337,مدينة سلطان بن عبدالعزيز للخدمات الإنسانية,Sultan Bin Abdulaziz City For Humanitarian Services
2338,مستشفي الأطباء المتحدون المحدودة,United Doctors Company Limited
2339, شركة مقر كالو الإقليمي,Calo Regional Headquarter
2340, شركة مقر ليفانوفا الاقليمي,LivaNova Regional Headquarter Company
2341,مقر سيتي قروب الإقليمي,Citigroup RHQ
2342, شركة مقر سيلزفورس الإقليمي,Salesforce Regional Headquarter Company
2343,شركة مقر اس ايه اس إنستيتيوت الشرق,SAS Institute Regional Headquarters Middle East
2344,شركة مقر إم سي دينتال هولدنقز الإقليمي,MC Dental Holdings Europe
2345,ديلويت أند توش الشرق الأوسط المحدودة,Deloitte & Touche Middle East Limited
2346,شركة لوسي سويتش جير العربية المحدودة,Lucy Switchgear Arabia Company Limited
2347,شركة الخليج الوسطى,Gulf Central Company
2348,شركة سهم كابيتال المالية,SAHM CAPITAL FINANCIAL COMPANY
2349,شركة المتحدة للأدوية واللوازم الطبية المحدودة,United Pharmaceuticals & Medical Supply Co.Ltd
2350,شركة سجل التقنية للتطبيقات الإلكترونية المتكاملة المحدودة ,Sejel technology co. ltd. For electronic integrated application
2351,شركة مجموعة المرشد للمقاولات,Almarshad Group Contracting Company
2352,شركة كن للاستثمار القابضة,Kun Investment Holding Company
2353,التميمي للطاقة,Al-Tamimi Energy
2354,تنسيق المدن,Citiscape 
2355,شركة وكالة فادن للدعاية والاعلان,Faden Advertising Agency Company
2356,مجموعة الدباغ القابضة,AL-Dabbagh Group
2357,شركة التلال للحديد المحدودة شركة شخص واحد,Al Tilal Steel Company LTD
2358,شركة إنشاء المستشفيات الدولية مساهمة مقفلة,International Hospital Construction Company
2359,شركة دبليو اس بی میدل ایست للاستشارات الهندسية,WSP MIDDLE EAST FOR ENGINEERING CONSULTING COMPANY
2360,شركة خالد على التركي و أولاده القابضة,Khalid Ali Alturki and Sons Holding
2361,شركة صناعة البلاستيك العربية,Arabian Plastic Industrial Co
2362,شركة المروحية للطائرات,Helicopter Aircraft Company
2363,مصانع الخليج العربي للصناعات البلاستيكية والمطاطية المحدودة,ARABIAN GULF FOR PLASTIC AND RUBBER FACTORIES COMPANY LIMITED
2364,شركة رعاية الأولية الطبية المحدودة,Primary Care Medical Company
2365,شركة طيبة لتشغيل المطارات,TIBAH Airports Operation Co
2366,شركة مديدة للرعاية الطبية,Madeeda Medical Care Company
2367,الشركة الوطنية العمومية للسيارات,National General Automotive Company
2368,شركة الأدلاء,Adilla Company
2369,الشركة السعودية للمعلومات الائتمانية,Saudi Credit Bureau
2370,شركة ترفيه العربية المحدودة,Arabian Entertainment Company
2371,شركة الموارد الالكترونية المحدودة,Mawarid Electronics Ltd
2372,شركة حزام المعلومات,IT Belt Company
2373,الشركة التجارية المتحدة الوطنية,UNITED TRADING NATIONAL COMPANY
2374,شركة زوايا العقارية مساهمة مقفله,Zawaya Properties
2375,شركة وسترن أطلس العربية المحدودة,Western Atlas International LLC
2376,الشركة الحديثة للتكنولوجيا,MODERN TECHNOLOGY COMPANY LTD
2377,شركة الخليج الطبية المحدودة,Gulf Medical Co.LTD
2378,شركة اركاد للهندسة والانشاء,Arkad Engineering and Construction Company
2379,شركة جوجل العربية السحابية العربية المحدودة شركة شخص واحد,Google Cloud Arabia Limited
2380,الشركة المتحدة لصناعة الأعلاف,United Feed Manufacturing Company
2381,شركة يونيتشارم الخليج للصناعات الصحية المحدودة,UNICHARM GULF HYGIENIC INDUSTRIES LTD
2382,شركة الخالدي للإمدادات,Al Khaldi Logistics Company
2383,فرع شركه جي إي فيرنوفا انترناشيونال ذم م,Branch of GE Vernova International LLC
2384,شركة الامجاد للتجارة والصناعة,Al Amjaad Trading and Industry Company
2385,شركة نوفو نوردسك السعودية للتجارة ,Novo Nordisk for Trading
2386,شركة الأنارة المتكاملة المحدودة,Integrated Lighting Company Limited
2387,شركة خزان المعلومات لتقنية المعلومات - ايجنكس,kazzan information technology company-edgnex
2388,شركة العيوني للاستثمار والمقاولات,Alayuni Investment & Contracting Company
2389,سكاي بريدج فرايت سوليوشنز العربية السعودية للشحن شركة شخص واحد,COMPANY SKYE BRIDGES FRIET SOLIUSHINS AL-ARBIA AL-SOUDIA FOR SHIPPING
2390,شركة سيتي إينرجي السعودية للمشاريع الصناعية,Sete Energy Saudia For Industrial Projects
2391,شركة جونسون كنترولز العربية المحدودة,Johnson Controls Arabia Co. Ltd
2392,شركة بي أيه إي سيستمز العربية للصناعة,BAE Systems Arabian Industries
2393,دورة ألعاب الصالات المغلقة و الفنون القتالية,Asian Indoor Martial Arts Games (AIMAG)
2394,دورة ألعاب التضامن الإسلامي,ISG
2395,اللجنة المنظمة للالعاب الاسيوية الرياض 2034,Riyadh 34
2396,ألعاب السعودية,Saudi Games
2397,شركة ميار القابضة مساهمة مدرجة,Mayar Holding Company
2398,الشركة الدولية للرعاية الصحية وعلوم الحياة القابضة مساهمة مقفلة,International Healthcare and Life Science Holding Company
2399,شركة الثريا العمرانية العقارية,Al Thuraya Al Omrania Poroperties
2400,شركة امداد الحلول لتقنية المعلومات,Emdad Solutions for Information Technology
2401,شركة بترومين,Petromin Corporation
2402,شركة الشرق الاوسط السحابية والتحول الرقمي المحدودة,Middle East Cloud snd Digital Transformation Company
2403,شركة مكتب فيريتاس,Bureau Veritas Co
2404,شركة روش التشخيصية العربية السعودية المحدودة,Roche Diagnostics Saudi Arabia LLC
2405,شركة اس ايه بي السعودية لخدمات البرمجيات المحدودة,SAP Saudi For Software Services Ltd
2406,اس ايه بي السعودية لتجارة البرمجيات المحدودة,SAP Saudi Software Trading Ltd
2407,شركة وادي رم لتدوير المعادن المحدودة,WADIRUM METALS RECYLING CO LTD
2408,شركة ويبيلد اس بي ايه,Webuild S.p.A
2409,شركة بوتش العربية المحدودة,Puig Arabia Limited Company
2410,شركة سيرفير العربية السعودية للتجارة شركة شخص واحد,Servier Saudi Arabia Trading Company
2411,شركة أبواب الابتكار للذكاء الاصطناعي,Company ABOUAB AL-MATKAR For Artificial Intelligence
2412,شركة مقر أبيكس جروب الإقليمي,Apex Group Ltd Regional HQ
2413,شركة سبيسميكر العربية السعودية,Spacemaker Saudi Arabia
2414,شركة الشرق الأوسط لمحركات الطائرات المحدودة,Middle East Propulsion Company Limited
2415,شركة سوافي الجزيرة لخدمات المعدات وخدمات حقول النفط المحدودة,Sawafi AlJazeera Oilfield Products and Services Co. Ltd
2416,شركة بادان للزراعة والمقاولات المحدودة,BADAN AGRICULTURAL & CONTRACTING CO
2417,شركة زهور الريف التجارية,Zohoor Al Reef Trading Company 
2418,شركة سيدرس للتجارة والخدمات البحرية المحدودة,Sedres Trading & Maritime Services CO.LTD
2419,شركة الإنجاز للتجارة والمقاولات (إنجازكو),Al-Enjaz Trading and Contracting Company
2420,شركة الحديد الاسفنجي المحدودة ذات الشخص الواحد,DIRECT REDUCTION IRON COMPANY
2421,شركة هيلتي العربية السعودية لأدوات البناء,Hilti Saudi Arabia for Construction Tools
2422,شركه البيوت العربية المحدودة,Arabian Homes
2423,شركة الخالدي القابضة,Al Khaldi Holding Company
2424,شركه تنمية الرياض للأستثمار العقاري,Tanmiyat Al Riyadh Company for Real Estate Investment
2425,شركة ليبهير السعودية,Saudi Liebherr Company
2426,شركة رافال للتطوير العقاري,Rafal Real Estate Development Company
2427,شركة القصيبي للخدمات المحدودة,Algosaibi services co ltd
2428,شركة أوج القابضة,AWJ holding company
2429,الشركة الطبية العربية العالمية القابضة,Arab Medical Holding Company
2430,شركة بلت الصناعية,Built Industrial 
2431,شركة المعادن المميزة للتعدين شركة شخص واحد,Advanced Metals Cmpany for Mining
2432,مصنع الشركة السعودية لإنتاج غرف التبريد,Cold Stores Group of Saudi Arabia
2433,الشركة السعودية للمباني الجاهزة,Saudi Company for Prefabricated Buildings 
2434,شركة بترا للصناعات الهندسية السعودية المحدودة,Petra Engineering Industries Co.Saudi Arabia Ltd
2435,شركة اينوفا لإدارة المنشات و الطاقة ,Enova for facilities and energy management
2436,شركة الفا العربية للتمويل قابضة ,Alpha Arabia Finance Company
2437,شركة دار البلد لحلول الأعمال,Dar AlBalad for business solutions company
2438,شركة الانشاء المتقدم للمقاولات,Advance construction for contracting co
2439,شركة دار بيتا لتكنولوجيا المعلومات,Dar Beta IT
2440,شركة سمير للتجارة والتسويق,Samir Trading & Marketing Company
2441,شركة أبل العربية السعودية شركة شخص واحد,Apple Saudi Arabia LLC
2442,شركة شاورمر للاغذيه المحدودة,Shawarmer Food company
2443,شركة إثراء القابضة ,Ethraa Holding Co
2444,شركة قمة السعودية للتجارة مساهمة مدرجة ,Saudi top Trading Company
2445,شركة اينوموتكس المحدودة,Innomotics Limited Company
2446,مصنع شركة الأقمشة الصناعية غير المنسوجة,Non-Woven Industrial Fabrics Factory
2447,مجموعة التعاون للاستثمار,ALTAAWIN GROUP FOR INVESTMENT
2448,شركة محمد علي ابوداود وشركاه للصناعه ابوداود للصناعه مصنع كلوركس-جده,Company Ltd. (Abudawood for Industry/Clorox-Jeddah
2449,شركة مجموعة المطلق,Almutlaq Group Company
2450,شركة ايترونيكس ميدل ايست العالمية التجارية شركة شخص واحد,ETRONIX MIDDLE EAST INTERNATIONAL TRADING CO
2451,شركة فيصل للأعمال الكهربائية والميكانيكية,FEMCO Faisal Electro-Mechanical Co. Ltd
2452,شركة العربية لخدمات الأعمال المساندة,Arabian Company for business Support services
2453,شركة الشجرة الخضراء التجارية,COMPANY AL-SHEJARAH AL-KHADRA COMMERCIAL
2454,شركة مصنع قنبر دويداغ للخرسانة المسبقة الصنع المحدودة,Qanbar Dywidag Precast Concrete Co
2455,شركة تمويل الأولى - مساهمه سعوديه مقفله,Tamweel aloula Company
2456,شركة بحرة المتطورة لصناعة الكابلات المحدودة,Bahra Advanced Cable Manufacture Co. Ltd
2457,شركة الكفاح القابضه (ذات مسؤولية محدودة),Alkifah holding Company LLC
2458,شركة المستقبل الرائدة التجارية,FUTURE PIONEER TRADING CO. LTD.
2459,الشركة المتحدة الدولية القابضة ,united international holding company
2460,شركة تيرنر اند تاونسند العربية المحدودة,Turner & Townsend Arabia Limited
2461,شركة تداول للحلول المتقدمة,Advanced Solutions Company
2462,شركة عمليات تحالف او بي أس للتشغيل والصيانة,TAHALEF OU BEY ES For operation and maintenance
2463,شركة دواجن الدوحة,Doha Poultry Company
2464,شركة الخليجية للتموين,Al-Khalejiah Catering Company
2465,شركة الجبر للتمويل شركة الشخص الواحد مساهمة مقفلة,AL-JABR FINANCING COMPANY One person closed joint stock company
2466,شركة طويق للصب و الطرق,Tuwaiq Casting and Forging Company
2467,شركة معمار للتطوير والاستثمار,Memar Development & Investment Company
2468,شركة دافيتا كير السعودية,DaVita Care Saudi Arabia
2469,شركة البواني المالية,Al-Bawani Capital Company Limited
2470,شركة عالم سجال للخدمات الطبية,SIGAL WORLD FOR MEDICAL SERVICES
2471,المسار الشامل للتعليم,Almasar Alshamil Education
2472,الشركة السعودية الألمانية للمنتجات غير المغزولة,Saudi German Company for Nonwoven Products
2473,شركة أزاد العقارية,Azad Properties
2474,شركة سيمنس المحدودة,Siemens Limited Company
2475,مصنع شركة المتولي للمنتجات الفولاذية,Mitwalli Steel Products factory
2476,شركة السيارات الغربية المحدودة,Western Auto Company Limited
2477,شركة الجاسرية للتمويل,AL-JASRIAH CO.FOR FINANCE
2478,شركة صالح عبد العزيز الراشد واولاده,Saleh Abdulaziz Al Rashed & Sons Co
2479,شركة ايكوم العربية المحدودة,AECOM ARABIA Company Limited
2480,شركة مقر اتوس الإقليمي,Atos MENA Regional HQ
2481,شركة في-فند لتقنية المعلومات ,Vefund technologies
2482,شراكة فنتشرز,Sharaka VC
2483,حاضنة ومسرعة رواد النمو لخدمات الأعمال ,NMO HUB
2484,شركة فايف هاندرد ,Five Hundred Startups Arabian LLC For Management
2485,شركة مصنع حديد نجد شركة مساهمة مقفلة,Najd Steel Factory Company
2486,شركة ريشمونت العربية السعودية المتحدة,Richemont Saudi Arabia LLC
2487,شركة ادارة خدمات البيئة العالمية المحدودة,"Global Environmental Management Services Co., Ltd."
2488,شركة المدفوعات الرقمية للتقنية المالية,Digital Payment Company Loop
2489,شركة خدمات اساد المحدودة شركة شخص واحد,ESAD Services Company LLC
2490,شركة قرضي القابضة المحدودة,Qardy Holdings Limited
2491,شركة قاف فاء لتقنية المعلومات,Qaf Faa Information Technologies 
2492,شركة حصة منفعة لتقنية المالية,Hissa Manfea Financial Technology Company
2493,شركة حلول ساهر لتقنية المعلومات,Saher flow solutions
2494,شركة باي شيب للاتصالات وتقنية المعلومات المحدودة,PIESHIP HOLDINGS LIMITED
2495,شركة ارابوت السعودية لتقنية المعلومات ,Arabot Company LTD
2496,شركة ثلاث مائة وستون ميا لتقنية المعلومات,thlath maea weston miya for information technology
2497,شركة سجا المتطورة للاتصالات وتقنية المعلومات,Saga for Language Technology
2498,شركة مظلة عطار للتسويق الالكتروني,Madhla Attar Digital Marketing Company 
2499,شركة سويبلي للاتصالات وتقنية المعلومات,Sweeply for Communications and Information Technology
2500,شركة وي ديلفر تيك العربية لتقنية المعلومات,WEDELIVERTECH INC.
2501,شركة حلت الابتكارية لتقنية المعلومات ,hollat for information technology
2502,شركة نفعة الصحية التجارية (شخص واحد),Nafaa Health Trading Company (Sole  Propietorship)
2503,شركة المزارع الخصبة للزراعة,Mazara Al-Khosba For Agriculture Company
2504,شركة اخطبوط انك العربية للتقنية المعلومات,Akhtaboot INC
2505,شركة عتاد الرقمية للخدمات الفنية المساندة,Atad Digital Company for Technical Support Services
2506,شركة الإعلانات المبتكرة ,innovation advertising company - convertedin
2507,شركة اومت العالمية لتقنية المعلومات ,Aumet INC
2508,شركة أمواج الابداع الإدارية المحدودة,Amwaj Alibdaa Aledariah Co Ltd
2509,شركة سوربت العالمية المحدودة ,sorbet holding limited
2510,شركة الرهن الحديث للوساطة  الرقمية ,Modern Mortgage For Digital Brokerage
2511,ايه تي كيرني السعودية المحدودة,A.T.Kearney Saudi Limited
2512,شركة فرانكلين تمبلتون المالية,Franklin Templeton Financial Company
2513,شركة عبر للمقاولات,ABR Contracting
2514,شركة أبو حيمد وآل الشيخ والحقباني وكليفورد تشانس للمحاماة,AS&H CLIFFORD CHANCE
2515,شركة بيت الكهرباء للتجارة شركة شخص واحد ذات مسؤولية محدودة,Electric House Trading Company one person co.LLC
2516,مستشفى الرعاية التخصصية المزمنة الطبية,Chronic Care Specialized Medical Hospital
2517,شركة فيصل بن عبد الله بن سعيدان للاستثمار والتطوير العقاري,Faisal Bin Abdullah Binsaedan For Real Estate Dev & Inv
2518,شركة الرياض العالمية للأغذية,Riyadh International Catering Corporation
2519,شركة مورف,MAWREF Logistics Solution
2520,شركة اساد الحلول وادارة الموارد البشرية شركة مساهمة مقفلة,Esad Human Resources Solutions and Management Company is a closed joint stock company
2521,شركة تجارة وتطوير المعدات والآلات والتجهيزات المحدودة رضا,Trading and Development CO. For Machinery and Equipment LTD. REDA
2522,شركة كدانة للتنمية والتطوير,Kidana Development Company
2523,شركة أفق البنية التحتية للمقاولات,Infrastructure Horizon Co. for Contracting
2524,شركة محمد البرغش المنصوري وأولاده للتجارة والمقاولات,Mohammed Al Barghash Al Mansouri & Sons
2525,شركة سيكا العربية السعودية المحدودة ذات مسؤولية محدودة,Sika Saudi Arabia Limited
2526,شركة اكزونوبل العربية السعودية المحدودة,AkzoNobel Saudi Arabia Ltd
2527,شركة الخدمات التكاملية للاستشارات الهندسية,Integrated Services Engineering Consulting Co
2528,شركة تطوير الألعاب الالكترونية شركة شخص واحد,Electronic games development company one person company
2529,شركة مراي العربية الدولية المحدودة,Mirai Arabian International Company Limited
2530,شركة أر ابتك جردانة وشركائه للاستشارات الهندسية,Erabetc Jordana Osherka ill ascharat Handasia Mahnia
2531,شركة أعمال المجد للصناعة,Aamal Al-Majd For manufacturing
2532,شركة العيسائي للتوزيع ذات مسؤولية محدودة,Al-esayi Distribution Company Limited Liability
2533,عبد اللطيف جميل للزيوت المحدودة,Abdul Latif Jameel for Oils Co.Ltd
2534,شركة الأفق الاخضر للاستثمار,G enviro investment co
2535,الشركة السعودية العالميه للتجاره المحدوده,Saudi International Trading Company Limited
2536,شركة أجا للصناعات الدوائية,AJA Pharmaceutical Industries Company
2537,شركة نالكو السعودية المحدودة,NALCO SAUDI CO LTD
2538,شركة المحمل لخدمات المرافق,Almahmal Facilities Services Company
2539,الشركة العربية للاستثمار الزراعي والصناعي,Arabian Company for Agricultural and Industrial Investment
2540,شركة الموسى الصحية,Almoosa Health Company
2541,شركة تمكين للموارد البشرية,Tamkeen Human Resources Company
2542,شركة الماجد للعود,Almajed for Oud Company
2543,شركة مجموعة التيسير تالكو الصناعية,Al Taiseer Group TALCO Industrial Company
2544,شركة المطاحن الحديثة للمنتجات الغذائية,Modern Mills Company
2545,شركة الشرق الأوسط للصناعات الدوائية,Middle East Pharmaceutical Industries Company
2546,سدم التقنية لتقنية المعلومات,"“SDM Tech”
Information Technology"
2547,شركة تطبيق عقار التجارية,Company TUTBUIG AQAR Commercial
2548,شركة كور فيجن للاستثمار,Core vision investment 
2549,شركة تكامل لخدمات الاعمال,Takamol for Business Services
2550,شركة مجموعة زيد الحسين وإخوانه للمقاولات,Zaid Alhussain & Brothers Group Company
2551,شركة مهن للموارد البشرية,Mahan Human Resources
2552,شركة البواني بايب لاين,Company Albawani Pipeline
2553,شركة هاي جروب العربية السعودية المحدودة,HAY GROUP SAUDI ARABIA LIMITED COMPANY
2554,شركة كورنينق العربية السعودية المحدودة,Corning Saudi Arabia Limited
2555,شركة عبر الوديعة للنقليات,Abr Al-Wadea For Transfortation co.
2556,عبد اللطيف جميل للتقنية المحدودة,Abdul Latif Jameel Tec
2557,شركة اليغانسيا العربية للتجارة,Elegancia arabia trading company
2558,مدد الاعمال لتقنية نظم المعلومات,Mudad Business for Information System Technology
2559,شركة الاستدامة القابضة,AL ISTEDAMAH HOLDING
2560,شركة بي آر أف العربية القابضة,BRF Arabia Holding
2561,شركة سولدير قرطبة,Solidere Qortuba company
2562,شركة سراكو شركة شخص واحد,Sraco Company
2563,الشركة السعودية للصناعات الميكانيكية مساهمة مقفلة,Saudi Mechanical Industries Co.
2564,شركة الجهات للتجارة والمقاولات,AL-JEHAT COMPANY FOR TRADING& CONTRACTING
2565,شركة إم بي سي قيم ستديو المحدودة ,MBC GAME STUDIO LIMITED
2566,شركة إم بي سي استوديوز بروجيكتس السعودية المحدودة,MBC Studios Projects Saudi Limited Company
2567,شركة أرا الدوليه للانتاج الفني والدعايه والاعلان المحدوده,ARA International Production for Arts and Advertising
2568,شركة إم بي سي إنيشيتفز شركة شخص واحد ذات مسؤلية محدودة,MBC INITIATIVES LLC (KSA)
2569,شركة إم بي سي ميديا السعودية المحدودة شركة شخص واحد,MBC Media KSA LLC
2570,شركة شبكة العربية الاعلامية شركة شخص واحد,Al Arabiya Media Network Company
2571,شركة أو ثري ميديا للإنتاج الفني,O3 Media Production
2572,شركة الصدف للإنتاج الصوتي والمرئي المحدودة,Al Sadaf Establishment for Audio Visual Production
2573,مجموعة ارا الدوليه القابضه,ARA INTERNATIONAL HOLDING GROUP
2574,شركة أسمو المتطورة للخدمات اللوجستية,Advanced ASMO for Logistics Services
2575,شركة رضا لمعالجة المياه,REDA Water Treatment Company
2576,شركة سباركو تكنولجيز العربية المحدودة,"Sparkoo TECHNOLOGIES ARABIA CO., LTD."
2577,شركة الجمال لمستحضرات التجميل العالمية المحدودة,ALJAMAL INTERNATIONAL BEAUTY COMPANY
2578,شركة سيفا المجدوعي اللوجستية,Ceva Al Majdouie Logitics
2579,شركة التنمية الزراعية المحدودة,Agriculture Development Company-LTD
2580,شركة ايجاري المالية,Ejari Financial Co
2581,شركة ملاءة لتقنية المعلومات,Malaa information technology
2582,شركة تداوي الطبية ,Tadawi Medical Complex
2583,شركة عوض سعد بنظفرة للمقاولات شركة شخص واحد,AWAD SAAD BINZAFRAH CONTRACTING CO.LTD
2584,شركة لمار العربية القابضة,Lamar Arabia Holding Company
2585,شركة فلور العربية المحدودة,Flour Arabia Limited 
2586,شركة سقالة الرعاية الصحية ,Cigalah Healthcare Company
2587,شركة تقنيات زيت وغاز المحدودة,Gas and Oil Technologies LLC
2588,شركة الفارابي للتسويق,Farabi Marketing Company
2589,شركة إتحاد الخليج للأغذية ,GULF UNION FOOD COMPANY
2590,شركة خدمات منع التاكل ان دي تي,NDT and Corrosion Control Services co
2591,شركة مجموعة الراجحي السعودية,Alrajhi Saudi Group Co
2592,شركة انشاءات التقنية المتحدة للمقاولات,United Technology for Construction Company
2593,شركة سيكلي السعودية,Saudi Sicli Company
2594,شركة الجيل الحديث العربية لنظم العمليات المحدودة,New Generation Mission Systems Arabia
2595,شركة بعد أول السعودية للاتصالات,Beyond One Saudi for Telecommunication LLC
2596,الشركة العليا السعودية لأنظمة الحاسب الآلي,Saudi Paramount Computer Systems
2597,شركة مجموعة سيب العربية للأجهزة المنزلية,Groupe SEB Arabia for Home Appliances Company
2598,الشركة العربية للمعادن والكيماويات المحدودة,Arabian Minerals and Chemicals Company Limited
2599,شركة مايا للتطوير والاستثمار العقاري,MAYA Real Estate Development &Investment CO
2600,شركة العراب الوطنية لتقنية المعلومات,AL- Arrab -Wataniyyah For Informatin technologe
2601,بي إي إس إف السعودية العربية المحدودة ,BASF Saudi arabia LTD company
2602,شركة طرود لتقنية المعلومات,Torod For Information Technology Company
2603,شركة هيلو للتسويق,Company Hilo for Marketing (one partner)
2604,عاجل الحلول,Ajil alhulul
2605,شركة بلاديس العربية للصناعات الغذائية,pladis Arabia Food Maunfacturing company
2606,شركة الصناعات المتخصصه للسبك المحدودة,Specialized Industrial Casting Company 
2607,شركة الهيتم للتصنيع والتنمية الاقتصاديه,alhaitam for industries and economic development
2608,شركة البيوت الصينية للتجارة,Chinese houses For Trading
2609,شركة المشاريع المدنية والكهربائية للمقاولات المحدودة سبكو ,CIVIL & ELECTRICAL PROJECTS CONTRACTING CO.
2610,شركة نهلة الغذاء للتجارة,company nahla al-ghadda for trading
2611,شركة تمام للتمويل,Tamam Finance Company
2612,شركة رضايات المحدودة,Rezayat Company Limited
2613,شركة حلول أمن المعلومات ,Security Matterz
2614,شركة التيسير العربية مساهمة مقفلة,TAYSEER AL-ARBIA
2615,شركة فاروق ومأمون محمد سعيد تمر الصناعية القابضة ( قابضة),Farouk & Maamoun Mohamed Said Tamer Holding
2616,شركة العبيكان اس اي جي كومبيبلوك المحدودة,Sig Combibloc Obeikan Ltd
2617,شركة محلات عبدالصمد القرشي للعود والعنبر والعطور,"Abdul Samad Al Qurashi Company for Oud, Amber and perfumes "
2618,شركة ترانسميد ليميتد (شركة شخص واحد),Transmed Limited
2619,شركة مجموعة شلهوب العربية المحدودة,Chalhoub Group Arabia Limited Company
2620,شركة رضوى التجارية,Radwa Trading Company
2621,شركة نباتات للمقاولات,Nabatat Contracting Company
2622,شركة شنايدر اليكتريك العربية السعودية,Schneider Electric Saudi Arabia Co
2623,شركة القحطاني لصناعات تغليف الانابيب,Al Qahtani Pipe Coating Industries
2624,الشركة العالمية للصناعات البحرية,International Maritime Industries
2625,شركة السويدي للكابلات المحدوده,Elsewedy Cables Company Ltd
2626,شركة الاسطول الوطنية لتأجير السيارات,National Fleet Car Rental Company
2627,شركة راما التخصصية للصناعة,Rama specialized industry company
2628,شركة ثمانية لتقديم الوجبات, Thamaniya Company for Meal Catering
2629,المعامل البرمجية لتقنية المعلومات,ENVNT
2630,شركة المطاعم الأهلية شركة شخص واحد,Al-Ahlia Restaurants Co.
2631,شركة إسماعيل علي أبو داود التجارية المحدودة,Ismail Ali Abudawood Trading Company
2632,الشركة الحديثة للاستثمارات التجارية والصناعية,Modern Investment Company For Trade and Industries
2633,شركة بيرين شركة مساهمة مقفلة,Berain Company Closed Joint Stock Company
2634,شركة المزن الوطنية للأدوات المنزلية المحدودة,Al Mozon National Company For Home Appliances
2635,شركة ماس الهندسة والانشاء,MAS Engineering and Construction LLC
2636,شركة وادي الظهران للتقنية القابضة,Dhahran Techno Valley Holding Company
2637,مؤسسة ماجد محمد خليفة المحمادي للمقاولات العامة,Majed Mohammad khalifa Al Mehmadi EST
2638,شركة جنان العقارية,Jenan Real Estate Company
2639,شركة المسافر للسفر والسياحة مساهمة مقفلة,Almosafer Travel & Tourism.co
2640,شركة المسافر العالمية للسفر والسياحة,Almosafer International Travel & Tourism
2641,شركة أم أم جروب للتجارة,MM Group Trading Company
2642,تي-كيه اليفيتور العربية السعودية المحدودة,TK-Elevator Saudi Arabia Ltd
2643,شركة عبداللطيف جميل للاستيراد والتوزيع المحدودة,Abdul Latif Jameel Import and Distribution Company Ltd
2644,شركة عبداللطيف جميل للبيع بالتجزئة المحدودة,Abdul Latif Jameel Retail Company Ltd
2645,شركة عبداللطيف جميل لبيع السيارات بالجملة المحدودة,Abdul Latif Jameel Automotive Wholesales Company LTD
2646,شركة الإستثمارات التعدينية المتحدة,United Mining Investments co.
2647,شركة كوارا للتمويل ,Quara Finance
2648,الشركة السعودية لصناعة المحركات,Saudi Engines Manufacturing Company (MAKEEN)
2649,شركة اروباكون السعودية شركة شخص واحد,Company ORBACON Saudi Arabia (One Partner)
2650,شركة رواد المشاريع للمقاولات,Projects Pioneers Contracting Co
2651,شركة مصانع الإيمان للمقاولات والتجاره المحدوده,Al-Iman factories co. for contracting & Trad.Ltd
2652,شركة أرماح الرياضية,Armah Sports Company
2653,شركة امازون السعودية للتجارة,Amazon Saudi Co.ltd
2654,شركة مقر سي اي ام سي الشرق الأوسط وشمال,CIMC SA Regioal office
2655, شركة مقر إف جي إس جلوبال الشرق الأوسط وشمال افريقيا الإقليمي,FGS Global Middle East and North Africa Regional Headquarter Company
2656,شركة سايت تكنولوجي العربية السعودية,Site Technology Co. Saudi Arabia
2657,الشركة المتقدمة للمقاولات العامة والصيانة المحدودة,Advanced Construction Company
2658,شركة رضايات التجارية المحدودة,Rezayat Trading Co. LTD
2659,شركة سنابل المتحدة للتجارة,Sanabel United Trading Company
2660,فرع مستشفى أندلسية الطبية ,Hospital Andalusia Medical
2661,شركة مصنع رابغ الصلب للصناعة,Rabigh Solb Industry Factory
2662,نوريون العربيه السعودية للكيماويات,Nouryon Saudi Arabia for Chemicals
2663, شرمة فيروفاكس ليمتد لتقنية المعلومات,Verofax Limited for information technology
2664,شركة الألوان البرمجية لتقنية المعلومات,software colors for information technology
2665,شركة بوسطة تكنولوجي,Bosta Technology
2666,فرع شركة سوربانا للإستشارات,Branch of Surbana Consultants
2667,شركة بيت هايل لمواد البناء,Bayt Hayel For Building Materials Company
2668,شركة مصنع جمجوم للصناعات الطبية المحدودة,Jamjoom Medical Industries Copmany LTD
2669,شركة البلاغة القابضة للأستثمار,Al-Balagha Holdong Company for Investment
2670,شركة السحيمي القابضة مساهمة مقفلة,Alsuhaimi Holding Company
2671,شركة الفوارس للاتصالات وتقنية المعلومات ,Knight Communication and Information Technology LLC 
2672,شركة ادارات للاتصالات وتقنية المعلومات,EDARAT Communications and information Technology Company
2673,شركة المثلث التقني الكامل,Total Technical Triangle Company
2674,غالدرما العربية,Galdrma Arabia LTD
2675,شركة شاينا ستيت كونستراكشن انجنيرينغ كوربوريشن ميدل ايست ذ م م,China State Consturction
2676,شركة دار  الهندسة للتصميم والاستشارات الفنية (شاعر ومشاركوه),(Dar Al-Handasah Consultants (Shair and Partners)
2677,شركة الخدمات الطبية والصيدلانية,Medical & Pharmaceutical Services
2678,شركة الفا فارما للصناعة,ALPHA PHARMA INDUSTRIAL COMPANY
2679,شركة اليسر للمقاولات الصناعية,ATYB
2680,شركة إيرام القابضة,Eram Holdings company
2681,الديار السعودية للإستشارات الهندسية,Saudi Diyar Con
2682,شركة النهلة للتجارة والمقاولات,al-nahla trading and contracting company
2683,شركة الوفاق لحلول النقل,Al-Wefaq Transportation Solutions Company
2684,فرع شركة سيجنا وورلد و ايد انشورنس,Cigna Worldwide Insurance Company Branch
2685,شركة الورود للإستثمار العقاري,Alworoud Real estate Company
2686,الشركة المتحدة للإستثمارات الصناعية,United Industrial Investments Company
2687,شركة الخريجي للتجارة والمقاولات ,ELKHEREIJI COMMERCE & CONTRACTING CO
2688,اي-ويب قروسر السعودية التجارية,i-web grocer Saudi commercial company
2689,شركة روافد اعمال التجارية ,Rawafid Commercial Company
2690,شركة السحب المتقدمة لتقنية المعلومات,AL-Saheb AL-Mutqadma for Information Technology
2691,شركة رواجح القابضة,RAWAJEH HOLDING .CO
2692,شركة تماسك القابضة ,Tamasuk Holding company
2693,الشركة السعودية للنظم الصحية,Saudi Medical Systems Company
2694,شركة السيل الشرقية المحدودة,Alsale Eastern LTD
2695,شركة خليج الدانة للسياحة,Dana Bay Tourism Company
2696,شركة البيوتانول السعودية المحدودة,Saudi Butanol Company Limited
2697,الشركة السعودية لمونمرات الاكريليك المحدودة,Saudi Acrylic Monomers Company Limited
2698,شركة مصنع أنظمة الالمنيوم الانشائي المحدودة,Aluminum Construction System
2699,شركة افاق الغذاء,Horizon Food
2700,شركة أبناء عبد الله حمود الشويعر للتجارة والمقاولات,Al Shuwayer Sons Trading and Contracting Company
2701,مصنع الشركة السعودية لحامض الاكريليك,Saudi Acrylic Acid Company Factory
2702,شركة خدمات الطاقة الذكية,Intelligent Energy Service co ltd
2703,شركة البوليمرات الاكريليكية السعودية,Saudi Acrylic Polymers Company
2704,الشركة السعودية للبولي اوليفينات,Saudi Polyolefins Company
2705,الشركة السعودية للإيثلين والبولي إيثيلين,Saudi Ethylene & Polyethylene Co
2706,شركة ابراهيم الجفالي واخوانه للاطارات ,Ibrahim Aljuffali and brothers tyres company
2707,شركة حلول المصاعد للاستثمار,Elevator Solutions Investment Company
2708,شركة ديل للتقنيات ,Dell Technologies S
2709,فرع شركة ساينو هايدرو كوربوريشن ليمتد,Branch of Sinohydro Corporation Limited
2710,شركة محولات الطاقة السعودية,Saudi Power Transformers Company
2711,الشركة العربية للتنمية والتسويق ,"Arabian Development & Marketing Co., Ltd"
2712,شركة الاصول الخليجية للتطوير والاستثمار التجاري,GCC Assets Development & Commercial Investment
2713,يونيفارما,UniPharma
2714,الشركة السعودية للخدمات البريدية واللوجستية (سبل),Saudi postal and Logistic Company
2715,الشركة السعودية للمأكولات الخفيفه,(SSFL) Saudi Snack Foods Company Limited
2716,شركة الريان للصيانة والتشغيل,Al-Rayan for Maintenance and operation
2717,شركة صيدليات العافية للادوية,Al Afia Pharmacy for Medicine
2718,شركه المستقبل لاقامة المستشفيات,Al Mustaqbal for Hospitals Development 
2719,مستشفى العظام والمفاصل والعمود الفقري,Bone Joint And Spine Hospital 
2720,شركة صحة عنيزة للرعاية الطبية ,Sehat Unaizah for Healthcare Company 
2721,شركة أنتاب الرياض للتشغيل والصيانة,Antab Al Riyadh for operation and maintenance
2722,مركز الملك فيصل للبحوث والدراسات الإسلامية,King Faisal Center for Research and Islamic Studies 
2723,شركة فطايرجي للمقاولات المحدودة,Fatayerji Contracting Company Ltd
2724,شركة الطور للخدمات الطبية,Altoor medical services company
2725,شركة البواني المحدودة,Al bawani Ltd
2726,شركة الرمز للعقارات,ALRAMZ REAL ESTATE CO.
2727,الشركة الوطنية لصناعة البطاريات المحدودة,National Batteries Company
2728,شركة تلدين للحلول البلاستيكية,Taldeen Plastic Solutions Company
2729,شركة الرواد الوطنيه للبلاستيك المحدوده ,Rowad National Plastic Co. Ltd
2730,الشركة الوطنية لصهر الرصاص المحدودة,National Lead Smelting Co. Ltd
2731,شركة شيفرون فيليبس السعودية,SAUDI CHEVRON PHILLIPS
2732,شركة اكرو السعودية,ACROW SAUDI
2733,شركة اسيستم و علي الحربي للاستشارات الهندسية,Assystem and Ali AlHarbi Engineering Consultancy Co.
2734,الشركة المتحدة للخدمات المالية,United Company for Financial Services
2735,ركة ابناء عبدالله التركي الضحيان للمقاولات,Abdullah AlTurki AlDhahyian Contracting Company
2736,شركة نستله العربية السعودية,Nestle Saudi Arabia Company
2737,شركة بيادر للاستثمار,Bayader Investments
2738,شركة ابيات السعودية لمواد البناء,Abyat Saudi For Building Materials
2739,شركة صحتي للخدمات المعلوماتية,Sehati for Information Technology Serviced
2740,شركة الأمين للتجهيزات الطبية والعلمية,Al Amin Medical Instruments Co. Ltd
2741,شركة كراون العربية للعلب المحدودة,CROWN Arabia Can Company
2742,الشركة الوطنية للصناعة,Alwatania for Industries Company
2743,شركة اقوات للصناعات الغذائية,Aquat Foods Industries
2744,مجموعة سعيد رداد القابضة,Saeed Raddad Holding Group
2745, شركة مقر مورجان ستانلي الشرق الأوسط الإقليمي,"Morgan Stanley MENA Regional HQ
"
2746,شركة مقر زووم الشرق الأوسط وشمال أفريقي,Zoom MENA RHQ
2747,شركة بلغ آند بلاي مينا ريجونال إتش كيو,Plug and Play
2748,شركة مقر جيزكي آند دفرينت الإقليمي,GieseckeDevrient Saudi Arabia Management LLC
2749,شركة فايل كلاود أرابيا,FILECLOUD ARABIA REGIONAL HQ
2750,شركة مقر فلاير الإقليمي ,"FLYR Inc
"
2751,"شركة مقر ستيك الإقليمي
","Stake Holding LTD
"
2752,شركة مقر فيغا اي تي الإقليمي,Vega IT doo Novi Sad
2753,شركة مقر تي جي ايه الإقليمي,TGA MENA RHQ Limited
2754,"	شركة مقر زوهو الإقليمي",Zoho Corporation Regional Head Quarter
2755,مقر برودكوم الإقليمي,Broadcom Regional Headquarters
2756,شركة مارا إنرجي,"Mara Energy Headquarter LLC
"
2757,شركة مان غروب,"MAN ENTERPRISE Regional Headquarter
"
2758," شركة مقر سافران العربية الإقليمي
",Safran Arabia RHQ
2759,شركة مقر ستيت ستريت الشرق الأوسط وشمال افريقيا الإقليمي,State Street MENA RHQ
2760,شركة مقر ريفربيد الشرق الأوسط وشمال افريقيا الإقليمي,Riverbed Middle East and North Africa Regional Headquarter
2761,مجموعة شركات ترايدمارك,Trademark Group of Companies Regional HQ
2762,شركة مقر أوري الثقافية الإقليمي,Ori culture RHQ
2763,شركة جينغدونغ,Jingdong Regional Headquarter
2764,شركة مقر أيبسون مينا الإقليمي,Epson MENA regional Headquarter
2765,شركة دي إتش إل غروب ريجونال هيدكوارترز,DHL RHQ
2766,مقر ام ال اي بلس في الشرق الاوسط وشمال افريقيا الإقليمي,MLA Plus MENA Regional HQ
2767,شركة مقر شنت الإقليمي,Chint Holding Regional Headquarter Co Ltd
2768,شركة مقر تراكسيز مينا الإقليمي,TRAXYS MENA LLC
2769,مقر لاب الإقليمي,LAPP ARABIA
2770,شركة مقر تيك ماهيندرا الإقليمي,Tech Mahindra Limited
2771,شركة مقر كونترول ريسكس الإقليمي,"Control Risks Regional Headquarters
"
2772,شركة مقر يلا جروب الإقليمي,"Yalla Group Limited
"
2773,شركة مقر باركليز الإقليمي,Barclays Saudi 
2774,شركة بي آي إل مينا ريجونال إتش كيو,PIL MENA REGIONAL HQ
2775,روز غلايسبا و سعودي أرابيا,Rose Gleisbau saudi arabia
2776,شركة وافي للطاقة,Wafi Energy Company
2777,الشركة الوطنية للانظمة الميكانيكية ,National Company for Mechanical Systems
2778,الشركة الدولية للصناعات الغذائية,International Food Industries Company
2779,شركة هادية عبداللطيف جميل للاستثمار العقاري,Hadia Abdul Latif Jameel Real Estate Investment Company
2780,الشركة السعودية للصناعات الصيدلانية,Saudi Pharmaceutical Industries Company - SPI
2781,شركة المجدوعي للسيارات المحدودة,Almajdouie Motors Company L.L.C
2782,شركة اف تي اي كونسلتينج لخدمات الأعمال,FTI Consulting For Business Services
2783,شركة النبع النقي للتجارة,ALNABA ALNAQI FOR TRADING
2784,شركة جينات الحياة الطبية,Genalive Medical Company
2785,شركة مونديليز العربية للتجارة,Mondelez Arabia for Trading Company
2786,شركة خدمات الدعم التكاملية الواعدة,BRIGHT INTEGRATED SUPPORT SERVICES
2787,الشركة الأهلية للصناعات الغذائية,National Food Company
2788,الشركة الوطنية الابتكارية الصناعية,Natinal Innovation Industrial Company
2789,شركة العناية الوطنية للتصنيع,National Care Manufacturing Company
2790,شركة اباريل للتجارة,Apparel Trading Company
2791,شركة توكيلات للتمويل,Tawkeelat Financing Company
2792,شركة الزاهد للتراكتورات والمعدات الثقيلة المحدودة,Zahid Tractor and Heavy Machinery Company Limited
2793,شركة الحمائد الطبية والتجارية,Company Alhamaed Altabia
2794,شركة الجدير للخدمات اللوجستية,Jadeer Logistics Services
2795,شركة مزارع فقيه للدواجن,Fakieh Poultry Farms Company
2796,شركة شيندلر  العليان للمصاعد المحدودة,Schindler Olayan Elevator Company
2797,شركة شينكر العربية السعودية المحدودة,Schenker Saudi Arabia LLC
2798,شركة الخير للتجارة المحدودة,Alkhair Trading Company
2799,شركة الوطنية للخدمات الجيومكانية,National Geospatial services Company
2800,شركة سيليكا للتجارة,Silica Trading LLC
2801,الشركة جياد الحديثة للسيارات,Jiad Modern Motors
2802,شركة بتروناش العربية المحدودة ,Batronash Arabia Company Limited
2803,شركة الملحم لخدمات السيارات,ALMULHIM AUTO SERVICES COMPANY
2804,شركة شيد المحدودة,SHADE Corporation ltd
2805,شركة إم بي سي ميديا سوليوشنز المحدود شركة شخص واحد ,MBC Media Solutions Limited ( a single shareholder limited liability company)
2806,شركة الزامل للصناعات الغذائية المحدوده,Zamil Food Industries Co
2807,شركة ايوان القابضة,Ewan Holding Company
2808,شركة تينار يس العربية السعودية المحدودة,TENARIS SAUDI ARABIA LIMITED
2809,شركة ريف العطور للتجارة,REEF PERFUMES CO
2810,شركة قصة للعطور,Gissah Company for Perfumes
2811,رزم للاستثمار,Company RAZAM For Investment
2812,مصنع الشركة الكيميائية الحديثة للخدمات,Modern Chemical Services Company Factory
2813,شركة الراجحي شركاء للاستثمار,AlRajhi Partners
2814,شركة إتحاد سلام المتنقلة للإتصالات,Etihad Salam Mobile Telecom Company
2815,شركة كولين انسات توريزم صناي في تيكارت اي اس,Kolin Insaat Turizm Sanayi Ve Ticaret A.S
2816,شركة المؤسسة الوطنية للتسويق المحدودة,National Marketing Establishment Company Ltd
2817,شركة عصام قباني وشركاه لمواد الإنشاء والتعمير المحدودة,ISAM KABBANI & PARTNERS FOR BUILDING AND CONSTRUCTION MATERIALS CO. LTD
2818,بيكر هيوز العربية السعودية,Baker Hughes Saudi Arabia co
2819,شركة وادي جدة,WADI JEDDAH COMPANY
2820,شركة محمد عبدالله شربتلي,Mohammed Abdullah Sharbatly Co.
2821,شركة بن زقر يونيليفر للتوزيع المحدودة,BINZAGR UNILEVER DISTRIBUTION COMPANY LIMITED
2822,شركة ماكس ستريتشر السعودية العربية للمقاولات,Max Stretcher Saudi Arabia Contracting Company
2823,شركة تجوري ,TEJOURY - CJSC
2824,شركة حمود منصور الكثيري المحدودة,Hamoud Mansour Al Kathiri Company Limited
2825,شركة المنسوجات والملابس الجاهزة المحدودة,Twxtile and Garments Company Limited
2826,شركة مصاعد أوتيس العربية السعودية المحدودة,Otis Elevator Company Saudi Arabia Ltd
2827,ادفيرس العربية السعودية,adverse saudia arabia
2828,شركة الاختيار العربي للرعاية الممتدة وإعادة التأهيل المحدودة,Arabic Selection for Longtermcare & Rehabilitation
2829,شركة برجيل للرعاية الصحية,Burjeel Medical Care Company
2830,شركة ان اس سي سي انترناشونال السعودية للمقاولات,NSCC International Saudi Contracting Company
2831,شركة علي العبدالله التميمي للتجارة والمقاولات,Ali A. Al-Tamimi Trading & Contracting Co
2832,الشركة السعودية للبوليمرات,Al Saudiyya Lil Polymarat Company
2833,الشركة العربية الماليزية لمنتجات الزيوت النباتية المحدودة,Alsharika Alarabia Almalizia Limuntajat Alzuyut Alnabatia Ltd. Company
2834,شركة ابراهيم محمد المانع واخوانه مساهمه مقفله,Ibrahim Mohammed AlMani Wa Ikhwanuh Musahimah Maqfalah Company
2835,شركة التموين الحديث للتجارة المحدودة,AlTamwin AlHadith LilTijara Ltd. Company
2836,شركة الجزيره للصناعات الدوائيه,Aljazeera lilsinaat alduwaiyah Company
2837,شركة الشرق الاوسط للرعايه الصحيه,al Sharq al Awsat lil Riayah al Sihhiyah Company
2838,شركة الشمس الوطنية العالمية للطاقة,alshams alwataniya alealamia For Energy Company
2839,شركة المأكولات السريعة,almakulat alsariea Company
2840,شركة المراكز العربية شركة مساهمة مدرجة,Al Marakez Al Arabiyya Sharikat Musahama Mudrajah Company
2841,شركة أموال الأجيال القابضة,Amwal Alajyal Holding Company
2842,شركة حلول الميادين الحديثة للتجارة والمقاولات شركة الشخص الواحد شركة شخص واحد,Halool Almayadeen Alhaditha Littijara Walmuqawalat Sharikat Alshakhs Alwahid Company
2843,شركة شبه الجزيرة للمقاولات,Shibh al Jazirah For Contracting Company
2844,شركة عافيه العالمية,Aafiah Global Company
2845,شركة كات انترناشنال المحدودة شركة شخص واحد,CAT International LLC Company Ltd. sharikat shakhs wahid
2846,شركة كمال عثمان جمجوم للتجارة,Kamal Othman Jamjoom For Trading Company
2847,شركة نيسان العربية السعودية المحدودة شركة ذات شخص واحد ـ,Nissan Al Arabia Al Saudiyya Al Mahdooda Sharika Company
2848,مؤسسة القيمة المنطقية للتجارة,alqimah almaniqiyyah For Trading Establishment
2849,شركة ارامكس السعوديه المحدودة شركة شخص واحد,Aramex Al Saudiyah Ltd. Company
2850,شركة الذهب الاصفر للصناعة شركة شخص واحد,aldhahab alasfar For Manufacturing Company
2851,شركة الرفادة العربية التجارية,Alrifadah Alarabiyah Commercial Company
2852,شركة المصنع الوطني لمعالجة وتحسين المعادن,Almasna Alwatani Limalajat Wa Tahseen Almaaden Company
2853,شركة ايلاف العربية للمقاولات العامة شركة شخص واحد,Ilaaf Al Arabiyya For General Contracting Company
2854,شركة ركن السبائك للمعادن الثمينة,Rukn AlSabaik For precious metals Company
2855,شركة فيرجلف السعودية للتجارة,Fayrjalf Al Saudiyyah For Trading Company
2856,شركة محمد سالم السويدي القابضه مساهمة مقفلة,Mohammad Salem Al Suwaidi Al Qabidah Musahamah Muqafalah Company
2857,شركة مطوفي حجاج الدول العربية,Mutawfi Hujjaj AlDuwal AlArabiyyah Company
2858,شركه هشام السويدي للتجاره المحدوده,Company Hesham ElSewedy Limited 
2859,فرع شركة المشروعات البتروليه المصريه,alMashruat alBitruliyah alMasriyah Foreign Company Branch
2860,شركة احمد عبدالوهاب عابد للتجارة شركة مساهمة مقفلة,Ahmad Abdulwahab Abid Alqabida Sharika Musahama Muqfala Company
2861,شركة اسرار العروبة للتجارة,Asrar Al Urooba For Trading Company
2862,شركة الخدمات الصناعية التخصصية المحدودة,alkhadamat alsinaeia alta khasusiya Ltd. Company
2863,شركة الزامل للصناعات المعدنيه الثقيله,Company AL ZAMIL industries
2864,شركة الشمس والرمال للرياضة,alshams walramal For sports Company
2865,شركة المؤسسة العربية للتجارة والملاحه والاعمال البترولية,Almuassasah Alarabiyyah Littijarah Walmalahah Walaamal Albatrawliyah Company
2866,شركة إعمار السعودية للإنشاء والتطوير,Imar Al Saudiah Lil Insha Wal Tatweer Company
2867,شركة تجميع المعادن المحدودة شركة شخص واحد,Tajmi almaaden Ltd. Company
2868,شركة حمد وأحمد محمد المزيني العقارية شركة مساهمة مقفلة,Hamid wa Ahmad Muhammad AlMuzaini AlAqariyah Sharikat Musahamah Muqafalah Company
2869,شركة دلمون المحدودة,Dalmun Ltd. Company
2870,شركة ديار القابضة,Diyar Holding Company
2871,شركة رضاكم المتحدة للتجارة شركة الشخص الواحد (شركة شخص واحد),Ridakum AlMuttahida For Trading Company
2872,شركة روافد للصناعة,Rawafid For Manufacturing Company
2873,شركة كيما الخليج للتجارة,Kima Alkhaleej For Trading Company
2874,شركة محطات الحاويات الوطنية المحدودة شركة شخص واحد,Mahatat Alhawiyat Alwataniya Ltd. Company
2875,شركة محمد باوزير للتجارة,Mohammad Bawzeer For Trading Company
2876,شركة مرامر للمقاولات شركة مساهمة سعودية مقفلة,Maramer lilmuqawalat Sharikat Musahama Saudiyya Muqafala Company
2877,شركة مزارع الفروج الذهبي للانتاج الزراعي والحيواني مساهمه مقفله,Mzarie alforooj aldhahabi lilintaj alziraei walhayawani musahama maqfalah Company
2878,شركة معدات الجزيرة شركة شخص واحد,Muaddat AlJazirah Company
2879,شركة ميمف للصناعات الكهربائية مساهمة مقفلة,Mimaf lilSinaat alKahrabaiyya Musahama Muqafala Company
2880,شركه الهرم للاستيراد والتصدير المحدوده,Alharam Lilistirad Walttasdir Almahdoooda Company
2881,شركه طويق للصيانه والتشغيل المحدوده شركة شخص واحد,Twaik lilSiyana walTashghil alMahdooda Company
2882,شركه محمد ابراهيم السبيعي واولاده للاستثمار مساهمة مقفلة,Mohammad Ibrahim Alsubaie Wa Awladah Lilistithmar Musahamah Maqfalah Company
2883,مؤسسة اعلى الهرم التجارية,ala alharam Commercial Establishment
2884,مؤسسة الشايش بن رسلان بن مهو السبيعي العنزي للخدمات التجارية,Alshayesh bin Ruslan bin Mahu Alsubaie Alanzai For Commercial Services Establishment
2885,الشركة الدولية للاجهزة الالكترونية مساهمة مقفلة,AlDawliyah LilAjhizah AlIliktruniyah Musahamah Muqaflah Company
2886,الشركة الوطنية للإدارة والخدمات المحدودة شركة شخص واحد,Company alWataniyah lilIdarah walKhadamat Ltd.
2887,الشركه العربيه المتحده للزجاج المسطح,alArabiyyah alMuttaidah lilZujj alMua Company
2888,شركة ابناء محمد موسى بوخمسين,Abna Muhammad Musa Bukhamsin Company
2889,شركة احمد بن عبدالرحمن بن عفيف التجاريه,Ahmad bin Abdulrahman bin Afif AlTijariyah Company
2890,شركة ارام ميم للخدمات التجارية شركة شخص واحد شركة شخص واحد,Aram Mim Lilkhadamat Altijaria Sharika Dhat Almasuuliyya Almahduuda Min Company
2891,شركة الابهار السعودية للصناعات الغذائية,alIbhaar asSuudiyyah for Food Production Company
2892,شركة الأندلس التعليمية,Company Al Andalus educational
2893,شركة البيك للأنظمة الغذائية,Albayk lilanzimah Food Company
2894,شركة التسويق الشامل المحدودة,AlTasweeq AlShamil Ltd. Company
2895,شركة الجادة الأولى للتطوير العقاري,aljada alawla For Real Estate Development Company
2896,شركة الخزامى التجارية,Alkuzama Company Commercial
2897,شركة الشروق الطيب التجارية شركة شخص واحد,AL SHROUQ AL TAYEB Company
2898,شركة العقيق للتنمية العقارية شركة شخص واحد,AlAqiq lilTanmiya Real Estate Company
2899,شركة القاضي للتجارة والصناعة شركة شخص واحد,AlQadi lilTijara walSinaa Company
2900,شركة الكابلى التجارية,Company Alkabli Commercial
2901,شركة الكابلي للتسويق,Company AlKabli For Marketing
2902,شركة المسار الحديث المحدودة,almasar alhadith Ltd. Company
2903,شركة المشروبات النقية للصناعة شركة مساهمة مقفلة,Almashrubat Alnaqiya LilSinaa Sharikat Musahama Muqfala Company
2904,شركة المصنع السعودي لأوعية الالمنيوم,Almasna Alsaudi Liawiyat Alalm Company
2905,شركة النافع للاعلاف شخص واحد,Alnafih For Fodder Products Company
2906,شركة الهاجري لما وراء البحار,Alhajri Lama Wara Albihaar Company
2907,شركة الوسوم العربية التجارية شركة مساهمة سعودية مقفلة,Alwasoom Alarabiyya Altejariyya Sharikat Musahama Saudiya Muqfala Company
2908,شركة الوقود المتكاملة المحدودة للمحروقات,alWaqood alMutakamilah alMahdoodah For hydrocarbons Company
2909,شركة الياسين الزراعيه مساهمه مقفله,AlYasn AlZaryah Mushimah Muqaflah Company
2910,شركة امداد الغربية للمنتجاة البترولية شركة شخص واحد,Imdad al Gharbiyah For Petrol Products Company
2911,شركة انيكستر السعودية المحدودة,Anikstar Al Saudiah Ltd. Company
2912,شركة اهداف القابضة للتنمية,Ahdaf Alqabida Development Company
2913,شركة اوغاريت كو للمواد الغذائية,Ogharit Ko For food products Company
2914,شركة ايمان للتوكيلات والتجاره والمقاولات,Iman lilTawkilat walTijarah walMuqawalat Company
2915,شركة إبداعات للمقاولات المعمارية شركة شخص واحد,Ibdaat For Architectural Contracting Company
2916,شركة إبراهيم الشنيفي للتجارة والمقاولات المحدودة,Ibrahim Alshunifi Littijara Walmuqawalat Ltd. Company
2917,شركة إبراهيم يوسف المهيدب وأولاده التجارية شركة سعودية مساهمة مقفلة,Ibrahim Yusuf AlMuheidib wa Awladuh AlTijariyah Sharikat Saudiya Musahamah Muqafalah Company
2918,شركة إيجارة للتمويل شركة شخص واحد مساهمه مقفله,Ijara lil tamwil musahama maqfalah Company
2919,شركة ألب لا الشرق الأوسط للبلاستيك السعودية للصناعة شركة شخص واحد,Alb la alsharq alawsat lilbilastik alsuudiyya For Manufacturing Company
2920,شركة أوتاد الفهد المحدودة,Awtaad AlFahd Ltd. Company
2921,شركة بافكو الدولية لخدمات الشحن والنقل المحدودة,Bafko AlDawliya LiKhadamat AlShahn WalNaql Ltd. Company
2922,شركة باور السعوديه لمقاولات الاساسات المحدوده ذات شخص واحد,Bawar Al Saudiah Limuqawalat Al Asasat Al Mahdudah Company
2923,شركة بوستن ساينتفك الخليجية للتجارة شركة شخص واحد,Bostan Scientific Al Khaleejiyah For Trading Company
2924,شركة بيسايد للتجارة المحدودة,Bisaid littijara Ltd. Company
2925,شركة تايت مينا للترفية,Tait Mina For Entertainment Company
2926,شركة تنال للتطوير والاستثمار العقاري,Tanal For Real Estate Development and Investment Company
2927,شركة ثروات الرائدة العقارية,Tharwat Alraida Real Estate Company
2928,شركة ثلاجة مهران للتجارة شركة شخص واحد,Thalajat Mehran For Trading Company
2929,شركة جال للموارد البشرية,jal For Human Resources Company
2930,شركة جيكات المحدوده,Jikat Al Mahdooda Company
2931,شركة حسن علام للإنشاءات السعودية المحدودة (ذات مسؤولية محدودة من شخص واحد),Hasan Allam lilInshaat alSaudiyyah alMahdoodah Dhat Masooliyyah Mahdoodah Min Company
2932,شركة حسن علي الطوري للتجارة,Hasan Ali AlTouri For Trading Company
2933,شركة خدمات الطاقة التجارية شركة شخص واحد,Khadamat alTaqah Commercial Company
2934,شركة خدمات ماسا للتشغيل والصيانة - شركة شخص واحد,Khadamat Masa For operation and maintenance Company
2935,شركة دانة العقارية شركة شخص واحد,Dant Real Estate Company
2936,شركة دخون الإماراتية للتجارة شركة شخص واحد,Dakhoun Al Imaratiya For Trading Company
2937,شركة ديار الرائدة للمقاولات عامة,Diyar Alraida For General Contracting Company
2938,شركة رامز العالميه للتجاره,Ramiz AlAlamiya LilTijara Company
2939,شركة رحلات ومنافع للسياحة شركة شخص واحد,Rihlat wa Manafi For Tourism Company
2940,شركة رست للمياه شركة مساهمة سعودية مقفلة,Rast lilmiyaah Sharikat Musahama Saudiya Muqfala Company
2941,شركة رموز الاتحاد الخليجي للمقاولات,Ramouz Al Ittihad Al Khaleeji For Contracting Company
2942,شركة ريدنجتون السعودية للتجارة شركة شخص واحد,Readington Al Saudiah For Trading Company
2943,شركة زينكو التجارية,Zainko Commercial Company
2944,شركة سديم المجد للمقاولات شركة شخص واحد,Sadeem Almajid For Contracting Company
2945,شركة سمامة القابضة شركة شخص واحد مساهمة مقفلة,Samamat Alqabidah Musahamah Muqaflah Company
2946,شركة سمنان لحلول المياة,Samnan Li Hulul Al Miah Company
2947,شركة شار الحلول الغذائية شركة شخص واحد,Shar Alhulul Food Company
2948,شركة شبرا الطائف التجارية المحدودة,Shubra AlTaif AlTijariyya Ltd. Company
2949,شركة شيفرون البكري لزيوت التشحيم,Shifron AlBakri For lubricants Company
2950,شركة عالم التطور العربي التجارية,Alam alttatawwur alarabi Commercial Company
2951,شركة عبدالرحمن عثمان محمد العثمان وشريكه,Abdulrahman Othman Mohammed Al Othman wa Shareekuh Company
2952,شركة عبدالله ابراهيم الزامل للمقاولات,Abdullah Ibrahim Alzamel For Contracting Company
2953,شركة علي فوزان محمد الفوزان واولاده,Ali Fawzan Muhammad Al Fawzan wa Awladuh Company
2954,شركة في لاين الشرق الأوسط المحدودة,Fi Layn Al Sharq Al Awsat Ltd. Company
2955,شركة كيمياء الزيت الصناعية - شركة شخص واحد,Kimiya alZayt Industrial Company
2956,شركة لين الخير للتجارة مساهمة مدرجة,Layn alkhayr littijarah musahamah mudrajah Company
2957,شركة ماستر بيلدرز سولوشنز السعودية العربية للصناعة شركة شخص واحد,Sika Kimawiyat AlBina For Manufacturing Company
2958,شركة مجموعة البوعينين الخليج العربي للتجارة,Majmouat Al Bouainin Al Khaleej Al Arabi Lil Tijara Sharikat Musahama Mubasata Company
2959,شركة مجموعة الحصان للتعليم و التدريب المحدودة,Majmouat AlHisan LilTaaleem WalTadreeb Ltd. Company
2960,شركة محمد راشد الخثلان للمقاولات,Mohammad Rashid Alkhathlan For Contracting Company
2961,شركة محمد سعيد محمد بالبيد التجاريه,Mohammad Saeed Mohammad Albalbeed Altejariyah Company
2962,شركة محمد هادي الرشيد وشركاة شركة مساهمة سعودية مقفلة,Mohammad Hadi Al Rashid wa Sharikat Sharika Musahama Saudiya Mudrajah Company
2963,شركة مدارات الموحدة,Madarat AlMuwahhada Company
2964,شركة مزن السحاب التجارية شركة شخص واحد,Muzn AlSahab Commercial Establishment
2965,شركة مستورة للمقاولات المحدودة,Mastoura lilmuqawalat Ltd. Company
2966,شركة مقاولات التربة العربية المحدودة شركة شخص واحد,Maqawalat AlTurba AlArabiya Ltd. Company
2967,شركة مكيون مطورون عمرانيون مساهمة مقفلة,Makyoun Moutawiroun Omraniyoun Musahama Maqfala Company
2968,شركة مناهل الغد للتطوير والإستثمار الصناعي شركة شخص واحد,Manahil Alghad Littatweer Walistithmar Industrial Company
2969,شركة نخبة العود للتجارة شركة شخص واحد,Nukhbat al Oud For Trading Company
2970,شركة هضاب الخليج التجارية,Hidab Alkhaleej Commercial Company
2971,شركة هوازن الجزيرة للمقاولات,Hawazin Al Jazeera For Contracting Company
2972,شركة هورايزن للمساحة العربية المحدودة,Horizon lilmasaha alarabiyya Ltd. Company
2973,شركه العرفج للتجاره والاستيراد,Alurfaj littijarah walistirad Company
2974,شركه الكفاءه العقاريه,alkafaah aleqarieh Company
2975,شركه آجاد المتحدة للاستثمار شركة مساهمة مقفلة,Ajad AlMuttahida LilIstithmar Sharikat Musahama Muqafala Company
2976,شركه دلتا السعوديه لمشاريع الطاقه المحدوده,Delta Al Saudiah Limashari Al Taqah Al Mahdoodah Company
2977,شركه كيماويات الراتنجات الصناعية شركة مساهمة مقفلة,Kimawiyat Alratinajat Alssinaeia Sharikat Musahama Muqfala Company
2978,فرع شركة أبناء عبدالوهاب منصور المعلم,Company Abdulwahab Mansour Al Moallam Sons
2979,مصنع اساس للصناعة,asas Factory For Manufacturing Establishment
2980,مصنع الاسد للحديد,alAsad Factory For Steal Establishment
2981,مصنع الفايبرجلاس الوطني,Alfaybirjilas Alwatani Factory Company
2982,مصنع جروب فايف السعودية للأنابيب,Groub Five Al Saudiah Factory For pipes Company
2983,معرض البركه الجديد للسيارات,albarakah aljadeed Exhibition For Cars Establishment
2984,معرض واحه الاقصى للسيارات,Company Exhibition Wahat AlAqsa For Cars
2985,مؤسسة احمد حسن سعد ال نصار للنقليات,Ahmad Hasan Saad Al Nassar For Transportation Establishment
2986,مؤسسة احمد يحى ناصر اليامى للمقاولات,Ahmad Yahya Nasser AlYami For Contracting Establishment
2987,مؤسسة الصادره لمواد البناء,AlSadira For Building Materials Establishment
2988,مؤسسة النور المتحدة للنقليات,Alnoor Almutahida For Transportation Establishment
2989,مؤسسة حامد سعود العتيبي للمقاولات,Hamid Saud Alotaibi For Contracting Establishment
2990,مؤسسة خزامى الخليج للتجارة,Khuzama Al Khaleej For Trading Establishment
2991,مؤسسة سحيم احمد محمد ال فاضل الغامدي التجارية,Suhaym Ahmad Muhammad Al Fadil Al Ghamdi Commercial Establishment
2992,مؤسسة كنوز للمقاولات,Knooz For Contracting Establishment
2993,مؤسسة وادي فاطمة لتجارة الأغذية,Wadi Fatima Food Trading Establishment
2994,شركة مقر بيليف الاقليمي,BELIEVE PTE LTD Regional HQ
2995,شركة ركاز العقارية ,Rikaz Real Estate Company
2996,شركة صالح و عبدالعزيز اباحسين,Saleh & Abdulaziz Abahsain Company
2997,شركه غداف الطبيه للصيدليات,Ghodaf Medical Company For Pharmacist
2998,شركة دار الاجيال القابضة - مساهمة مقفلة,DAR ELJYAI Holding Company
2999,شركة الحلول المتسارعة للاتصالات وتقنية المعلومات,Axelerated Solutions for Information and Communications Technology Company
3000,شركة مابي السعودية,Mapei Saudi
3001,شركة ادم الطبية,Adam Medical Company
3002,شركة بلسم للرعاية الطبية,Balsam Medical Care Company
3003,شركة دله للتنمية العقارية والسياحية,Dallah Real Estate & Tourism Co.
3004,شركة مجموعة ناظر المحدودة,NAZER GROUP COMPANY LIMITED
3005,شركة مجموعة موسى بن عبدالعزيز الموسى وأولاده العقارية القابضة,Mosa Abdulaziz Al Mosa & Sons Group Real Estate Co
3006,شركة المقاولات الوطنية المحدودة,National Contracting Company Ltd
3007,مؤسسة مؤسسات سقالة التجارية,CIGALAH TRADING ESTABLISHMENT
3008,السعداء العربية للمقاولات,El Soadaa Arabian for Contracting
3009,شركة ليجراند العربية السعودية,Legrand Saudi Arabia
3010,شركة تفاصيل البناء العقارية,Details Real Estate Company
3011,شركة إن إم دي سي إنيرجي السعودية المحدودة,NMDC Energy Saudi Ltd
3012,شركة محمد العلي السويلم للتجارة والمقاولات,Mohammed Ali Alswailem Trading & Contracting
3013,شركة حلول البناء المتطورة للمشاريع,Advanced Construction Solutions for Projects
3014,شركة دي ام دجي ايفنتس ال ال سي,Dmg Events LLC Ltd
3015,شركة إنماء الروابي,Enma Al Rawabi Co
3016,شركة السرعة الالكترونية التجارية (جيني),Speed Electronic Trading Company (Jeeny)
3017,شركة سوار التقنية المحدودة,Sewar Technologies Ltd
3018,شركة أنماط التقنية للتجارة,ANMAT TECHNOLOGY TRADING COMPANY
3019,شركة عبد اللطيف جميل للمعدات المحدودة,Abdul Latif Jameel Equipment Company Limited
3020,شركة العدادات السعودية,SAUDI METERS COMPANY
3021,شركة قروك المحدودة,Groq Limited
3022,شركة الكحيمي للصناعات المعدنية المحدودة,Alkuhaimi Metal Industries Ltd.
3023,شركة التسهيلات للتسويق,Tasheelat Marketing Company
3024,الشركة الألمانية السعودية للصناعة,German Saudi Industry Co. GESICO
3025,شركة صرح العقارية القابضة,SARH Real Estate Holding Company
3026,فرع شركة هونسان فارما,Honessan Pharma Inc. Branch
3027,شركة بي سي دي العربية السعودية,P C D Saudi Arabia
3028,شركة الحجارة المميزة المحدودة,Unique Stone Company
3029,شركة عنان إسكان المتطورة المحدودة,Anan Iskan Development
3030,شركة اديداس العربية التجارية,Adidas Arabia Trading
3031,شركة مصنع منير عبدالله المنيف للأنابيب البلاستيكية ومستلزماتها,Al Munif Plastic Pipes & Fitting Factory
3032,شركة أسترا الزراعية,Astra Agricultural Co. Ltd
3033,الشـركة العربية للسيارات,Arabian Automotive Company
3034,الشركة العربية لتجهيزات المكاتب,Arabian Business Machines Company
3035,الشركة العربية للوازم الطبية,Arabian Health Care Supply Company
3036,شـركة الإتصالات والإلكترونيات العربية,Arabian Telecommunications & Electronics Company
3037,شركة المقاولات العامة,General Contracting Company
3038,شركة التجارة العمومية,General Trading Company
3039,ابتكارات التميز المحدودة ,Innovations of excellence Limited
3040,شركة جسور الامداد للموارد البشرية مساهمة مقفلة,Jussur Emdad for Human Resources
3041,الشركة الوطنية للتسويق المحدودة (العليان),National Marketing Company Limited (Olayan)
3042,شركة العليان للطاقة المحدودة,Olayan Energy Limited 
3043,شركة المشروعات و التنمية ,Projects and Development Company
3044,شركة حلول المساعي للتشغيل و الصيانة,Ventures Solutions for Operation and Maintenance Company
3045,شركة الموارد القابضة ,Mawarid Holding Company
3046,شركة عالم المصادر للمقاولات العامة,Global Sources General Contracting Co Ltd
3047,شركة آفاق الأعمال الخليجية للمقاولات العامة المحدودة,GULF BUSINESS HORIZON for GEN. CONT. CO.
3048,شركة التميمي للتجارة والصيانة,Tamimi Commercial and Maintenance
3049,شركة لينكسون العربية السعودية المحدودة,Linxon Saudi Arabia Co. Ltd.
3050,شركة امريكان اكسبريس السعودية,American Express Saudi Arabia
3051,يو اس رينل كير,U.S Renal Care
3052,شركة الراجحي للخدمات التجارية المساندة,Al-Rajhi Commercial Support Services Company
3053,شركة مقر بنسنت ماسونز الشرق الأوسط وشمال افريقيا الإقليمي,Pinsent Masons Regional HQ
3054,شركة همة كابيتال للاستثمار,Himmah Capital Investment Company
3055,شركة تموين الشرق للتجارة,Orient Provision & Trading Company
3056,شركة فلنت كونسلتنغ السعودية المحدودة,Flint Consulting Saudi
3057,ميرسك العربية للخدمات اللوجستية,Maersk Arabia Logistics Services
3058,ميتسو المحدودة,Metso LLC
3059,شركة دلة التجارية,Dallah Trading Co
3060,مجموعة القريان للتجارة والصناعة والمقاولات,ALQARYAN GROUP FOR TRADING IND & CONT COMPANY
3061,المعهد الوطني للتدريب الصناعي,NATIONAL INDUSTRIAL TRAINING INSTITUTE
3062,شركة جاهز الدولية لتقنية نظم المعلومات,Jahez International Company
3063,شركة التصوير الجزيئي,Molecular Imaging Company
3064,شركة ليدوس العربية المحدودة,Leidos Arabia Company Ltd
3065,الشركة السعودية للتطوير العمراني,Saudi Construction Development Company 
3066,شركة صدارة للكيميائيات,Sadara Chemical Company
3067,شركة نت ويرك انترناشيونال العربية,Network International Arabia Limited Co
3068,شركة طارق الجعفري للمقاولات,Tareg AlJaafari Contracting Company
3069,معهد الطاقة,EnergyTech
3070,شركة سليمان عبدالعزيز الراجحي الدولية,SULIMAN ABDULAZIZ ALRAJHI INTERNATIONAL CO
3071,شركة عبدالصمد القرشي القابضة,ABDALSAMAD ALQARSHI Holding Company
3072,شركة الرواف للمقاولات,AlRawaf Company
3073,شركة جيل الإدارة الحديثة للتجارة,JEEL ALIDARA ALHADITHA FOR TRADING
3074,فرع شركة محمد العلي السويلم للتجارة والمقاولات,Mohammed Ali Alswailem Trading & Contracting Co Branch
3075,شركة الصالحات القابضة,AlSalehat Holding
3076,الشركة السعودية للتمويل,Saudi Finance Company
3077,شركة تايدواتر الرشيد المحدودة,Tidewater AlRushaid Co. Ltd.
3078,شركة ريدكو العالمية للمقاولات,Redco International Contracting Company
3079,شركة ميدترونيك العربية السعودية,Medtronic Saudi Arabia
3080,شركة تأميني لوساطة التأمين الالكتروني,Tamini Company for Insurance Brokerage
3081,شركة الصريف القابضة,AlSarif Holding
3082,شركة عناية الوسيط,Broker Care Company
3083,شركة مصنع الصمامات الصناعية,Industrial Valves Manufacturer
3084,شركة خدمات المشاريع الطبية ,Consulting Clinics Company Ltd
3085,شركة مجمع العيادات الاستشارية المحدودة,Medical Services Projects Ltd
3086,شركه محمد عبدالمحسن العبدالكريم وشركاه للتجارة ,Mohammed abdulmohsen alabdulkarim and partners trading company
3087,شركة بارويد العربية السعودية المحدودة,Baroid Saudi Arabia
3088,شركة ميتسوبيشي باور العربية السعودية,MHBS SAUDI ARABIA CO
3089,شركة البحر الابيض المتوسط للملاحة,Mediterranean Shipping Co. Saudi
3090,شركة تكنيمونت العربية المحدودة,TECNIMONT ARABIA CO. LTD.
3091,شركة سامسونج إي اند ايه العربية المحدودة,SAMSUNG SAUDI ARABIA CO
3092,بنك الصين,Bank of China
3093,شركة بي جي بي العربية المحدودة,BGP ARABIA CO. LTD
3094,شركة ويسترنجيكو السعودية,WESTERNGECO SAUDI ARABIA LTD
3095,تشاينا بتروليم انجنيرينج أند,CPECC Saudi Arabia Branch
3096,شركة ينبع ارامكو سينوبك للتكرير ياسرف,Yanbu Aramco Sinopec refining Co.
3097,فرع شركة شاينا جيو انجنيرنج,China Geo. Engineering Corporation
3098,شركة ارامكو السعودية توتال للتكرير,SAUDI ARAMCO TOTAL REFINERY AND
3099,شركة أديس السعودية المحدودة,BRANCH OF ADVANCED PETROLEUM SERVICES
3100,فرع شركة هيوسنغ هيفي اندسترز كوربوريشن,HYOSUNG CORPORATION SAUDI ARABIA BRANCH
3101,فرع شركة شاندونغ تايجون اليكتريك باور,Shandong Tiejun Electric Power
3102,روش برودكتس العربية السعودية المحدودة,Roche Products Saudi Arabia Co.
3103,فرع شركة سانوفي العربية للتجارة,Sanofi Arabia Treading
3104,الشركة السعودية للمواد الكهربائية المحدودة,SAUDI ELECTRIC SUPPLY COMPANY
3105,شركة جال الدولية المحدودة,JAL International Company Ltd
3106,شركة افران الحطب,Alhatab Bakery Company
3107,شركة اكس سي ام جي للتجارة,XCMG Trading Company
3108,هايدريل بريشر كونترلونج العربية المحدودة,Hydril Pressure Controlling Arabia Limited
3109,شركة مصنع الأنسجة المتطورة,Advanced Fabrics Factory Company
3110,شركة اليمامة الطبية,Alyamamah Medical Company
3111,شركة الوسيلة لتأجير السيارات المحدودة,Alwasila Rent a Car L.L.C
3112,مصنع الباز المتحدة للصناعة,AlBaz United Factory for Industry
3113,شركة الصبح الطبية,Alsobh Medical Company
3114,شركة حلول الأنابيب المتطورة للصناعة,Advanced Piping Solutions Company for Industry
3115,شركة الغذاء النقي,Pure Food Company
3116,شركة الدانوب للمواد الغذائية والكماليات,Danube Company for Food Stuffs and Commondities
3117,"مصنع شركة بيكر هيوز بريشر كنترول الشرق االوسط 
المحدوده","Factory of Baker Hughes Pressure Control 
 Middle East Co. for Manufacturing"
3118,شركة أجدان للتطوير العقاري,Ajdan Real Estate Development Company
3119,شركة يونيك المحدودة,Unique Company Limited
3120,شركة ميس العربية للاستشارات الهندسية,Mace Arabia For Engineering Consultancy
3121,شركة ركن الكسائي الطبي,Kesay Clinics Care Company
3122,شركة تسویق وتوزیع المواد الكیمیائیة المحدودة,"Chemicals Marketing and Distribution 
Company Limited"
3123,شركة بوبولوس للهندسة المعمارية,Populous Architecture Engineering
3124,شركة ريادة واعمال لتقنية المعلومات,Reyadh & Aamal IT Company
3125,دانفوس العربية SILZ ذ.م.م, Danfoss Arabia (SILZ) LLC
3126,البحري للخدمات اللوجستية SILZ ذ.م.م, BAHRI LOGISTICS (SILZ) LLC
3127,سافاير SILZ ذ.م.م, Sapphire (SILZ) LLC
3128,يونيبارت لوجيستيكس SILZ ذ.م.م, Unipart Logistics (SILZ) LLC
3129,سيلفر باندز المملكة العربية السعودية SILZ ذ.م.م, Silver Bands KSA (SILZ) LLC
3130,أيهيرب العربية SILZ ذ.م.م,iHerb Arabia Co. (SILZ) LLC
3131,لينوفو (KSA (للابتكار والتكنولوجيا SILZ ذ.م.م, Lenovo (KSA) Innovation Technology (SILZ) LLC
3132,جايل الروبوتات العربية SILZ ذ.م.م, Agile Robots Arabia (SILZ) LLC
3133,ليشينز المملكة العربية السعودية SILZ ذ.م.م, LESHINES SAUDI ARABIA COMPANY LIMITED (SILZ) LLC
3134,شركة مشاري الشثري للاستشارات الهندسية,Mshari Alshathri Engineering Consulting Company
3135,شركة أسواق الحجاز التجارية,Alhijaz Markets Trading Company
3136,شركة روابي للمقاولات,Rawabi Contracting Company
3137,شركة أيه إي إس العربية المحدودة,AES Arabia LTD
3138,شركة المشروعات للخدمات البحرية,PC Marine Services
3139,واعد فنتشرز,Waed Aramco
3140,شركة البت الواحد لتقنية المعلومات,DataLexing
3141,شركة البصيرة الآمنة للأمن السيبراني شركة ذات مسؤولية محدودة,COGNNA
3142,شركة الصوت الإبداعي للذكاء الاصطناعي,Sawt
3143,شركة أدري المتقدمة للترجمة شركة شخص واحد,Adri
3144,شركة أنوال الخزامى لتقنية المعلومات,Bluerays
3145,شركة حوسبة التقنية لتقنية المعلومات شركة شخص واحد,Hawsabah
3146,شركة سطر الثقة لتقنية المعلومات,Nua
3147,شركة وتد الرقمية لتقنية المعلومات,Watad
3148,كارز دوت كوم القابضة,Carz dot com Company Holding
3149,هوّز لخدمات الأعمال ,Hawaz for Business Services
3150,شركة اسمنت المتحدة الصناعية,United Cement Industrual Company
3151,شركة دور العقارية للعقارات المحدودة,Dor Real Estate Company Limited
3152,شركة تشجيانج إهوو لإدارة الأصول العربية,China Ehoo Industrial Co. Ltd.
3153,شركة توزيع وتسويق السيارات المحدودة,Automative Distribution & Marketing Company Limited 
3154,شركة علي زيد القريشي وإخوانه,Ali Zaid AlQuraishi & Brothers Company
3155,شركة دوسمان عجلان واخوانه المحدودة,Dussman Ajlan & Bros. Company Limited
3156,شركة روسا انترناشونال للتجارة,Rosa International Trading Company
3157,شركة أسواق بن داود التجارية,BinDawood Superstores Trading Company
3158,خدمات الإنتاج الصناعية,Entaj Industrial Services Company
3159,شركة امتياز العربية ,Imtiaz Al Arabia Company
3160,شركة إمداد مشاريع الطاقة المحدودة,Energy Projects Support Company Ltd
3161,    شركة انساس السعودية للخدمات الهندسية,Saudi Ensas Company for Engineering Services
3162,شركة عقاراتك,AQARATIC
3163,شركة مستشفى الزهراء العام,Alzahra General Hospital
3164,شركة مجمع واحة الأعمال,Business Park Complex Company
3165,الشركة السعودية لخدمات الضمان الإسكاني ضمانات,The Saudi Mortgage Guarantee Services Company
3166,شركة الطيف الدوائية,Spectropharma Company
3167,شركة مصنع شركة هنكل لاعربية لمنتجات العناية المنزلية والشخصية ,Henkel Arabia For Home and Personal Care Products Factory
3168,شركة دواجن الوطنية,Alwatania Poultry
3169,الشركة العربية لتجارة المواد السائبة المحدودة,Arabian Bulk Trade Company Limited
3170,شركة النجيمة التجارية المحدودة,Alnujaima Trading Company
3171,شركة ديتكون السعودية ديتاساد المحدودة,Detecon Al Saudia DETASAD Company Limited
3172,شركة دلتا,Delta Company
3173,شركة البابطين للمقاولات,Albabtain Company for Contracting
3174,شركة كودو للتغذية والإعاشة,Kudu Company for Food & Catering
3175,شركة أنظمة الأعمال المتحدة,United Business Systems Company
3176,شركة نجيب أوتو للسيارات,Najeeb Auto Company
3177,شركة تخفيض العلامات التجارية,Brands For Less Company
3178,شركة التوصيبل الاسهل المحدودة,Easy Delivery Limited Company
3179,الشركة السعوديه لتوكيلات زيروكس شركة شخص واحد,Saudi Company for Xerox Agencies – One-Person Company
3180,شركة امكان القابضة,EMKAN HOLDING
3181,شركة اليسرة للأغذية,Alyasra Food Company
3182,شركة هلا العربية المحدودة,Arabian Hala Company Limited
3183,شركة صناعات الخريف,Alkhorayef Industries Company
3184,شركة الخريف التجارية,Alkhorayef Commercial Company
3185,شركة المركز الآلي السعودي,Saudi Parts Center Company
3186,شركة الشرق للإنشاءات ويفرز,ORIENT CONSTRUCTION COMPANY WEAVERS
3187,شركة مشاريع,Masharee Company
3188,شركة كابلات جدة المحدودة,Jeddah Cables Co Ltd
3189,شركة مركز المتوسط للمشاريع,Company MERKEZ AL-MUTAWAST For projects
3190,شركة تلال العقارية ,Tilal Real Estate Company
3191,شركة مستشفى الدكتور سليمان فقيه الطبية,Dr.Soliman Fakeeh Hospital
3192,شركة العبير العالمية الطبية المحدودة,Abeer International Medical Company Ltd
3193,شركة مراكز العبير الطبية المحدودة,Abeer Medical Company Ltd
3194,شركة اركاز الشرق لمواد البناء,Arkaz Alsharq Building Materials
3195,شركة بنى المملكة القابضة,Buna Al Mamlakah Holding Company
3196,شركة الرياض الوطنية للاستقدام,Riyadh National Recruitment Company
3197,شركة المصنع السعودي للسقالات المعدنية شركة شخص واحد,Saudi Scaffolding Factory
3198,الشركة العربية لتكييف الهواء المحدودة,ARABIAN AIRCONDITIONING CO. LTD
3199,شركة أي إل إف مھندسون استشاريون للاستشارات الھندسیة,ILF Consulting Engineers Company for Engineering Consultancy 
3200,شركة رام العالمية للاستثمار,RAM International for Investment
3201,شركة تنامي العربية,Tanami Arabia Company
3202,شركة استر العربية التجارية,Aster Arabia Trading Company
3203,شركة عبد اللطيف جميل,Abdul Latif Jameel Company
3204,شركة امداد الموارد البشرية للاستقدام,Emdad Human Resources for Recruitment
3205,شركة مصنع حسين عمر العطاس للمنتجات المعدنية,AFCO STEEL
3206,شركة مشروع المناخة الحضري للتنمية,Almanakha Urban Project Development Company
3207,شركة البنى الرقمية للاستثمار,Digital Infrastructures Investment Company
3208,شركة عبد الله هاشم المحدوده,ABDULLAH HASHIM Co Ltd
3209,شركة نسما للبنية التحتية والتقنية,Nesma Infrastructure and Technology
3210,شركة نهاز للاستثمار,Nahaz Investment Company
3211,شركة مشفى العبير الطبية المحدودة ,Mashfa Abeer Medical Company
3212,شركة محمود احمد شعبان وشريكه للمقاولات,Mahmoud Ahmad Chaaban & Partner Company
3213,شركة المميزة لأعمال البترول والغاز,Specialized Oil & Gas
3214,شركة التعهدات والمشاريع الإنشائية المحدودة,Contracting & Construction Enterprises
3215,مصنع السهم للمرطبات ,Arrow Beverage Factory
3216,شركة مصنع السهم لصناعة وتعبئة العصائر المحدودة,Arrow Juice Factory for Bottling and Production Company Limited
3217,شركة اير برودكتس القدرة للطاقة,Air Products Qudra for Energy
3218,شركة قدرة للإتصالات وتقنية المعلومات,Qudra for Communications
3219,شركة شدات الخرسانة المتقدمة المحدودة,Advanced Formwork Co. Ltd.
3220,شركة بعد للإتصالات السلكية واللاسلكية,BAUD TELECOM COMPANY
3221,شركة مصنع المرطبات المعلبة,Canned Soft Drinks Factory
3222,الشركة الوطنية للتسويق,National Marketing Company Ltd
3223,شركة مجموعة البواردي القابضة,Albawardi Group Holding Company
3224,مصنع بيرين للمياة والمرطبات,Berain Water and Beverages Factory
3225,شركة دفعة للتمويل,Dufa'a Finance Company
3226,شركة الخليج الموحد للمواد الغذائية,United Gulf Company for Food
3227,شركة دار الرياض للاستشارات الهندسية,Dar Al Riyadh for Engineering Consulting Company
3228,مستشفى تخصصي نجران الطبي,SPECIALIZED NAJRAN MEDICAL HOSPITAL COMPANY
3229,شركة عبدالله بن سعد الراشد وأولاده,Abdullah Saad Alrashid and Sons Company
3230,شركة استثمار الطاقة للصناعة المحدودة,Energy Investment Industrial Company Ltd
3231,مصنع شركة استثمار الطاقة للصناعة للمنتجات المعدنية,Energy Investment Metal Products Company Factory
3232,شركة دار بيات للتطوير والاستثمار العقاري,DAR BAYAT REAL ESTATE DEVELOPMENT & I NVESTMENT
3233,سياه الخليج سبيشال ستيل للصناعة,SeAH Gulf Special Steel Industeries
3234,شركة مصنع روعة الاصيغة للصناعة,Raweht AlAsbegah Factory Co
3235,شركة فريمكس السعودية للتطوير العقاري المحدودة,Saudi Frimex Real Estate Development Co. Ltd
3236,شركة رصف للاستثمار,Rasf Investment Company
3237,شركة إخوان السعودية التجارية,Ikhwan alsuadiyah Company Commercial
3238,شركة معارف للتشغيل والصيانة,Maarif Operation and Maintenance
3239,شركة خدمات المعامل الاسترالية العربية المحدودة,Australian Laboratory Services Arabia Co. Ltd
3240,شركة مركز ادوات وحلول للتدريب,Tools and Solutions Training Center
3241,ادوات وحلول لخدمات االٔعمال,Tools and Solutions Corporate Services
3242,شركة ادوات وحلول للتقنيات,Tools and  Solutions Technologies
3243,شركة أدوات وحلول,Tools And Solutions
3244,شركة أوبر السعودية المحدودة,UBER Saudi Ltd Company Single Shareholder
3245,شركه مارید ایف اوفشور بروجكتس المحدوده,Maridive Offshore Projects LTD
3246,شركة الغزالة للطاقة,AL GHAZALA ENERGY COMPANY
3247,شركة بيان للمعلومات الإتمانية,Bayan Company for Credit Information
3248,الشركة المتقدمة للتخزين,ADVANCED STORAGE COMPANY
3249,شركة هلا السعودية للسيارات,Saudi Hala Auto Co.
3250,شركة حرف السعودية,Saudi Artisanal Company
3251,شركة موارد المستقبل للموارد البشرية,Mawared AlMustaqbal For Human Resources
3252,شركة ديون فلوتس,Dune Valuts
3253,شركة ساعد العالمية للإستقدام شركة مساهمة مغلقة,saed international for lstigdam sa
3254,شركة مستشفى أبها الخاص  العالمي,Abha Int. Private Hospital Company
3255,شركة مدل بيست المحدودة,MDLBEAST LLC
3256,Algebra Ventures,Algebra Ventures
3257,COTU Ventures,COTU Ventures
3258,Emkan Capital,Emkan Capital
3259,EQ2 Ventures,EQ2 Ventures
3260,Global Ventures,Global Ventures
3261,KAUST Innovation Ventures,KAUST Innovation Ventures
3262,Nuwa Capital,Nuwa Capital
3263,Plug & Play,Plug & Play
3264,Propeller,Propeller
3265,Prosperity7,Prosperity7
3266,Riyad Taqnia Fund (RTF),Riyad Taqnia Fund (RTF)
3267,Wamda Capital,Wamda Capital
3268,cura,cura
3269,Hakbah,Hakbah
3270,NYM Card,NYM Card
3271,palm.hr,palm.hr
3272,Property Finder,Property Finder
3273,Joa Capital company,Joa Capital company
