Year;Country;Value (Kb/d);Growth rate per annum 2021;Growth rate per annum 2011-21;Share 2021
1965;Mexico;362.0;0.008399590758943809;-0.04134261126609773;0.021447657586514964
1965;Venezuela;3503.0;0.021181739818512346;-0.13394124958545395;0.007276968172059719
1965;Other Europe;470.47194520547936;-0.01331744869897089;-0.016014041041597427;0.0031836959922757926
1965;Russian Federation;0.0;0.0259857799039811;0.003829406109763678;0.12176380683962577
1965;Other CIS;0.0;0.009843248581402397;0.00992507322077918;0.00044202774865827356
1965;Syria;0.0;1.2322452830603248;-0.12202203231432995;0.0010684326874164487
1965;Sudan;0.0;0.011316056080317383;-0.14042020436364788;0.000713034224529678
1965;Brunei;79.99999999999999;-0.03156361017471021;-0.042996666803827854;0.0011855572586830063
1965;India;62.34427397260275;-0.03193165165427181;-0.022505178073259358;0.008301179800558844
1965;Indonesia;486.00000000000006;-0.06802891313886739;-0.031486219917371105;0.007694437644600682
1965;Thailand;0.0;-0.05325556726463476;-0.007443437542828613;0.004429631594503935
1965;Non-OECD;20773.724904109586;0.01949278875364291;-0.004849740898160371;0.6839519600707346
1965;Non-OPEC;18091.25389041096;0.008257326812303845;0.015899100250315934;0.6467892451078547
1966;Argentina;292.86410958904116;0.04446044334881449;-0.0061333912486202236;0.006980921191439775
1966;Ecuador;7.0;-0.013555296707416287;-0.005683478547010901;0.00526133980276409
1966;Trinidad & Tobago;153.0;0.005146397625773513;-0.05570469569190595;0.0008522323203223141
1966;Turkmenistan;0.0;0.15295127667772968;0.007527006661025348;0.002807356146183693
1966;USSR;5302.0;;;0.0
1966;Iran;2132.0;0.17380025940337207;-0.020484304153571276;0.04027732125202149
1966;Qatar;290.99999999999994;0.01863884943529248;-0.004373673468206385;0.019427799319937964
1966;United Arab Emirates;360.0;-0.0069035508107067045;0.01062166278475929;0.04081028431245729
1966;Chad;0.0;-0.07739092430558159;0.0024234194310526203;0.0012960426251119768
1966;Gabon;28.979643835616447;-0.1273702023440476;-0.026300843778524374;0.0020138660626010745
1966;Nigeria;417.6;-0.11071357403769111;-0.04054020661502922;0.01808623054191415
1966;South Sudan;0.0;-0.07259663781841252;;0.0016976445270429786
1966;Sudan;0.0;0.011316056080317383;-0.14042020436364788;0.000713034224529678
1966;Tunisia;16.243808219178085;0.2131251041424982;-0.04635888909716546;0.0005061458129315255
1966;Thailand;0.0;-0.05325556726463476;-0.007443437542828613;0.004429631594503935
1966;Non-OPEC;19449.943827397256;0.008257326812303845;0.015899100250315934;0.6467892451078547
1967;Venezuela;3576.0;0.021181739818512346;-0.13394124958545395;0.007276968172059719
1967;Norway;0.0;0.011004260860657089;-0.0007262343743977828;0.022528758184557043
1967;Russian Federation;0.0;0.0259857799039811;0.003829406109763678;0.12176380683962577
1967;Qatar;324.0;0.01863884943529248;-0.004373673468206385;0.019427799319937964
1967;Other Middle East;72.97753424657535;0.011403153025251411;-0.005507371067648537;0.0021211723339395906
1967;Algeria;842.6643835616437;0.016989208741859496;-0.019168427742856653;0.015050055927252524
1967;Angola;10.901835616438358;-0.11636126750752052;-0.035451819809867224;0.012954233865224927
1967;Chad;0.0;-0.07739092430558159;0.0024234194310526203;0.0012960426251119768
1967;Vietnam;0.0;-0.07175184203549767;-0.04842662621691651;0.002138650655914335
1967;of which: OECD;12464.86255890411;0.007351876295612625;0.03824488234060763;0.3160480399292659
1968;Venezuela;3639.0;0.021181739818512346;-0.13394124958545395;0.007276968172059719
1968;Norway;0.0;0.011004260860657089;-0.0007262343743977828;0.022528758184557043
1968;Other CIS;0.0;0.009843248581402397;0.00992507322077918;0.00044202774865827356
1968;Syria;21.0;1.2322452830603248;-0.12202203231432995;0.0010684326874164487
1968;Yemen;0.0;-0.2366792618132728;-0.1120656246470364;0.0007471712867693172
1968;Algeria;922.4950819672133;0.016989208741859496;-0.019168427742856653;0.015050055927252524
1968;Chad;0.0;-0.07739092430558159;0.0024234194310526203;0.0012960426251119768
1968;Equatorial Guinea;0.0;-0.11700800575183234;-0.07367231859320766;0.0015561435817629853
1968;Other Africa;1.843224043715847;-0.11473666799325744;0.039158123041266535;0.003261704928322147
1968;India;120.4182786885246;-0.03193165165427181;-0.022505178073259358;0.008301179800558844
1968;Indonesia;599.0;-0.06802891313886739;-0.031486219917371105;0.007694437644600682
1968;Non-OECD;27446.966912568307;0.01949278875364291;-0.004849740898160371;0.6839519600707346
1968;Non-OPEC;22431.294349726777;0.008257326812303845;0.015899100250315934;0.6467892451078547
1968;European Union #;700.533262295082;-0.0695851407390029;-0.048198144519203345;0.004072119458085688
1969;Canada;1306.0;0.05818705316551864;0.04443196660016557;0.06040277751561736
1969;Ecuador;4.000000000000001;-0.013555296707416287;-0.005683478547010901;0.00526133980276409
1969;Trinidad & Tobago;157.0;0.005146397625773513;-0.05570469569190595;0.0008522323203223141
1969;Uzbekistan;0.0;-0.021865293215890147;-0.028459124665332403;0.0006670871753145301
1969;Other Middle East;77.95890410958906;0.011403153025251411;-0.005507371067648537;0.0021211723339395906
1969;Angola;49.90076712328768;-0.11636126750752052;-0.035451819809867224;0.012954233865224927
1969;Egypt;239.1630136986301;-0.038370213606986225;-0.01604155377393679;0.006761229212210964
1969;Gabon;100.67772602739728;-0.1273702023440476;-0.026300843778524374;0.0020138660626010745
1969;Tunisia;78.10090410958904;0.2131251041424982;-0.04635888909716546;0.0005061458129315255
1969;China;436.5868493150686;0.023909756953389927;-0.0019866075275165596;0.04443819533162619
1969;Other Asia Pacific;36.42739726027396;-0.04705315243648667;-0.04115418864764997;0.0022095396269474184
1969;Non-OPEC;23642.985920547948;0.008257326812303845;0.015899100250315934;0.6467892451078547
1970;Canada;1473.0;0.05818705316551864;0.04443196660016557;0.06040277751561736
1970;Brazil;166.68103068071915;-0.014225904957071211;0.03206011798712183;0.03323616083253194
1970;Norway;0.0;0.011004260860657089;-0.0007262343743977828;0.022528758184557043
1970;Other Europe;528.2369589041097;-0.01331744869897089;-0.016014041041597427;0.0031836959922757926
1970;Kazakhstan;0.0;0.002805857999285566;0.00728805079249728;0.0201496873359396
1970;Iraq;1549.0;-0.0027401723179035775;0.03993176844808022;0.04564469402751451
1970;Other Middle East;78.5377397260274;0.011403153025251411;-0.005507371067648537;0.0021211723339395906
1970;Brunei;136.00000000000003;-0.03156361017471021;-0.042996666803827854;0.0011855572586830063
1970;China;615.5191780821917;0.023909756953389927;-0.0019866075275165596;0.04443819533162619
1970;of which: OECD;14177.936863013701;0.007351876295612625;0.03824488234060763;0.3160480399292659
1971;Venezuela;3615.0;0.021181739818512346;-0.13394124958545395;0.007276968172059719
1971;Denmark;0.0;-0.10211362064554186;-0.1170096789075572;0.0007196847935494618
1971;Norway;6.0;0.011004260860657089;-0.0007262343743977828;0.022528758184557043
1971;Uzbekistan;0.0;-0.021865293215890147;-0.028459124665332403;0.0006670871753145301
1971;Other CIS;0.0;0.009843248581402397;0.00992507322077918;0.00044202774865827356
1971;Kuwait;3253.0000000000005;0.016986526061875118;-0.006236392048542427;0.030494068685284637
1971;Syria;106.0;1.2322452830603248;-0.12202203231432995;0.0010684326874164487
1971;Other Middle East;76.2008082191781;0.011403153025251411;-0.005507371067648537;0.0021211723339395906
1971;Angola;116.1441369863014;-0.11636126750752052;-0.035451819809867224;0.012954233865224927
1971;Egypt;290.84712328767125;-0.038370213606986225;-0.01604155377393679;0.006761229212210964
1971;Nigeria;1531.1999999999994;-0.11071357403769111;-0.04054020661502922;0.01808623054191415
1971;Thailand;0.0;-0.05325556726463476;-0.007443437542828613;0.004429631594503935
1971;Vietnam;0.0;-0.07175184203549767;-0.04842662621691651;0.002138650655914335
1971;Other Asia Pacific;42.41753424657534;-0.04705315243648667;-0.04115418864764997;0.0022095396269474184
1971;Non-OPEC;26454.160710995402;0.008257326812303845;0.015899100250315934;0.6467892451078547
1972;Norway;33.0;0.011004260860657089;-0.0007262343743977828;0.022528758184557043
1972;Turkmenistan;0.0;0.15295127667772968;0.007527006661025348;0.002807356146183693
1972;Gabon;125.88778688524592;-0.1273702023440476;-0.026300843778524374;0.0020138660626010745
1972;China;914.6478142076503;0.023909756953389927;-0.0019866075275165596;0.04443819533162619
1972;India;151.69040983606558;-0.03193165165427181;-0.022505178073259358;0.008301179800558844
1972;Malaysia;93.0;-0.06971612164929131;-0.01391057266847573;0.006377158248748882
1972;European Union #;660.5240928961748;-0.0695851407390029;-0.048198144519203345;0.004072119458085688
1973;Canada;2113.9999999999995;0.05818705316551864;0.04443196660016557;0.06040277751561736
1973;Argentina;433.6356164383562;0.04446044334881449;-0.0061333912486202236;0.006980921191439775
1973;Peru;72.59178082191781;-0.028386022393809385;-0.021329472370361646;0.0014215574638193431
1973;Romania;303.93252054794516;-0.0355191483164915;-0.023558237086606537;0.0007759589176207393
1973;USSR;8664.42191780822;;;0.0
1973;Qatar;569.9999999999999;0.01863884943529248;-0.004373673468206385;0.019427799319937964
1973;Angola;165.963698630137;-0.11636126750752052;-0.035451819809867224;0.012954233865224927
1973;Egypt;164.93397260273974;-0.038370213606986225;-0.01604155377393679;0.006761229212210964
1973;Nigeria;2054.3000000000006;-0.11071357403769111;-0.04054020661502922;0.01808623054191415
1973;Tunisia;81.70361643835619;0.2131251041424982;-0.04635888909716546;0.0005061458129315255
1973;Thailand;0.0;-0.05325556726463476;-0.007443437542828613;0.004429631594503935
1973;Non-OPEC;29112.911004024307;0.008257326812303845;0.015899100250315934;0.6467892451078547
1974;Other S. & Cent. America;85.59616438356164;0.20940024362901344;0.0451070358039638;0.0024981613875134758
1974;Romania;308.0270136986301;-0.0355191483164915;-0.023558237086606537;0.0007759589176207393
1974;Azerbaijan;0.0;0.011682567630082463;-0.025151566534754033;0.00803848537351843
1974;Turkmenistan;0.0;0.15295127667772968;0.007527006661025348;0.002807356146183693
1974;USSR;9270.405479452054;;;0.0
1974;Oman;290.00000000000006;0.02161418528430481;0.009349774253819332;0.01080620135997218
1974;United Arab Emirates;1678.6;-0.0069035508107067045;0.01062166278475929;0.04081028431245729
1974;Yemen;0.0;-0.2366792618132728;-0.1120656246470364;0.0007471712867693172
1974;Chad;0.0;-0.07739092430558159;0.0024234194310526203;0.0012960426251119768
1974;Republic of Congo;47.62027397260273;-0.10676038947024336;-0.00921011915616421;0.0030486149234955494
1974;Egypt;144.9761643835617;-0.038370213606986225;-0.01604155377393679;0.006761229212210964
1974;Equatorial Guinea;0.0;-0.11700800575183234;-0.07367231859320766;0.0015561435817629853
1974;Gabon;204.3195068493151;-0.1273702023440476;-0.026300843778524374;0.0020138660626010745
1974;Sudan;0.0;0.011316056080317383;-0.14042020436364788;0.000713034224529678
1974;India;154.5197260273973;-0.03193165165427181;-0.022505178073259358;0.008301179800558844
1974;Vietnam;0.0;-0.07175184203549767;-0.04842662621691651;0.002138650655914335
1975;Peru;73.03561643835616;-0.028386022393809385;-0.021329472370361646;0.0014215574638193431
1975;Trinidad & Tobago;216.0;0.005146397625773513;-0.05570469569190595;0.0008522323203223141
1975;Denmark;3.0;-0.10211362064554186;-0.1170096789075572;0.0007196847935494618
1975;Russian Federation;0.0;0.0259857799039811;0.003829406109763678;0.12176380683962577
1975;Uzbekistan;0.0;-0.021865293215890147;-0.028459124665332403;0.0006670871753145301
1975;Oman;341.0;0.02161418528430481;0.009349774253819332;0.01080620135997218
1975;Qatar;437.0;0.01863884943529248;-0.004373673468206385;0.019427799319937964
1975;Other Middle East;61.68365753424658;0.011403153025251411;-0.005507371067648537;0.0021211723339395906
1975;South Sudan;0.0;-0.07259663781841252;;0.0016976445270429786
1975;Tunisia;97.10468493150684;0.2131251041424982;-0.04635888909716546;0.0005061458129315255
1975;Vietnam;0.0;-0.07175184203549767;-0.04842662621691651;0.002138650655914335
1975;of which: OECD;13862.44946008943;0.007351876295612625;0.03824488234060763;0.3160480399292659
1975;Non-OPEC;29977.206834337536;0.008257326812303845;0.015899100250315934;0.6467892451078547
1976;US;9735.639000000001;0.007749829893744842;0.07711669536220533;0.18453298748836555
1976;Argentina;408.0218579234973;0.04446044334881449;-0.0061333912486202236;0.006980921191439775
1976;Brazil;172.33053673498384;-0.014225904957071211;0.03206011798712183;0.03323616083253194
1976;Colombia;153.00000000000003;-0.05496561219969853;-0.021277019925614704;0.008212900920370417
1976;Trinidad & Tobago;212.0;0.005146397625773513;-0.05570469569190595;0.0008522323203223141
1976;Venezuela;2370.9999999999995;0.021181739818512346;-0.13394124958545395;0.007276968172059719
1976;Other S. & Cent. America;77.64612021857924;0.20940024362901344;0.0451070358039638;0.0024981613875134758
1976;Other Europe;494.07292349726777;-0.01331744869897089;-0.016014041041597427;0.0031836959922757926
1976;USSR;10465.595901639346;;;0.0
1976;Qatar;487.0;0.01863884943529248;-0.004373673468206385;0.019427799319937964
1976;Libya;1972.0;1.9841735386632142;0.09418291840950377;0.014123075093373077
1976;Tunisia;77.95054644808744;0.2131251041424982;-0.04635888909716546;0.0005061458129315255
1976;Other Africa;25.186393442622947;-0.11473666799325744;0.039158123041266535;0.003261704928322147
1976;Malaysia;167.0;-0.06971612164929131;-0.01391057266847573;0.006377158248748882
1977;US;9862.562;0.007749829893744842;0.07711669536220533;0.18453298748836555
1977;Ecuador;184.0;-0.013555296707416287;-0.005683478547010901;0.00526133980276409
1977;Trinidad & Tobago;229.00000000000003;0.005146397625773513;-0.05570469569190595;0.0008522323203223141
1977;Other S. & Cent. America;68.01361643835615;0.20940024362901344;0.0451070358039638;0.0024981613875134758
1977;Iraq;2358.120547945205;-0.0027401723179035775;0.03993176844808022;0.04564469402751451
1977;Syria;183.0;1.2322452830603248;-0.12202203231432995;0.0010684326874164487
1977;Algeria;1224.7908493150685;0.016989208741859496;-0.019168427742856653;0.015050055927252524
1977;Angola;143.36827397260274;-0.11636126750752052;-0.035451819809867224;0.012954233865224927
1977;Chad;0.0;-0.07739092430558159;0.0024234194310526203;0.0012960426251119768
1977;Egypt;406.54794520547966;-0.038370213606986225;-0.01604155377393679;0.006761229212210964
1977;Sudan;0.0;0.011316056080317383;-0.14042020436364788;0.000713034224529678
1977;Brunei;227.0;-0.03156361017471021;-0.042996666803827854;0.0011855572586830063
1977;China;1880.4964383561648;0.023909756953389927;-0.0019866075275165596;0.04443819533162619
1977;Vietnam;0.0;-0.07175184203549767;-0.04842662621691651;0.002138650655914335
1977;of which: OECD;14730.83568514817;0.007351876295612625;0.03824488234060763;0.3160480399292659
1978;Brazil;165.8252473032671;-0.014225904957071211;0.03206011798712183;0.03323616083253194
1978;Italy;31.397035616438355;-0.10014250985906081;-0.009222628843048253;0.0011170127869380988
1978;Other Europe;489.83205479452073;-0.01331744869897089;-0.016014041041597427;0.0031836959922757926
1978;Azerbaijan;0.0;0.011682567630082463;-0.025151566534754033;0.00803848537351843
1978;Iraq;2573.5506849315066;-0.0027401723179035775;0.03993176844808022;0.04564469402751451
1978;Saudi Arabia;8554.082;-0.00771709662166109;-0.001138257072443416;0.12187519844718395
1978;Chad;0.0;-0.07739092430558159;0.0024234194310526203;0.0012960426251119768
1978;Egypt;490.7416438356165;-0.038370213606986225;-0.01604155377393679;0.006761229212210964
1978;Gabon;212.29041095890406;-0.1273702023440476;-0.026300843778524374;0.0020138660626010745
1978;India;232.52227397260282;-0.03193165165427181;-0.022505178073259358;0.008301179800558844
1978;Thailand;0.0;-0.05325556726463476;-0.007443437542828613;0.004429631594503935
1978;Vietnam;0.0;-0.07175184203549767;-0.04842662621691651;0.002138650655914335
1978;OPEC;28232.665465753424;0.02939694730768805;-0.008004057369204176;0.3532107548921459
1979;US;10135.534;0.007749829893744842;0.07711669536220533;0.18453298748836555
1979;Argentina;487.2827397260274;0.04446044334881449;-0.0061333912486202236;0.006980921191439775
1979;Italy;36.22589863013699;-0.10014250985906081;-0.009222628843048253;0.0011170127869380988
1979;Uzbekistan;0.0;-0.021865293215890147;-0.028459124665332403;0.0006670871753145301
1979;Qatar;506.0;0.01863884943529248;-0.004373673468206385;0.019427799319937964
1979;Saudi Arabia;9841.627;-0.00771709662166109;-0.001138257072443416;0.12187519844718395
1979;Yemen;0.0;-0.2366792618132728;-0.1120656246470364;0.0007471712867693172
1979;Libya;2139.0;1.9841735386632142;0.09418291840950377;0.014123075093373077
1979;Sudan;0.0;0.011316056080317383;-0.14042020436364788;0.000713034224529678
1979;Tunisia;116.63517808219179;0.2131251041424982;-0.04635888909716546;0.0005061458129315255
1979;China;2131.7246575342465;0.023909756953389927;-0.0019866075275165596;0.04443819533162619
1979;Non-OECD;49380.14255737546;0.01949278875364291;-0.004849740898160371;0.6839519600707346
1980;US;10169.626;0.007749829893744842;0.07711669536220533;0.18453298748836555
1980;United Kingdom;1676.138579234973;-0.16645972114198726;-0.023935934873669962;0.009726109957763553
1980;Azerbaijan;0.0;0.011682567630082463;-0.025151566534754033;0.00803848537351843
1980;Turkmenistan;0.0;0.15295127667772968;0.007527006661025348;0.002807356146183693
1980;Uzbekistan;0.0;-0.021865293215890147;-0.028459124665332403;0.0006670871753145301
1980;Iran;1478.9617486338798;0.17380025940337207;-0.020484304153571276;0.04027732125202149
1980;Oman;285.0;0.02161418528430481;0.009349774253819332;0.01080620135997218
1980;Qatar;475.5344262295082;0.01863884943529248;-0.004373673468206385;0.019427799319937964
1980;Angola;150.38655737704917;-0.11636126750752052;-0.035451819809867224;0.012954233865224927
1980;Equatorial Guinea;0.0;-0.11700800575183234;-0.07367231859320766;0.0015561435817629853
1980;Sudan;0.0;0.011316056080317383;-0.14042020436364788;0.000713034224529678
1980;Australia;460.0;-0.0389567741348672;-0.00952504343187588;0.004841948866882152
1980;Malaysia;275.99999999999994;-0.06971612164929131;-0.01391057266847573;0.006377158248748882
1980;Non-OPEC;37372.7096073036;0.008257326812303845;0.015899100250315934;0.6467892451078547
1981;Canada;1610.0;0.05818705316551864;0.04443196660016557;0.06040277751561736
1981;Trinidad & Tobago;189.0;0.005146397625773513;-0.05570469569190595;0.0008522323203223141
1981;Iran;1321.0312328767125;0.17380025940337207;-0.020484304153571276;0.04027732125202149
1981;Kuwait;1186.9999999999998;0.016986526061875118;-0.006236392048542427;0.030494068685284637
1981;Oman;329.99999999999994;0.02161418528430481;0.009349774253819332;0.01080620135997218
1981;United Arab Emirates;1540.2999999999995;-0.0069035508107067045;0.01062166278475929;0.04081028431245729
1981;Yemen;0.0;-0.2366792618132728;-0.1120656246470364;0.0007471712867693172
1981;Angola;145.3172054794521;-0.11636126750752052;-0.035451819809867224;0.012954233865224927
1981;Equatorial Guinea;0.0;-0.11700800575183234;-0.07367231859320766;0.0015561435817629853
1981;Brunei;175.0;-0.03156361017471021;-0.042996666803827854;0.0011855572586830063
1981;India;309.4938356164384;-0.03193165165427181;-0.022505178073259358;0.008301179800558844
1981;of which: OECD;17786.118629930577;0.007351876295612625;0.03824488234060763;0.3160480399292659
1981;European Union #;612.7853150684931;-0.0695851407390029;-0.048198144519203345;0.004072119458085688
1982;US;10198.534;0.007749829893744842;0.07711669536220533;0.18453298748836555
1982;Italy;36.838528767123286;-0.10014250985906081;-0.009222628843048253;0.0011170127869380988
1982;Russian Federation;0.0;0.0259857799039811;0.003829406109763678;0.12176380683962577
1982;Turkmenistan;0.0;0.15295127667772968;0.007527006661025348;0.002807356146183693
1982;Saudi Arabia;6961.0;-0.00771709662166109;-0.001138257072443416;0.12187519844718395
1982;South Sudan;0.0;-0.07259663781841252;;0.0016976445270429786
1982;Other Africa;149.31164383561642;-0.11473666799325744;0.039158123041266535;0.003261704928322147
1982;Malaysia;304.0;-0.06971612164929131;-0.01391057266847573;0.006377158248748882
1982;OPEC;18401.062356164384;0.02939694730768805;-0.008004057369204176;0.3532107548921459
1983;Mexico;2930.0;0.008399590758943809;-0.04134261126609773;0.021447657586514964
1983;Ecuador;240.0;-0.013555296707416287;-0.005683478547010901;0.00526133980276409
1983;Venezuela;1852.0;0.021181739818512346;-0.13394124958545395;0.007276968172059719
1983;Kuwait;1117.0;0.016986526061875118;-0.006236392048542427;0.030494068685284637
1983;Algeria;1026.9339726027395;0.016989208741859496;-0.019168427742856653;0.015050055927252524
1983;Gabon;157.59558904109588;-0.1273702023440476;-0.026300843778524374;0.0020138660626010745
1983;Other Africa;163.01364383561645;-0.11473666799325744;0.039158123041266535;0.003261704928322147
1983;Brunei;179.0;-0.03156361017471021;-0.042996666803827854;0.0011855572586830063
1983;India;525.417095890411;-0.03193165165427181;-0.022505178073259358;0.008301179800558844
1983;Indonesia;1419.0;-0.06802891313886739;-0.031486219917371105;0.007694437644600682
1983;Malaysia;385.00000000000006;-0.06971612164929131;-0.01391057266847573;0.006377158248748882
1983;Vietnam;0.0;-0.07175184203549767;-0.04842662621691651;0.002138650655914335
1984;Mexico;2941.9999999999995;0.008399590758943809;-0.04134261126609773;0.021447657586514964
1984;Peru;185.08169125683062;-0.028386022393809385;-0.021329472370361646;0.0014215574638193431
1984;Denmark;47.0;-0.10211362064554186;-0.1170096789075572;0.0007196847935494618
1984;Russian Federation;0.0;0.0259857799039811;0.003829406109763678;0.12176380683962577
1984;Uzbekistan;0.0;-0.021865293215890147;-0.028459124665332403;0.0006670871753145301
1984;Qatar;353.0163934426229;0.01863884943529248;-0.004373673468206385;0.019427799319937964
1984;Syria;162.0;1.2322452830603248;-0.12202203231432995;0.0010684326874164487
1984;Yemen;0.0;-0.2366792618132728;-0.1120656246470364;0.0007471712867693172
1984;Chad;0.0;-0.07739092430558159;0.0024234194310526203;0.0012960426251119768
1984;Egypt;815.9439890710382;-0.038370213606986225;-0.01604155377393679;0.006761229212210964
1984;Nigeria;1388.0;-0.11071357403769111;-0.04054020661502922;0.01808623054191415
1984;South Sudan;0.0;-0.07259663781841252;;0.0016976445270429786
1985;Brazil;560.9602414720432;-0.014225904957071211;0.03206011798712183;0.03323616083253194
1985;Romania;235.62789041095886;-0.0355191483164915;-0.023558237086606537;0.0007759589176207393
1985;Turkmenistan;142.22465753424655;0.15295127667772968;0.007527006661025348;0.002807356146183693
1985;Syria;159.441095890411;1.2322452830603248;-0.12202203231432995;0.0010684326874164487
1985;South Sudan;0.0;-0.07259663781841252;;0.0016976445270429786
1985;Sudan;0.0;0.011316056080317383;-0.14042020436364788;0.000713034224529678
1985;Other Africa;241.47572602739726;-0.11473666799325744;0.039158123041266535;0.003261704928322147
1985;Brunei;168.0;-0.03156361017471021;-0.042996666803827854;0.0011855572586830063
1985;India;626.8849315068492;-0.03193165165427181;-0.022505178073259358;0.008301179800558844
1985;Indonesia;1342.0;-0.06802891313886739;-0.031486219917371105;0.007694437644600682
1985;Non-OPEC;41899.71433371203;0.008257326812303845;0.015899100250315934;0.6467892451078547
1985;European Union #;749.4304328767122;-0.0695851407390029;-0.048198144519203345;0.004072119458085688
1986;Mexico;2758.0000000000005;0.008399590758943809;-0.04134261126609773;0.021447657586514964
1986;Trinidad & Tobago;169.0;0.005146397625773513;-0.05570469569190595;0.0008522323203223141
1986;Venezuela;1886.0;0.021181739818512346;-0.13394124958545395;0.007276968172059719
1986;Italy;53.2701397260274;-0.10014250985906081;-0.009222628843048253;0.0011170127869380988
1986;Romania;223.42671232876717;-0.0355191483164915;-0.023558237086606537;0.0007759589176207393
1986;Kazakhstan;502.7936986301369;0.002805857999285566;0.00728805079249728;0.0201496873359396
1986;Turkmenistan;137.56986301369864;0.15295127667772968;0.007527006661025348;0.002807356146183693
1986;Algeria;1126.0008082191782;0.016989208741859496;-0.019168427742856653;0.015050055927252524
1986;Angola;282.71687671232877;-0.11636126750752052;-0.035451819809867224;0.012954233865224927
1986;South Sudan;0.0;-0.07259663781841252;;0.0016976445270429786
1986;Brunei;165.0;-0.03156361017471021;-0.042996666803827854;0.0011855572586830063
1986;Malaysia;500.00000000000006;-0.06971612164929131;-0.01391057266847573;0.006377158248748882
1986;Thailand;48.447164931506855;-0.05325556726463476;-0.007443437542828613;0.004429631594503935
1986;European Union #;767.2104136986302;-0.0695851407390029;-0.048198144519203345;0.004072119458085688
1987;Argentina;459.40493150684927;0.04446044334881449;-0.0061333912486202236;0.006980921191439775
1987;Trinidad & Tobago;155.0;0.005146397625773513;-0.05570469569190595;0.0008522323203223141
1987;Venezuela;1910.0;0.021181739818512346;-0.13394124958545395;0.007276968172059719
1987;Turkmenistan;135.4301369863013;0.15295127667772968;0.007527006661025348;0.002807356146183693
1987;Uzbekistan;64.27123287671233;-0.021865293215890147;-0.028459124665332403;0.0006670871753145301
1987;Algeria;1178.1400684931507;0.016989208741859496;-0.019168427742856653;0.015050055927252524
1987;Libya;1003.0;1.9841735386632142;0.09418291840950377;0.014123075093373077
1987;Nigeria;1353.0;-0.11071357403769111;-0.04054020661502922;0.01808623054191415
1987;Tunisia;105.6165205479452;0.2131251041424982;-0.04635888909716546;0.0005061458129315255
1987;Other Africa;218.84679452054797;-0.11473666799325744;0.039158123041266535;0.003261704928322147
1987;India;639.0587945205477;-0.03193165165427181;-0.022505178073259358;0.008301179800558844
1988;Mexico;2876.9999999999995;0.008399590758943809;-0.04134261126609773;0.021447657586514964
1988;Peru;142.3027213114754;-0.028386022393809385;-0.021329472370361646;0.0014215574638193431
1988;Denmark;96.0;-0.10211362064554186;-0.1170096789075572;0.0007196847935494618
1988;Other Europe;662.0808743169398;-0.01331744869897089;-0.016014041041597427;0.0031836959922757926
1988;Yemen;170.0;-0.2366792618132728;-0.1120656246470364;0.0007471712867693172
1988;Republic of Congo;136.14491803278688;-0.10676038947024336;-0.00921011915616421;0.0030486149234955494
1988;Egypt;868.7685792349727;-0.038370213606986225;-0.01604155377393679;0.006761229212210964
1988;Nigeria;1391.3490000000004;-0.11071357403769111;-0.04054020661502922;0.01808623054191415
1988;South Sudan;0.0;-0.07259663781841252;;0.0016976445270429786
1988;Other Africa;211.12046448087432;-0.11473666799325744;0.039158123041266535;0.003261704928322147
1988;European Union #;795.3080300546447;-0.0695851407390029;-0.048198144519203345;0.004072119458085688
1989;Peru;131.4013698630137;-0.028386022393809385;-0.021329472370361646;0.0014215574638193431
1989;Romania;201.5595342465753;-0.0355191483164915;-0.023558237086606537;0.0007759589176207393
1989;Other Europe;641.8854520547944;-0.01331744869897089;-0.016014041041597427;0.0031836959922757926
1989;Azerbaijan;268.2109589041096;0.011682567630082463;-0.025151566534754033;0.00803848537351843
1989;USSR;0.0;;;0.0
1989;Yemen;178.00000000000003;-0.2366792618132728;-0.1120656246470364;0.0007471712867693172
1989;Egypt;878.0221917808218;-0.038370213606986225;-0.01604155377393679;0.006761229212210964
1989;Equatorial Guinea;0.0;-0.11700800575183234;-0.07367231859320766;0.0015561435817629853
1989;Nigeria;1776.3;-0.11071357403769111;-0.04054020661502922;0.01808623054191415
1989;Sudan;0.0;0.011316056080317383;-0.14042020436364788;0.000713034224529678
1989;Brunei;150.0;-0.03156361017471021;-0.042996666803827854;0.0011855572586830063
1989;Indonesia;1481.0;-0.06802891313886739;-0.031486219917371105;0.007694437644600682
1989;Malaysia;589.0;-0.06971612164929131;-0.01391057266847573;0.006377158248748882
1989;Other Asia Pacific;134.80233126339505;-0.04705315243648667;-0.04115418864764997;0.0022095396269474184
1989;of which: OECD;19213.386836446003;0.007351876295612625;0.03824488234060763;0.3160480399292659
1989;OPEC;21642.72497260274;0.02939694730768805;-0.008004057369204176;0.3532107548921459
1990;Colombia;446.00000000000006;-0.05496561219969853;-0.021277019925614704;0.008212900920370417
1990;United Kingdom;1932.8096438356165;-0.16645972114198726;-0.023935934873669962;0.009726109957763553
1990;Turkmenistan;119.52054794520546;0.15295127667772968;0.007527006661025348;0.002807356146183693
1990;Iran;3270.178082191781;0.17380025940337207;-0.020484304153571276;0.04027732125202149
1990;Qatar;433.81369863013697;0.01863884943529248;-0.004373673468206385;0.019427799319937964
1990;Saudi Arabia;7105.5;-0.00771709662166109;-0.001138257072443416;0.12187519844718395
1990;Syria;406.7293150684933;1.2322452830603248;-0.12202203231432995;0.0010684326874164487
1990;United Arab Emirates;1984.628;-0.0069035508107067045;0.01062166278475929;0.04081028431245729
1990;Chad;0.0;-0.07739092430558159;0.0024234194310526203;0.0012960426251119768
1990;Libya;1423.9999999999998;1.9841735386632142;0.09418291840950377;0.014123075093373077
1990;South Sudan;0.0;-0.07259663781841252;;0.0016976445270429786
1990;Brunei;152.00000000000003;-0.03156361017471021;-0.042996666803827854;0.0011855572586830063
1990;India;714.5419999999998;-0.03193165165427181;-0.022505178073259358;0.008301179800558844
1990;Non-OECD;45731.07252001068;0.01949278875364291;-0.004849740898160371;0.6839519600707346
1990;Non-OPEC;41826.71492136723;0.008257326812303845;0.015899100250315934;0.6467892451078547
1991;Canada;1983.5053432645047;0.05818705316551864;0.04443196660016557;0.06040277751561736
1991;Denmark;142.0;-0.10211362064554186;-0.1170096789075572;0.0007196847935494618
1991;United Kingdom;1933.555397260274;-0.16645972114198726;-0.023935934873669962;0.009726109957763553
1991;Other CIS;45.2;0.009843248581402397;0.00992507322077918;0.00044202774865827356
1991;Kuwait;185.0;0.016986526061875118;-0.006236392048542427;0.030494068685284637
1991;Oman;715.9999999999999;0.02161418528430481;0.009349774253819332;0.01080620135997218
1991;Gabon;294.5629589041096;-0.1273702023440476;-0.026300843778524374;0.0020138660626010745
1991;Other Africa;175.9581643835617;-0.11473666799325744;0.039158123041266535;0.003261704928322147
1991;Thailand;70.98710465753425;-0.05325556726463476;-0.007443437542828613;0.004429631594503935
1991;Vietnam;80.2849315068493;-0.07175184203549767;-0.04842662621691651;0.002138650655914335
1991;European Union #;772.4659260273974;-0.0695851407390029;-0.048198144519203345;0.004072119458085688
1992;US;8868.125;0.007749829893744842;0.07711669536220533;0.18453298748836555
1992;Trinidad & Tobago;144.0;0.005146397625773513;-0.05570469569190595;0.0008522323203223141
1992;Denmark;156.99999999999997;-0.10211362064554186;-0.1170096789075572;0.0007196847935494618
1992;Other Europe;600.6921857923497;-0.01331744869897089;-0.016014041041597427;0.0031836959922757926
1992;Azerbaijan;227.5371857923497;0.011682567630082463;-0.025151566534754033;0.00803848537351843
1992;Kazakhstan;568.8825136612022;0.002805857999285566;0.00728805079249728;0.0201496873359396
1992;Saudi Arabia;9091.7;-0.00771709662166109;-0.001138257072443416;0.12187519844718395
1992;Yemen;183.95846994535518;-0.2366792618132728;-0.1120656246470364;0.0007471712867693172
1992;Algeria;1320.565573770492;0.016989208741859496;-0.019168427742856653;0.015050055927252524
1992;Egypt;905.9710382513664;-0.038370213606986225;-0.01604155377393679;0.006761229212210964
1992;Thailand;83.56346557377049;-0.05325556726463476;-0.007443437542828613;0.004429631594503935
1992;Non-OPEC;40654.27683844196;0.008257326812303845;0.015899100250315934;0.6467892451078547
1993;Other S. & Cent. America;82.52950684931506;0.20940024362901344;0.0451070358039638;0.0024981613875134758
1993;Denmark;167.99999999999997;-0.10211362064554186;-0.1170096789075572;0.0007196847935494618
1993;Romania;144.27679452054795;-0.0355191483164915;-0.023558237086606537;0.0007759589176207393
1993;United Kingdom;2134.836712328767;-0.16645972114198726;-0.023935934873669962;0.009726109957763553
1993;Azerbaijan;207.40408219178082;0.011682567630082463;-0.025151566534754033;0.00803848537351843
1993;Saudi Arabia;8892.7;-0.00771709662166109;-0.001138257072443416;0.12187519844718395
1993;South Sudan;0.0;-0.07259663781841252;;0.0016976445270429786
1993;Tunisia;105.94761643835619;0.2131251041424982;-0.04635888909716546;0.0005061458129315255
1993;Malaysia;645.0;-0.06971612164929131;-0.01391057266847573;0.006377158248748882
1994;Canada;2281.3347888038143;0.05818705316551864;0.04443196660016557;0.06040277751561736
1994;Mexico;3135.9556193146973;0.008399590758943809;-0.04134261126609773;0.021447657586514964
1994;Denmark;185.0;-0.10211362064554186;-0.1170096789075572;0.0007196847935494618
1994;Other Europe;558.7398630136987;-0.01331744869897089;-0.016014041041597427;0.0031836959922757926
1994;Oman;819.0;0.02161418528430481;0.009349774253819332;0.01080620135997218
1994;Qatar;451.3802739726027;0.01863884943529248;-0.004373673468206385;0.019427799319937964
1994;Other Middle East;52.117424657534244;0.011403153025251411;-0.005507371067648537;0.0021211723339395906
1994;Equatorial Guinea;5.000000000000001;-0.11700800575183234;-0.07367231859320766;0.0015561435817629853
1994;Malaysia;657.0;-0.06971612164929131;-0.01391057266847573;0.006377158248748882
1994;Vietnam;143.94520547945208;-0.07175184203549767;-0.04842662621691651;0.002138650655914335
1994;Non-OECD;45852.991052054815;0.01949278875364291;-0.004849740898160371;0.6839519600707346
1995;Canada;2402.127812899821;0.05818705316551864;0.04443196660016557;0.06040277751561736
1995;US;8321.639000000001;0.007749829893744842;0.07711669536220533;0.18453298748836555
1995;Norway;2902.9999999999995;0.011004260860657089;-0.0007262343743977828;0.022528758184557043
1995;Romania;144.87197260273976;-0.0355191483164915;-0.023558237086606537;0.0007759589176207393
1995;Kazakhstan;450.4388767123288;0.002805857999285566;0.00728805079249728;0.0201496873359396
1995;Russian Federation;6235.776931506849;0.0259857799039811;0.003829406109763678;0.12176380683962577
1995;Turkmenistan;83.86301369863013;0.15295127667772968;0.007527006661025348;0.002807356146183693
1995;Uzbekistan;172.29342465753422;-0.021865293215890147;-0.028459124665332403;0.0006670871753145301
1995;Iraq;530.2756164383561;-0.0027401723179035775;0.03993176844808022;0.04564469402751451
1995;Saudi Arabia;8973.537519843312;-0.00771709662166109;-0.001138257072443416;0.12187519844718395
1995;Syria;596.2816438356165;1.2322452830603248;-0.12202203231432995;0.0010684326874164487
1995;Algeria;1309.536712328767;0.016989208741859496;-0.019168427742856653;0.015050055927252524
1995;Brunei;175.0;-0.03156361017471021;-0.042996666803827854;0.0011855572586830063
1995;Indonesia;1578.0;-0.06802891313886739;-0.031486219917371105;0.007694437644600682
1995;Malaysia;704.0000000000001;-0.06971612164929131;-0.01391057266847573;0.006377158248748882
1995;Vietnam;154.48767123287672;-0.07175184203549767;-0.04842662621691651;0.002138650655914335
1995;Other Asia Pacific;229.46330110565142;-0.04705315243648667;-0.04115418864764997;0.0022095396269474184
1995;of which: OECD;21351.819351396567;0.007351876295612625;0.03824488234060763;0.3160480399292659
1996;Canada;2479.917423602477;0.05818705316551864;0.04443196660016557;0.06040277751561736
1996;US;8294.526999999998;0.007749829893744842;0.07711669536220533;0.18453298748836555
1996;Brazil;808.3999999999999;-0.014225904957071211;0.03206011798712183;0.03323616083253194
1996;Trinidad & Tobago;141.0;0.005146397625773513;-0.05570469569190595;0.0008522323203223141
1996;Norway;3231.9999999999995;0.011004260860657089;-0.0007262343743977828;0.022528758184557043
1996;Romania;142.38158469945355;-0.0355191483164915;-0.023558237086606537;0.0007759589176207393
1996;Other Europe;502.62456284153;-0.01331744869897089;-0.016014041041597427;0.0031836959922757926
1996;Oman;897.0000000000001;0.02161418528430481;0.009349774253819332;0.01080620135997218
1996;Syria;586.2316939890711;1.2322452830603248;-0.12202203231432995;0.0010684326874164487
1996;Republic of Congo;200.3872131147541;-0.10676038947024336;-0.00921011915616421;0.0030486149234955494
1996;Equatorial Guinea;16.999999999999996;-0.11700800575183234;-0.07367231859320766;0.0015561435817629853
1996;Libya;1451.9999999999998;1.9841735386632142;0.09418291840950377;0.014123075093373077
1996;Other Africa;171.87046448087432;-0.11473666799325744;0.039158123041266535;0.003261704928322147
1996;Thailand;95.95865136612022;-0.05325556726463476;-0.007443437542828613;0.004429631594503935
1996;OPEC;27292.24996981648;0.02939694730768805;-0.008004057369204176;0.3532107548921459
1996;European Union #;775.1197267759562;-0.0695851407390029;-0.048198144519203345;0.004072119458085688
1997;Argentina;877.4301369863016;0.04446044334881449;-0.0061333912486202236;0.006980921191439775
1997;Other Europe;481.21874520547954;-0.01331744869897089;-0.016014041041597427;0.0031836959922757926
1997;Kazakhstan;556.8730684931508;0.002805857999285566;0.00728805079249728;0.0201496873359396
1997;Russian Federation;6170.674849315068;0.0259857799039811;0.003829406109763678;0.12176380683962577
1997;Iran;3776.4630136986298;0.17380025940337207;-0.020484304153571276;0.04027732125202149
1997;Egypt;872.5038356164384;-0.038370213606986225;-0.01604155377393679;0.006761229212210964
1997;Brunei;162.99999999999997;-0.03156361017471021;-0.042996666803827854;0.0011855572586830063
1997;of which: OECD;22353.826996933603;0.007351876295612625;0.03824488234060763;0.3160480399292659
1998;Mexico;3498.555623509807;0.008399590758943809;-0.04134261126609773;0.021447657586514964
1998;Norway;3138.0;0.011004260860657089;-0.0007262343743977828;0.022528758184557043
1998;United Kingdom;2848.7264109589037;-0.16645972114198726;-0.023935934873669962;0.009726109957763553
1998;Azerbaijan;230.69561643835613;0.011682567630082463;-0.025151566534754033;0.00803848537351843
1998;Qatar;701.4300000000002;0.01863884943529248;-0.004373673468206385;0.019427799319937964
1998;Algeria;1452.0068493150684;0.016989208741859496;-0.019168427742856653;0.015050055927252524
1998;Chad;0.0;-0.07739092430558159;0.0024234194310526203;0.0012960426251119768
1998;Republic of Congo;263.78334246575344;-0.10676038947024336;-0.00921011915616421;0.0030486149234955494
1998;South Sudan;0.0;-0.07259663781841252;;0.0016976445270429786
1998;Tunisia;87.52120547945206;0.2131251041424982;-0.04635888909716546;0.0005061458129315255
1998;Australia;630.0988024563981;-0.0389567741348672;-0.00952504343187588;0.004841948866882152
1998;Indonesia;1519.9999999999998;-0.06802891313886739;-0.031486219917371105;0.007694437644600682
1998;Thailand;113.45464383561644;-0.05325556726463476;-0.007443437542828613;0.004429631594503935
1998;Vietnam;253.42465753424656;-0.07175184203549767;-0.04842662621691651;0.002138650655914335
1998;Other Asia Pacific;217.38806688825645;-0.04705315243648667;-0.04115418864764997;0.0022095396269474184
1998;OPEC;29901.877543750372;0.02939694730768805;-0.008004057369204176;0.3532107548921459
1999;Canada;2604.3995949776927;0.05818705316551864;0.04443196660016557;0.06040277751561736
1999;Argentina;834.5519864366257;0.04446044334881449;-0.0061333912486202236;0.006980921191439775
1999;Kazakhstan;655.6265205479452;0.002805857999285566;0.00728805079249728;0.0201496873359396
1999;Iraq;2609.826849315069;-0.0027401723179035775;0.03993176844808022;0.04564469402751451
1999;Kuwait;2085.0;0.016986526061875118;-0.006236392048542427;0.030494068685284637
1999;Oman;904.6887671232877;0.02161418528430481;0.009349774253819332;0.01080620135997218
1999;Qatar;723.2700000000002;0.01863884943529248;-0.004373673468206385;0.019427799319937964
1999;Angola;745.0602739726027;-0.11636126750752052;-0.035451819809867224;0.012954233865224927
1999;India;736.2368219178082;-0.03193165165427181;-0.022505178073259358;0.008301179800558844
1999;of which: OECD;21990.528465672905;0.007351876295612625;0.03824488234060763;0.3160480399292659
2000;Denmark;363.0;-0.10211362064554186;-0.1170096789075572;0.0007196847935494618
2000;Romania;131.74158469945354;-0.0355191483164915;-0.023558237086606537;0.0007759589176207393
2000;Other Europe;419.51720778688525;-0.01331744869897089;-0.016014041041597427;0.0031836959922757926
2000;Equatorial Guinea;118.0;-0.11700800575183234;-0.07367231859320766;0.0015561435817629853
2000;Libya;1474.5902;1.9841735386632142;0.09418291840950377;0.014123075093373077
2000;South Sudan;0.0;-0.07259663781841252;;0.0016976445270429786
2001;Venezuela;3174.4310418504747;0.021181739818512346;-0.13394124958545395;0.007276968172059719
2001;Other S. & Cent. America;133.6087397260274;0.20940024362901344;0.0451070358039638;0.0024981613875134758
2001;Russian Federation;7105.859497260273;0.0259857799039811;0.003829406109763678;0.12176380683962577
2001;Turkmenistan;155.90136986301368;0.15295127667772968;0.007527006661025348;0.002807356146183693
2001;Iraq;2522.0;-0.0027401723179035775;0.03993176844808022;0.04564469402751451
2001;Qatar;855.7909735324499;0.01863884943529248;-0.004373673468206385;0.019427799319937964
2001;Saudi Arabia;8935.030315576923;-0.00771709662166109;-0.001138257072443416;0.12187519844718395
2001;Other Middle East;47.117424657534244;0.011403153025251411;-0.005507371067648537;0.0021211723339395906
2001;Republic of Congo;248.0;-0.10676038947024336;-0.00921011915616421;0.0030486149234955494
2001;Gabon;262.00000000000006;-0.1273702023440476;-0.026300843778524374;0.0020138660626010745
2001;Nigeria;2157.497304109589;-0.11071357403769111;-0.04054020661502922;0.01808623054191415
2001;Sudan;209.00812054794525;0.011316056080317383;-0.14042020436364788;0.000713034224529678
2001;China;3310.147671232877;0.023909756953389927;-0.0019866075275165596;0.04443819533162619
2001;India;729.6634520547946;-0.03193165165427181;-0.022505178073259358;0.008301179800558844
2001;Thailand;205.598588630137;-0.05325556726463476;-0.007443437542828613;0.004429631594503935
2001;Vietnam;349.66191780821924;-0.07175184203549767;-0.04842662621691651;0.002138650655914335
2001;of which: OECD;22022.524993490664;0.007351876295612625;0.03824488234060763;0.3160480399292659
2002;Canada;2858.1641011457104;0.05818705316551864;0.04443196660016557;0.06040277751561736
2002;US;7624.338273972602;0.007749829893744842;0.07711669536220533;0.18453298748836555
2002;Brazil;1497.6999999999996;-0.014225904957071211;0.03206011798712183;0.03323616083253194
2002;Ecuador;394.0;-0.013555296707416287;-0.005683478547010901;0.00526133980276409
2002;Iran;3616.9205478630147;0.17380025940337207;-0.020484304153571276;0.04027732125202149
2002;Kuwait;2026.5510958904108;0.016986526061875118;-0.006236392048542427;0.030494068685284637
2002;Syria;677.0;1.2322452830603248;-0.12202203231432995;0.0010684326874164487
2002;Malaysia;741.3634144288279;-0.06971612164929131;-0.01391057266847573;0.006377158248748882
2002;Vietnam;352.9715068493151;-0.07175184203549767;-0.04842662621691651;0.002138650655914335
2002;European Union #;897.6171650684933;-0.0695851407390029;-0.048198144519203345;0.004072119458085688
2003;US;7368.447945205478;0.007749829893744842;0.07711669536220533;0.18453298748836555
2003;Ecuador;420.00000000000006;-0.013555296707416287;-0.005683478547010901;0.00526133980276409
2003;Romania;123.86687671232876;-0.0355191483164915;-0.023558237086606537;0.0007759589176207393
2003;United Kingdom;2291.130509315068;-0.16645972114198726;-0.023935934873669962;0.009726109957763553
2003;Azerbaijan;307.9339726027397;0.011682567630082463;-0.025151566534754033;0.00803848537351843
2003;Russian Federation;8602.47518750685;0.0259857799039811;0.003829406109763678;0.12176380683962577
2003;United Arab Emirates;2722.4890000000005;-0.0069035508107067045;0.01062166278475929;0.04081028431245729
2003;Yemen;450.5455287671232;-0.2366792618132728;-0.1120656246470364;0.0007471712867693172
2003;Angola;869.5630685000001;-0.11636126750752052;-0.035451819809867224;0.012954233865224927
2003;Australia;654.8500842159901;-0.0389567741348672;-0.00952504343187588;0.004841948866882152
2003;Thailand;254.72778794520545;-0.05325556726463476;-0.007443437542828613;0.004429631594503935
2004;Argentina;873.9009748919847;0.04446044334881449;-0.0061333912486202236;0.006980921191439775
2004;Brazil;1542.8;-0.014225904957071211;0.03206011798712183;0.03323616083253194
2004;Other S. & Cent. America;143.40531913248432;0.20940024362901344;0.0451070358039638;0.0024981613875134758
2004;Italy;112.66525860655734;-0.10014250985906081;-0.009222628843048253;0.0011170127869380988
2004;Azerbaijan;308.65368852459017;0.011682567630082463;-0.025151566534754033;0.00803848537351843
2004;Turkmenistan;186.0109289617486;0.15295127667772968;0.007527006661025348;0.002807356146183693
2004;Uzbekistan;139.22112021857924;-0.021865293215890147;-0.028459124665332403;0.0006670871753145301
2004;Iraq;2030.0;-0.0027401723179035775;0.03993176844808022;0.04564469402751451
2004;United Arab Emirates;2821.5799999999995;-0.0069035508107067045;0.01062166278475929;0.04081028431245729
2004;Brunei;210.44416134750338;-0.03156361017471021;-0.042996666803827854;0.0011855572586830063
2004;Vietnam;416.9076502732241;-0.07175184203549767;-0.04842662621691651;0.002138650655914335
2004;of which: OECD;21344.60475433397;0.007351876295612625;0.03824488234060763;0.3160480399292659
2005;US;6900.783643835616;0.007749829893744842;0.07711669536220533;0.18453298748836555
2005;Peru;112.43603013698629;-0.028386022393809385;-0.021329472370361646;0.0014215574638193431
2005;Venezuela;3302.1076753424654;0.021181739818512346;-0.13394124958545395;0.007276968172059719
2005;Romania;114.35575342465752;-0.0355191483164915;-0.023558237086606537;0.0007759589176207393
2005;United Kingdom;1837.7749841095886;-0.16645972114198726;-0.023935934873669962;0.009726109957763553
2005;Iran;4217.46547939726;0.17380025940337207;-0.020484304153571276;0.04027732125202149
2005;Iraq;1833.0;-0.0027401723179035775;0.03993176844808022;0.04564469402751451
2005;Qatar;1147.9465141749001;0.01863884943529248;-0.004373673468206385;0.019427799319937964
2005;Saudi Arabia;10838.58139521154;-0.00771709662166109;-0.001138257072443416;0.12187519844718395
2005;Yemen;420.76108082191774;-0.2366792618132728;-0.1120656246470364;0.0007471712867693172
2005;Egypt;671.8405479452056;-0.038370213606986225;-0.01604155377393679;0.006761229212210964
2005;Equatorial Guinea;380.1807;-0.11700800575183234;-0.07367231859320766;0.0015561435817629853
2005;Libya;1744.6869999999994;1.9841735386632142;0.09418291840950377;0.014123075093373077
2005;South Sudan;0.0;-0.07259663781841252;;0.0016976445270429786
2005;Tunisia;71.67501369863014;0.2131251041424982;-0.04635888909716546;0.0005061458129315255
2005;Other Africa;177.19656856985;-0.11473666799325744;0.039158123041266535;0.003261704928322147
2005;India;755.115205479452;-0.03193165165427181;-0.022505178073259358;0.008301179800558844
2005;Vietnam;387.21260273972604;-0.07175184203549767;-0.04842662621691651;0.002138650655914335
2006;Ecuador;537.6796174520548;-0.013555296707416287;-0.005683478547010901;0.00526133980276409
2006;Other S. & Cent. America;138.68651091975522;0.20940024362901344;0.0451070358039638;0.0024981613875134758
2006;Italy;119.93932138630134;-0.10014250985906081;-0.009222628843048253;0.0011170127869380988
2006;United Kingdom;1661.6289865753427;-0.16645972114198726;-0.023935934873669962;0.009726109957763553
2006;Turkmenistan;202.50958904109584;0.15295127667772968;0.007527006661025348;0.002807356146183693
2006;Other CIS;37.492;0.009843248581402397;0.00992507322077918;0.00044202774865827356
2006;Iran;4291.0080823013695;0.17380025940337207;-0.020484304153571276;0.04027732125202149
2006;Saudi Arabia;10670.78169919231;-0.00771709662166109;-0.001138257072443416;0.12187519844718395
2006;Yemen;386.5861232876712;-0.2366792618132728;-0.1120656246470364;0.0007471712867693172
2006;Gabon;241.9401;-0.1273702023440476;-0.026300843778524374;0.0020138660626010745
2006;Other Africa;227.0439318747429;-0.11473666799325744;0.039158123041266535;0.003261704928322147
2006;Australia;523.5634771027369;-0.0389567741348672;-0.00952504343187588;0.004841948866882152
2006;Thailand;336.04024;-0.05325556726463476;-0.007443437542828613;0.004429631594503935
2006;of which: OECD;19974.32049266225;0.007351876295612625;0.03824488234060763;0.3160480399292659
2007;US;6856.691780821919;0.007749829893744842;0.07711669536220533;0.18453298748836555
2007;Brazil;1831.0531480305667;-0.014225904957071211;0.03206011798712183;0.03323616083253194
2007;Other S. & Cent. America;148.46378132550424;0.20940024362901344;0.0451070358039638;0.0024981613875134758
2007;United Kingdom;1654.653025205479;-0.16645972114198726;-0.023935934873669962;0.009726109957763553
2007;Azerbaijan;875.5329315068492;0.011682567630082463;-0.025151566534754033;0.00803848537351843
2007;Russian Federation;10057.140786589716;0.0259857799039811;0.003829406109763678;0.12176380683962577
2007;Algeria;1992.273150684932;0.016989208741859496;-0.019168427742856653;0.015050055927252524
2007;Equatorial Guinea;373.59771506849313;-0.11700800575183234;-0.07367231859320766;0.0015561435817629853
2007;Nigeria;2205.199787671233;-0.11071357403769111;-0.04054020661502922;0.01808623054191415
2007;Malaysia;725.4702699891658;-0.06971612164929131;-0.01391057266847573;0.006377158248748882
2007;Vietnam;331.69205479452063;-0.07175184203549767;-0.04842662621691651;0.002138650655914335
2007;Non-OECD;62770.62962843196;0.01949278875364291;-0.004849740898160371;0.6839519600707346
2008;Other S. & Cent. America;143.11874173375108;0.20940024362901344;0.0451070358039638;0.0024981613875134758
2008;Norway;2466.158593153098;0.011004260860657089;-0.0007262343743977828;0.022528758184557043
2008;United Kingdom;1554.3623972677594;-0.16645972114198726;-0.023935934873669962;0.009726109957763553
2008;Other Europe;377.4555933661061;-0.01331744869897089;-0.016014041041597427;0.0031836959922757926
2008;Russian Federation;9964.512396016227;0.0259857799039811;0.003829406109763678;0.12176380683962577
2008;Iran;4414.978141972677;0.17380025940337207;-0.020484304153571276;0.04027732125202149
2008;Kuwait;2791.131775956285;0.016986526061875118;-0.006236392048542427;0.030494068685284637
2008;Other Middle East;192.60387431693988;0.011403153025251411;-0.005507371067648537;0.0021211723339395906
2008;Chad;127.04918032786884;-0.07739092430558159;0.0024234194310526203;0.0012960426251119768
2008;Equatorial Guinea;369.1146256830601;-0.11700800575183234;-0.07367231859320766;0.0015561435817629853
2008;Libya;1875.4699453551914;1.9841735386632142;0.09418291840950377;0.014123075093373077
2008;South Sudan;0.0;-0.07259663781841252;;0.0016976445270429786
2008;Non-OECD;64089.46762801745;0.01949278875364291;-0.004849740898160371;0.6839519600707346
2009;Trinidad & Tobago;150.31484383561644;0.005146397625773513;-0.05570469569190595;0.0008522323203223141
2009;Russian Federation;10152.260439387912;0.0259857799039811;0.003829406109763678;0.12176380683962577
2009;USSR;0.0;;;0.0
2009;Uzbekistan;94.61319520547946;-0.021865293215890147;-0.028459124665332403;0.0006670871753145301
2009;Oman;812.5202739726027;0.02161418528430481;0.009349774253819332;0.01080620135997218
2009;Saudi Arabia;9708.903106538464;-0.00771709662166109;-0.001138257072443416;0.12187519844718395
2009;Angola;1753.8328767123287;-0.11636126750752052;-0.035451819809867224;0.012954233865224927
2009;Libya;1738.775371232877;1.9841735386632142;0.09418291840950377;0.014123075093373077
2009;Nigeria;2209.1286027397255;-0.11071357403769111;-0.04054020661502922;0.01808623054191415
2009;Vietnam;339.88164383561644;-0.07175184203549767;-0.04842662621691651;0.002138650655914335
2009;Other Asia Pacific;331.4068570424683;-0.04705315243648667;-0.04115418864764997;0.0022095396269474184
2009;of which: OECD;19153.98061706317;0.007351876295612625;0.03824488234060763;0.3160480399292659
2009;Non-OECD;62335.69441722037;0.01949278875364291;-0.004849740898160371;0.6839519600707346
2010;Norway;2139.1679770608757;0.011004260860657089;-0.0007262343743977828;0.022528758184557043
2010;Iraq;2468.876616438357;-0.0027401723179035775;0.03993176844808022;0.04564469402751451
2010;Oman;864.5882191780822;0.02161418528430481;0.009349774253819332;0.01080620135997218
2010;Yemen;306.4592835616438;-0.2366792618132728;-0.1120656246470364;0.0007471712867693172
2010;Libya;1798.9593328767126;1.9841735386632142;0.09418291840950377;0.014123075093373077
2010;South Sudan;0.0;-0.07259663781841252;;0.0016976445270429786
2010;Sudan;462.0708958904109;0.011316056080317383;-0.14042020436364788;0.000713034224529678
2010;Tunisia;81.56726901369862;0.2131251041424982;-0.04635888909716546;0.0005061458129315255
2010;Brunei;172.18830614220542;-0.03156361017471021;-0.042996666803827854;0.0011855572586830063
2010;Vietnam;312.08438356164385;-0.07175184203549767;-0.04842662621691651;0.002138650655914335
2010;of which: OECD;19340.682548128018;0.007351876295612625;0.03824488234060763;0.3160480399292659
2010;Non-OECD;63969.38959713939;0.01949278875364291;-0.004849740898160371;0.6839519600707346
2010;European Union #;625.6809237991157;-0.0695851407390029;-0.048198144519203345;0.004072119458085688
2011;Colombia;915.2647150684932;-0.05496561219969853;-0.021277019925614704;0.008212900920370417
2011;Ecuador;500.6080010136986;-0.013555296707416287;-0.005683478547010901;0.00526133980276409
2011;Denmark;224.507517260274;-0.10211362064554186;-0.1170096789075572;0.0007196847935494618
2011;United Kingdom;1113.791569589041;-0.16645972114198726;-0.023935934873669962;0.009726109957763553
2011;Russian Federation;10533.363502873137;0.0259857799039811;0.003829406109763678;0.12176380683962577
2011;Other Middle East;201.46901369863014;0.011403153025251411;-0.005507371067648537;0.0021211723339395906
2011;Thailand;429.0055873972603;-0.05325556726463476;-0.007443437542828613;0.004429631594503935
2012;Other Europe;335.9746827608314;-0.01331744869897089;-0.016014041041597427;0.0031836959922757926
2012;Kazakhstan;1664.1310341892636;0.002805857999285566;0.00728805079249728;0.0201496873359396
2012;Other CIS;35.279344262295076;0.009843248581402397;0.00992507322077918;0.00044202774865827356
2012;United Arab Emirates;3424.7261998814038;-0.0069035508107067045;0.01062166278475929;0.04081028431245729
2012;Algeria;1536.8090710382517;0.016989208741859496;-0.019168427742856653;0.015050055927252524
2012;Republic of Congo;279.9701;-0.10676038947024336;-0.00921011915616421;0.0030486149234955494
2012;Libya;1538.5327999999995;1.9841735386632142;0.09418291840950377;0.014123075093373077
2012;Other Africa;207.7139672131148;-0.11473666799325744;0.039158123041266535;0.003261704928322147
2012;Brunei;159.0315762694818;-0.03156361017471021;-0.042996666803827854;0.0011855572586830063
2012;Vietnam;346.71756830601095;-0.07175184203549767;-0.04842662621691651;0.002138650655914335
2012;Non-OECD;65748.55048163745;0.01949278875364291;-0.004849740898160371;0.6839519600707346
2013;Canada;4000.410964587072;0.05818705316551864;0.04443196660016557;0.06040277751561736
2013;Brazil;2109.9381406001503;-0.014225904957071211;0.03206011798712183;0.03323616083253194
2013;Denmark;178.1779888767124;-0.10211362064554186;-0.1170096789075572;0.0007196847935494618
2013;Italy;114.12588875426304;-0.10014250985906081;-0.009222628843048253;0.0011170127869380988
2013;Syria;59.1644;1.2322452830603248;-0.12202203231432995;0.0010684326874164487
2013;United Arab Emirates;3566.1354688869274;-0.0069035508107067045;0.01062166278475929;0.04081028431245729
2013;Other Middle East;208.47258904109592;0.011403153025251411;-0.005507371067648537;0.0021211723339395906
2013;Angola;1737.851673972603;-0.11636126750752052;-0.035451819809867224;0.012954233865224927
2013;Tunisia;67.9267374520548;0.2131251041424982;-0.04635888909716546;0.0005061458129315255
2013;Other Africa;241.82578630136985;-0.11473666799325744;0.039158123041266535;0.003261704928322147
2013;India;925.8920200273973;-0.03193165165427181;-0.022505178073259358;0.008301179800558844
2013;of which: OECD;21673.16252421777;0.007351876295612625;0.03824488234060763;0.3160480399292659
2013;Non-OECD;64911.099096143524;0.01949278875364291;-0.004849740898160371;0.6839519600707346
2014;US;11806.648342465754;0.007749829893744842;0.07711669536220533;0.18453298748836555
2014;Colombia;990.3790511333896;-0.05496561219969853;-0.021277019925614704;0.008212900920370417
2014;Ecuador;556.5539028712328;-0.013555296707416287;-0.005683478547010901;0.00526133980276409
2014;Trinidad & Tobago;114.1154191780822;0.005146397625773513;-0.05570469569190595;0.0008522323203223141
2014;United Kingdom;853.5541109589043;-0.16645972114198726;-0.023935934873669962;0.009726109957763553
2014;Kazakhstan;1709.566794932799;0.002805857999285566;0.00728805079249728;0.0201496873359396
2014;USSR;0.0;;;0.0
2014;United Arab Emirates;3602.900459890288;-0.0069035508107067045;0.01062166278475929;0.04081028431245729
2014;Algeria;1589.0926027397259;0.016989208741859496;-0.019168427742856653;0.015050055927252524
2014;Republic of Congo;253.17640000000003;-0.10676038947024336;-0.00921011915616421;0.0030486149234955494
2014;Egypt;714.4455315068492;-0.038370213606986225;-0.01604155377393679;0.006761229212210964
2014;Gabon;210.905;-0.1273702023440476;-0.026300843778524374;0.0020138660626010745
2014;Other Africa;246.77469589041092;-0.11473666799325744;0.039158123041266535;0.003261704928322147
2014;Australia;420.25562760240126;-0.0389567741348672;-0.00952504343187588;0.004841948866882152
2015;Brazil;2524.987067812969;-0.014225904957071211;0.03206011798712183;0.03323616083253194
2015;Kuwait;3069.362556164383;0.016986526061875118;-0.006236392048542427;0.030494068685284637
2015;Angola;1795.6461884931507;-0.11636126750752052;-0.035451819809867224;0.012954233865224927
2015;Libya;436.64383561643837;1.9841735386632142;0.09418291840950377;0.014123075093373077
2015;Malaysia;696.3237971890352;-0.06971612164929131;-0.01391057266847573;0.006377158248748882
2015;European Union #;535.3665080358502;-0.0695851407390029;-0.048198144519203345;0.004072119458085688
2016;Mexico;2460.713679379781;0.008399590758943809;-0.04134261126609773;0.021447657586514964
2016;Trinidad & Tobago;96.66091803278691;0.005146397625773513;-0.05570469569190595;0.0008522323203223141
2016;Italy;77.77725481137159;-0.10014250985906081;-0.009222628843048253;0.0011170127869380988
2016;Romania;79.31;-0.0355191483164915;-0.023558237086606537;0.0007759589176207393
2016;Turkmenistan;270.2814207650273;0.15295127667772968;0.007527006661025348;0.002807356146183693
2016;Iraq;4422.754086338797;-0.0027401723179035775;0.03993176844808022;0.04564469402751451
2016;Saudi Arabia;12406.047607660894;-0.00771709662166109;-0.001138257072443416;0.12187519844718395
2016;Yemen;42.576510928961746;-0.2366792618132728;-0.1120656246470364;0.0007471712867693172
2016;Chad;116.51713661202184;-0.07739092430558159;0.0024234194310526203;0.0012960426251119768
2016;Equatorial Guinea;223.07713934426224;-0.11700800575183234;-0.07367231859320766;0.0015561435817629853
2016;Gabon;220.65699999999995;-0.1273702023440476;-0.026300843778524374;0.0020138660626010745
2016;Tunisia;54.30568539696111;0.2131251041424982;-0.04635888909716546;0.0005061458129315255
2016;Other Africa;270.2261236754838;-0.11473666799325744;0.039158123041266535;0.003261704928322147
2016;Brunei;120.90899242045884;-0.03156361017471021;-0.042996666803827854;0.0011855572586830063
2016;Indonesia;873.2517860982551;-0.06802891313886739;-0.031486219917371105;0.007694437644600682
2016;Malaysia;726.0905128678755;-0.06971612164929131;-0.01391057266847573;0.006377158248748882
2016;Thailand;488.5437639344262;-0.05325556726463476;-0.007443437542828613;0.004429631594503935
2016;of which: OECD;24011.44445728626;0.007351876295612625;0.03824488234060763;0.3160480399292659
2016;OPEC;37467.384550146584;0.02939694730768805;-0.008004057369204176;0.3532107548921459
2017;Canada;4813.03335135662;0.05818705316551864;0.04443196660016557;0.06040277751561736
2017;Romania;75.84652054794522;-0.0355191483164915;-0.023558237086606537;0.0007759589176207393
2017;Russian Federation;11373.675921187154;0.0259857799039811;0.003829406109763678;0.12176380683962577
2017;Yemen;71.01369863013699;-0.2366792618132728;-0.1120656246470364;0.0007471712867693172
2017;Egypt;660.2015068493151;-0.038370213606986225;-0.01604155377393679;0.006761229212210964
2017;Equatorial Guinea;195.2794767123288;-0.11700800575183234;-0.07367231859320766;0.0015561435817629853
2017;Other Africa;317.22683715110395;-0.11473666799325744;0.039158123041266535;0.003261704928322147
2017;India;884.659990224076;-0.03193165165427181;-0.022505178073259358;0.008301179800558844
2017;of which: OECD;24811.22918646216;0.007351876295612625;0.03824488234060763;0.3160480399292659
2018;US;15309.991712328767;0.007749829893744842;0.07711669536220533;0.18453298748836555
2018;Argentina;591.3221844846744;0.04446044334881449;-0.0061333912486202236;0.006980921191439775
2018;Brazil;2690.961661743066;-0.014225904957071211;0.03206011798712183;0.03323616083253194
2018;Ecuador;517.2396472958903;-0.013555296707416287;-0.005683478547010901;0.00526133980276409
2018;Trinidad & Tobago;87.31653801449316;0.005146397625773513;-0.05570469569190595;0.0008522323203223141
2018;Russian Federation;11562.426127435556;0.0259857799039811;0.003829406109763678;0.12176380683962577
2018;Turkmenistan;258.6476712328767;0.15295127667772968;0.007527006661025348;0.002807356146183693
2018;Uzbekistan;63.98938013698631;-0.021865293215890147;-0.028459124665332403;0.0006670871753145301
2018;Other CIS;37.87877999999999;0.009843248581402397;0.00992507322077918;0.00044202774865827356
2018;Saudi Arabia;12261.333341747031;-0.00771709662166109;-0.001138257072443416;0.12187519844718395
2018;Republic of Congo;330.466;-0.10676038947024336;-0.00921011915616421;0.0030486149234955494
2018;Gabon;193.447;-0.1273702023440476;-0.026300843778524374;0.0020138660626010745
2018;Libya;1165.2054328767124;1.9841735386632142;0.09418291840950377;0.014123075093373077
2018;Sudan;74.19971663116236;0.011316056080317383;-0.14042020436364788;0.000713034224529678
2018;Other Africa;315.31595283908285;-0.11473666799325744;0.039158123041266535;0.003261704928322147
2018;Vietnam;256.6682191780822;-0.07175184203549767;-0.04842662621691651;0.002138650655914335
2018;OPEC;36994.53455845986;0.02939694730768805;-0.008004057369204176;0.3532107548921459
2019;Mexico;1920.5295153835614;0.008399590758943809;-0.04134261126609773;0.021447657586514964
2019;Colombia;885.8297257178084;-0.05496561219969853;-0.021277019925614704;0.008212900920370417
2019;Denmark;102.95639084931507;-0.10211362064554186;-0.1170096789075572;0.0007196847935494618
2019;Romania;74.81534246575342;-0.0355191483164915;-0.023558237086606537;0.0007759589176207393
2019;Azerbaijan;774.7863561643835;0.011682567630082463;-0.025151566534754033;0.00803848537351843
2019;USSR;0.0;;;0.0
2019;Saudi Arabia;11832.319242776586;-0.00771709662166109;-0.001138257072443416;0.12187519844718395
2019;Tunisia;40.63883517808219;0.2131251041424982;-0.04635888909716546;0.0005061458129315255
2019;Other Asia Pacific;230.41731084072828;-0.04705315243648667;-0.04115418864764997;0.0022095396269474184
2019;OPEC;34956.88889163249;0.02939694730768805;-0.008004057369204176;0.3532107548921459
2019;European Union #;414.53388914931054;-0.0695851407390029;-0.048198144519203345;0.004072119458085688
2020;Ecuador;479.3708239071038;-0.013555296707416287;-0.005683478547010901;0.00526133980276409
2020;Peru;131.4978516484517;-0.028386022393809385;-0.021329472370361646;0.0014215574638193431
2020;Norway;2002.7754498088775;0.011004260860657089;-0.0007262343743977828;0.022528758184557043
2020;Kuwait;2694.934205378318;0.016986526061875118;-0.006236392048542427;0.030494068685284637
2020;United Arab Emirates;3693.398622493465;-0.0069035508107067045;0.01062166278475929;0.04081028431245729
2020;Yemen;87.97537037583649;-0.2366792618132728;-0.1120656246470364;0.0007471712867693172
2020;Chad;126.25528142076502;-0.07739092430558159;0.0024234194310526203;0.0012960426251119768
2020;Equatorial Guinea;158.39478961748634;-0.11700800575183234;-0.07367231859320766;0.0015561435817629853
2020;Gabon;207.419;-0.1273702023440476;-0.026300843778524374;0.0020138660626010745
2020;Australia;452.8196539995637;-0.0389567741348672;-0.00952504343187588;0.004841948866882152
2020;Brunei;110.02703895373129;-0.03156361017471021;-0.042996666803827854;0.0011855572586830063
2020;Thailand;420.51630505464476;-0.05325556726463476;-0.007443437542828613;0.004429631594503935
2020;of which: OECD;28198.10303777194;0.007351876295612625;0.03824488234060763;0.3160480399292659
2021;Mexico;1927.6485637506848;0.008399590758943809;-0.04134261126609773;0.021447657586514964
2021;US;16585.249315068497;0.007749829893744842;0.07711669536220533;0.18453298748836555
2021;Romania;69.74076712328767;-0.0355191483164915;-0.023558237086606537;0.0007759589176207393
2021;Iran;3620.0;0.17380025940337207;-0.020484304153571276;0.04027732125202149
2021;Oman;971.2276712328768;0.02161418528430481;0.009349774253819332;0.01080620135997218
2021;Saudi Arabia;10953.762679951387;-0.00771709662166109;-0.001138257072443416;0.12187519844718395
2021;United Arab Emirates;3667.9010574388867;-0.0069035508107067045;0.01062166278475929;0.04081028431245729
2021;Equatorial Guinea;139.86133116286322;-0.11700800575183234;-0.07367231859320766;0.0015561435817629853
2021;Indonesia;691.5520547945206;-0.06802891313886739;-0.031486219917371105;0.007694437644600682
1965;Argentina;275.6739726027397;0.04446044334881449;-0.0061333912486202236;0.006980921191439775
1965;Norway;0.0;0.011004260860657089;-0.0007262343743977828;0.022528758184557043
1965;Romania;265.77591780821916;-0.0355191483164915;-0.023558237086606537;0.0007759589176207393
1965;USSR;4857.759999999998;;;0.0
1965;Uzbekistan;0.0;-0.021865293215890147;-0.028459124665332403;0.0006670871753145301
1965;Saudi Arabia;2219.3;-0.00771709662166109;-0.001138257072443416;0.12187519844718395
1965;Yemen;0.0;-0.2366792618132728;-0.1120656246470364;0.0007471712867693172
1965;Chad;0.0;-0.07739092430558159;0.0024234194310526203;0.0012960426251119768
1965;Republic of Congo;1.3772054794520547;-0.10676038947024336;-0.00921011915616421;0.0030486149234955494
1965;Tunisia;0.0;0.2131251041424982;-0.04635888909716546;0.0005061458129315255
1965;Australia;7.0;-0.0389567741348672;-0.00952504343187588;0.004841948866882152
1965;Malaysia;1.0;-0.06971612164929131;-0.01391057266847573;0.006377158248748882
1965;Other Asia Pacific;35.11397260273972;-0.04705315243648667;-0.04115418864764997;0.0022095396269474184
1966;Canada;1012.0;0.05818705316551864;0.04443196660016557;0.06040277751561736
1966;Mexico;370.0;0.008399590758943809;-0.04134261126609773;0.021447657586514964
1966;Colombia;199.0;-0.05496561219969853;-0.021277019925614704;0.008212900920370417
1966;Italy;39.076991780821906;-0.10014250985906081;-0.009222628843048253;0.0011170127869380988
1966;United Kingdom;1.6155616438356164;-0.16645972114198726;-0.023935934873669962;0.009726109957763553
1966;Kazakhstan;0.0;0.002805857999285566;0.00728805079249728;0.0201496873359396
1966;Russian Federation;0.0;0.0259857799039811;0.003829406109763678;0.12176380683962577
1966;Oman;0.0;0.02161418528430481;0.009349774253819332;0.01080620135997218
1966;Saudi Arabia;2617.800000000001;-0.00771709662166109;-0.001138257072443416;0.12187519844718395
1966;Syria;0.0;1.2322452830603248;-0.12202203231432995;0.0010684326874164487
1966;Yemen;0.0;-0.2366792618132728;-0.1120656246470364;0.0007471712867693172
1966;Egypt;121.71150684931509;-0.038370213606986225;-0.01604155377393679;0.006761229212210964
1966;Libya;1508.0000000000002;1.9841735386632142;0.09418291840950377;0.014123075093373077
1967;Mexico;411.0;0.008399590758943809;-0.04134261126609773;0.021447657586514964
1967;US;10219.252;0.007749829893744842;0.07711669536220533;0.18453298748836555
1967;Other Europe;506.9918356164384;-0.01331744869897089;-0.016014041041597427;0.0031836959922757926
1967;Iran;2603.0;0.17380025940337207;-0.020484304153571276;0.04027732125202149
1967;Kuwait;2522.0;0.016986526061875118;-0.006236392048542427;0.030494068685284637
1967;Saudi Arabia;2824.9999999999995;-0.00771709662166109;-0.001138257072443416;0.12187519844718395
1967;Republic of Congo;0.9698630136986304;-0.10676038947024336;-0.00921011915616421;0.0030486149234955494
1967;Libya;1733.0000000000002;1.9841735386632142;0.09418291840950377;0.014123075093373077
1967;Nigeria;319.1;-0.11071357403769111;-0.04054020661502922;0.01808623054191415
1967;South Sudan;0.0;-0.07259663781841252;;0.0016976445270429786
1967;Sudan;0.0;0.011316056080317383;-0.14042020436364788;0.000713034224529678
1967;Other Africa;2.0559452054794525;-0.11473666799325744;0.039158123041266535;0.003261704928322147
1967;Indonesia;510.0;-0.06802891313886739;-0.031486219917371105;0.007694437644600682
1967;Other Asia Pacific;31.085479452054795;-0.04705315243648667;-0.04115418864764997;0.0022095396269474184
1968;Mexico;439.0;0.008399590758943809;-0.04134261126609773;0.021447657586514964
1968;US;10599.743;0.007749829893744842;0.07711669536220533;0.18453298748836555
1968;Argentina;348.15846994535525;0.04446044334881449;-0.0061333912486202236;0.006980921191439775
1968;Oman;241.0;0.02161418528430481;0.009349774253819332;0.01080620135997218
1968;Qatar;339.99999999999994;0.01863884943529248;-0.004373673468206385;0.019427799319937964
1968;Gabon;92.6931967213115;-0.1273702023440476;-0.026300843778524374;0.0020138660626010745
1968;South Sudan;0.0;-0.07259663781841252;;0.0016976445270429786
1969;Argentina;361.53205479452055;0.04446044334881449;-0.0061333912486202236;0.006980921191439775
1969;Brazil;176.05;-0.014225904957071211;0.03206011798712183;0.03323616083253194
1969;Other S. & Cent. America;83.8046575342466;0.20940024362901344;0.0451070358039638;0.0024981613875134758
1969;Denmark;0.0;-0.10211362064554186;-0.1170096789075572;0.0007196847935494618
1969;Italy;33.86123561643836;-0.10014250985906081;-0.009222628843048253;0.0011170127869380988
1969;Norway;0.0;0.011004260860657089;-0.0007262343743977828;0.022528758184557043
1969;Russian Federation;0.0;0.0259857799039811;0.003829406109763678;0.12176380683962577
1969;Other CIS;0.0;0.009843248581402397;0.00992507322077918;0.00044202774865827356
1969;Saudi Arabia;3262.2;-0.00771709662166109;-0.001138257072443416;0.12187519844718395
1969;United Arab Emirates;627.8;-0.0069035508107067045;0.01062166278475929;0.04081028431245729
1969;Yemen;0.0;-0.2366792618132728;-0.1120656246470364;0.0007471712867693172
1969;Sudan;0.0;0.011316056080317383;-0.14042020436364788;0.000713034224529678
1969;Non-OECD;30264.881452054797;0.01949278875364291;-0.004849740898160371;0.6839519600707346
1969;European Union #;696.4227150684932;-0.0695851407390029;-0.048198144519203345;0.004072119458085688
1970;Mexico;487.0;0.008399590758943809;-0.04134261126609773;0.021447657586514964
1970;Venezuela;3754.0;0.021181739818512346;-0.13394124958545395;0.007276968172059719
1970;Other S. & Cent. America;63.946712328767134;0.20940024362901344;0.0451070358039638;0.0024981613875134758
1970;United Kingdom;3.5191232876712326;-0.16645972114198726;-0.023935934873669962;0.009726109957763553
1970;Oman;332.0;0.02161418528430481;0.009349774253819332;0.01080620135997218
1970;Angola;102.8264383561644;-0.11636126750752052;-0.035451819809867224;0.012954233865224927
1970;South Sudan;0.0;-0.07259663781841252;;0.0016976445270429786
1970;Other Africa;0.9137534246575342;-0.11473666799325744;0.039158123041266535;0.003261704928322147
1970;Malaysia;18.0;-0.06971612164929131;-0.01391057266847573;0.006377158248748882
1970;Non-OECD;33896.84667451633;0.01949278875364291;-0.004849740898160371;0.6839519600707346
1970;Non-OPEC;25551.59340054373;0.008257326812303845;0.015899100250315934;0.6467892451078547
1971;Brazil;174.84500140635296;-0.014225904957071211;0.03206011798712183;0.03323616083253194
1971;Colombia;224.0;-0.05496561219969853;-0.021277019925614704;0.008212900920370417
1971;United Kingdom;4.899945205479452;-0.16645972114198726;-0.023935934873669962;0.009726109957763553
1971;Kazakhstan;0.0;0.002805857999285566;0.00728805079249728;0.0201496873359396
1971;Iraq;1694.0000000000002;-0.0027401723179035775;0.03993176844808022;0.04564469402751451
1971;Algeria;802.5873972602742;0.016989208741859496;-0.019168427742856653;0.015050055927252524
1971;Equatorial Guinea;0.0;-0.11700800575183234;-0.07367231859320766;0.0015561435817629853
1971;China;791.4391780821919;0.023909756953389927;-0.0019866075275165596;0.04443819533162619
1971;Indonesia;892.0;-0.06802891313886739;-0.031486219917371105;0.007694437644600682
1972;Canada;1829.0;0.05818705316551864;0.04443196660016557;0.06040277751561736
1972;US;11184.896;0.007749829893744842;0.07711669536220533;0.18453298748836555
1972;Argentina;444.1158469945355;0.04446044334881449;-0.0061333912486202236;0.006980921191439775
1972;Venezuela;3301.0000000000005;0.021181739818512346;-0.13394124958545395;0.007276968172059719
1972;Other Europe;504.3140163934426;-0.01331744869897089;-0.016014041041597427;0.0031836959922757926
1972;Kazakhstan;0.0;0.002805857999285566;0.00728805079249728;0.0201496873359396
1972;Other CIS;0.0;0.009843248581402397;0.00992507322077918;0.00044202774865827356
1972;Yemen;0.0;-0.2366792618132728;-0.1120656246470364;0.0007471712867693172
1972;Other Middle East;70.92989071038252;0.011403153025251411;-0.005507371067648537;0.0021211723339395906
1972;Equatorial Guinea;0.0;-0.11700800575183234;-0.07367231859320766;0.0015561435817629853
1972;Sudan;0.0;0.011316056080317383;-0.14042020436364788;0.000713034224529678
1972;Indonesia;1080.9999999999998;-0.06802891313886739;-0.031486219917371105;0.007694437644600682
1972;Non-OPEC;27695.895837056294;0.008257326812303845;0.015899100250315934;0.6467892451078547
1973;Mexico;525.0;0.008399590758943809;-0.04134261126609773;0.021447657586514964
1973;Venezuela;3455.0;0.021181739818512346;-0.13394124958545395;0.007276968172059719
1973;Other S. & Cent. America;89.73890410958904;0.20940024362901344;0.0451070358039638;0.0024981613875134758
1973;Other CIS;0.0;0.009843248581402397;0.00992507322077918;0.00044202774865827356
1973;Iran;5907.375890410959;0.17380025940337207;-0.020484304153571276;0.04027732125202149
1973;Kuwait;3080.0;0.016986526061875118;-0.006236392048542427;0.030494068685284637
1973;Saudi Arabia;7693.2;-0.00771709662166109;-0.001138257072443416;0.12187519844718395
1973;Gabon;152.14813698630138;-0.1273702023440476;-0.026300843778524374;0.0020138660626010745
1973;Australia;424.0;-0.0389567741348672;-0.00952504343187588;0.004841948866882152
1973;China;1076.6063013698629;0.023909756953389927;-0.0019866075275165596;0.04443819533162619
1973;Indonesia;1338.0;-0.06802891313886739;-0.031486219917371105;0.007694437644600682
1973;Malaysia;91.0;-0.06971612164929131;-0.01391057266847573;0.006377158248748882
1973;OPEC;29438.887397260278;0.02939694730768805;-0.008004057369204176;0.3532107548921459
1974;US;10461.205;0.007749829893744842;0.07711669536220533;0.18453298748836555
1974;Colombia;174.99999999999997;-0.05496561219969853;-0.021277019925614704;0.008212900920370417
1974;Kazakhstan;0.0;0.002805857999285566;0.00728805079249728;0.0201496873359396
1974;Other CIS;0.0;0.009843248581402397;0.00992507322077918;0.00044202774865827356
1974;Kuwait;2603.0000000000005;0.016986526061875118;-0.006236392048542427;0.030494068685284637
1974;Syria;129.0;1.2322452830603248;-0.12202203231432995;0.0010684326874164487
1974;Algeria;1045.98301369863;0.016989208741859496;-0.019168427742856653;0.015050055927252524
1974;Angola;173.394;-0.11636126750752052;-0.035451819809867224;0.012954233865224927
1974;Nigeria;2255.0;-0.11071357403769111;-0.04054020661502922;0.01808623054191415
1974;China;1302.3301369863009;0.023909756953389927;-0.0019866075275165596;0.04443819533162619
1975;Canada;1734.9999999999998;0.05818705316551864;0.04443196660016557;0.06040277751561736
1975;Mexico;805.9999999999999;0.008399590758943809;-0.04134261126609773;0.021447657586514964
1975;Brazil;177.41482630290093;-0.014225904957071211;0.03206011798712183;0.03323616083253194
1975;Venezuela;2422.0;0.021181739818512346;-0.13394124958545395;0.007276968172059719
1975;Other S. & Cent. America;77.88;0.20940024362901344;0.0451070358039638;0.0024981613875134758
1975;Italy;26.88218904109589;-0.10014250985906081;-0.009222628843048253;0.0011170127869380988
1975;Kazakhstan;0.0;0.002805857999285566;0.00728805079249728;0.0201496873359396
1975;Iraq;2270.558904109589;-0.0027401723179035775;0.03993176844808022;0.04564469402751451
1975;Kuwait;2132.0;0.016986526061875118;-0.006236392048542427;0.030494068685284637
1975;Angola;158.16797260273972;-0.11636126750752052;-0.035451819809867224;0.012954233865224927
1975;Gabon;226.61;-0.1273702023440476;-0.026300843778524374;0.0020138660626010745
1975;Thailand;0.0;-0.05325556726463476;-0.007443437542828613;0.004429631594503935
1975;European Union #;679.9313397260272;-0.0695851407390029;-0.048198144519203345;0.004072119458085688
1976;Canada;1598.0;0.05818705316551864;0.04443196660016557;0.06040277751561736
1976;Mexico;894.0000000000001;0.008399590758943809;-0.04134261126609773;0.021447657586514964
1976;Romania;312.71311475409834;-0.0355191483164915;-0.023558237086606537;0.0007759589176207393
1976;Turkmenistan;0.0;0.15295127667772968;0.007527006661025348;0.002807356146183693
1976;Uzbekistan;0.0;-0.021865293215890147;-0.028459124665332403;0.0006670871753145301
1976;Iran;5918.191256830602;0.17380025940337207;-0.020484304153571276;0.04027732125202149
1976;Iraq;2422.267759562841;-0.0027401723179035775;0.03993176844808022;0.04564469402751451
1976;Oman;367.0;0.02161418528430481;0.009349774253819332;0.01080620135997218
1976;United Arab Emirates;1936.4020000000005;-0.0069035508107067045;0.01062166278475929;0.04081028431245729
1976;Other Middle East;58.72281420765027;0.011403153025251411;-0.005507371067648537;0.0021211723339395906
1976;Gabon;226.1706010928962;-0.1273702023440476;-0.026300843778524374;0.0020138660626010745
1976;India;178.14827868852458;-0.03193165165427181;-0.022505178073259358;0.008301179800558844
1976;Thailand;0.0;-0.05325556726463476;-0.007443437542828613;0.004429631594503935
1976;Vietnam;0.0;-0.07175184203549767;-0.04842662621691651;0.002138650655914335
1976;Non-OECD;46601.17418154373;0.01949278875364291;-0.004849740898160371;0.6839519600707346
1977;Mexico;1085.0;0.008399590758943809;-0.04134261126609773;0.021447657586514964
1977;Argentina;441.71506849315074;0.04446044334881449;-0.0061333912486202236;0.006980921191439775
1977;Brazil;166.71999887804708;-0.014225904957071211;0.03206011798712183;0.03323616083253194
1977;Denmark;10.000000000000002;-0.10211362064554186;-0.1170096789075572;0.0007196847935494618
1977;Other Europe;481.4483561643835;-0.01331744869897089;-0.016014041041597427;0.0031836959922757926
1977;Azerbaijan;0.0;0.011682567630082463;-0.025151566534754033;0.00803848537351843
1977;Russian Federation;0.0;0.0259857799039811;0.003829406109763678;0.12176380683962577
1977;Other CIS;0.0;0.009843248581402397;0.00992507322077918;0.00044202774865827356
1977;Yemen;0.0;-0.2366792618132728;-0.1120656246470364;0.0007471712867693172
1977;Republic of Congo;31.792109589041093;-0.10676038947024336;-0.00921011915616421;0.0030486149234955494
1977;Gabon;225.6486849315069;-0.1273702023440476;-0.026300843778524374;0.0020138660626010745
1977;Indonesia;1685.0;-0.06802891313886739;-0.031486219917371105;0.007694437644600682
1977;Non-OPEC;33093.933492245385;0.008257326812303845;0.015899100250315934;0.6467892451078547
1978;Canada;1597.0;0.05818705316551864;0.04443196660016557;0.06040277751561736
1978;Colombia;137.0;-0.05496561219969853;-0.021277019925614704;0.008212900920370417
1978;Other S. & Cent. America;65.87232876712329;0.20940024362901344;0.0451070358039638;0.0024981613875134758
1978;Denmark;8.0;-0.10211362064554186;-0.1170096789075572;0.0007196847935494618
1978;Norway;356.0;0.011004260860657089;-0.0007262343743977828;0.022528758184557043
1978;Kazakhstan;0.0;0.002805857999285566;0.00728805079249728;0.0201496873359396
1978;Other CIS;0.0;0.009843248581402397;0.00992507322077918;0.00044202774865827356
1978;Republic of Congo;47.13534246575343;-0.10676038947024336;-0.00921011915616421;0.0030486149234955494
1978;Equatorial Guinea;0.0;-0.11700800575183234;-0.07367231859320766;0.0015561435817629853
1978;Libya;2023.0;1.9841735386632142;0.09418291840950377;0.014123075093373077
1978;Sudan;0.0;0.011316056080317383;-0.14042020436364788;0.000713034224529678
1979;Venezuela;2424.9999999999995;0.021181739818512346;-0.13394124958545395;0.007276968172059719
1979;United Kingdom;1623.398794520548;-0.16645972114198726;-0.023935934873669962;0.009726109957763553
1979;Iran;3217.5890410958905;0.17380025940337207;-0.020484304153571276;0.04027732125202149
1979;Syria;167.00000000000003;1.2322452830603248;-0.12202203231432995;0.0010684326874164487
1979;Other Middle East;51.39765753424658;0.011403153025251411;-0.005507371067648537;0.0021211723339395906
1979;Algeria;1282.8773013698626;0.016989208741859496;-0.019168427742856653;0.015050055927252524
1979;Republic of Congo;53.57523287671234;-0.10676038947024336;-0.00921011915616421;0.0030486149234955494
1979;Equatorial Guinea;0.0;-0.11700800575183234;-0.07367231859320766;0.0015561435817629853
1979;Brunei;261.0;-0.03156361017471021;-0.042996666803827854;0.0011855572586830063
1979;India;264.8703287671233;-0.03193165165427181;-0.022505178073259358;0.008301179800558844
1979;Indonesia;1590.0;-0.06802891313886739;-0.031486219917371105;0.007694437644600682
1979;Thailand;0.0;-0.05325556726463476;-0.007443437542828613;0.004429631594503935
1979;European Union #;623.8744191780821;-0.0695851407390029;-0.048198144519203345;0.004072119458085688
1980;Canada;1764.0;0.05818705316551864;0.04443196660016557;0.06040277751561736
1980;Mexico;2129.0;0.008399590758943809;-0.04134261126609773;0.021447657586514964
1980;Argentina;505.7103825136612;0.04446044334881449;-0.0061333912486202236;0.006980921191439775
1980;Brazil;187.7781922604096;-0.014225904957071211;0.03206011798712183;0.03323616083253194
1980;Colombia;131.0;-0.05496561219969853;-0.021277019925614704;0.008212900920370417
1980;Venezuela;2228.0;0.021181739818512346;-0.13394124958545395;0.007276968172059719
1980;Other S. & Cent. America;80.05565573770491;0.20940024362901344;0.0451070358039638;0.0024981613875134758
1980;Russian Federation;0.0;0.0259857799039811;0.003829406109763678;0.12176380683962577
1980;Other CIS;0.0;0.009843248581402397;0.00992507322077918;0.00044202774865827356
1980;United Arab Emirates;1734.8910000000005;-0.0069035508107067045;0.01062166278475929;0.04081028431245729
1980;Egypt;580.120218579235;-0.038370213606986225;-0.01604155377393679;0.006761229212210964
1980;Other Africa;77.54002732240437;-0.11473666799325744;0.039158123041266535;0.003261704928322147
1980;Brunei;240.0;-0.03156361017471021;-0.042996666803827854;0.0011855572586830063
1980;Indonesia;1576.9999999999998;-0.06802891313886739;-0.031486219917371105;0.007694437644600682
1980;Thailand;0.0;-0.05325556726463476;-0.007443437542828613;0.004429631594503935
1980;OPEC;25569.380415300548;0.02939694730768805;-0.008004057369204176;0.3532107548921459
1981;US;10180.573;0.007749829893744842;0.07711669536220533;0.18453298748836555
1981;Italy;31.045315068493146;-0.10014250985906081;-0.009222628843048253;0.0011170127869380988
1981;Turkmenistan;0.0;0.15295127667772968;0.007527006661025348;0.002807356146183693
1981;Uzbekistan;0.0;-0.021865293215890147;-0.028459124665332403;0.0006670871753145301
1981;Other CIS;0.0;0.009843248581402397;0.00992507322077918;0.00044202774865827356
1981;Iraq;906.9068493150684;-0.0027401723179035775;0.03993176844808022;0.04564469402751451
1981;Syria;163.99999999999997;1.2322452830603248;-0.12202203231432995;0.0010684326874164487
1981;Other Middle East;54.29383561643836;0.011403153025251411;-0.005507371067648537;0.0021211723339395906
1981;Egypt;628.0038356164382;-0.038370213606986225;-0.01604155377393679;0.006761229212210964
1981;Tunisia;113.91734246575344;0.2131251041424982;-0.04635888909716546;0.0005061458129315255
1982;Colombia;147.00000000000003;-0.05496561219969853;-0.021277019925614704;0.008212900920370417
1982;Ecuador;213.0;-0.013555296707416287;-0.005683478547010901;0.00526133980276409
1982;Kuwait;862.0;0.016986526061875118;-0.006236392048542427;0.030494068685284637
1982;Republic of Congo;88.31572602739728;-0.10676038947024336;-0.00921011915616421;0.0030486149234955494
1982;Brunei;179.0;-0.03156361017471021;-0.042996666803827854;0.0011855572586830063
1982;Indonesia;1337.0;-0.06802891313886739;-0.031486219917371105;0.007694437644600682
1982;Other Asia Pacific;85.53130666511225;-0.04705315243648667;-0.04115418864764997;0.0022095396269474184
1983;Trinidad & Tobago;160.00000000000003;0.005146397625773513;-0.05570469569190595;0.0008522323203223141
1983;USSR;12403.434246575343;;;0.0
1983;Other CIS;0.0;0.009843248581402397;0.00992507322077918;0.00044202774865827356
1983;Syria;161.0;1.2322452830603248;-0.12202203231432995;0.0010684326874164487
1983;Republic of Congo;104.06630136986306;-0.10676038947024336;-0.00921011915616421;0.0030486149234955494
1983;Equatorial Guinea;0.0;-0.11700800575183234;-0.07367231859320766;0.0015561435817629853
1983;Sudan;0.0;0.011316056080317383;-0.14042020436364788;0.000713034224529678
1983;Tunisia;116.55090410958904;0.2131251041424982;-0.04635888909716546;0.0005061458129315255
1983;Thailand;13.300000000000002;-0.05325556726463476;-0.007443437542828613;0.004429631594503935
1983;European Union #;721.3325260273973;-0.0695851407390029;-0.048198144519203345;0.004072119458085688
1984;Canada;1775.0;0.05818705316551864;0.04443196660016557;0.06040277751561736
1984;US;10508.951;0.007749829893744842;0.07711669536220533;0.18453298748836555
1984;Trinidad & Tobago;170.00000000000003;0.005146397625773513;-0.05570469569190595;0.0008522323203223141
1984;Venezuela;1853.0;0.021181739818512346;-0.13394124958545395;0.007276968172059719
1984;USSR;12296.677049180327;;;0.0
1984;Angola;203.95721311475415;-0.11636126750752052;-0.035451819809867224;0.012954233865224927
1984;Thailand;23.8;-0.05325556726463476;-0.007443437542828613;0.004429631594503935
1984;Vietnam;0.0;-0.07175184203549767;-0.04842662621691651;0.002138650655914335
1985;Mexico;2911.9999999999995;0.008399590758943809;-0.04134261126609773;0.021447657586514964
1985;US;10580.378;0.007749829893744842;0.07711669536220533;0.18453298748836555
1985;Venezuela;1744.0;0.021181739818512346;-0.13394124958545395;0.007276968172059719
1985;Norway;822.9999999999999;0.011004260860657089;-0.0007262343743977828;0.022528758184557043
1985;United Kingdom;2695.4223561643835;-0.16645972114198726;-0.023935934873669962;0.009726109957763553
1985;Kuwait;1127.0000000000002;0.016986526061875118;-0.006236392048542427;0.030494068685284637
1985;Saudi Arabia;3600.955;-0.00771709662166109;-0.001138257072443416;0.12187519844718395
1985;Other Middle East;50.21341095890411;0.011403153025251411;-0.005507371067648537;0.0021211723339395906
1985;Algeria;1087.0290547945206;0.016989208741859496;-0.019168427742856653;0.015050055927252524
1985;Republic of Congo;115.16153424657534;-0.10676038947024336;-0.00921011915616421;0.0030486149234955494
1985;Gabon;172.7563287671233;-0.1273702023440476;-0.026300843778524374;0.0020138660626010745
1985;China;2508.2657534246578;0.023909756953389927;-0.0019866075275165596;0.04443819533162619
1985;of which: OECD;20302.882588130382;0.007351876295612625;0.03824488234060763;0.3160480399292659
1986;Ecuador;298.0;-0.013555296707416287;-0.005683478547010901;0.00526133980276409
1986;Uzbekistan;60.62191780821917;-0.021865293215890147;-0.028459124665332403;0.0006670871753145301
1986;Other CIS;52.30958904109588;0.009843248581402397;0.00992507322077918;0.00044202774865827356
1986;Qatar;355.0975342465754;0.01863884943529248;-0.004373673468206385;0.019427799319937964
1986;Saudi Arabia;5208.200000000002;-0.00771709662166109;-0.001138257072443416;0.12187519844718395
1986;Yemen;10.0;-0.2366792618132728;-0.1120656246470364;0.0007471712867693172
1986;Other Middle East;50.537876712328774;0.011403153025251411;-0.005507371067648537;0.0021211723339395906
1986;Chad;0.0;-0.07739092430558159;0.0024234194310526203;0.0012960426251119768
1986;Sudan;0.0;0.011316056080317383;-0.14042020436364788;0.000713034224529678
1986;Indonesia;1429.0;-0.06802891313886739;-0.031486219917371105;0.007694437644600682
1986;OPEC;17891.285027397258;0.02939694730768805;-0.008004057369204176;0.3532107548921459
1986;Non-OPEC;42284.52783595976;0.008257326812303845;0.015899100250315934;0.6467892451078547
1987;Mexico;2878.9999999999995;0.008399590758943809;-0.04134261126609773;0.021447657586514964
1987;USSR;0.0;;;0.0
1987;Iran;2342.4383561643835;0.17380025940337207;-0.020484304153571276;0.04027732125202149
1987;Oman;588.0;0.02161418528430481;0.009349774253819332;0.01080620135997218
1987;Republic of Congo;122.53249315068494;-0.10676038947024336;-0.00921011915616421;0.0030486149234955494
1987;Indonesia;1420.0;-0.06802891313886739;-0.031486219917371105;0.007694437644600682
1988;Canada;2002.4185139874128;0.05818705316551864;0.04443196660016557;0.06040277751561736
1988;Ecuador;309.0;-0.013555296707416287;-0.005683478547010901;0.00526133980276409
1988;Other S. & Cent. America;77.0825956284153;0.20940024362901344;0.0451070358039638;0.0024981613875134758
1988;Italy;100.23185519125684;-0.10014250985906081;-0.009222628843048253;0.0011170127869380988
1988;Azerbaijan;279.9781420765027;0.011682567630082463;-0.025151566534754033;0.00803848537351843
1988;Turkmenistan;120.10109289617485;0.15295127667772968;0.007527006661025348;0.002807356146183693
1988;USSR;0.0;;;0.0
1988;Oman;625.0;0.02161418528430481;0.009349774253819332;0.01080620135997218
1988;Syria;268.19672131147547;1.2322452830603248;-0.12202203231432995;0.0010684326874164487
1988;United Arab Emirates;1544.474;-0.0069035508107067045;0.01062166278475929;0.04081028431245729
1988;Algeria;1232.921475409836;0.016989208741859496;-0.019168427742856653;0.015050055927252524
1988;Angola;451.888524590164;-0.11636126750752052;-0.035451819809867224;0.012954233865224927
1988;Chad;0.0;-0.07739092430558159;0.0024234194310526203;0.0012960426251119768
1988;Libya;1051.0;1.9841735386632142;0.09418291840950377;0.014123075093373077
1988;India;672.0956284153006;-0.03193165165427181;-0.022505178073259358;0.008301179800558844
1988;Malaysia;540.0;-0.06971612164929131;-0.01391057266847573;0.006377158248748882
1988;Non-OECD;42893.49006416171;0.01949278875364291;-0.004849740898160371;0.6839519600707346
1988;Non-OPEC;42783.34563820243;0.008257326812303845;0.015899100250315934;0.6467892451078547
1989;Canada;1961.4562282686825;0.05818705316551864;0.04443196660016557;0.06040277751561736
1989;Venezuela;2012.0;0.021181739818512346;-0.13394124958545395;0.007276968172059719
1989;Norway;1567.0;0.011004260860657089;-0.0007262343743977828;0.022528758184557043
1989;Other CIS;48.854794520547955;0.009843248581402397;0.00992507322077918;0.00044202774865827356
1989;Iran;2894.3419178082204;0.17380025940337207;-0.020484304153571276;0.04027732125202149
1989;Kuwait;1408.0;0.016986526061875118;-0.006236392048542427;0.030494068685284637
1989;Saudi Arabia;5635.5;-0.00771709662166109;-0.001138257072443416;0.12187519844718395
1989;Syria;340.6410958904109;1.2322452830603248;-0.12202203231432995;0.0010684326874164487
1990;Brazil;650.5360011065889;-0.014225904957071211;0.03206011798712183;0.03323616083253194
1990;Venezuela;2244.0;0.021181739818512346;-0.13394124958545395;0.007276968172059719
1990;Other S. & Cent. America;77.25465753424658;0.20940024362901344;0.0451070358039638;0.0024981613875134758
1990;Denmark;121.0;-0.10211362064554186;-0.1170096789075572;0.0007196847935494618
1990;Kazakhstan;570.7446575342466;0.002805857999285566;0.00728805079249728;0.0201496873359396
1990;Iraq;2148.9479452054793;-0.0027401723179035775;0.03993176844808022;0.04564469402751451
1990;Other Middle East;51.56720547945206;0.011403153025251411;-0.005507371067648537;0.0021211723339395906
1990;Angola;474.6460273972602;-0.11636126750752052;-0.035451819809867224;0.012954233865224927
1990;Other Africa;189.85227397260272;-0.11473666799325744;0.039158123041266535;0.003261704928322147
1990;China;2777.5679452054796;0.023909756953389927;-0.0019866075275165596;0.04443819533162619
1990;Other Asia Pacific;145.16392780006768;-0.04705315243648667;-0.04115418864764997;0.0022095396269474184
1990;of which: OECD;19290.810250671588;0.007351876295612625;0.03824488234060763;0.3160480399292659
1990;OPEC;23195.16784931507;0.02939694730768805;-0.008004057369204176;0.3532107548921459
1991;Russian Federation;9263.695999999998;0.0259857799039811;0.003829406109763678;0.12176380683962577
1991;Saudi Arabia;8819.8;-0.00771709662166109;-0.001138257072443416;0.12187519844718395
1991;United Arab Emirates;2274.408;-0.0069035508107067045;0.01062166278475929;0.04081028431245729
1991;Nigeria;1963.1;-0.11071357403769111;-0.04054020661502922;0.01808623054191415
1991;South Sudan;0.0;-0.07259663781841252;;0.0016976445270429786
1991;Australia;613.0850378603712;-0.0389567741348672;-0.00952504343187588;0.004841948866882152
1991;Indonesia;1669.0;-0.06802891313886739;-0.031486219917371105;0.007694437644600682
1991;Non-OECD;45023.08963041527;0.01949278875364291;-0.004849740898160371;0.6839519600707346
1992;Peru;116.56748633879782;-0.028386022393809385;-0.021329472370361646;0.0014215574638193431
1992;Italy;93.25232513661206;-0.10014250985906081;-0.009222628843048253;0.0011170127869380988
1992;Romania;141.7580601092896;-0.0355191483164915;-0.023558237086606537;0.0007759589176207393
1992;Russian Federation;7978.186338797815;0.0259857799039811;0.003829406109763678;0.12176380683962577
1992;Other CIS;43.899726775956275;0.009843248581402397;0.00992507322077918;0.00044202774865827356
1992;Syria;514.3770491803278;1.2322452830603248;-0.12202203231432995;0.0010684326874164487
1992;Angola;549.7369672131148;-0.11636126750752052;-0.035451819809867224;0.012954233865224927
1992;Equatorial Guinea;2.0;-0.11700800575183234;-0.07367231859320766;0.0015561435817629853
1992;Gabon;288.6451366120219;-0.1273702023440476;-0.026300843778524374;0.0020138660626010745
1992;Nigeria;2032.0;-0.11071357403769111;-0.04054020661502922;0.01808623054191415
1993;Mexico;3115.344899479412;0.008399590758943809;-0.04134261126609773;0.021447657586514964
1993;US;8582.665;0.007749829893744842;0.07711669536220533;0.18453298748836555
1993;Argentina;629.8652054794521;0.04446044334881449;-0.0061333912486202236;0.006980921191439775
1993;Trinidad & Tobago;134.0;0.005146397625773513;-0.05570469569190595;0.0008522323203223141
1993;Kazakhstan;507.35616438356163;0.002805857999285566;0.00728805079249728;0.0201496873359396
1993;Kuwait;1945.0;0.016986526061875118;-0.006236392048542427;0.030494068685284637
1993;Qatar;460.25095890410967;0.01863884943529248;-0.004373673468206385;0.019427799319937964
1993;Syria;566.0816438356164;1.2322452830603248;-0.12202203231432995;0.0010684326874164487
1993;Algeria;1321.5794520547945;0.016989208741859496;-0.019168427742856653;0.015050055927252524
1993;Angola;503.6769863013699;-0.11636126750752052;-0.035451819809867224;0.012954233865224927
1993;Gabon;304.87706849315066;-0.1273702023440476;-0.026300843778524374;0.0020138660626010745
1993;Libya;1402.0000000000002;1.9841735386632142;0.09418291840950377;0.014123075093373077
1993;Sudan;2.0;0.011316056080317383;-0.14042020436364788;0.000713034224529678
1993;Brunei;175.0;-0.03156361017471021;-0.042996666803827854;0.0011855572586830063
1993;Indonesia;1588.0;-0.06802891313886739;-0.031486219917371105;0.007694437644600682
1993;of which: OECD;20155.076571077287;0.007351876295612625;0.03824488234060763;0.3160480399292659
1994;US;8388.579;0.007749829893744842;0.07711669536220533;0.18453298748836555
1994;Argentina;695.4920547945204;0.04446044334881449;-0.0061333912486202236;0.006980921191439775
1994;Colombia;460.0;-0.05496561219969853;-0.021277019925614704;0.008212900920370417
1994;Trinidad & Tobago;141.0;0.005146397625773513;-0.05570469569190595;0.0008522323203223141
1994;United Kingdom;2694.437589041096;-0.16645972114198726;-0.023935934873669962;0.009726109957763553
1994;USSR;0.0;;;0.0
1994;Saudi Arabia;8983.0;-0.00771709662166109;-0.001138257072443416;0.12187519844718395
1994;United Arab Emirates;2462.533;-0.0069035508107067045;0.01062166278475929;0.04081028431245729
1994;Yemen;345.5808219178083;-0.2366792618132728;-0.1120656246470364;0.0007471712867693172
1994;Republic of Congo;185.47660273972602;-0.10676038947024336;-0.00921011915616421;0.0030486149234955494
1994;Other Africa;157.1463561643836;-0.11473666799325744;0.039158123041266535;0.003261704928322147
1994;India;683.6627397260273;-0.03193165165427181;-0.022505178073259358;0.008301179800558844
1994;Indonesia;1589.0;-0.06802891313886739;-0.031486219917371105;0.007694437644600682
1994;of which: OECD;21023.93328152521;0.007351876295612625;0.03824488234060763;0.3160480399292659
1995;Mexico;3054.768085989205;0.008399590758943809;-0.04134261126609773;0.021447657586514964
1995;Other S. & Cent. America;96.40252054794522;0.20940024362901344;0.0451070358039638;0.0024981613875134758
1995;Qatar;460.88876712328766;0.01863884943529248;-0.004373673468206385;0.019427799319937964
1995;Yemen;351.4706849315068;-0.2366792618132728;-0.1120656246470364;0.0007471712867693172
1995;Other Middle East;52.17815068493151;0.011403153025251411;-0.005507371067648537;0.0021211723339395906
1995;Chad;0.0;-0.07739092430558159;0.0024234194310526203;0.0012960426251119768
1995;Republic of Congo;179.75441095890412;-0.10676038947024336;-0.00921011915616421;0.0030486149234955494
1995;Gabon;355.6064657534247;-0.1273702023440476;-0.026300843778524374;0.0020138660626010745
1995;South Sudan;0.0;-0.07259663781841252;;0.0016976445270429786
1995;Sudan;2.0;0.011316056080317383;-0.14042020436364788;0.000713034224529678
1995;Other Africa;157.1705205479452;-0.11473666799325744;0.039158123041266535;0.003261704928322147
1995;Non-OECD;46489.177517103584;0.01949278875364291;-0.004849740898160371;0.6839519600707346
1995;OPEC;26652.93357463784;0.02939694730768805;-0.008004057369204176;0.3532107548921459
1995;European Union #;780.6960876712329;-0.0695851407390029;-0.048198144519203345;0.004072119458085688
1996;Mexico;3270.057022005017;0.008399590758943809;-0.04134261126609773;0.021447657586514964
1996;Peru;120.97049180327869;-0.028386022393809385;-0.021329472370361646;0.0014215574638193431
1996;Turkmenistan;89.65710382513663;0.15295127667772968;0.007527006661025348;0.002807356146183693
1996;USSR;0.0;;;0.0
1996;Iran;3758.5792349726776;0.17380025940337207;-0.020484304153571276;0.04027732125202149
1996;Kuwait;2129.0;0.016986526061875118;-0.006236392048542427;0.030494068685284637
1996;Qatar;567.9989071038251;0.01863884943529248;-0.004373673468206385;0.019427799319937964
1996;Australia;611.5729567294502;-0.0389567741348672;-0.00952504343187588;0.004841948866882152
1996;China;3174.731147540984;0.023909756953389927;-0.0019866075275165596;0.04443819533162619
1996;Indonesia;1580.0;-0.06802891313886739;-0.031486219917371105;0.007694437644600682
1996;Other Asia Pacific;244.52822407305192;-0.04705315243648667;-0.04115418864764997;0.0022095396269474184
1996;of which: OECD;22015.65161548103;0.007351876295612625;0.03824488234060763;0.3160480399292659
1997;Mexico;3408.626121400124;0.008399590758943809;-0.04134261126609773;0.021447657586514964
1997;Peru;120.23866027397258;-0.028386022393809385;-0.021329472370361646;0.0014215574638193431
1997;Italy;123.59688044657535;-0.10014250985906081;-0.009222628843048253;0.0011170127869380988
1997;Norway;3279.9999999999995;0.011004260860657089;-0.0007262343743977828;0.022528758184557043
1997;Romania;140.7284109589041;-0.0355191483164915;-0.023558237086606537;0.0007759589176207393
1997;Kuwait;2137.0;0.016986526061875118;-0.006236392048542427;0.030494068685284637
1997;Oman;909.0;0.02161418528430481;0.009349774253819332;0.01080620135997218
1997;Saudi Arabia;9005.316118884883;-0.00771709662166109;-0.001138257072443416;0.12187519844718395
1997;Republic of Congo;224.73665753424655;-0.10676038947024336;-0.00921011915616421;0.0030486149234955494
1997;Libya;1491.0000000000002;1.9841735386632142;0.09418291840950377;0.014123075093373077
1997;Vietnam;204.56438356164384;-0.07175184203549767;-0.04842662621691651;0.002138650655914335
1997;Other Asia Pacific;226.58246498624598;-0.04705315243648667;-0.04115418864764997;0.0022095396269474184
1998;Peru;116.4717205479452;-0.028386022393809385;-0.021329472370361646;0.0014215574638193431
1998;Trinidad & Tobago;134.0;0.005146397625773513;-0.05570469569190595;0.0008522323203223141
1998;Venezuela;3447.309;0.021181739818512346;-0.13394124958545395;0.007276968172059719
1998;Other S. & Cent. America;124.93087671232875;0.20940024362901344;0.0451070358039638;0.0024981613875134758
1998;Denmark;238.0;-0.10211362064554186;-0.1170096789075572;0.0007196847935494618
1998;Italy;116.65126406575344;-0.10014250985906081;-0.009222628843048253;0.0011170127869380988
1998;Other Europe;463.4193643835618;-0.01331744869897089;-0.016014041041597427;0.0031836959922757926
1998;Other CIS;38.56104109589041;0.009843248581402397;0.00992507322077918;0.00044202774865827356
1998;Iraq;2120.826849315068;-0.0027401723179035775;0.03993176844808022;0.04564469402751451
1998;Oman;905.0;0.02161418528430481;0.009349774253819332;0.01080620135997218
1998;Other Middle East;49.13897260273973;0.011403153025251411;-0.005507371067648537;0.0021211723339395906
1998;Angola;730.8493150684932;-0.11636126750752052;-0.035451819809867224;0.012954233865224927
1998;Egypt;856.7309589041098;-0.038370213606986225;-0.01604155377393679;0.006761229212210964
1998;Nigeria;2023.046;-0.11071357403769111;-0.04054020661502922;0.01808623054191415
1998;Brunei;157.0;-0.03156361017471021;-0.042996666803827854;0.0011855572586830063
1998;Malaysia;725.0;-0.06971612164929131;-0.01391057266847573;0.006377158248748882
1999;US;7731.4580000000005;0.007749829893744842;0.07711669536220533;0.18453298748836555
1999;Ecuador;383.0;-0.013555296707416287;-0.005683478547010901;0.00526133980276409
1999;Peru;106.84967397260273;-0.028386022393809385;-0.021329472370361646;0.0014215574638193431
1999;Denmark;299.0;-0.10211362064554186;-0.1170096789075572;0.0007196847935494618
1999;Italy;104.04335690136986;-0.10014250985906081;-0.009222628843048253;0.0011170127869380988
1999;Norway;3139.0;0.011004260860657089;-0.0007262343743977828;0.022528758184557043
1999;Romania;133.14246575342466;-0.0355191483164915;-0.023558237086606537;0.0007759589176207393
1999;Other CIS;38.74334246575342;0.009843248581402397;0.00992507322077918;0.00044202774865827356
1999;United Arab Emirates;2413.8;-0.0069035508107067045;0.01062166278475929;0.04081028431245729
1999;Yemen;405.12547945205466;-0.2366792618132728;-0.1120656246470364;0.0007471712867693172
1999;Non-OECD;49527.60427539249;0.01949278875364291;-0.004849740898160371;0.6839519600707346
1999;European Union #;803.5823048465753;-0.0695851407390029;-0.048198144519203345;0.004072119458085688
2000;Canada;2703.401902367345;0.05818705316551864;0.04443196660016557;0.06040277751561736
2000;Norway;3331.1541177008226;0.011004260860657089;-0.0007262343743977828;0.022528758184557043
2000;United Kingdom;2709.815009836065;-0.16645972114198726;-0.023935934873669962;0.009726109957763553
2000;Kazakhstan;740.2079234972678;0.002805857999285566;0.00728805079249728;0.0201496873359396
2000;Turkmenistan;146.14207650273227;0.15295127667772968;0.007527006661025348;0.002807356146183693
2000;Iran;3850.4032941147534;0.17380025940337207;-0.020484304153571276;0.04027732125202149
2000;Kuwait;2244.422568306012;0.016986526061875118;-0.006236392048542427;0.030494068685284637
2000;Yemen;436.502;-0.2366792618132728;-0.1120656246470364;0.0007471712867693172
2001;Mexico;3568.128042808219;0.008399590758943809;-0.04134261126609773;0.021447657586514964
2001;Brazil;1339.1;-0.014225904957071211;0.03206011798712183;0.03323616083253194
2001;Peru;97.78502191780821;-0.028386022393809385;-0.021329472370361646;0.0014215574638193431
2001;Denmark;348.00000000000006;-0.10211362064554186;-0.1170096789075572;0.0007196847935494618
2001;Romania;130.8926301369863;-0.0355191483164915;-0.023558237086606537;0.0007759589176207393
2001;Tunisia;70.55838356164385;0.2131251041424982;-0.04635888909716546;0.0005061458129315255
2001;Australia;747.9749908924163;-0.0389567741348672;-0.00952504343187588;0.004841948866882152
2001;OPEC;29745.661754208224;0.02939694730768805;-0.008004057369204176;0.3532107548921459
2001;Non-OPEC;45032.8130831282;0.008257326812303845;0.015899100250315934;0.6467892451078547
2002;Argentina;907.6218969759578;0.04446044334881449;-0.0061333912486202236;0.006980921191439775
2002;Peru;94.46694794520548;-0.028386022393809385;-0.021329472370361646;0.0014215574638193431
2002;Trinidad & Tobago;154.22512876712332;0.005146397625773513;-0.05570469569190595;0.0008522323203223141
2002;Other S. & Cent. America;149.10705479452056;0.20940024362901344;0.0451070358039638;0.0024981613875134758
2002;Italy;114.77271575342466;-0.10014250985906081;-0.009222628843048253;0.0011170127869380988
2002;Norway;3321.5061593003984;0.011004260860657089;-0.0007262343743977828;0.022528758184557043
2002;United Kingdom;2499.754635890411;-0.16645972114198726;-0.023935934873669962;0.009726109957763553
2002;Azerbaijan;307.0395890410959;0.011682567630082463;-0.025151566534754033;0.00803848537351843
2002;Other CIS;38.752;0.009843248581402397;0.00992507322077918;0.00044202774865827356
2002;Saudi Arabia;8206.500315576923;-0.00771709662166109;-0.001138257072443416;0.12187519844718395
2002;Chad;0.0;-0.07739092430558159;0.0024234194310526203;0.0012960426251119768
2002;Equatorial Guinea;230.00000000000003;-0.11700800575183234;-0.07367231859320766;0.0015561435817629853
2002;Libya;1374.8804699999998;1.9841735386632142;0.09418291840950377;0.014123075093373077
2002;Sudan;236.18449041095886;0.011316056080317383;-0.14042020436364788;0.000713034224529678
2002;Tunisia;73.44476712328769;0.2131251041424982;-0.04635888909716546;0.0005061458129315255
2002;Brunei;210.0;-0.03156361017471021;-0.042996666803827854;0.0011855572586830063
2002;of which: OECD;22075.294760537872;0.007351876295612625;0.03824488234060763;0.3160480399292659
2003;Trinidad & Tobago;163.55399178082192;0.005146397625773513;-0.05570469569190595;0.0008522323203223141
2003;Venezuela;2868.5614871232874;0.021181739818512346;-0.13394124958545395;0.007276968172059719
2003;Other Europe;437.6187628493151;-0.01331744869897089;-0.016014041041597427;0.0031836959922757926
2003;USSR;0.0;;;0.0
2003;Uzbekistan;151.29704109589042;-0.021865293215890147;-0.028459124665332403;0.0006670871753145301
2003;Algeria;1826.2814246575338;0.016989208741859496;-0.019168427742856653;0.015050055927252524
2003;South Sudan;0.0;-0.07259663781841252;;0.0016976445270429786
2003;of which: OECD;21746.724016591303;0.007351876295612625;0.03824488234060763;0.3160480399292659
2003;Non-OECD;55408.40388805237;0.01949278875364291;-0.004849740898160371;0.6839519600707346
2004;US;7250.243956284153;0.007749829893744842;0.07711669536220533;0.18453298748836555
2004;Colombia;528.29;-0.05496561219969853;-0.021277019925614704;0.008212900920370417
2004;Trinidad & Tobago;152.09471584699457;0.005146397625773513;-0.05570469569190595;0.0008522323203223141
2004;Venezuela;3305.899817543589;0.021181739818512346;-0.13394124958545395;0.007276968172059719
2004;Other Europe;429.3562412568306;-0.01331744869897089;-0.016014041041597427;0.0031836959922757926
2004;Other CIS;37.836338797814214;0.009843248581402397;0.00992507322077918;0.00044202774865827356
2004;Tunisia;70.23953551912568;0.2131251041424982;-0.04635888909716546;0.0005061458129315255
2004;Other Africa;172.67150819672128;-0.11473666799325744;0.039158123041266535;0.003261704928322147
2004;China;3485.775491803279;0.023909756953389927;-0.0019866075275165596;0.04443819533162619
2004;India;777.0219398907104;-0.03193165165427181;-0.022505178073259358;0.008301179800558844
2004;Non-OPEC;47648.367821696775;0.008257326812303845;0.015899100250315934;0.6467892451078547
2005;Argentina;842.4784147685345;0.04446044334881449;-0.0061333912486202236;0.006980921191439775
2005;Colombia;526.1618191780822;-0.05496561219969853;-0.021277019925614704;0.008212900920370417
2005;Other S. & Cent. America;143.09826170635398;0.20940024362901344;0.0451070358039638;0.0024981613875134758
2005;Kuwait;2669.244630136987;0.016986526061875118;-0.006236392048542427;0.030494068685284637
2005;Algeria;1989.9317424657531;0.016989208741859496;-0.019168427742856653;0.015050055927252524
2005;Angola;1269.0225753424659;-0.11636126750752052;-0.035451819809867224;0.012954233865224927
2005;Other Asia Pacific;287.5040068448573;-0.04705315243648667;-0.04115418864764997;0.0022095396269474184
2005;of which: OECD;20427.06182171003;0.007351876295612625;0.03824488234060763;0.3160480399292659
2006;Peru;117.68326301369864;-0.028386022393809385;-0.021329472370361646;0.0014215574638193431
2006;Venezuela;3339.6854109589044;0.021181739818512346;-0.13394124958545395;0.007276968172059719
2006;Denmark;345.53852986301376;-0.10211362064554186;-0.1170096789075572;0.0007196847935494618
2006;Norway;2772.653572647607;0.011004260860657089;-0.0007262343743977828;0.022528758184557043
2006;USSR;0.0;;;0.0
2006;Kuwait;2739.5207671232884;0.016986526061875118;-0.006236392048542427;0.030494068685284637
2006;Oman;737.6501369863016;0.02161418528430481;0.009349774253819332;0.01080620135997218
2006;Syria;421.00000000000006;1.2322452830603248;-0.12202203231432995;0.0010684326874164487
2006;United Arab Emirates;3134.512;-0.0069035508107067045;0.01062166278475929;0.04081028431245729
2006;Other Middle East;182.216301369863;0.011403153025251411;-0.005507371067648537;0.0021211723339395906
2006;Angola;1401.4402849315065;-0.11636126750752052;-0.035451819809867224;0.012954233865224927
2006;Tunisia;68.72542465753425;0.2131251041424982;-0.04635888909716546;0.0005061458129315255
2006;Indonesia;1017.7585671561644;-0.06802891313886739;-0.031486219917371105;0.007694437644600682
2006;Vietnam;351.5671232876713;-0.07175184203549767;-0.04842662621691651;0.002138650655914335
2006;Non-OPEC;47871.51243661123;0.008257326812303845;0.015899100250315934;0.6467892451078547
2007;Canada;3290.189660693013;0.05818705316551864;0.04443196660016557;0.06040277751561736
2007;Denmark;311.2730931780822;-0.10211362064554186;-0.1170096789075572;0.0007196847935494618
2007;Oman;710.3931506849315;0.02161418528430481;0.009349774253819332;0.01080620135997218
2007;Other Middle East;193.93337260273967;0.011403153025251411;-0.005507371067648537;0.0021211723339395906
2007;Chad;143.56164383561642;-0.07739092430558159;0.0024234194310526203;0.0012960426251119768
2007;Republic of Congo;223.92850000000004;-0.10676038947024336;-0.00921011915616421;0.0030486149234955494
2007;Brunei;194.212346312439;-0.03156361017471021;-0.042996666803827854;0.0011855572586830063
2007;OPEC;34371.073079980015;0.02939694730768805;-0.008004057369204176;0.3532107548921459
2008;Canada;3207.035297559539;0.05818705316551864;0.04443196660016557;0.06040277751561736
2008;Mexico;3165.327712428961;0.008399590758943809;-0.04134261126609773;0.021447657586514964
2008;US;6783.354060109292;0.007749829893744842;0.07711669536220533;0.18453298748836555
2008;Argentina;802.3307686483029;0.04446044334881449;-0.0061333912486202236;0.006980921191439775
2008;Brazil;1897.158904094297;-0.014225904957071211;0.03206011798712183;0.03323616083253194
2008;Colombia;587.6582704918034;-0.05496561219969853;-0.021277019925614704;0.008212900920370417
2008;Other CIS;36.635628415300545;0.009843248581402397;0.00992507322077918;0.00044202774865827356
2008;Syria;406.0;1.2322452830603248;-0.12202203231432995;0.0010684326874164487
2008;Republic of Congo;236.736;-0.10676038947024336;-0.00921011915616421;0.0030486149234955494
2008;Tunisia;87.27939890710383;0.2131251041424982;-0.04635888909716546;0.0005061458129315255
2008;Brunei;174.79565293072002;-0.03156361017471021;-0.042996666803827854;0.0011855572586830063
2009;US;7266.706958904108;0.007749829893744842;0.07711669536220533;0.18453298748836555
2009;Venezuela;3037.83591780822;0.021181739818512346;-0.13394124958545395;0.007276968172059719
2009;Italy;94.87955085136987;-0.10014250985906081;-0.009222628843048253;0.0011170127869380988
2009;United Kingdom;1473.8782761643836;-0.16645972114198726;-0.023935934873669962;0.009726109957763553
2009;Azerbaijan;1026.6706575342466;0.011682567630082463;-0.025151566534754033;0.00803848537351843
2009;Turkmenistan;221.28767123287673;0.15295127667772968;0.007527006661025348;0.002807356146183693
2009;Yemen;308.0605671232877;-0.2366792618132728;-0.1120656246470364;0.0007471712867693172
2009;Chad;117.8082191780822;-0.07739092430558159;0.0024234194310526203;0.0012960426251119768
2009;Republic of Congo;276.08790000000005;-0.10676038947024336;-0.00921011915616421;0.0030486149234955494
2009;OPEC;33100.124659303416;0.02939694730768805;-0.008004057369204176;0.3532107548921459
2010;Mexico;2959.366479879453;0.008399590758943809;-0.04134261126609773;0.021447657586514964
2010;Venezuela;2841.57202739726;0.021181739818512346;-0.13394124958545395;0.007276968172059719
2010;Romania;89.53994520547946;-0.0355191483164915;-0.023558237086606537;0.0007759589176207393
2010;Turkmenistan;226.4876712328767;0.15295127667772968;0.007527006661025348;0.002807356146183693
2010;Uzbekistan;86.55836698630138;-0.021865293215890147;-0.028459124665332403;0.0006670871753145301
2010;Qatar;1630.2381452054794;0.01863884943529248;-0.004373673468206385;0.019427799319937964
2010;Syria;385.0;1.2322452830603248;-0.12202203231432995;0.0010684326874164487
2010;Other Middle East;192.26849863013697;0.011403153025251411;-0.005507371067648537;0.0021211723339395906
2010;Republic of Congo;313.8935;-0.10676038947024336;-0.00921011915616421;0.0030486149234955494
2010;Australia;549.7846803524953;-0.0389567741348672;-0.00952504343187588;0.004841948866882152
2010;China;4076.966082191781;0.023909756953389927;-0.0019866075275165596;0.04443819533162619
2010;Thailand;393.3661780821918;-0.05325556726463476;-0.007443437542828613;0.004429631594503935
2011;Canada;3514.8220660394704;0.05818705316551864;0.04443196660016557;0.06040277751561736
2011;Mexico;2940.3133798958897;0.008399590758943809;-0.04134261126609773;0.021447657586514964
2011;Other Europe;336.27189357427073;-0.01331744869897089;-0.016014041041597427;0.0031836959922757926
2011;Turkmenistan;234.08767123287672;0.15295127667772968;0.007527006661025348;0.002807356146183693
2011;USSR;0.0;;;0.0
2011;Iran;4452.4041095890425;0.17380025940337207;-0.020484304153571276;0.04027732125202149
2011;Oman;884.9202739726027;0.02161418528430481;0.009349774253819332;0.01080620135997218
2011;Chad;113.6986301369863;-0.07739092430558159;0.0024234194310526203;0.0012960426251119768
2011;Republic of Congo;300.5626000000001;-0.10676038947024336;-0.00921011915616421;0.0030486149234955494
2011;Nigeria;2458.828580821917;-0.11071357403769111;-0.04054020661502922;0.01808623054191415
2011;Vietnam;315.76575342465765;-0.07175184203549767;-0.04842662621691651;0.002138650655914335
2011;Other Asia Pacific;302.3166262320984;-0.04705315243648667;-0.04115418864764997;0.0022095396269474184
2011;of which: OECD;19516.552400133864;0.007351876295612625;0.03824488234060763;0.3160480399292659
2012;Brazil;2144.8469651709233;-0.014225904957071211;0.03206011798712183;0.03323616083253194
2012;Venezuela;2703.7341912568304;0.021181739818512346;-0.13394124958545395;0.007276968172059719
2012;Romania;83.07049180327868;-0.0355191483164915;-0.023558237086606537;0.0007759589176207393
2012;Uzbekistan;71.62431693989072;-0.021865293215890147;-0.028459124665332403;0.0006670871753145301
2012;Saudi Arabia;11621.794282987968;-0.00771709662166109;-0.001138257072443416;0.12187519844718395
2012;Syria;171.0;1.2322452830603248;-0.12202203231432995;0.0010684326874164487
2012;Chad;100.81967213114756;-0.07739092430558159;0.0024234194310526203;0.0012960426251119768
2012;Australia;472.3333507224315;-0.0389567741348672;-0.00952504343187588;0.004841948866882152
2012;of which: OECD;20459.75916078384;0.007351876295612625;0.03824488234060763;0.3160480399292659
2012;Non-OPEC;50357.691545266214;0.008257326812303845;0.015899100250315934;0.6467892451078547
2013;Argentina;644.3725277504599;0.04446044334881449;-0.0061333912486202236;0.006980921191439775
2013;Iran;3609.229863013699;0.17380025940337207;-0.020484304153571276;0.04027732125202149
2013;Saudi Arabia;11392.926634692663;-0.00771709662166109;-0.001138257072443416;0.12187519844718395
2013;Gabon;213.40499999999997;-0.1273702023440476;-0.026300843778524374;0.0020138660626010745
2013;South Sudan;99.72880000000002;-0.07259663781841252;;0.0016976445270429786
2013;Australia;400.56023183022035;-0.0389567741348672;-0.00952504343187588;0.004841948866882152
2013;Indonesia;870.9885972602739;-0.06802891313886739;-0.031486219917371105;0.007694437644600682
2013;Thailand;465.57821589041095;-0.05325556726463476;-0.007443437542828613;0.004429631594503935
2013;OPEC;34766.696255634386;0.02939694730768805;-0.008004057369204176;0.3532107548921459
2014;Brazil;2341.3719734243164;-0.014225904957071211;0.03206011798712183;0.03323616083253194
2014;Other Europe;339.2065873258342;-0.01331744869897089;-0.016014041041597427;0.0031836959922757926
2014;Azerbaijan;861.1753561643837;0.011682567630082463;-0.025151566534754033;0.00803848537351843
2014;Uzbekistan;62.62210849315069;-0.021865293215890147;-0.028459124665332403;0.0006670871753145301
2014;Iraq;3238.6301369863013;-0.0027401723179035775;0.03993176844808022;0.04564469402751451
2014;Kuwait;3105.854657534247;0.016986526061875118;-0.006236392048542427;0.030494068685284637
2014;Saudi Arabia;11518.82272432444;-0.00771709662166109;-0.001138257072443416;0.12187519844718395
2014;Libya;517.726;1.9841735386632142;0.09418291840950377;0.014123075093373077
2014;Sudan;119.6045;0.011316056080317383;-0.14042020436364788;0.000713034224529678
2014;Tunisia;62.90497789041097;0.2131251041424982;-0.04635888909716546;0.0005061458129315255
2014;India;905.3907222174736;-0.03193165165427181;-0.022505178073259358;0.008301179800558844
2015;Canada;4388.135577667829;0.05818705316551864;0.04443196660016557;0.06040277751561736
2015;US;12783.33801369863;0.007749829893744842;0.07711669536220533;0.18453298748836555
2015;Other S. & Cent. America;145.500263570355;0.20940024362901344;0.0451070358039638;0.0024981613875134758
2015;Turkmenistan;270.84383561643835;0.15295127667772968;0.007527006661025348;0.002807356146183693
2015;Oman;981.0898630136987;0.02161418528430481;0.009349774253819332;0.01080620135997218
2015;United Arab Emirates;3897.972489273129;-0.0069035508107067045;0.01062166278475929;0.04081028431245729
2015;Republic of Congo;234.2085;-0.10676038947024336;-0.00921011915616421;0.0030486149234955494
2015;Nigeria;2198.7391561643835;-0.11071357403769111;-0.04054020661502922;0.01808623054191415
2016;US;12353.659169398908;0.007749829893744842;0.07711669536220533;0.18453298748836555
2016;Uzbekistan;57.178512568306004;-0.021865293215890147;-0.028459124665332403;0.0006670871753145301
2016;Iran;4578.221010382513;0.17380025940337207;-0.020484304153571276;0.04027732125202149
2016;Kuwait;3149.8277426229515;0.016986526061875118;-0.006236392048542427;0.030494068685284637
2016;Syria;25.0;1.2322452830603248;-0.12202203231432995;0.0010684326874164487
2016;Sudan;84.08295172824091;0.011316056080317383;-0.14042020436364788;0.000713034224529678
2016;Australia;353.22324464596846;-0.0389567741348672;-0.00952504343187588;0.004841948866882152
2016;Vietnam;317.36092896174864;-0.07175184203549767;-0.04842662621691651;0.002138650655914335
2017;Ecuador;531.3125729041095;-0.013555296707416287;-0.005683478547010901;0.00526133980276409
2017;Other S. & Cent. America;133.0171262993948;0.20940024362901344;0.0451070358039638;0.0024981613875134758
2017;United Kingdom;1005.4250438054796;-0.16645972114198726;-0.023935934873669962;0.009726109957763553
2017;Azerbaijan;792.7550958904111;0.011682567630082463;-0.025151566534754033;0.00803848537351843
2017;Uzbekistan;60.950771095890424;-0.021865293215890147;-0.028459124665332403;0.0006670871753145301
2017;Other CIS;36.93155859375;0.009843248581402397;0.00992507322077918;0.00044202774865827356
2017;Syria;24.609699249267575;1.2322452830603248;-0.12202203231432995;0.0010684326874164487
2017;Gabon;210.06599999999997;-0.1273702023440476;-0.026300843778524374;0.0020138660626010745
2017;Indonesia;837.3034608219177;-0.06802891313886739;-0.031486219917371105;0.007694437644600682
2018;Italy;97.15947688575343;-0.10014250985906081;-0.009222628843048253;0.0011170127869380988
2018;Romania;74.61769863013699;-0.0355191483164915;-0.023558237086606537;0.0007759589176207393
2018;Azerbaijan;795.659191780822;0.011682567630082463;-0.025151566534754033;0.00803848537351843
2018;Algeria;1510.5147123287675;0.016989208741859496;-0.019168427742856653;0.015050055927252524
2018;Angola;1519.2260367123288;-0.11636126750752052;-0.035451819809867224;0.012954233865224927
2018;Nigeria;2005.1876438356162;-0.11071357403769111;-0.04054020661502922;0.01808623054191415
2018;Non-OPEC;57879.378279493554;0.008257326812303845;0.015899100250315934;0.6467892451078547
2019;Venezuela;1021.5320093608923;0.021181739818512346;-0.13394124958545395;0.007276968172059719
2019;Italy;88.7461485520548;-0.10014250985906081;-0.009222628843048253;0.0011170127869380988
2019;Iran;3399.0;0.17380025940337207;-0.020484304153571276;0.04027732125202149
2019;Republic of Congo;336.19699999999995;-0.10676038947024336;-0.00921011915616421;0.0030486149234955494
2019;Libya;1227.833531521732;1.9841735386632142;0.09418291840950377;0.014123075093373077
2019;Brunei;121.293961392434;-0.03156361017471021;-0.042996666803827854;0.0011855572586830063
2019;China;3848.3102465753423;0.023909756953389927;-0.0019866075275165596;0.04443819533162619
2019;Thailand;474.6076443835617;-0.05325556726463476;-0.007443437542828613;0.004429631594503935
2019;Vietnam;236.44493150684931;-0.07175184203549767;-0.04842662621691651;0.002138650655914335
2020;Canada;5130.296403507787;0.05818705316551864;0.04443196660016557;0.06040277751561736
2020;Trinidad & Tobago;76.20380754975419;0.005146397625773513;-0.05570469569190595;0.0008522323203223141
2020;Venezuela;640.4650370080764;0.021181739818512346;-0.13394124958545395;0.007276968172059719
2020;Italy;111.56613816390986;-0.10014250985906081;-0.009222628843048253;0.0011170127869380988
2020;Turkmenistan;218.84395181321412;0.15295127667772968;0.007527006661025348;0.002807356146183693
2020;Other CIS;39.34083365914995;0.009843248581402397;0.00992507322077918;0.00044202774865827356
2020;Qatar;1714.1600323965415;0.01863884943529248;-0.004373673468206385;0.019427799319937964
2020;Other Middle East;188.494916577014;0.011403153025251411;-0.005507371067648537;0.0021211723339395906
2020;Republic of Congo;306.7486000061035;-0.10676038947024336;-0.00921011915616421;0.0030486149234955494
2020;India;770.6936689750306;-0.03193165165427181;-0.022505178073259358;0.008301179800558844
2020;Indonesia;742.0316622950819;-0.06802891313886739;-0.031486219917371105;0.007694437644600682
2020;Other Asia Pacific;208.392031644591;-0.04705315243648667;-0.04115418864764997;0.0022095396269474184
2020;OPEC;30838.911061473784;0.02939694730768805;-0.008004057369204176;0.3532107548921459
2020;European Union #;393.3615111393152;-0.0695851407390029;-0.048198144519203345;0.004072119458085688
2021;Canada;5428.813233093562;0.05818705316551864;0.04443196660016557;0.06040277751561736
2021;Peru;127.76515068682095;-0.028386022393809385;-0.021329472370361646;0.0014215574638193431
2021;United Kingdom;874.1524250532666;-0.16645972114198726;-0.023935934873669962;0.009726109957763553
2021;Other Europe;286.1406651133716;-0.01331744869897089;-0.016014041041597427;0.0031836959922757926
2021;USSR;0.0;;;0.0
2021;Uzbekistan;59.955714520547936;-0.021865293215890147;-0.028459124665332403;0.0006670871753145301
2021;Republic of Congo;274.0;-0.10676038947024336;-0.00921011915616421;0.0030486149234955494
2021;Egypt;607.6781917808219;-0.038370213606986225;-0.01604155377393679;0.006761229212210964
2021;Gabon;181.0;-0.1273702023440476;-0.026300843778524374;0.0020138660626010745
2021;Sudan;64.08529198470185;0.011316056080317383;-0.14042020436364788;0.000713034224529678
2021;Australia;435.179261014874;-0.0389567741348672;-0.00952504343187588;0.004841948866882152
1965;Canada;920.0;0.05818705316551864;0.04443196660016557;0.06040277751561736
1965;US;9014.148;0.007749829893744842;0.07711669536220533;0.18453298748836555
1965;Brazil;96.05;-0.014225904957071211;0.03206011798712183;0.03323616083253194
1965;Iraq;1313.0000000000002;-0.0027401723179035775;0.03993176844808022;0.04564469402751451
1965;Kuwait;2371.0000000000005;0.016986526061875118;-0.006236392048542427;0.030494068685284637
1965;Oman;0.0;0.02161418528430481;0.009349774253819332;0.01080620135997218
1965;Equatorial Guinea;0.0;-0.11700800575183234;-0.07367231859320766;0.0015561435817629853
1965;Gabon;25.334657534246574;-0.1273702023440476;-0.026300843778524374;0.0020138660626010745
1965;Nigeria;274.2;-0.11071357403769111;-0.04054020661502922;0.01808623054191415
1965;China;227.12958904109595;0.023909756953389927;-0.0019866075275165596;0.04443819533162619
1965;Vietnam;0.0;-0.07175184203549767;-0.04842662621691651;0.002138650655914335
1965;of which: OECD;11018.182082191779;0.007351876295612625;0.03824488234060763;0.3160480399292659
1965;European Union #;697.0976438356163;-0.0695851407390029;-0.048198144519203345;0.004072119458085688
1966;Brazil;117.05;-0.014225904957071211;0.03206011798712183;0.03323616083253194
1966;Venezuela;3402.0;0.021181739818512346;-0.13394124958545395;0.007276968172059719
1966;Romania;271.00205479452063;-0.0355191483164915;-0.023558237086606537;0.0007759589176207393
1966;Other Europe;486.6779726027397;-0.01331744869897089;-0.016014041041597427;0.0031836959922757926
1966;Azerbaijan;0.0;0.011682567630082463;-0.025151566534754033;0.00803848537351843
1966;Kuwait;2505.0;0.016986526061875118;-0.006236392048542427;0.030494068685284637
1966;Algeria;733.5931506849315;0.016989208741859496;-0.019168427742856653;0.015050055927252524
1966;Angola;12.810164383561645;-0.11636126750752052;-0.035451819809867224;0.012954233865224927
1966;Other Africa;2.1390136986301367;-0.11473666799325744;0.039158123041266535;0.003261704928322147
1966;Brunei;96.0;-0.03156361017471021;-0.042996666803827854;0.0011855572586830063
1966;Other Asia Pacific;34.085479452054784;-0.04705315243648667;-0.04115418864764997;0.0022095396269474184
1967;Canada;1106.0;0.05818705316551864;0.04443196660016557;0.06040277751561736
1967;Romania;278.84126027397264;-0.0355191483164915;-0.023558237086606537;0.0007759589176207393
1967;Equatorial Guinea;0.0;-0.11700800575183234;-0.07367231859320766;0.0015561435817629853
1967;Tunisia;47.21449315068493;0.2131251041424982;-0.04635888909716546;0.0005061458129315255
1967;Brunei;104.0;-0.03156361017471021;-0.042996666803827854;0.0011855572586830063
1967;China;278.74082191780826;0.023909756953389927;-0.0019866075275165596;0.04443819533162619
1967;India;116.91098630136987;-0.03193165165427181;-0.022505178073259358;0.008301179800558844
1967;Malaysia;1.0;-0.06971612164929131;-0.01391057266847573;0.006377158248748882
1967;OPEC;16111.730465753426;0.02939694730768805;-0.008004057369204176;0.3532107548921459
1967;Non-OPEC;20991.930887671235;0.008257326812303845;0.015899100250315934;0.6467892451078547
1968;Brazil;161.04999999999995;-0.014225904957071211;0.03206011798712183;0.03323616083253194
1968;Colombia;176.00000000000003;-0.05496561219969853;-0.021277019925614704;0.008212900920370417
1968;Trinidad & Tobago;191.0;0.005146397625773513;-0.05570469569190595;0.0008522323203223141
1968;Other Europe;517.6376775956284;-0.01331744869897089;-0.016014041041597427;0.0031836959922757926
1968;Iran;2839.9999999999995;0.17380025940337207;-0.020484304153571276;0.04027732125202149
1968;Kuwait;2656.0;0.016986526061875118;-0.006236392048542427;0.030494068685284637
1968;Other Middle East;77.96939890710384;0.011403153025251411;-0.005507371067648537;0.0021211723339395906
1968;Angola;15.184426229508198;-0.11636126750752052;-0.035451819809867224;0.012954233865224927
1968;Egypt;166.38442622950822;-0.038370213606986225;-0.01604155377393679;0.006761229212210964
1968;Nigeria;141.3;-0.11071357403769111;-0.04054020661502922;0.01808623054191415
1968;Sudan;0.0;0.011316056080317383;-0.14042020436364788;0.000713034224529678
1968;China;320.23688524590165;0.023909756953389927;-0.0019866075275165596;0.04443819533162619
1968;Thailand;0.0;-0.05325556726463476;-0.007443437542828613;0.004429631594503935
1969;Mexico;461.0;0.008399590758943809;-0.04134261126609773;0.021447657586514964
1969;Other Europe;530.0449589041095;-0.01331744869897089;-0.016014041041597427;0.0031836959922757926
1969;Iran;3376.0;0.17380025940337207;-0.020484304153571276;0.04027732125202149
1969;Oman;327.0;0.02161418528430481;0.009349774253819332;0.01080620135997218
1969;Qatar;356.0;0.01863884943529248;-0.004373673468206385;0.019427799319937964
1969;Chad;0.0;-0.07739092430558159;0.0024234194310526203;0.0012960426251119768
1969;Republic of Congo;0.4655342465753426;-0.10676038947024336;-0.00921011915616421;0.0030486149234955494
1969;Libya;3107.9999999999995;1.9841735386632142;0.09418291840950377;0.014123075093373077
1969;Nigeria;540.3;-0.11071357403769111;-0.04054020661502922;0.01808623054191415
1969;Indonesia;641.9999999999999;-0.06802891313886739;-0.031486219917371105;0.007694437644600682
1969;Malaysia;9.0;-0.06971612164929131;-0.01391057266847573;0.006377158248748882
1969;Thailand;0.0;-0.05325556726463476;-0.007443437542828613;0.004429631594503935
1969;OPEC;20005.675534246573;0.02939694730768805;-0.008004057369204176;0.3532107548921459
1970;Ecuador;4.000000000000001;-0.013555296707416287;-0.005683478547010901;0.00526133980276409
1970;Trinidad & Tobago;140.0;0.005146397625773513;-0.05570469569190595;0.0008522323203223141
1970;Romania;283.784301369863;-0.0355191483164915;-0.023558237086606537;0.0007759589176207393
1970;Uzbekistan;0.0;-0.021865293215890147;-0.028459124665332403;0.0006670871753145301
1970;Saudi Arabia;3851.1;-0.00771709662166109;-0.001138257072443416;0.12187519844718395
1970;United Arab Emirates;779.6;-0.0069035508107067045;0.01062166278475929;0.04081028431245729
1970;Chad;0.0;-0.07739092430558159;0.0024234194310526203;0.0012960426251119768
1970;Egypt;319.09150684931507;-0.038370213606986225;-0.01604155377393679;0.006761229212210964
1970;Equatorial Guinea;0.0;-0.11700800575183234;-0.07367231859320766;0.0015561435817629853
1970;India;140.47060273972605;-0.03193165165427181;-0.022505178073259358;0.008301179800558844
1970;Other Asia Pacific;39.50531506849315;-0.04705315243648667;-0.04115418864764997;0.0022095396269474184
1970;OPEC;22523.190136986297;0.02939694730768805;-0.008004057369204176;0.3532107548921459
1971;Peru;63.88219178082193;-0.028386022393809385;-0.021329472370361646;0.0014215574638193431
1971;Other Europe;509.3117260273971;-0.01331744869897089;-0.016014041041597427;0.0031836959922757926
1971;Azerbaijan;0.0;0.011682567630082463;-0.025151566534754033;0.00803848537351843
1971;Turkmenistan;0.0;0.15295127667772968;0.007527006661025348;0.002807356146183693
1971;Chad;0.0;-0.07739092430558159;0.0024234194310526203;0.0012960426251119768
1971;South Sudan;0.0;-0.07259663781841252;;0.0016976445270429786
1971;Sudan;0.0;0.011316056080317383;-0.14042020436364788;0.000713034224529678
1971;Brunei;129.00000000000003;-0.03156361017471021;-0.042996666803827854;0.0011855572586830063
1971;European Union #;671.7922712328767;-0.0695851407390029;-0.048198144519203345;0.004072119458085688
1972;Mexico;506.0;0.008399590758943809;-0.04134261126609773;0.021447657586514964
1972;Brazil;171.18629060820845;-0.014225904957071211;0.03206011798712183;0.03323616083253194
1972;Colombia;203.0;-0.05496561219969853;-0.021277019925614704;0.008212900920370417
1972;Other S. & Cent. America;89.23715846994537;0.20940024362901344;0.0451070358039638;0.0024981613875134758
1972;Italy;25.47182513661202;-0.10014250985906081;-0.009222628843048253;0.0011170127869380988
1972;United Kingdom;7.861967213114754;-0.16645972114198726;-0.023935934873669962;0.009726109957763553
1972;Azerbaijan;0.0;0.011682567630082463;-0.025151566534754033;0.00803848537351843
1972;Russian Federation;0.0;0.0259857799039811;0.003829406109763678;0.12176380683962577
1972;USSR;8064.128415300545;;;0.0
1972;Iran;5058.957377049181;0.17380025940337207;-0.020484304153571276;0.04027732125202149
1972;Kuwait;3339.0;0.016986526061875118;-0.006236392048542427;0.030494068685284637
1972;Oman;282.0;0.02161418528430481;0.009349774253819332;0.01080620135997218
1972;Egypt;207.9562841530055;-0.038370213606986225;-0.01604155377393679;0.006761229212210964
1972;Libya;2247.9999999999995;1.9841735386632142;0.09418291840950377;0.014123075093373077
1972;Other Africa;0.5798907103825137;-0.11473666799325744;0.039158123041266535;0.003261704928322147
1972;of which: OECD;14580.016431693992;0.007351876295612625;0.03824488234060763;0.3160480399292659
1972;Non-OECD;38973.848749624616;0.01949278875364291;-0.004849740898160371;0.6839519600707346
1973;Brazil;173.98620402430774;-0.014225904957071211;0.03206011798712183;0.03323616083253194
1973;Colombia;192.0;-0.05496561219969853;-0.021277019925614704;0.008212900920370417
1973;Trinidad & Tobago;166.0;0.005146397625773513;-0.05570469569190595;0.0008522323203223141
1973;Turkmenistan;0.0;0.15295127667772968;0.007527006661025348;0.002807356146183693
1973;United Arab Emirates;1532.6;-0.0069035508107067045;0.01062166278475929;0.04081028431245729
1973;Algeria;1128.74;0.016989208741859496;-0.019168427742856653;0.015050055927252524
1973;South Sudan;0.0;-0.07259663781841252;;0.0016976445270429786
1974;Canada;1993.0;0.05818705316551864;0.04443196660016557;0.06040277751561736
1974;Argentina;423.387397260274;0.04446044334881449;-0.0061333912486202236;0.006980921191439775
1974;Trinidad & Tobago;187.00000000000003;0.005146397625773513;-0.05570469569190595;0.0008522323203223141
1974;Venezuela;3060.0;0.021181739818512346;-0.13394124958545395;0.007276968172059719
1974;United Kingdom;9.762410958904107;-0.16645972114198726;-0.023935934873669962;0.009726109957763553
1974;Uzbekistan;0.0;-0.021865293215890147;-0.028459124665332403;0.0006670871753145301
1974;Iraq;1977.0383561643835;-0.0027401723179035775;0.03993176844808022;0.04564469402751451
1974;Qatar;518.0000000000001;0.01863884943529248;-0.004373673468206385;0.019427799319937964
1974;Other Middle East;67.76201369863016;0.011403153025251411;-0.005507371067648537;0.0021211723339395906
1974;Indonesia;1374.9999999999998;-0.06802891313886739;-0.031486219917371105;0.007694437644600682
1974;Malaysia;81.0;-0.06971612164929131;-0.01391057266847573;0.006377158248748882
1974;Thailand;0.0;-0.05325556726463476;-0.007443437542828613;0.004429631594503935
1974;of which: OECD;14230.227954692064;0.007351876295612625;0.03824488234060763;0.3160480399292659
1975;Colombia;164.00000000000003;-0.05496561219969853;-0.021277019925614704;0.008212900920370417
1975;Ecuador;161.0;-0.013555296707416287;-0.005683478547010901;0.00526133980276409
1975;Other Europe;507.51210958904113;-0.01331744869897089;-0.016014041041597427;0.0031836959922757926
1975;Turkmenistan;0.0;0.15295127667772968;0.007527006661025348;0.002807356146183693
1975;USSR;9915.984383561645;;;0.0
1975;Other CIS;0.0;0.009843248581402397;0.00992507322077918;0.00044202774865827356
1975;United Arab Emirates;1663.8;-0.0069035508107067045;0.01062166278475929;0.04081028431245729
1975;Algeria;1025.4975342465757;0.016989208741859496;-0.019168427742856653;0.015050055927252524
1975;Libya;1514.0;1.9841735386632142;0.09418291840950377;0.014123075093373077
1975;Nigeria;1783.1999999999994;-0.11071357403769111;-0.04054020661502922;0.01808623054191415
1975;Australia;451.0;-0.0389567741348672;-0.00952504343187588;0.004841948866882152
1975;Indonesia;1306.0000000000002;-0.06802891313886739;-0.031486219917371105;0.007694437644600682
1975;OPEC;25833.555287671235;0.02939694730768805;-0.008004057369204176;0.3532107548921459
1976;Denmark;4.000000000000001;-0.10211362064554186;-0.1170096789075572;0.0007196847935494618
1976;Kuwait;2198.9999999999995;0.016986526061875118;-0.006236392048542427;0.030494068685284637
1976;Angola;153.14;-0.11636126750752052;-0.035451819809867224;0.012954233865224927
1976;Chad;0.0;-0.07739092430558159;0.0024234194310526203;0.0012960426251119768
1976;Indonesia;1504.0;-0.06802891313886739;-0.031486219917371105;0.007694437644600682
1976;of which: OECD;13839.013562785953;0.007351876295612625;0.03824488234060763;0.3160480399292659
1976;OPEC;29212.160229508198;0.02939694730768805;-0.008004057369204176;0.3532107548921459
1977;Venezuela;2314.0;0.021181739818512346;-0.13394124958545395;0.007276968172059719
1977;Italy;27.102539726027395;-0.10014250985906081;-0.009222628843048253;0.0011170127869380988
1977;Norway;287.0;0.011004260860657089;-0.0007262343743977828;0.022528758184557043
1977;Romania;312.541095890411;-0.0355191483164915;-0.023558237086606537;0.0007759589176207393
1977;Kazakhstan;0.0;0.002805857999285566;0.00728805079249728;0.0201496873359396
1977;USSR;11009.914246575345;;;0.0
1977;Saudi Arabia;9418.905;-0.00771709662166109;-0.001138257072443416;0.12187519844718395
1977;United Arab Emirates;1998.71;-0.0069035508107067045;0.01062166278475929;0.04081028431245729
1977;Equatorial Guinea;0.0;-0.11700800575183234;-0.07367231859320766;0.0015561435817629853
1977;Tunisia;90.67879452054797;0.2131251041424982;-0.04635888909716546;0.0005061458129315255
1977;India;210.11794520547943;-0.03193165165427181;-0.022505178073259358;0.008301179800558844
1978;Mexico;1327.0000000000002;0.008399590758943809;-0.04134261126609773;0.021447657586514964
1978;Peru;151.8794520547945;-0.028386022393809385;-0.021329472370361646;0.0014215574638193431
1978;United Kingdom;1127.2792328767125;-0.16645972114198726;-0.023935934873669962;0.009726109957763553
1978;Angola;131.32956164383563;-0.11636126750752052;-0.035451819809867224;0.012954233865224927
1978;Malaysia;216.0;-0.06971612164929131;-0.01391057266847573;0.006377158248748882
1978;Non-OPEC;35089.68859971493;0.008257326812303845;0.015899100250315934;0.6467892451078547
1979;Colombia;129.0;-0.05496561219969853;-0.021277019925614704;0.008212900920370417
1979;Denmark;8.0;-0.10211362064554186;-0.1170096789075572;0.0007196847935494618
1979;Azerbaijan;0.0;0.011682567630082463;-0.025151566534754033;0.00803848537351843
1979;Russian Federation;0.0;0.0259857799039811;0.003829406109763678;0.12176380683962577
1979;Kuwait;2623.0;0.016986526061875118;-0.006236392048542427;0.030494068685284637
1979;United Arab Emirates;1830.6900000000005;-0.0069035508107067045;0.01062166278475929;0.04081028431245729
1979;Gabon;196.2284383561644;-0.1273702023440476;-0.026300843778524374;0.0020138660626010745
1979;Other Africa;54.995150684931495;-0.11473666799325744;0.039158123041266535;0.003261704928322147
1979;Australia;491.0;-0.0389567741348672;-0.00952504343187588;0.004841948866882152
1979;Malaysia;281.99999999999994;-0.06971612164929131;-0.01391057266847573;0.006377158248748882
1979;Vietnam;0.0;-0.07175184203549767;-0.04842662621691651;0.002138650655914335
1979;OPEC;29546.30256164383;0.02939694730768805;-0.008004057369204176;0.3532107548921459
1980;Denmark;5.999999999999999;-0.10211362064554186;-0.1170096789075572;0.0007196847935494618
1980;Norway;528.0;0.011004260860657089;-0.0007262343743977828;0.022528758184557043
1980;USSR;12116.414480874319;;;0.0
1980;Syria;158.0;1.2322452830603248;-0.12202203231432995;0.0010684326874164487
1980;Yemen;0.0;-0.2366792618132728;-0.1120656246470364;0.0007471712867693172
1980;Algeria;1134.182393442623;0.016989208741859496;-0.019168427742856653;0.015050055927252524
1980;Chad;0.0;-0.07739092430558159;0.0024234194310526203;0.0012960426251119768
1980;Gabon;177.65696721311474;-0.1273702023440476;-0.026300843778524374;0.0020138660626010745
1980;Libya;1862.0;1.9841735386632142;0.09418291840950377;0.014123075093373077
1980;Nigeria;2058.0000000000005;-0.11071357403769111;-0.04054020661502922;0.01808623054191415
1980;Tunisia;118.22849726775956;0.2131251041424982;-0.04635888909716546;0.0005061458129315255
1980;Other Asia Pacific;77.52241504319363;-0.04705315243648667;-0.04115418864764997;0.0022095396269474184
1981;Mexico;2553.0;0.008399590758943809;-0.04134261126609773;0.021447657586514964
1981;Ecuador;213.0;-0.013555296707416287;-0.005683478547010901;0.00526133980276409
1981;Peru;193.9621780821918;-0.028386022393809385;-0.021329472370361646;0.0014215574638193431
1981;Norway;512.0;0.011004260860657089;-0.0007262343743977828;0.022528758184557043
1981;United Kingdom;1867.7111232876712;-0.16645972114198726;-0.023935934873669962;0.009726109957763553
1981;Russian Federation;0.0;0.0259857799039811;0.003829406109763678;0.12176380683962577
1981;Chad;0.0;-0.07739092430558159;0.0024234194310526203;0.0012960426251119768
1981;Gabon;153.24964383561644;-0.1273702023440476;-0.026300843778524374;0.0020138660626010745
1981;Nigeria;1439.6;-0.11071357403769111;-0.04054020661502922;0.01808623054191415
1981;Australia;449.0;-0.0389567741348672;-0.00952504343187588;0.004841948866882152
1981;China;2032.7194520547946;0.023909756953389927;-0.0019866075275165596;0.04443819533162619
1981;Indonesia;1602.0;-0.06802891313886739;-0.031486219917371105;0.007694437644600682
1981;Malaysia;259.0;-0.06971612164929131;-0.01391057266847573;0.006377158248748882
1981;Vietnam;0.0;-0.07175184203549767;-0.04842662621691651;0.002138650655914335
1982;Venezuela;1954.0;0.021181739818512346;-0.13394124958545395;0.007276968172059719
1982;Norway;532.0;0.011004260860657089;-0.0007262343743977828;0.022528758184557043
1982;United Kingdom;2166.716602739726;-0.16645972114198726;-0.023935934873669962;0.009726109957763553
1982;USSR;12329.785479452054;;;0.0
1982;Uzbekistan;0.0;-0.021865293215890147;-0.028459124665332403;0.0006670871753145301
1982;Iraq;988.1808219178081;-0.0027401723179035775;0.03993176844808022;0.04564469402751451
1982;Oman;338.0;0.02161418528430481;0.009349774253819332;0.01080620135997218
1982;Syria;154.99999999999997;1.2322452830603248;-0.12202203231432995;0.0010684326874164487
1982;Angola;130.1317808219178;-0.11636126750752052;-0.035451819809867224;0.012954233865224927
1982;Libya;1176.0;1.9841735386632142;0.09418291840950377;0.014123075093373077
1983;US;10246.668;0.007749829893744842;0.07711669536220533;0.18453298748836555
1983;Italy;46.7275397260274;-0.10014250985906081;-0.009222628843048253;0.0011170127869380988
1983;United Kingdom;2422.073753424657;-0.16645972114198726;-0.023935934873669962;0.009726109957763553
1983;Azerbaijan;0.0;0.011682567630082463;-0.025151566534754033;0.00803848537351843
1983;Iran;2453.5846575342457;0.17380025940337207;-0.020484304153571276;0.04027732125202149
1983;Iraq;1105.7287671232878;-0.0027401723179035775;0.03993176844808022;0.04564469402751451
1983;Oman;391.0;0.02161418528430481;0.009349774253819332;0.01080620135997218
1983;Saudi Arabia;4951.41;-0.00771709662166109;-0.001138257072443416;0.12187519844718395
1983;United Arab Emirates;1293.022;-0.0069035508107067045;0.01062166278475929;0.04081028431245729
1983;Libya;1151.0;1.9841735386632142;0.09418291840950377;0.014123075093373077
1983;OPEC;16626.290328767118;0.02939694730768805;-0.008004057369204176;0.3532107548921459
1984;Argentina;509.0065573770492;0.04446044334881449;-0.0061333912486202236;0.006980921191439775
1984;Brazil;473.7270973265949;-0.014225904957071211;0.03206011798712183;0.03323616083253194
1984;Colombia;173.00000000000003;-0.05496561219969853;-0.021277019925614704;0.008212900920370417
1984;Romania;248.92904371584697;-0.0355191483164915;-0.023558237086606537;0.0007759589176207393
1984;Kazakhstan;0.0;0.002805857999285566;0.00728805079249728;0.0201496873359396
1984;Other CIS;0.0;0.009843248581402397;0.00992507322077918;0.00044202774865827356
1984;Oman;419.0;0.02161418528430481;0.009349774253819332;0.01080620135997218
1984;Saudi Arabia;4534.080999999999;-0.00771709662166109;-0.001138257072443416;0.12187519844718395
1984;Algeria;1122.4890710382517;0.016989208741859496;-0.019168427742856653;0.015050055927252524
1984;Gabon;174.36147540983603;-0.1273702023440476;-0.026300843778524374;0.0020138660626010745
1984;Brunei;172.0;-0.03156361017471021;-0.042996666803827854;0.0011855572586830063
1984;OPEC;16159.97806557377;0.02939694730768805;-0.008004057369204176;0.3532107548921459
1984;European Union #;725.1823770491803;-0.0695851407390029;-0.048198144519203345;0.004072119458085688
1985;Colombia;183.00000000000003;-0.05496561219969853;-0.021277019925614704;0.008212900920370417
1985;Peru;189.45958630136985;-0.028386022393809385;-0.021329472370361646;0.0014215574638193431
1985;Italy;49.68517260273971;-0.10014250985906081;-0.009222628843048253;0.0011170127869380988
1985;Russian Federation;10862.591671232878;0.0259857799039811;0.003829406109763678;0.12176380683962577
1985;USSR;0.0;;;0.0
1985;United Arab Emirates;1211.1460000000004;-0.0069035508107067045;0.01062166278475929;0.04081028431245729
1985;Yemen;0.0;-0.2366792618132728;-0.1120656246470364;0.0007471712867693172
1985;Chad;0.0;-0.07739092430558159;0.0024234194310526203;0.0012960426251119768
1985;Tunisia;113.93841095890413;0.2131251041424982;-0.04635888909716546;0.0005061458129315255
1985;Other Asia Pacific;123.87183317116845;-0.04705315243648667;-0.04115418864764997;0.0022095396269474184
1986;Canada;1805.1174616419275;0.05818705316551864;0.04443196660016557;0.06040277751561736
1986;US;10231.142;0.007749829893744842;0.07711669536220533;0.18453298748836555
1986;Argentina;465.36767123287666;0.04446044334881449;-0.0061333912486202236;0.006980921191439775
1986;Colombia;307.0;-0.05496561219969853;-0.021277019925614704;0.008212900920370417
1986;Other Europe;705.3062739726029;-0.01331744869897089;-0.016014041041597427;0.0031836959922757926
1986;Iran;2054.2383561643837;0.17380025940337207;-0.020484304153571276;0.04027732125202149
1986;Kuwait;1210.0;0.016986526061875118;-0.006236392048542427;0.030494068685284637
1986;Oman;564.0;0.02161418528430481;0.009349774253819332;0.01080620135997218
1986;Equatorial Guinea;0.0;-0.11700800575183234;-0.07367231859320766;0.0015561435817629853
1986;Gabon;166.12726027397258;-0.1273702023440476;-0.026300843778524374;0.0020138660626010745
1986;Nigeria;1466.6;-0.11071357403769111;-0.04054020661502922;0.01808623054191415
1986;Other Africa;232.71158904109592;-0.11473666799325744;0.039158123041266535;0.003261704928322147
1986;Australia;588.2174498489583;-0.0389567741348672;-0.00952504343187588;0.004841948866882152
1986;India;657.5512602739726;-0.03193165165427181;-0.022505178073259358;0.008301179800558844
1986;Vietnam;0.0;-0.07175184203549767;-0.04842662621691651;0.002138650655914335
1986;Other Asia Pacific;127.07855952452348;-0.04705315243648667;-0.04115418864764997;0.0022095396269474184
1986;Non-OECD;40212.055732067645;0.01949278875364291;-0.004849740898160371;0.6839519600707346
1987;Canada;1908.7699482158014;0.05818705316551864;0.04443196660016557;0.06040277751561736
1987;Denmark;93.0;-0.10211362064554186;-0.1170096789075572;0.0007196847935494618
1987;Italy;81.80945753424658;-0.10014250985906081;-0.009222628843048253;0.0011170127869380988
1987;Norway;1054.0;0.011004260860657089;-0.0007262343743977828;0.022528758184557043
1987;Other Europe;683.9842465753425;-0.01331744869897089;-0.016014041041597427;0.0031836959922757926
1987;Azerbaijan;285.67397260273975;0.011682567630082463;-0.025151566534754033;0.00803848537351843
1987;Other CIS;51.22465753424658;0.009843248581402397;0.00992507322077918;0.00044202774865827356
1987;Yemen;26.0;-0.2366792618132728;-0.1120656246470364;0.0007471712867693172
1987;Other Middle East;51.692301369863024;0.011403153025251411;-0.005507371067648537;0.0021211723339395906
1987;Angola;355.3957808219178;-0.11636126750752052;-0.035451819809867224;0.012954233865224927
1987;Gabon;154.79175342465754;-0.1273702023440476;-0.026300843778524374;0.0020138660626010745
1987;Sudan;0.0;0.011316056080317383;-0.14042020436364788;0.000713034224529678
1987;China;2693.8252054794525;0.023909756953389927;-0.0019866075275165596;0.04443819533162619
1987;Malaysia;494.0;-0.06971612164929131;-0.01391057266847573;0.006377158248748882
1987;Thailand;44.77598027397261;-0.05325556726463476;-0.007443437542828613;0.004429631594503935
1987;Other Asia Pacific;121.20970351150656;-0.04705315243648667;-0.04115418864764997;0.0022095396269474184
1987;Non-OECD;40290.513761295086;0.01949278875364291;-0.004849740898160371;0.6839519600707346
1987;OPEC;17804.012712328768;0.02939694730768805;-0.008004057369204176;0.3532107548921459
1987;Non-OPEC;42602.32173021591;0.008257326812303845;0.015899100250315934;0.6467892451078547
1988;Brazil;573.515354872111;-0.014225904957071211;0.03206011798712183;0.03323616083253194
1988;Venezuela;1998.0;0.021181739818512346;-0.13394124958545395;0.007276968172059719
1988;Romania;205.44095628415292;-0.0355191483164915;-0.023558237086606537;0.0007759589176207393
1988;United Kingdom;2413.9010928961748;-0.16645972114198726;-0.023935934873669962;0.009726109957763553
1988;Kazakhstan;545.0893442622952;0.002805857999285566;0.00728805079249728;0.0201496873359396
1988;Russian Federation;11372.755355191255;0.0259857799039811;0.003829406109763678;0.12176380683962577
1988;Iran;2349.48087431694;0.17380025940337207;-0.020484304153571276;0.04027732125202149
1988;Iraq;2782.1508196721315;-0.0027401723179035775;0.03993176844808022;0.04564469402751451
1988;Saudi Arabia;5656.147;-0.00771709662166109;-0.001138257072443416;0.12187519844718395
1988;Gabon;177.59704918032787;-0.1273702023440476;-0.026300843778524374;0.0020138660626010745
1988;Thailand;50.967261202185796;-0.05325556726463476;-0.007443437542828613;0.004429631594503935
1988;of which: OECD;19947.009235242887;0.007351876295612625;0.03824488234060763;0.3160480399292659
1989;Mexico;2896.9999999999995;0.008399590758943809;-0.04134261126609773;0.021447657586514964
1989;US;9159.077;0.007749829893744842;0.07711669536220533;0.18453298748836555
1989;Brazil;613.198388098951;-0.014225904957071211;0.03206011798712183;0.03323616083253194
1989;Trinidad & Tobago;149.00000000000003;0.005146397625773513;-0.05570469569190595;0.0008522323203223141
1989;Russian Federation;11070.06410958904;0.0259857799039811;0.003829406109763678;0.12176380683962577
1989;Turkmenistan;121.03013698630137;0.15295127667772968;0.007527006661025348;0.002807356146183693
1989;Uzbekistan;66.48493150684929;-0.021865293215890147;-0.028459124665332403;0.0006670871753145301
1989;Other Middle East;52.53221917808219;0.011403153025251411;-0.005507371067648537;0.0021211723339395906
1989;Angola;459.66361643835614;-0.11636126750752052;-0.035451819809867224;0.012954233865224927
1989;Tunisia;104.70857534246576;0.2131251041424982;-0.04635888909716546;0.0005061458129315255
1989;China;2764.112876712329;0.023909756953389927;-0.0019866075275165596;0.04443819533162619
1989;India;719.2067123287673;-0.03193165165427181;-0.022505178073259358;0.008301179800558844
1989;Vietnam;30.20821917808219;-0.07175184203549767;-0.04842662621691651;0.002138650655914335
1989;Non-OECD;44578.173094400314;0.01949278875364291;-0.004849740898160371;0.6839519600707346
1990;Canada;1967.7356711049624;0.05818705316551864;0.04443196660016557;0.06040277751561736
1990;Argentina;517.4109589041096;0.04446044334881449;-0.0061333912486202236;0.006980921191439775
1990;Ecuador;292.0;-0.013555296707416287;-0.005683478547010901;0.00526133980276409
1990;Peru;129.9032876712329;-0.028386022393809385;-0.021329472370361646;0.0014215574638193431
1990;Trinidad & Tobago;150.0;0.005146397625773513;-0.05570469569190595;0.0008522323203223141
1990;Azerbaijan;254.3315068493151;0.011682567630082463;-0.025151566534754033;0.00803848537351843
1990;USSR;0.0;;;0.0
1990;Oman;694.9999999999999;0.02161418528430481;0.009349774253819332;0.01080620135997218
1990;Yemen;182.0;-0.2366792618132728;-0.1120656246470364;0.0007471712867693172
1990;Algeria;1366.5965205479456;0.016989208741859496;-0.019168427742856653;0.015050055927252524
1990;Republic of Congo;155.74060273972603;-0.10676038947024336;-0.00921011915616421;0.0030486149234955494
1990;Indonesia;1538.9999999999998;-0.06802891313886739;-0.031486219917371105;0.007694437644600682
1990;Malaysia;622.0000000000001;-0.06971612164929131;-0.01391057266847573;0.006377158248748882
1990;Thailand;59.775436712328776;-0.05325556726463476;-0.007443437542828613;0.004429631594503935
1990;Vietnam;54.73972602739727;-0.07175184203549767;-0.04842662621691651;0.002138650655914335
1991;US;9075.544999999998;0.007749829893744842;0.07711669536220533;0.18453298748836555
1991;Brazil;643.3515668536446;-0.014225904957071211;0.03206011798712183;0.03323616083253194
1991;Other Europe;636.0604657534248;-0.01331744869897089;-0.016014041041597427;0.0031836959922757926
1991;Turkmenistan;113.0958904109589;0.15295127667772968;0.007527006661025348;0.002807356146183693
1991;Yemen;197.0;-0.2366792618132728;-0.1120656246470364;0.0007471712867693172
1991;Other Middle East;53.354178082191794;0.011403153025251411;-0.005507371067648537;0.0021211723339395906
1991;Egypt;895.7208219178084;-0.038370213606986225;-0.01604155377393679;0.006761229212210964
1991;China;2831.388219178082;0.023909756953389927;-0.0019866075275165596;0.04443819533162619
1991;OPEC;23288.34783561644;0.02939694730768805;-0.008004057369204176;0.3532107548921459
1991;Non-OPEC;41577.13719637748;0.008257326812303845;0.015899100250315934;0.6467892451078547
1992;Argentina;586.8710382513661;0.04446044334881449;-0.0061333912486202236;0.006980921191439775
1992;United Kingdom;1995.892459016393;-0.16645972114198726;-0.023935934873669962;0.009726109957763553
1992;Iran;3523.016393442623;0.17380025940337207;-0.020484304153571276;0.04027732125202149
1992;Iraq;531.2612021857924;-0.0027401723179035775;0.03993176844808022;0.04564469402751451
1992;United Arab Emirates;2494.67;-0.0069035508107067045;0.01062166278475929;0.04081028431245729
1992;South Sudan;0.0;-0.07259663781841252;;0.0016976445270429786
1992;Brunei;182.00000000000003;-0.03156361017471021;-0.042996666803827854;0.0011855572586830063
1992;China;2844.6808743169395;0.023909756953389927;-0.0019866075275165596;0.04443819533162619
1992;Non-OECD;45668.60644371586;0.01949278875364291;-0.004849740898160371;0.6839519600707346
1992;OPEC;25049.691010928964;0.02939694730768805;-0.008004057369204176;0.3532107548921459
1993;Colombia;458.0;-0.05496561219969853;-0.021277019925614704;0.008212900920370417
1993;Ecuador;352.99999999999994;-0.013555296707416287;-0.005683478547010901;0.00526133980276409
1993;Peru;127.27917808219179;-0.028386022393809385;-0.021329472370361646;0.0014215574638193431
1993;Venezuela;2591.9999999999995;0.021181739818512346;-0.13394124958545395;0.007276968172059719
1993;Norway;2377.0;0.011004260860657089;-0.0007262343743977828;0.022528758184557043
1993;Russian Federation;7118.856273972602;0.0259857799039811;0.003829406109763678;0.12176380683962577
1993;Uzbekistan;93.57506849315071;-0.021865293215890147;-0.028459124665332403;0.0006670871753145301
1993;Iraq;455.27561643835617;-0.0027401723179035775;0.03993176844808022;0.04564469402751451
1993;United Arab Emirates;2438.286;-0.0069035508107067045;0.01062166278475929;0.04081028431245729
1993;Chad;0.0;-0.07739092430558159;0.0024234194310526203;0.0012960426251119768
1993;Australia;567.7852490480353;-0.0389567741348672;-0.00952504343187588;0.004841948866882152
1993;Thailand;86.86063013698629;-0.05325556726463476;-0.007443437542828613;0.004429631594503935
1993;Non-OECD;45737.062876712334;0.01949278875364291;-0.004849740898160371;0.6839519600707346
1993;OPEC;25775.770575342467;0.02939694730768805;-0.008004057369204176;0.3532107548921459
1993;European Union #;761.009315068493;-0.0695851407390029;-0.048198144519203345;0.004072119458085688
1994;Norway;2693.0000000000005;0.011004260860657089;-0.0007262343743977828;0.022528758184557043
1994;Russian Federation;6370.724712328768;0.0259857799039811;0.003829406109763678;0.12176380683962577
1994;Kuwait;2085.0000000000005;0.016986526061875118;-0.006236392048542427;0.030494068685284637
1994;Syria;563.268493150685;1.2322452830603248;-0.12202203231432995;0.0010684326874164487
1994;Gabon;337.20128767123293;-0.1273702023440476;-0.026300843778524374;0.0020138660626010745
1994;Libya;1431.0;1.9841735386632142;0.09418291840950377;0.014123075093373077
1994;Nigeria;1933.877;-0.11071357403769111;-0.04054020661502922;0.01808623054191415
1994;South Sudan;0.0;-0.07259663781841252;;0.0016976445270429786
1994;Non-OPEC;40592.651402073134;0.008257326812303845;0.015899100250315934;0.6467892451078547
1995;Argentina;757.9161643835617;0.04446044334881449;-0.0061333912486202236;0.006980921191439775
1995;Ecuador;395.0;-0.013555296707416287;-0.005683478547010901;0.00526133980276409
1995;Denmark;186.0;-0.10211362064554186;-0.1170096789075572;0.0007196847935494618
1995;Other Europe;531.4233698630137;-0.01331744869897089;-0.016014041041597427;0.0031836959922757926
1995;USSR;0.0;;;0.0
1995;Other CIS;41.03849315068493;0.009843248581402397;0.00992507322077918;0.00044202774865827356
1995;Iran;3743.7742465753417;0.17380025940337207;-0.020484304153571276;0.04027732125202149
1995;United Arab Emirates;2444.0;-0.0069035508107067045;0.01062166278475929;0.04081028431245729
1995;Egypt;923.5106849315073;-0.038370213606986225;-0.01604155377393679;0.006761229212210964
1995;Australia;578.8428582512114;-0.0389567741348672;-0.00952504343187588;0.004841948866882152
1996;Ecuador;393.0;-0.013555296707416287;-0.005683478547010901;0.00526133980276409
1996;Other S. & Cent. America;101.75590163934427;0.20940024362901344;0.0451070358039638;0.0024981613875134758
1996;Italy;112.9193169398907;-0.10014250985906081;-0.009222628843048253;0.0011170127869380988
1996;Azerbaijan;183.28939890710382;0.011682567630082463;-0.025151566534754033;0.00803848537351843
1996;Russian Federation;6061.591967213114;0.0259857799039811;0.003829406109763678;0.12176380683962577
1996;Uzbekistan;173.54016393442623;-0.021865293215890147;-0.028459124665332403;0.0006670871753145301
1996;Iraq;580.2612021857924;-0.0027401723179035775;0.03993176844808022;0.04564469402751451
1996;Algeria;1378.674863387978;0.016989208741859496;-0.019168427742856653;0.015050055927252524
1996;Angola;715.9760655737705;-0.11636126750752052;-0.035451819809867224;0.012954233865224927
1996;Malaysia;716.0;-0.06971612164929131;-0.01391057266847573;0.006377158248748882
1996;Non-OECD;47462.42673593668;0.01949278875364291;-0.004849740898160371;0.6839519600707346
1996;Non-OPEC;42185.828381601255;0.008257326812303845;0.015899100250315934;0.6467892451078547
1997;Colombia;666.9999999999999;-0.05496561219969853;-0.021277019925614704;0.008212900920370417
1997;Denmark;230.0;-0.10211362064554186;-0.1170096789075572;0.0007196847935494618
1997;USSR;0.0;;;0.0
1997;Iraq;1165.8268493150686;-0.0027401723179035775;0.03993176844808022;0.04564469402751451
1997;Syria;577.2421917808218;1.2322452830603248;-0.12202203231432995;0.0010684326874164487
1997;Yemen;374.96657534246583;-0.2366792618132728;-0.1120656246470364;0.0007471712867693172
1997;Australia;658.2702006809283;-0.0389567741348672;-0.00952504343187588;0.004841948866882152
1997;Indonesia;1557.0;-0.06802891313886739;-0.031486219917371105;0.007694437644600682
1997;Thailand;109.4329912328767;-0.05325556726463476;-0.007443437542828613;0.004429631594503935
1998;Canada;2672.3813391137164;0.05818705316551864;0.04443196660016557;0.06040277751561736
1998;US;8010.832999999999;0.007749829893744842;0.07711669536220533;0.18453298748836555
1998;Argentina;889.9479452054794;0.04446044334881449;-0.0061333912486202236;0.006980921191439775
1998;Colombia;775.0;-0.05496561219969853;-0.021277019925614704;0.008212900920370417
1998;Kazakhstan;558.4914246575344;0.002805857999285566;0.00728805079249728;0.0201496873359396
1998;Uzbekistan;191.45397260273973;-0.021865293215890147;-0.028459124665332403;0.0006670871753145301
1998;Kuwait;2232.0000000000005;0.016986526061875118;-0.006236392048542427;0.030494068685284637
1998;Saudi Arabia;9266.786653339414;-0.00771709662166109;-0.001138257072443416;0.12187519844718395
1998;Gabon;337.4215890410958;-0.1273702023440476;-0.026300843778524374;0.0020138660626010745
1998;Libya;1480.0000000000002;1.9841735386632142;0.09418291840950377;0.014123075093373077
1998;of which: OECD;22316.911364527085;0.007351876295612625;0.03824488234060763;0.3160480399292659
1999;Colombia;838.0000000000001;-0.05496561219969853;-0.021277019925614704;0.008212900920370417
1999;Venezuela;3095.06;0.021181739818512346;-0.13394124958545395;0.007276968172059719
1999;Other Europe;431.90955331506854;-0.01331744869897089;-0.016014041041597427;0.0031836959922757926
1999;Russian Federation;6118.780054794522;0.0259857799039811;0.003829406109763678;0.12176380683962577
1999;Chad;0.0;-0.07739092430558159;0.0024234194310526203;0.0012960426251119768
1999;Republic of Congo;266.26599999999996;-0.10676038947024336;-0.00921011915616421;0.0030486149234955494
1999;Sudan;63.0;0.011316056080317383;-0.14042020436364788;0.000713034224529678
1999;Tunisia;90.17835616438356;0.2131251041424982;-0.04635888909716546;0.0005061458129315255
1999;Other Africa;150.51243835616438;-0.11473666799325744;0.039158123041266535;0.003261704928322147
1999;Brunei;182.00000000000003;-0.03156361017471021;-0.042996666803827854;0.0011855572586830063
1999;Thailand;122.80241369863012;-0.05325556726463476;-0.007443437542828613;0.004429631594503935
2000;US;7732.658644808743;0.007749829893744842;0.07711669536220533;0.18453298748836555
2000;Argentina;848.3776772044624;0.04446044334881449;-0.0061333912486202236;0.006980921191439775
2000;Colombia;686.9999999999999;-0.05496561219969853;-0.021277019925614704;0.008212900920370417
2000;Ecuador;403.0;-0.013555296707416287;-0.005683478547010901;0.00526133980276409
2000;USSR;0.0;;;0.0
2000;Uzbekistan;159.96475409836066;-0.021865293215890147;-0.028459124665332403;0.0006670871753145301
2000;Oman;954.7969945355189;0.02161418528430481;0.009349774253819332;0.01080620135997218
2000;Saudi Arabia;9121.1653325;-0.00771709662166109;-0.001138257072443416;0.12187519844718395
2000;Angola;746.0614754098362;-0.11636126750752052;-0.035451819809867224;0.012954233865224927
2000;Egypt;778.7390163934427;-0.038370213606986225;-0.01604155377393679;0.006761229212210964
2000;Nigeria;2174.354450819673;-0.11071357403769111;-0.04054020661502922;0.01808623054191415
2000;Tunisia;76.94202185792349;0.2131251041424982;-0.04635888909716546;0.0005061458129315255
2000;China;3256.8431693989073;0.023909756953389927;-0.0019866075275165596;0.04443819533162619
2000;Indonesia;1455.5730142076502;-0.06802891313886739;-0.031486219917371105;0.007694437644600682
2000;Thailand;185.78139207650275;-0.05325556726463476;-0.007443437542828613;0.004429631594503935
2000;OPEC;30142.659367871587;0.02939694730768805;-0.008004057369204176;0.3532107548921459
2000;Non-OPEC;44396.08884555085;0.008257326812303845;0.015899100250315934;0.6467892451078547
2001;Argentina;921.3117023315376;0.04446044334881449;-0.0061333912486202236;0.006980921191439775
2001;Colombia;603.9999999999999;-0.05496561219969853;-0.021277019925614704;0.008212900920370417
2001;Trinidad & Tobago;134.05419452054792;0.005146397625773513;-0.05570469569190595;0.0008522323203223141
2001;Kazakhstan;841.4902465753426;0.002805857999285566;0.00728805079249728;0.0201496873359396
2001;Other CIS;38.872;0.009843248581402397;0.00992507322077918;0.00044202774865827356
2001;Oman;955.7775342465753;0.02161418528430481;0.009349774253819332;0.01080620135997218
2001;Yemen;452.8720657534246;-0.2366792618132728;-0.1120656246470364;0.0007471712867693172
2001;Chad;0.0;-0.07739092430558159;0.0024234194310526203;0.0012960426251119768
2001;Egypt;758.4439041095891;-0.038370213606986225;-0.01604155377393679;0.006761229212210964
2001;Brunei;203.0;-0.03156361017471021;-0.042996666803827854;0.0011855572586830063
2001;Malaysia;703.7699952804285;-0.06971612164929131;-0.01391057266847573;0.006377158248748882
2001;European Union #;829.6016582191783;-0.0695851407390029;-0.048198144519203345;0.004072119458085688
2002;Colombia;578.0;-0.05496561219969853;-0.021277019925614704;0.008212900920370417
2002;Turkmenistan;165.2602739726027;0.15295127667772968;0.007527006661025348;0.002807356146183693
2002;Yemen;456.8481808219177;-0.2366792618132728;-0.1120656246470364;0.0007471712867693172
2002;Algeria;1653.014684931507;0.016989208741859496;-0.019168427742856653;0.015050055927252524
2002;Angola;905.4410958904108;-0.11636126750752052;-0.035451819809867224;0.012954233865224927
2002;Republic of Congo;238.0;-0.10676038947024336;-0.00921011915616421;0.0030486149234955494
2002;India;753.2513972602742;-0.03193165165427181;-0.022505178073259358;0.008301179800558844
2002;Indonesia;1289.4565243835616;-0.06802891313886739;-0.031486219917371105;0.007694437644600682
2002;Non-OPEC;46078.282455587025;0.008257326812303845;0.015899100250315934;0.6467892451078547
2003;Brazil;1557.8;-0.014225904957071211;0.03206011798712183;0.03323616083253194
2003;Colombia;541.0000000000001;-0.05496561219969853;-0.021277019925614704;0.008212900920370417
2003;Italy;115.57256621917809;-0.10014250985906081;-0.009222628843048253;0.0011170127869380988
2003;Kuwait;2371.2638630136985;0.016986526061875118;-0.006236392048542427;0.030494068685284637
2003;Other Middle East;48.09783561643837;0.011403153025251411;-0.005507371067648537;0.0021211723339395906
2003;Egypt;749.5210958904111;-0.038370213606986225;-0.01604155377393679;0.006761229212210964
2003;Equatorial Guinea;266.0;-0.11700800575183234;-0.07367231859320766;0.0015561435817629853
2003;Libya;1485.0;1.9841735386632142;0.09418291840950377;0.014123075093373077
2003;Tunisia;66.78712328767124;0.2131251041424982;-0.04635888909716546;0.0005061458129315255
2003;Other Africa;140.2574849315069;-0.11473666799325744;0.039158123041266535;0.003261704928322147
2003;Indonesia;1175.5510876712328;-0.06802891313886739;-0.031486219917371105;0.007694437644600682
2003;Vietnam;370.13150684931503;-0.07175184203549767;-0.04842662621691651;0.002138650655914335
2003;Other Asia Pacific;195.25540254067548;-0.04705315243648667;-0.04115418864764997;0.0022095396269474184
2004;Canada;3079.8814459372807;0.05818705316551864;0.04443196660016557;0.06040277751561736
2004;Mexico;3830.1803293278695;0.008399590758943809;-0.04134261126609773;0.021447657586514964
2004;Ecuador;528.0000000000001;-0.013555296707416287;-0.005683478547010901;0.00526133980276409
2004;Norway;3180.918233267721;0.011004260860657089;-0.0007262343743977828;0.022528758184557043
2004;United Kingdom;2059.272222404372;-0.16645972114198726;-0.023935934873669962;0.009726109957763553
2004;Russian Federation;9335.081578797815;0.0259857799039811;0.003829406109763678;0.12176380683962577
2004;USSR;0.0;;;0.0
2004;Iran;4215.802732617485;0.17380025940337207;-0.020484304153571276;0.04027732125202149
2004;Oman;779.7396174863388;0.02161418528430481;0.009349774253819332;0.01080620135997218
2004;Angola;1106.4412076502726;-0.11636126750752052;-0.035451819809867224;0.012954233865224927
2004;Chad;167.75956284153008;-0.07739092430558159;0.0024234194310526203;0.0012960426251119768
2004;Egypt;701.0573333333334;-0.038370213606986225;-0.01604155377393679;0.006761229212210964
2004;Sudan;291.1372672404372;0.011316056080317383;-0.14042020436364788;0.000713034224529678
2004;Malaysia;776.9517063033942;-0.06971612164929131;-0.01391057266847573;0.006377158248748882
2004;Thailand;251.17564262295082;-0.05325556726463476;-0.007443437542828613;0.004429631594503935
2004;Non-OECD;59488.087910102375;0.01949278875364291;-0.004849740898160371;0.6839519600707346
2004;European Union #;891.2316465846992;-0.0695851407390029;-0.048198144519203345;0.004072119458085688
2005;Brazil;1705.5758605061599;-0.014225904957071211;0.03206011798712183;0.03323616083253194
2005;Denmark;379.97549780821925;-0.10211362064554186;-0.1170096789075572;0.0007196847935494618
2005;Italy;126.77440688493151;-0.10014250985906081;-0.009222628843048253;0.0011170127869380988
2005;Norway;2962.1436335678163;0.011004260860657089;-0.0007262343743977828;0.022528758184557043
2005;Oman;774.2890410958902;0.02161418528430481;0.009349774253819332;0.01080620135997218
2005;Nigeria;2481.98643150685;-0.11071357403769111;-0.04054020661502922;0.01808623054191415
2005;Brunei;206.0241253676969;-0.03156361017471021;-0.042996666803827854;0.0011855572586830063
2006;Canada;3208.3842098349187;0.05818705316551864;0.04443196660016557;0.06040277751561736
2006;Argentina;848.5186626027802;0.04446044334881449;-0.0061333912486202236;0.006980921191439775
2006;Trinidad & Tobago;174.2749205479452;0.005146397625773513;-0.05570469569190595;0.0008522323203223141
2006;Republic of Congo;278.434;-0.10676038947024336;-0.00921011915616421;0.0030486149234955494
2006;Egypt;678.6744103013699;-0.038370213606986225;-0.01604155377393679;0.006761229212210964
2006;Nigeria;2371.1205780821915;-0.11071357403769111;-0.04054020661502922;0.01808623054191415
2006;Sudan;356.1608509041096;0.011316056080317383;-0.14042020436364788;0.000713034224529678
2006;Brunei;220.74891351974225;-0.03156361017471021;-0.042996666803827854;0.0011855572586830063
2006;India;777.6609315068495;-0.03193165165427181;-0.022505178073259358;0.008301179800558844
2006;Non-OECD;62580.57638160703;0.01949278875364291;-0.004849740898160371;0.6839519600707346
2007;Argentina;813.9296807832321;0.04446044334881449;-0.0061333912486202236;0.006980921191439775
2007;Peru;116.5392794520548;-0.028386022393809385;-0.021329472370361646;0.0014215574638193431
2007;Trinidad & Tobago;155.16766027397261;0.005146397625773513;-0.05570469569190595;0.0008522323203223141
2007;Turkmenistan;208.3452054794521;0.15295127667772968;0.007527006661025348;0.002807356146183693
2007;Uzbekistan;109.31186301369864;-0.021865293215890147;-0.028459124665332403;0.0006670871753145301
2007;Iraq;2143.2118;-0.0027401723179035775;0.03993176844808022;0.04564469402751451
2007;Kuwait;2667.0015655577317;0.016986526061875118;-0.006236392048542427;0.030494068685284637
2007;Saudi Arabia;10268.753060192308;-0.00771709662166109;-0.001138257072443416;0.12187519844718395
2007;Yemen;340.79640547945206;-0.2366792618132728;-0.1120656246470364;0.0007471712867693172
2007;Angola;1655.9906047916095;-0.11636126750752052;-0.035451819809867224;0.012954233865224927
2007;Tunisia;95.77736986301373;0.2131251041424982;-0.04635888909716546;0.0005061458129315255
2007;Other Africa;191.11831571944333;-0.11473666799325744;0.039158123041266535;0.003261704928322147
2007;India;785.7130410958906;-0.03193165165427181;-0.022505178073259358;0.008301179800558844
2007;Thailand;353.7489106849316;-0.05325556726463476;-0.007443437542828613;0.004429631594503935
2007;Non-OPEC;48073.80782968797;0.008257326812303845;0.015899100250315934;0.6467892451078547
2007;European Union #;764.2780578882413;-0.0695851407390029;-0.048198144519203345;0.004072119458085688
2008;Peru;122.12508469945357;-0.028386022393809385;-0.021329472370361646;0.0014215574638193431
2008;Trinidad & Tobago;149.0316256830601;0.005146397625773513;-0.05570469569190595;0.0008522323203223141
2008;Denmark;287.22854598360664;-0.10211362064554186;-0.1170096789075572;0.0007196847935494618
2008;Romania;98.80770491803278;-0.0355191483164915;-0.023558237086606537;0.0007759589176207393
2008;Kazakhstan;1485.2467924216435;0.002805857999285566;0.00728805079249728;0.0201496873359396
2008;Iraq;2428.0000000000005;-0.0027401723179035775;0.03993176844808022;0.04564469402751451
2008;United Arab Emirates;3113.0940000000005;-0.0069035508107067045;0.01062166278475929;0.04081028431245729
2008;Algeria;1950.9804455693989;0.016989208741859496;-0.019168427742856653;0.015050055927252524
2008;Egypt;715.3029678348222;-0.038370213606986225;-0.01604155377393679;0.006761229212210964
2008;Nigeria;2170.569213114755;-0.11071357403769111;-0.04054020661502922;0.01808623054191415
2008;Sudan;456.95145901639336;0.011316056080317383;-0.14042020436364788;0.000713034224529678
2008;Other Africa;183.72795081967212;-0.11473666799325744;0.039158123041266535;0.003261704928322147
2008;China;3813.9952677595625;0.023909756953389927;-0.0019866075275165596;0.04443819533162619
2008;Indonesia;1005.638499453552;-0.06802891313886739;-0.031486219917371105;0.007694437644600682
2008;OPEC;35358.939744041316;0.02939694730768805;-0.008004057369204176;0.3532107548921459
2008;Non-OPEC;47759.77791219462;0.008257326812303845;0.015899100250315934;0.6467892451078547
2009;Canada;3202.3976885954303;0.05818705316551864;0.04443196660016557;0.06040277751561736
2009;Brazil;2029.0275598362489;-0.014225904957071211;0.03206011798712183;0.03323616083253194
2009;Denmark;264.7752142191781;-0.10211362064554186;-0.1170096789075572;0.0007196847935494618
2009;Norway;2349.989026420047;0.011004260860657089;-0.0007262343743977828;0.022528758184557043
2009;Other Europe;356.6866588015171;-0.01331744869897089;-0.016014041041597427;0.0031836959922757926
2009;Iran;4284.864602739726;0.17380025940337207;-0.020484304153571276;0.04027732125202149
2009;Qatar;1415.4070054794522;0.01863884943529248;-0.004373673468206385;0.019427799319937964
2009;Syria;401.0;1.2322452830603248;-0.12202203231432995;0.0010684326874164487
2009;Gabon;241.0003;-0.1273702023440476;-0.026300843778524374;0.0020138660626010745
2009;Malaysia;688.0246174980334;-0.06971612164929131;-0.01391057266847573;0.006377158248748882
2009;Non-OPEC;48389.55037498011;0.008257326812303845;0.015899100250315934;0.6467892451078547
2010;Brazil;2136.881737027661;-0.014225904957071211;0.03206011798712183;0.03323616083253194
2010;Denmark;249.45960065753425;-0.10211362064554186;-0.1170096789075572;0.0007196847935494618
2010;Other Europe;341.64436368130754;-0.01331744869897089;-0.016014041041597427;0.0031836959922757926
2010;USSR;0.0;;;0.0
2010;Other CIS;36.2;0.009843248581402397;0.00992507322077918;0.00044202774865827356
2010;United Arab Emirates;2936.823807781339;-0.0069035508107067045;0.01062166278475929;0.04081028431245729
2010;Algeria;1689.154;0.016989208741859496;-0.019168427742856653;0.015050055927252524
2010;OPEC;33781.27210441824;0.02939694730768805;-0.008004057369204176;0.3532107548921459
2011;Brazil;2178.7574473274094;-0.014225904957071211;0.03206011798712183;0.03323616083253194
2011;Norway;2039.5783189613805;0.011004260860657089;-0.0007262343743977828;0.022528758184557043
2011;Other CIS;35.992;0.009843248581402397;0.00992507322077918;0.00044202774865827356
2011;Iraq;2773.2552054794523;-0.0027401723179035775;0.03993176844808022;0.04564469402751451
2011;Kuwait;2917.6452054794536;0.016986526061875118;-0.006236392048542427;0.030494068685284637
2011;Saudi Arabia;11079.228786249587;-0.00771709662166109;-0.001138257072443416;0.12187519844718395
2011;Equatorial Guinea;300.6430958904109;-0.11700800575183234;-0.07367231859320766;0.0015561435817629853
2011;Libya;516.0335684931507;1.9841735386632142;0.09418291840950377;0.014123075093373077
2011;Other Africa;199.65320821917808;-0.11473666799325744;0.039158123041266535;0.003261704928322147
2011;Australia;478.88716614743447;-0.0389567741348672;-0.00952504343187588;0.004841948866882152
2011;Brunei;165.36211616552396;-0.03156361017471021;-0.042996666803827854;0.0011855572586830063
2011;India;936.7919654794521;-0.03193165165427181;-0.022505178073259358;0.008301179800558844
2011;Malaysia;659.3441566630553;-0.06971612164929131;-0.01391057266847573;0.006377158248748882
2011;Non-OPEC;49648.373399671065;0.008257326812303845;0.015899100250315934;0.6467892451078547
2011;European Union #;599.7952615126268;-0.0695851407390029;-0.048198144519203345;0.004072119458085688
2012;Colombia;944.1192267759562;-0.05496561219969853;-0.021277019925614704;0.008212900920370417
2012;Trinidad & Tobago;116.95233060109291;0.005146397625773513;-0.05570469569190595;0.0008522323203223141
2012;Italy;111.64176482172131;-0.10014250985906081;-0.009222628843048253;0.0011170127869380988
2012;Norway;1917.4318777665449;0.011004260860657089;-0.0007262343743977828;0.022528758184557043
2012;Russian Federation;10655.733492474854;0.0259857799039811;0.003829406109763678;0.12176380683962577
2012;Nigeria;2409.067357923497;-0.11071357403769111;-0.04054020661502922;0.01808623054191415
2012;Tunisia;73.20720016393444;0.2131251041424982;-0.04635888909716546;0.0005061458129315255
2012;Malaysia;662.626224881445;-0.06971612164929131;-0.01391057266847573;0.006377158248748882
2012;Other Asia Pacific;291.3353515320564;-0.04705315243648667;-0.04115418864764997;0.0022095396269474184
2013;Venezuela;2680.356164383562;0.021181739818512346;-0.13394124958545395;0.007276968172059719
2013;United Kingdom;865.3436778082194;-0.16645972114198726;-0.023935934873669962;0.009726109957763553
2013;Kazakhstan;1736.7022153836908;0.002805857999285566;0.00728805079249728;0.0201496873359396
2013;Russian Federation;10806.839889771443;0.0259857799039811;0.003829406109763678;0.12176380683962577
2013;Turkmenistan;255.64383561643828;0.15295127667772968;0.007527006661025348;0.002807356146183693
2013;USSR;0.0;;;0.0
2013;Uzbekistan;68.77312684931508;-0.021865293215890147;-0.028459124665332403;0.0006670871753145301
2013;Other CIS;35.088;0.009843248581402397;0.00992507322077918;0.00044202774865827356
2013;Oman;941.9493150684932;0.02161418528430481;0.009349774253819332;0.01080620135997218
2013;Yemen;197.2301328767124;-0.2366792618132728;-0.1120656246470364;0.0007471712867693172
2013;Algeria;1485.2330410958905;0.016989208741859496;-0.019168427742856653;0.015050055927252524
2013;Egypt;709.8149329575365;-0.038370213606986225;-0.01604155377393679;0.006761229212210964
2013;Libya;1047.8356575342464;1.9841735386632142;0.09418291840950377;0.014123075093373077
2013;Vietnam;346.46868493150686;-0.07175184203549767;-0.04842662621691651;0.002138650655914335
2013;Non-OPEC;51817.565364726914;0.008257326812303845;0.015899100250315934;0.6467892451078547
2014;Mexico;2791.5029509452056;0.008399590758943809;-0.04134261126609773;0.021447657586514964
2014;Peru;175.22546575342466;-0.028386022393809385;-0.021329472370361646;0.0014215574638193431
2014;Other S. & Cent. America;154.70351388355448;0.20940024362901344;0.0451070358039638;0.0024981613875134758
2014;Denmark;166.84044769863016;-0.10211362064554186;-0.1170096789075572;0.0007196847935494618
2014;Oman;943.4789041095888;0.02161418528430481;0.009349774253819332;0.01080620135997218
2014;Qatar;1880.6600882544208;0.01863884943529248;-0.004373673468206385;0.019427799319937964
2014;Syria;33.0;1.2322452830603248;-0.12202203231432995;0.0010684326874164487
2014;Chad;88.80447873605114;-0.07739092430558159;0.0024234194310526203;0.0012960426251119768
2014;Indonesia;846.9823912328767;-0.06802891313886739;-0.031486219917371105;0.007694437644600682
2014;Malaysia;648.8243877053683;-0.06971612164929131;-0.01391057266847573;0.006377158248748882
2014;Thailand;463.8961764383561;-0.05325556726463476;-0.007443437542828613;0.004429631594503935
2014;Vietnam;325.04602739726016;-0.07175184203549767;-0.04842662621691651;0.002138650655914335
2014;Other Asia Pacific;296.43815723154506;-0.04705315243648667;-0.04115418864764997;0.0022095396269474184
2014;of which: OECD;23593.914769591167;0.007351876295612625;0.03824488234060763;0.3160480399292659
2014;European Union #;552.4410739283494;-0.0695851407390029;-0.048198144519203345;0.004072119458085688
2015;Peru;152.9523095890411;-0.028386022393809385;-0.021329472370361646;0.0014215574638193431
2015;Trinidad & Tobago;108.74644657534245;0.005146397625773513;-0.05570469569190595;0.0008522323203223141
2015;Venezuela;2863.8709999999996;0.021181739818512346;-0.13394124958545395;0.007276968172059719
2015;Italy;113.46755730882471;-0.10014250985906081;-0.009222628843048253;0.0011170127869380988
2015;Russian Federation;11086.796305587195;0.0259857799039811;0.003829406109763678;0.12176380683962577
2015;USSR;0.0;;;0.0
2015;Iraq;3985.9698904109587;-0.0027401723179035775;0.03993176844808022;0.04564469402751451
2015;Qatar;1805.212338791313;0.01863884943529248;-0.004373673468206385;0.019427799319937964
2015;Syria;27.0;1.2322452830603248;-0.12202203231432995;0.0010684326874164487
2015;Egypt;726.2454794520547;-0.038370213606986225;-0.01604155377393679;0.006761229212210964
2015;Other Africa;276.14554907240705;-0.11473666799325744;0.039158123041266535;0.003261704928322147
2015;Australia;378.4788865103348;-0.0389567741348672;-0.00952504343187588;0.004841948866882152
2015;OPEC;36364.04812111412;0.02939694730768805;-0.008004057369204176;0.3532107548921459
2016;Argentina;609.6309458205636;0.04446044334881449;-0.0061333912486202236;0.006980921191439775
2016;Colombia;885.8984335519127;-0.05496561219969853;-0.021277019925614704;0.008212900920370417
2016;Peru;140.7022431693989;-0.028386022393809385;-0.021329472370361646;0.0014215574638193431
2016;Norway;1996.51023119392;0.011004260860657089;-0.0007262343743977828;0.022528758184557043
2016;Russian Federation;11342.060917541025;0.0259857799039811;0.003829406109763678;0.12176380683962577
2016;Oman;1004.2625683060111;0.02161418528430481;0.009349774253819332;0.01080620135997218
2016;United Arab Emirates;4037.541149589523;-0.0069035508107067045;0.01062166278475929;0.04081028431245729
2016;Egypt;691.3872950819673;-0.038370213606986225;-0.01604155377393679;0.006761229212210964
2016;Non-OECD;68041.49449679241;0.01949278875364291;-0.004849740898160371;0.6839519600707346
2016;Non-OPEC;54585.55440393204;0.008257326812303845;0.015899100250315934;0.6467892451078547
2016;European Union #;470.5277766143554;-0.0695851407390029;-0.048198144519203345;0.004072119458085688
2017;Mexico;2227.4506394356167;0.008399590758943809;-0.04134261126609773;0.021447657586514964
2017;Peru;136.38885903566694;-0.028386022393809385;-0.021329472370361646;0.0014215574638193431
2017;Venezuela;2219.8448;0.021181739818512346;-0.13394124958545395;0.007276968172059719
2017;Qatar;1755.5393530683466;0.01863884943529248;-0.004373673468206385;0.019427799319937964
2017;Saudi Arabia;11892.198261707174;-0.00771709662166109;-0.001138257072443416;0.12187519844718395
2017;Libya;928.9452095890413;1.9841735386632142;0.09418291840950377;0.014123075093373077
2017;China;3845.8602191780824;0.023909756953389927;-0.0019866075275165596;0.04443819533162619
2017;Thailand;486.33915397260284;-0.05325556726463476;-0.007443437542828613;0.004429631594503935
2017;Non-OECD;67734.81436646778;0.01949278875364291;-0.004849740898160371;0.6839519600707346
2017;Non-OPEC;55339.65306347366;0.008257326812303845;0.015899100250315934;0.6467892451078547
2017;European Union #;464.71054450912425;-0.0695851407390029;-0.048198144519203345;0.004072119458085688
2018;Mexico;2071.580423158904;0.008399590758943809;-0.04134261126609773;0.021447657586514964
2018;Colombia;865.4809831504359;-0.05496561219969853;-0.021277019925614704;0.008212900920370417
2018;Peru;138.64649471232875;-0.028386022393809385;-0.021329472370361646;0.0014215574638193431
2018;Venezuela;1630.9020885238324;0.021181739818512346;-0.13394124958545395;0.007276968172059719
2018;United Kingdom;1091.7611609972605;-0.16645972114198726;-0.023935934873669962;0.009726109957763553
2018;Kuwait;3049.7086164383563;0.016986526061875118;-0.006236392048542427;0.030494068685284637
2018;Oman;978.387397260274;0.02161418528430481;0.009349774253819332;0.01080620135997218
2018;United Arab Emirates;3912.3583611042372;-0.0069035508107067045;0.01062166278475929;0.04081028431245729
2018;Equatorial Guinea;176.26484383561646;-0.11700800575183234;-0.07367231859320766;0.0015561435817629853
2018;India;869.3931999825737;-0.03193165165427181;-0.022505178073259358;0.008301179800558844
2018;Indonesia;807.5642969863014;-0.06802891313886739;-0.031486219917371105;0.007694437644600682
2018;of which: OECD;27236.270477419013;0.007351876295612625;0.03824488234060763;0.3160480399292659
2019;Argentina;620.4230169514918;0.04446044334881449;-0.0061333912486202236;0.006980921191439775
2019;Brazil;2889.715185120051;-0.014225904957071211;0.03206011798712183;0.03323616083253194
2019;Peru;143.98168498630142;-0.028386022393809385;-0.021329472370361646;0.0014215574638193431
2019;Norway;1762.025600060946;0.011004260860657089;-0.0007262343743977828;0.022528758184557043
2019;Iraq;4779.452101616011;-0.0027401723179035775;0.03993176844808022;0.04564469402751451
2019;Qatar;1727.1358510003463;0.01863884943529248;-0.004373673468206385;0.019427799319937964
2019;United Arab Emirates;3998.5582624011013;-0.0069035508107067045;0.01062166278475929;0.04081028431245729
2019;Yemen;94.64931506849315;-0.2366792618132728;-0.1120656246470364;0.0007471712867693172
2019;Algeria;1486.61701369863;0.016989208741859496;-0.019168427742856653;0.015050055927252524
2019;Angola;1419.7319138191779;-0.11636126750752052;-0.035451819809867224;0.012954233865224927
2019;Equatorial Guinea;160.27777534246573;-0.11700800575183234;-0.07367231859320766;0.0015561435817629853
2019;Gabon;217.831;-0.1273702023440476;-0.026300843778524374;0.0020138660626010745
2019;South Sudan;171.51600000000005;-0.07259663781841252;;0.0016976445270429786
2019;India;826.4078450425113;-0.03193165165427181;-0.022505178073259358;0.008301179800558844
2019;Malaysia;671.7496810935775;-0.06971612164929131;-0.01391057266847573;0.006377158248748882
2020;US;16457.704901639343;0.007749829893744842;0.07711669536220533;0.18453298748836555
2020;Denmark;72.03920882513661;-0.10211362064554186;-0.1170096789075572;0.0007196847935494618
2020;United Kingdom;1048.722475956284;-0.16645972114198726;-0.023935934873669962;0.009726109957763553
2020;Other Europe;290.0027620191212;-0.01331744869897089;-0.016014041041597427;0.0031836959922757926
2020;Russian Federation;10666.571958476878;0.0259857799039811;0.003829406109763678;0.12176380683962577
2020;Iraq;4113.674901092896;-0.0027401723179035775;0.03993176844808022;0.04564469402751451
2020;Saudi Arabia;11038.951333997662;-0.00771709662166109;-0.001138257072443416;0.12187519844718395
2020;Syria;43.0183;1.2322452830603248;-0.12202203231432995;0.0010684326874164487
2020;Egypt;631.9253005464479;-0.038370213606986225;-0.01604155377393679;0.006761229212210964
2020;South Sudan;164.52279663085938;-0.07259663781841252;;0.0016976445270429786
2020;Other Africa;331.1465124089875;-0.11473666799325744;0.039158123041266535;0.003261704928322147
2020;China;3900.701557377049;0.023909756953389927;-0.0019866075275165596;0.04443819533162619
2020;Malaysia;616.1120330342002;-0.06971612164929131;-0.01391057266847573;0.006377158248748882
2020;Vietnam;207.07312841530057;-0.07175184203549767;-0.04842662621691651;0.002138650655914335
2020;Non-OPEC;57655.321039147326;0.008257326812303845;0.015899100250315934;0.6467892451078547
2021;Argentina;627.4234216046245;0.04446044334881449;-0.0061333912486202236;0.006980921191439775
2021;Colombia;738.1499168157503;-0.05496561219969853;-0.021277019925614704;0.008212900920370417
2021;Trinidad & Tobago;76.59598264400314;0.005146397625773513;-0.05570469569190595;0.0008522323203223141
2021;Italy;100.39362507289316;-0.10014250985906081;-0.009222628843048253;0.0011170127869380988
2021;Norway;2024.8145133038943;0.011004260860657089;-0.0007262343743977828;0.022528758184557043
2021;Azerbaijan;722.4739915064794;0.011682567630082463;-0.025151566534754033;0.00803848537351843
2021;Russian Federation;10943.751149719834;0.0259857799039811;0.003829406109763678;0.12176380683962577
2021;Qatar;1746.1100031483768;0.01863884943529248;-0.004373673468206385;0.019427799319937964
2021;Syria;96.02739726027399;1.2322452830603248;-0.12202203231432995;0.0010684326874164487
2021;Angola;1164.2861326027396;-0.11636126750752052;-0.035451819809867224;0.012954233865224927
2021;Chad;116.48426849315071;-0.07739092430558159;0.0024234194310526203;0.0012960426251119768
2021;Tunisia;45.49080688230137;0.2131251041424982;-0.04635888909716546;0.0005061458129315255
2021;Malaysia;573.1590915895956;-0.06971612164929131;-0.01391057266847573;0.006377158248748882
2021;Thailand;398.12147068493147;-0.05325556726463476;-0.007443437542828613;0.004429631594503935
2021;OPEC;31745.480904974404;0.02939694730768805;-0.008004057369204176;0.3532107548921459
1965;Ecuador;8.000000000000002;-0.013555296707416287;-0.005683478547010901;0.00526133980276409
1965;Peru;66.0;-0.028386022393809385;-0.021329472370361646;0.0014215574638193431
1965;Trinidad & Tobago;135.0;0.005146397625773513;-0.05570469569190595;0.0008522323203223141
1965;Other S. & Cent. America;47.1345205479452;0.20940024362901344;0.0451070358039638;0.0024981613875134758
1965;Denmark;0.0;-0.10211362064554186;-0.1170096789075572;0.0007196847935494618
1965;Italy;47.76627397260273;-0.10014250985906081;-0.009222628843048253;0.0011170127869380988
1965;Azerbaijan;0.0;0.011682567630082463;-0.025151566534754033;0.00803848537351843
1965;Other Middle East;60.99616438356164;0.011403153025251411;-0.005507371067648537;0.0021211723339395906
1965;Egypt;126.01041095890413;-0.038370213606986225;-0.01604155377393679;0.006761229212210964
1965;Libya;1220.0;1.9841735386632142;0.09418291840950377;0.014123075093373077
1965;Other Africa;2.1390136986301367;-0.11473666799325744;0.039158123041266535;0.003261704928322147
1965;OPEC;13700.653095890413;0.02939694730768805;-0.008004057369204176;0.3532107548921459
1966;Peru;66.0;-0.028386022393809385;-0.021329472370361646;0.0014215574638193431
1966;Norway;0.0;0.011004260860657089;-0.0007262343743977828;0.022528758184557043
1966;Uzbekistan;0.0;-0.021865293215890147;-0.028459124665332403;0.0006670871753145301
1966;Iraq;1392.0000000000002;-0.0027401723179035775;0.03993176844808022;0.04564469402751451
1966;Republic of Congo;1.2026301369863015;-0.10676038947024336;-0.00921011915616421;0.0030486149234955494
1966;India;95.86824657534248;-0.03193165165427181;-0.022505178073259358;0.008301179800558844
1966;Indonesia;474.00000000000006;-0.06802891313886739;-0.031486219917371105;0.007694437644600682
1966;Malaysia;1.0;-0.06971612164929131;-0.01391057266847573;0.006377158248748882
1966;Vietnam;0.0;-0.07175184203549767;-0.04842662621691651;0.002138650655914335
1966;of which: OECD;11677.425663013697;0.007351876295612625;0.03824488234060763;0.3160480399292659
1966;OPEC;15110.985589041098;0.02939694730768805;-0.008004057369204176;0.3532107548921459
1967;Brazil;147.05;-0.014225904957071211;0.03206011798712183;0.03323616083253194
1967;Trinidad & Tobago;179.0;0.005146397625773513;-0.05570469569190595;0.0008522323203223141
1967;Other S. & Cent. America;78.21424657534249;0.20940024362901344;0.0451070358039638;0.0024981613875134758
1967;Denmark;0.0;-0.10211362064554186;-0.1170096789075572;0.0007196847935494618
1967;Italy;36.55973698630137;-0.10014250985906081;-0.009222628843048253;0.0011170127869380988
1967;United Kingdom;1.8433972602739723;-0.16645972114198726;-0.023935934873669962;0.009726109957763553
1967;Kazakhstan;0.0;0.002805857999285566;0.00728805079249728;0.0201496873359396
1967;Uzbekistan;0.0;-0.021865293215890147;-0.028459124665332403;0.0006670871753145301
1967;Other CIS;0.0;0.009843248581402397;0.00992507322077918;0.00044202774865827356
1967;Syria;0.0;1.2322452830603248;-0.12202203231432995;0.0010684326874164487
1967;Egypt;108.5619178082192;-0.038370213606986225;-0.01604155377393679;0.006761229212210964
1967;Gabon;68.99438356164384;-0.1273702023440476;-0.026300843778524374;0.0020138660626010745
1967;Australia;21.000000000000004;-0.0389567741348672;-0.00952504343187588;0.004841948866882152
1967;Non-OECD;24638.798794520542;0.01949278875364291;-0.004849740898160371;0.6839519600707346
1967;European Union #;702.7129424657535;-0.0695851407390029;-0.048198144519203345;0.004072119458085688
1968;Canada;1194.0;0.05818705316551864;0.04443196660016557;0.06040277751561736
1968;Ecuador;5.0;-0.013555296707416287;-0.005683478547010901;0.00526133980276409
1968;Peru;77.0;-0.028386022393809385;-0.021329472370361646;0.0014215574638193431
1968;Denmark;0.0;-0.10211362064554186;-0.1170096789075572;0.0007196847935494618
1968;Iraq;1503.0000000000002;-0.0027401723179035775;0.03993176844808022;0.04564469402751451
1968;Saudi Arabia;3080.900000000001;-0.00771709662166109;-0.001138257072443416;0.12187519844718395
1968;United Arab Emirates;496.6;-0.0069035508107067045;0.01062166278475929;0.04081028431245729
1968;Libya;2598.9999999999995;1.9841735386632142;0.09418291840950377;0.014123075093373077
1968;Vietnam;0.0;-0.07175184203549767;-0.04842662621691651;0.002138650655914335
1969;US;10827.673999999999;0.007749829893744842;0.07711669536220533;0.18453298748836555
1969;Romania;281.08893150684935;-0.0355191483164915;-0.023558237086606537;0.0007759589176207393
1969;Azerbaijan;0.0;0.011682567630082463;-0.025151566534754033;0.00803848537351843
1969;Kazakhstan;0.0;0.002805857999285566;0.00728805079249728;0.0201496873359396
1969;Turkmenistan;0.0;0.15295127667772968;0.007527006661025348;0.002807356146183693
1969;Kuwait;2819.0000000000005;0.016986526061875118;-0.006236392048542427;0.030494068685284637
1969;Syria;53.00000000000001;1.2322452830603248;-0.12202203231432995;0.0010684326874164487
1969;South Sudan;0.0;-0.07259663781841252;;0.0016976445270429786
1969;Other Africa;1.2044931506849317;-0.11473666799325744;0.039158123041266535;0.003261704928322147
1969;Australia;45.0;-0.0389567741348672;-0.00952504343187588;0.004841948866882152
1969;Brunei;124.0;-0.03156361017471021;-0.042996666803827854;0.0011855572586830063
1969;Vietnam;0.0;-0.07175184203549767;-0.04842662621691651;0.002138650655914335
1969;of which: OECD;13383.780002739726;0.007351876295612625;0.03824488234060763;0.3160480399292659
1970;Argentina;399.4646575342466;0.04446044334881449;-0.0061333912486202236;0.006980921191439775
1970;Denmark;0.0;-0.10211362064554186;-0.1170096789075572;0.0007196847935494618
1970;Italy;31.89930136986301;-0.10014250985906081;-0.009222628843048253;0.0011170127869380988
1970;Azerbaijan;0.0;0.011682567630082463;-0.025151566534754033;0.00803848537351843
1970;Russian Federation;0.0;0.0259857799039811;0.003829406109763678;0.12176380683962577
1970;USSR;7126.746301369863;;;0.0
1970;Other CIS;0.0;0.009843248581402397;0.00992507322077918;0.00044202774865827356
1970;Iran;3847.659726027397;0.17380025940337207;-0.020484304153571276;0.04027732125202149
1970;Qatar;363.0;0.01863884943529248;-0.004373673468206385;0.019427799319937964
1970;Yemen;0.0;-0.2366792618132728;-0.1120656246470364;0.0007471712867693172
1970;Algeria;1053.9268493150682;0.016989208741859496;-0.019168427742856653;0.015050055927252524
1970;Republic of Congo;0.36854794520547945;-0.10676038947024336;-0.00921011915616421;0.0030486149234955494
1970;Sudan;0.0;0.011316056080317383;-0.14042020436364788;0.000713034224529678
1970;Tunisia;87.45531506849315;0.2131251041424982;-0.04635888909716546;0.0005061458129315255
1970;Australia;175.99999999999997;-0.0389567741348672;-0.00952504343187588;0.004841948866882152
1970;Indonesia;854.0000000000001;-0.06802891313886739;-0.031486219917371105;0.007694437644600682
1970;Thailand;0.0;-0.05325556726463476;-0.007443437542828613;0.004429631594503935
1971;Mexico;486.0;0.008399590758943809;-0.04134261126609773;0.021447657586514964
1971;US;11155.778;0.007749829893744842;0.07711669536220533;0.18453298748836555
1971;Italy;28.538024657534248;-0.10014250985906081;-0.009222628843048253;0.0011170127869380988
1971;Russian Federation;0.0;0.0259857799039811;0.003829406109763678;0.12176380683962577
1971;USSR;7610.459178082194;;;0.0
1971;Iran;4572.421917808219;0.17380025940337207;-0.020484304153571276;0.04027732125202149
1971;Yemen;0.0;-0.2366792618132728;-0.1120656246470364;0.0007471712867693172
1971;Tunisia;86.5704383561644;0.2131251041424982;-0.04635888909716546;0.0005061458129315255
1971;Other Africa;0.4776438356164384;-0.11473666799325744;0.039158123041266535;0.003261704928322147
1971;Malaysia;69.0;-0.06971612164929131;-0.01391057266847573;0.006377158248748882
1971;of which: OECD;14268.742997260271;0.007351876295612625;0.03824488234060763;0.3160480399292659
1971;Non-OECD;36516.501494557044;0.01949278875364291;-0.004849740898160371;0.6839519600707346
1972;Ecuador;78.0;-0.013555296707416287;-0.005683478547010901;0.00526133980276409
1972;Peru;66.60109289617486;-0.028386022393809385;-0.021329472370361646;0.0014215574638193431
1972;Uzbekistan;0.0;-0.021865293215890147;-0.028459124665332403;0.0006670871753145301
1972;Iraq;1466.0;-0.0027401723179035775;0.03993176844808022;0.04564469402751451
1972;United Arab Emirates;1202.7;-0.0069035508107067045;0.01062166278475929;0.04081028431245729
1972;Angola;142.87532786885245;-0.11636126750752052;-0.035451819809867224;0.012954233865224927
1972;Chad;0.0;-0.07739092430558159;0.0024234194310526203;0.0012960426251119768
1972;Republic of Congo;6.499672131147541;-0.10676038947024336;-0.00921011915616421;0.0030486149234955494
1972;Nigeria;1815.7000000000005;-0.11071357403769111;-0.04054020661502922;0.01808623054191415
1972;Australia;337.0;-0.0389567741348672;-0.00952504343187588;0.004841948866882152
1972;Brunei;182.00000000000003;-0.03156361017471021;-0.042996666803827854;0.0011855572586830063
1972;Vietnam;0.0;-0.07175184203549767;-0.04842662621691651;0.002138650655914335
1973;US;10945.953000000001;0.007749829893744842;0.07711669536220533;0.18453298748836555
1973;Ecuador;209.00000000000003;-0.013555296707416287;-0.005683478547010901;0.00526133980276409
1973;Italy;23.356471232876714;-0.10014250985906081;-0.009222628843048253;0.0011170127869380988
1973;United Kingdom;8.825424657534246;-0.16645972114198726;-0.023935934873669962;0.009726109957763553
1973;Kazakhstan;0.0;0.002805857999285566;0.00728805079249728;0.0201496873359396
1973;Russian Federation;0.0;0.0259857799039811;0.003829406109763678;0.12176380683962577
1973;Oman;293.0;0.02161418528430481;0.009349774253819332;0.01080620135997218
1973;Other Middle East;68.74634246575343;0.011403153025251411;-0.005507371067648537;0.0021211723339395906
1973;Equatorial Guinea;0.0;-0.11700800575183234;-0.07367231859320766;0.0015561435817629853
1973;Sudan;0.0;0.011316056080317383;-0.14042020436364788;0.000713034224529678
1973;Brunei;231.0;-0.03156361017471021;-0.042996666803827854;0.0011855572586830063
1973;India;148.4957260273973;-0.03193165165427181;-0.022505178073259358;0.008301179800558844
1973;European Union #;665.029895890411;-0.0695851407390029;-0.048198144519203345;0.004072119458085688
1974;Mexico;653.0;0.008399590758943809;-0.04134261126609773;0.021447657586514964
1974;Ecuador;177.00000000000003;-0.013555296707416287;-0.005683478547010901;0.00526133980276409
1974;Peru;79.09863013698629;-0.028386022393809385;-0.021329472370361646;0.0014215574638193431
1974;Italy;23.374515068493146;-0.10014250985906081;-0.009222628843048253;0.0011170127869380988
1974;Other Europe;509.8181643835616;-0.01331744869897089;-0.016014041041597427;0.0031836959922757926
1974;Russian Federation;0.0;0.0259857799039811;0.003829406109763678;0.12176380683962577
1974;Libya;1558.0;1.9841735386632142;0.09418291840950377;0.014123075093373077
1974;Australia;420.0;-0.0389567741348672;-0.00952504343187588;0.004841948866882152
1974;Brunei;198.00000000000003;-0.03156361017471021;-0.042996666803827854;0.0011855572586830063
1974;Non-OECD;44440.855253329726;0.01949278875364291;-0.004849740898160371;0.6839519600707346
1974;OPEC;29280.956520547945;0.02939694730768805;-0.008004057369204176;0.3532107548921459
1974;Non-OPEC;29390.126687473847;0.008257326812303845;0.015899100250315934;0.6467892451078547
1974;European Union #;676.5693369863013;-0.0695851407390029;-0.048198144519203345;0.004072119458085688
1975;Romania;311.30657534246575;-0.0355191483164915;-0.023558237086606537;0.0007759589176207393
1975;Iran;5386.619178082192;0.17380025940337207;-0.020484304153571276;0.04027732125202149
1975;Egypt;228.25041095890413;-0.038370213606986225;-0.01604155377393679;0.006761229212210964
1975;Sudan;0.0;0.011316056080317383;-0.14042020436364788;0.000713034224529678
1975;Brunei;187.0;-0.03156361017471021;-0.042996666803827854;0.0011855572586830063
1975;Malaysia;98.0;-0.06971612164929131;-0.01391057266847573;0.006377158248748882
1975;Other Asia Pacific;47.6365587195708;-0.04705315243648667;-0.04115418864764997;0.0022095396269474184
1975;Non-OECD;41948.312661919335;0.01949278875364291;-0.004849740898160371;0.6839519600707346
1976;Ecuador;188.0;-0.013555296707416287;-0.005683478547010901;0.00526133980276409
1976;Peru;77.40710382513663;-0.028386022393809385;-0.021329472370361646;0.0014215574638193431
1976;Italy;28.217043715847;-0.10014250985906081;-0.009222628843048253;0.0011170127869380988
1976;Azerbaijan;0.0;0.011682567630082463;-0.025151566534754033;0.00803848537351843
1976;Kazakhstan;0.0;0.002805857999285566;0.00728805079249728;0.0201496873359396
1976;Other CIS;0.0;0.009843248581402397;0.00992507322077918;0.00044202774865827356
1976;Saudi Arabia;8762.174;-0.00771709662166109;-0.001138257072443416;0.12187519844718395
1976;Syria;201.0;1.2322452830603248;-0.12202203231432995;0.0010684326874164487
1976;Algeria;1144.4056612021855;0.016989208741859496;-0.019168427742856653;0.015050055927252524
1976;South Sudan;0.0;-0.07259663781841252;;0.0016976445270429786
1976;Brunei;217.0;-0.03156361017471021;-0.042996666803827854;0.0011855572586830063
1976;China;1745.5814207650271;0.023909756953389927;-0.0019866075275165596;0.04443819533162619
1977;Canada;1607.9999999999998;0.05818705316551864;0.04443196660016557;0.06040277751561736
1977;Turkmenistan;0.0;0.15295127667772968;0.007527006661025348;0.002807356146183693
1977;Uzbekistan;0.0;-0.021865293215890147;-0.028459124665332403;0.0006670871753145301
1977;Qatar;435.00000000000006;0.01863884943529248;-0.004373673468206385;0.019427799319937964
1977;Nigeria;2085.099;-0.11071357403769111;-0.04054020661502922;0.01808623054191415
1977;European Union #;663.8226767123288;-0.0695851407390029;-0.048198144519203345;0.004072119458085688
1978;US;10274.440999999999;0.007749829893744842;0.07711669536220533;0.18453298748836555
1978;Argentina;466.2049315068492;0.04446044334881449;-0.0061333912486202236;0.006980921191439775
1978;Ecuador;204.0;-0.013555296707416287;-0.005683478547010901;0.00526133980276409
1978;Venezuela;2227.0;0.021181739818512346;-0.13394124958545395;0.007276968172059719
1978;Russian Federation;0.0;0.0259857799039811;0.003829406109763678;0.12176380683962577
1978;Turkmenistan;0.0;0.15295127667772968;0.007527006661025348;0.002807356146183693
1978;Uzbekistan;0.0;-0.021865293215890147;-0.028459124665332403;0.0006670871753145301
1978;Kuwait;2182.0;0.016986526061875118;-0.006236392048542427;0.030494068685284637
1978;Qatar;484.0;0.01863884943529248;-0.004373673468206385;0.019427799319937964
1978;Syria;178.99999999999997;1.2322452830603248;-0.12202203231432995;0.0010684326874164487
1978;Yemen;0.0;-0.2366792618132728;-0.1120656246470364;0.0007471712867693172
1978;Algeria;1252.7296712328766;0.016989208741859496;-0.019168427742856653;0.015050055927252524
1978;Nigeria;1896.9920000000002;-0.11071357403769111;-0.04054020661502922;0.01808623054191415
1978;South Sudan;0.0;-0.07259663781841252;;0.0016976445270429786
1978;Tunisia;104.16263013698631;0.2131251041424982;-0.04635888909716546;0.0005061458129315255
1978;Other Africa;30.84430136986301;-0.11473666799325744;0.039158123041266535;0.003261704928322147
1978;China;2089.5520547945207;0.023909756953389927;-0.0019866075275165596;0.04443819533162619
1978;Other Asia Pacific;72.41582364454128;-0.04705315243648667;-0.04115418864764997;0.0022095396269474184
1978;Non-OECD;47559.94808291972;0.01949278875364291;-0.004849740898160371;0.6839519600707346
1978;European Union #;646.7987342465755;-0.0695851407390029;-0.048198144519203345;0.004072119458085688
1979;Canada;1835.0;0.05818705316551864;0.04443196660016557;0.06040277751561736
1979;Peru;192.65010410958905;-0.028386022393809385;-0.021329472370361646;0.0014215574638193431
1979;Trinidad & Tobago;214.00000000000003;0.005146397625773513;-0.05570469569190595;0.0008522323203223141
1979;Other S. & Cent. America;66.25473972602738;0.20940024362901344;0.0451070358039638;0.0024981613875134758
1979;Norway;407.00000000000006;0.011004260860657089;-0.0007262343743977828;0.022528758184557043
1979;Turkmenistan;0.0;0.15295127667772968;0.007527006661025348;0.002807356146183693
1979;Iraq;3488.550684931507;-0.0027401723179035775;0.03993176844808022;0.04564469402751451
1979;Oman;295.00000000000006;0.02161418528430481;0.009349774253819332;0.01080620135997218
1979;Angola;146.16986301369866;-0.11636126750752052;-0.035451819809867224;0.012954233865224927
1979;Chad;0.0;-0.07739092430558159;0.0024234194310526203;0.0012960426251119768
1979;Egypt;509.32000000000016;-0.038370213606986225;-0.01604155377393679;0.006761229212210964
1979;South Sudan;0.0;-0.07259663781841252;;0.0016976445270429786
1979;Non-OPEC;36521.113454931256;0.008257326812303845;0.015899100250315934;0.6467892451078547
1980;Romania;250.1191530054645;-0.0355191483164915;-0.023558237086606537;0.0007759589176207393
1980;Other Europe;483.8154918032788;-0.01331744869897089;-0.016014041041597427;0.0031836959922757926
1980;Kuwait;1757.0;0.016986526061875118;-0.006236392048542427;0.030494068685284637
1980;Other Middle East;55.38289617486338;0.011403153025251411;-0.005507371067648537;0.0021211723339395906
1980;South Sudan;0.0;-0.07259663781841252;;0.0016976445270429786
1980;China;2121.894808743169;0.023909756953389927;-0.0019866075275165596;0.04443819533162619
1980;of which: OECD;17317.818792092374;0.007351876295612625;0.03824488234060763;0.3160480399292659
1980;European Union #;608.2554590163936;-0.0695851407390029;-0.048198144519203345;0.004072119458085688
1981;Venezuela;2163.0;0.021181739818512346;-0.13394124958545395;0.007276968172059719
1981;Other S. & Cent. America;87.10419178082194;0.20940024362901344;0.0451070358039638;0.0024981613875134758
1981;Saudi Arabia;10256.0;-0.00771709662166109;-0.001138257072443416;0.12187519844718395
1981;Algeria;1029.2794520547943;0.016989208741859496;-0.019168427742856653;0.015050055927252524
1981;Libya;1253.0;1.9841735386632142;0.09418291840950377;0.014123075093373077
1981;South Sudan;0.0;-0.07259663781841252;;0.0016976445270429786
1982;Canada;1589.9999999999998;0.05818705316551864;0.04443196660016557;0.06040277751561736
1982;Argentina;517.082191780822;0.04446044334881449;-0.0061333912486202236;0.006980921191439775
1982;Other S. & Cent. America;99.3775890410959;0.20940024362901344;0.0451070358039638;0.0024981613875134758
1982;Romania;255.55731506849318;-0.0355191483164915;-0.023558237086606537;0.0007759589176207393
1982;Azerbaijan;0.0;0.011682567630082463;-0.025151566534754033;0.00803848537351843
1982;Qatar;344.5249315068494;0.01863884943529248;-0.004373673468206385;0.019427799319937964
1982;Yemen;0.0;-0.2366792618132728;-0.1120656246470364;0.0007471712867693172
1982;Other Middle East;52.21156164383562;0.011403153025251411;-0.005507371067648537;0.0021211723339395906
1982;Algeria;1039.6561643835616;0.016989208741859496;-0.019168427742856653;0.015050055927252524
1982;Chad;0.0;-0.07739092430558159;0.0024234194310526203;0.0012960426251119768
1982;Egypt;650.7852054794523;-0.038370213606986225;-0.01604155377393679;0.006761229212210964
1982;Tunisia;108.41846575342468;0.2131251041424982;-0.04635888909716546;0.0005061458129315255
1982;China;2050.7934246575346;0.023909756953389927;-0.0019866075275165596;0.04443819533162619
1982;Thailand;5.9;-0.05325556726463476;-0.007443437542828613;0.004429631594503935
1982;Vietnam;0.0;-0.07175184203549767;-0.04842662621691651;0.002138650655914335
1982;of which: OECD;18607.26816419936;0.007351876295612625;0.03824488234060763;0.3160480399292659
1982;Non-OPEC;38869.8169794018;0.008257326812303845;0.015899100250315934;0.6467892451078547
1982;European Union #;663.6471315068492;-0.0695851407390029;-0.048198144519203345;0.004072119458085688
1983;Argentina;520.172602739726;0.04446044334881449;-0.0061333912486202236;0.006980921191439775
1983;Peru;171.107701369863;-0.028386022393809385;-0.021329472370361646;0.0014215574638193431
1983;Other S. & Cent. America;97.913698630137;0.20940024362901344;0.0451070358039638;0.0024981613875134758
1983;Norway;660.9999999999999;0.011004260860657089;-0.0007262343743977828;0.022528758184557043
1983;Other Europe;529.6808767123288;-0.01331744869897089;-0.016014041041597427;0.0031836959922757926
1983;Turkmenistan;0.0;0.15295127667772968;0.007527006661025348;0.002807356146183693
1983;Uzbekistan;0.0;-0.021865293215890147;-0.028459124665332403;0.0006670871753145301
1983;Yemen;0.0;-0.2366792618132728;-0.1120656246470364;0.0007471712867693172
1983;Chad;0.0;-0.07739092430558159;0.0024234194310526203;0.0012960426251119768
1983;Nigeria;1235.5;-0.11071357403769111;-0.04054020661502922;0.01808623054191415
1983;South Sudan;0.0;-0.07259663781841252;;0.0016976445270429786
1983;China;2130.1180821917806;0.023909756953389927;-0.0019866075275165596;0.04443819533162619
1983;of which: OECD;19096.034834796417;0.007351876295612625;0.03824488234060763;0.3160480399292659
1983;Non-OECD;37495.83250109192;0.01949278875364291;-0.004849740898160371;0.6839519600707346
1983;Non-OPEC;39965.5770071212;0.008257326812303845;0.015899100250315934;0.6467892451078547
1984;Norway;751.9999999999999;0.011004260860657089;-0.0007262343743977828;0.022528758184557043
1984;Iran;2042.535519125683;0.17380025940337207;-0.020484304153571276;0.04027732125202149
1984;Iraq;1227.983606557377;-0.0027401723179035775;0.03993176844808022;0.04564469402751451
1984;Other Middle East;50.16995901639345;0.011403153025251411;-0.005507371067648537;0.0021211723339395906
1984;Republic of Congo;116.54918032786884;-0.10676038947024336;-0.00921011915616421;0.0030486149234955494
1984;Equatorial Guinea;0.0;-0.11700800575183234;-0.07367231859320766;0.0015561435817629853
1984;Sudan;0.0;0.011316056080317383;-0.14042020436364788;0.000713034224529678
1984;Australia;562.7667187417798;-0.0389567741348672;-0.00952504343187588;0.004841948866882152
1984;China;2295.3314207650274;0.023909756953389927;-0.0019866075275165596;0.04443819533162619
1984;Indonesia;1504.9999999999998;-0.06802891313886739;-0.031486219917371105;0.007694437644600682
1984;Non-OPEC;41480.178550777004;0.008257326812303845;0.015899100250315934;0.6467892451078547
1985;Canada;1812.795210993652;0.05818705316551864;0.04443196660016557;0.06040277751561736
1985;Argentina;490.7945205479452;0.04446044334881449;-0.0061333912486202236;0.006980921191439775
1985;Ecuador;286.0;-0.013555296707416287;-0.005683478547010901;0.00526133980276409
1985;Other S. & Cent. America;91.15983561643836;0.20940024362901344;0.0451070358039638;0.0024981613875134758
1985;Denmark;60.00000000000001;-0.10211362064554186;-0.1170096789075572;0.0007196847935494618
1985;Kazakhstan;484.76712328767127;0.002805857999285566;0.00728805079249728;0.0201496873359396
1985;Other CIS;52.509589041095886;0.009843248581402397;0.00992507322077918;0.00044202774865827356
1985;Iran;2205.2054794520545;0.17380025940337207;-0.020484304153571276;0.04027732125202149
1985;Iraq;1425.292054794521;-0.0027401723179035775;0.03993176844808022;0.04564469402751451
1985;Oman;502.0;0.02161418528430481;0.009349774253819332;0.01080620135997218
1985;Qatar;315.2421917808219;0.01863884943529248;-0.004373673468206385;0.019427799319937964
1985;Australia;655.2011795820011;-0.0389567741348672;-0.00952504343187588;0.004841948866882152
1985;Malaysia;445.0;-0.06971612164929131;-0.01391057266847573;0.006377158248748882
1985;Non-OECD;37041.768485307664;0.01949278875364291;-0.004849740898160371;0.6839519600707346
1986;Peru;178.53511506849318;-0.028386022393809385;-0.021329472370361646;0.0014215574638193431
1986;Denmark;74.0;-0.10211362064554186;-0.1170096789075572;0.0007196847935494618
1986;Azerbaijan;268.38904109589043;0.011682567630082463;-0.025151566534754033;0.00803848537351843
1986;Russian Federation;11246.881643835615;0.0259857799039811;0.003829406109763678;0.12176380683962577
1986;USSR;0.0;;;0.0
1986;Iraq;1899.4186301369864;-0.0027401723179035775;0.03993176844808022;0.04564469402751451
1986;Syria;200.6;1.2322452830603248;-0.12202203231432995;0.0010684326874164487
1986;United Arab Emirates;1412.55;-0.0069035508107067045;0.01062166278475929;0.04081028431245729
1986;Republic of Congo;115.43309589041098;-0.10676038947024336;-0.00921011915616421;0.0030486149234955494
1986;China;2624.5416438356165;0.023909756953389927;-0.0019866075275165596;0.04443819533162619
1986;of which: OECD;19963.75713128938;0.007351876295612625;0.03824488234060763;0.3160480399292659
1987;US;9943.978;0.007749829893744842;0.07711669536220533;0.18453298748836555
1987;Brazil;589.782600199207;-0.014225904957071211;0.03206011798712183;0.03323616083253194
1987;Peru;164.64424931506852;-0.028386022393809385;-0.021329472370361646;0.0014215574638193431
1987;United Kingdom;2612.3218630136985;-0.16645972114198726;-0.023935934873669962;0.009726109957763553
1987;Syria;230.88219178082193;1.2322452830603248;-0.12202203231432995;0.0010684326874164487
1987;United Arab Emirates;1471.287;-0.0069035508107067045;0.01062166278475929;0.04081028431245729
1987;Egypt;907.4835616438356;-0.038370213606986225;-0.01604155377393679;0.006761229212210964
1987;Equatorial Guinea;0.0;-0.11700800575183234;-0.07367231859320766;0.0015561435817629853
1987;Australia;623.4070788373414;-0.0389567741348672;-0.00952504343187588;0.004841948866882152
1987;Brunei;155.0;-0.03156361017471021;-0.042996666803827854;0.0011855572586830063
1987;Vietnam;5.676712328767125;-0.07175184203549767;-0.04842662621691651;0.002138650655914335
1988;Trinidad & Tobago;151.0;0.005146397625773513;-0.05570469569190595;0.0008522323203223141
1988;Norway;1196.0;0.011004260860657089;-0.0007262343743977828;0.022528758184557043
1988;Uzbekistan;60.35519125683061;-0.021865293215890147;-0.028459124665332403;0.0006670871753145301
1988;Other CIS;50.20218579234973;0.009843248581402397;0.00992507322077918;0.00044202774865827356
1988;Kuwait;1286.0;0.016986526061875118;-0.006236392048542427;0.030494068685284637
1988;Qatar;360.42185792349716;0.01863884943529248;-0.004373673468206385;0.019427799319937964
1988;Equatorial Guinea;0.0;-0.11700800575183234;-0.07367231859320766;0.0015561435817629853
1988;Australia;592.6893654963421;-0.0389567741348672;-0.00952504343187588;0.004841948866882152
1988;China;2744.744535519126;0.023909756953389927;-0.0019866075275165596;0.04443819533162619
1988;Other Asia Pacific;125.49589674273753;-0.04705315243648667;-0.04115418864764997;0.0022095396269474184
1989;Argentina;492.2865753424658;0.04446044334881449;-0.0061333912486202236;0.006980921191439775
1989;Ecuador;285.99999999999994;-0.013555296707416287;-0.005683478547010901;0.00526133980276409
1989;Other S. & Cent. America;76.18542465753427;0.20940024362901344;0.0451070358039638;0.0024981613875134758
1989;Denmark;112.0;-0.10211362064554186;-0.1170096789075572;0.0007196847935494618
1989;Italy;95.67474520547948;-0.10014250985906081;-0.009222628843048253;0.0011170127869380988
1989;Kazakhstan;556.3876712328769;0.002805857999285566;0.00728805079249728;0.0201496873359396
1989;Oman;651.0;0.02161418528430481;0.009349774253819332;0.01080620135997218
1989;Qatar;403.44657534246574;0.01863884943529248;-0.004373673468206385;0.019427799319937964
1989;Algeria;1276.3975342465753;0.016989208741859496;-0.019168427742856653;0.015050055927252524
1989;Republic of Congo;154.4409863013699;-0.10676038947024336;-0.00921011915616421;0.0030486149234955494
1989;Gabon;204.82019178082194;-0.1273702023440476;-0.026300843778524374;0.0020138660626010745
1989;Libya;1164.0000000000002;1.9841735386632142;0.09418291840950377;0.014123075093373077
1989;South Sudan;0.0;-0.07259663781841252;;0.0016976445270429786
1989;Australia;562.3556549961127;-0.0389567741348672;-0.00952504343187588;0.004841948866882152
1989;Thailand;48.90699397260274;-0.05325556726463476;-0.007443437542828613;0.004429631594503935
1990;Mexico;2940.7769287680003;0.008399590758943809;-0.04134261126609773;0.021447657586514964
1990;Romania;169.0478904109589;-0.0355191483164915;-0.023558237086606537;0.0007759589176207393
1990;Russian Federation;10342.44312328767;0.0259857799039811;0.003829406109763678;0.12176380683962577
1990;Uzbekistan;68.9945205479452;-0.021865293215890147;-0.028459124665332403;0.0006670871753145301
1990;Other CIS;47.16493150684931;0.009843248581402397;0.00992507322077918;0.00044202774865827356
1990;Kuwait;964.0;0.016986526061875118;-0.006236392048542427;0.030494068685284637
1990;Egypt;897.133698630137;-0.038370213606986225;-0.01604155377393679;0.006761229212210964
1990;Gabon;270.22967123287674;-0.1273702023440476;-0.026300843778524374;0.0020138660626010745
1990;Nigeria;1786.7010000000002;-0.11071357403769111;-0.04054020661502922;0.01808623054191415
1990;Sudan;0.0;0.011316056080317383;-0.14042020436364788;0.000713034224529678
1990;European Union #;787.7277232876712;-0.0695851407390029;-0.048198144519203345;0.004072119458085688
1991;Colombia;430.0;-0.05496561219969853;-0.021277019925614704;0.008212900920370417
1991;Ecuador;307.0;-0.013555296707416287;-0.005683478547010901;0.00526133980276409
1991;Trinidad & Tobago;149.0;0.005146397625773513;-0.05570469569190595;0.0008522323203223141
1991;Venezuela;2501.0000000000005;0.021181739818512346;-0.13394124958545395;0.007276968172059719
1991;Romania;145.91016438356164;-0.0355191483164915;-0.023558237086606537;0.0007759589176207393
1991;Azerbaijan;239.72057534246574;0.011682567630082463;-0.025151566534754033;0.00803848537351843
1991;Uzbekistan;68.73972602739727;-0.021865293215890147;-0.028459124665332403;0.0006670871753145301
1991;Iran;3499.561643835616;0.17380025940337207;-0.020484304153571276;0.04027732125202149
1991;Iraq;285.3561643835617;-0.0027401723179035775;0.03993176844808022;0.04564469402751451
1991;Syria;471.9835616438356;1.2322452830603248;-0.12202203231432995;0.0010684326874164487
1991;Algeria;1372.6657534246574;0.016989208741859496;-0.019168427742856653;0.015050055927252524
1991;Chad;0.0;-0.07739092430558159;0.0024234194310526203;0.0012960426251119768
1991;Sudan;0.0;0.011316056080317383;-0.14042020436364788;0.000713034224529678
1991;Tunisia;116.60071232876713;0.2131251041424982;-0.04635888909716546;0.0005061458129315255
1991;India;676.9575616438358;-0.03193165165427181;-0.022505178073259358;0.008301179800558844
1992;Mexico;3098.273032787;0.008399590758943809;-0.04134261126609773;0.021447657586514964
1992;Brazil;652.6;-0.014225904957071211;0.03206011798712183;0.03323616083253194
1992;Ecuador;328.0;-0.013555296707416287;-0.005683478547010901;0.00526133980276409
1992;Other S. & Cent. America;76.02284153005465;0.20940024362901344;0.0451070358039638;0.0024981613875134758
1992;Norway;2217.0;0.011004260860657089;-0.0007262343743977828;0.022528758184557043
1992;USSR;0.0;;;0.0
1992;Uzbekistan;79.37158469945355;-0.021865293215890147;-0.028459124665332403;0.0006670871753145301
1992;Kuwait;1076.9999999999998;0.016986526061875118;-0.006236392048542427;0.030494068685284637
1992;Qatar;495.3169398907104;0.01863884943529248;-0.004373673468206385;0.019427799319937964
1992;Republic of Congo;167.095737704918;-0.10676038947024336;-0.00921011915616421;0.0030486149234955494
1992;Libya;1473.0;1.9841735386632142;0.09418291840950377;0.014123075093373077
1992;Vietnam;111.0;-0.07175184203549767;-0.04842662621691651;0.002138650655914335
1992;of which: OECD;20035.36140565508;0.007351876295612625;0.03824488234060763;0.3160480399292659
1992;European Union #;764.8003852459017;-0.0695851407390029;-0.048198144519203345;0.004072119458085688
1993;Italy;96.37473972602741;-0.10014250985906081;-0.009222628843048253;0.0011170127869380988
1993;Iran;3712.164383561644;0.17380025940337207;-0.020484304153571276;0.04027732125202149
1993;Oman;785.0;0.02161418528430481;0.009349774253819332;0.01080620135997218
1993;Yemen;209.3731506849315;-0.2366792618132728;-0.1120656246470364;0.0007471712867693172
1993;Egypt;940.6860273972604;-0.038370213606986225;-0.01604155377393679;0.006761229212210964
1993;Nigeria;2018.2;-0.11071357403769111;-0.04054020661502922;0.01808623054191415
1993;Other Africa;166.27238356164384;-0.11473666799325744;0.039158123041266535;0.003261704928322147
1993;China;2892.438082191781;0.023909756953389927;-0.0019866075275165596;0.04443819533162619
1993;India;590.3080547945207;-0.03193165165427181;-0.022505178073259358;0.008301179800558844
1993;Vietnam;127.72602739726028;-0.07175184203549767;-0.04842662621691651;0.002138650655914335
1994;Peru;128.3084931506849;-0.028386022393809385;-0.021329472370361646;0.0014215574638193431
1994;Other S. & Cent. America;89.50054794520548;0.20940024362901344;0.0451070358039638;0.0024981613875134758
1994;Italy;101.64715890410956;-0.10014250985906081;-0.009222628843048253;0.0011170127869380988
1994;Azerbaijan;193.42175342465757;0.011682567630082463;-0.025151566534754033;0.00803848537351843
1994;Turkmenistan;86.60876712328769;0.15295127667772968;0.007527006661025348;0.002807356146183693
1994;Uzbekistan;124.28575342465751;-0.021865293215890147;-0.028459124665332403;0.0006670871753145301
1994;Egypt;921.4268493150687;-0.038370213606986225;-0.01604155377393679;0.006761229212210964
1994;Sudan;2.0;0.011316056080317383;-0.14042020436364788;0.000713034224529678
1994;Australia;609.9913052082418;-0.0389567741348672;-0.00952504343187588;0.004841948866882152
1994;China;2933.606575342466;0.023909756953389927;-0.0019866075275165596;0.04443819533162619
1994;Thailand;86.23362739726028;-0.05325556726463476;-0.007443437542828613;0.004429631594503935
1994;Other Asia Pacific;259.3059846368044;-0.04705315243648667;-0.04115418864764997;0.0022095396269474184
1994;OPEC;26284.27293150685;0.02939694730768805;-0.008004057369204176;0.3532107548921459
1994;European Union #;797.5950767123288;-0.0695851407390029;-0.048198144519203345;0.004072119458085688
1995;Brazil;714.9000000000002;-0.014225904957071211;0.03206011798712183;0.03323616083253194
1995;Venezuela;2958.9999999999995;0.021181739818512346;-0.13394124958545395;0.007276968172059719
1995;Kuwait;2130.0;0.016986526061875118;-0.006236392048542427;0.030494068685284637
1995;Oman;868.0;0.02161418528430481;0.009349774253819332;0.01080620135997218
1995;Angola;632.854602739726;-0.11636126750752052;-0.035451819809867224;0.012954233865224927
1995;Equatorial Guinea;6.999999999999999;-0.11700800575183234;-0.07367231859320766;0.0015561435817629853
1995;Nigeria;1948.594;-0.11071357403769111;-0.04054020661502922;0.01808623054191415
1995;India;773.8625753424658;-0.03193165165427181;-0.022505178073259358;0.008301179800558844
1995;Thailand;84.79402465753425;-0.05325556726463476;-0.007443437542828613;0.004429631594503935
1995;Non-OPEC;41188.06329386232;0.008257326812303845;0.015899100250315934;0.6467892451078547
1996;Kazakhstan;493.12330601092896;0.002805857999285566;0.00728805079249728;0.0201496873359396
1996;Other CIS;39.33770491803279;0.009843248581402397;0.00992507322077918;0.00044202774865827356
1996;Other Middle East;50.124918032786894;0.011403153025251411;-0.005507371067648537;0.0021211723339395906
1996;Egypt;893.8256830601094;-0.038370213606986225;-0.01604155377393679;0.006761229212210964
1996;Nigeria;1971.067;-0.11071357403769111;-0.04054020661502922;0.01808623054191415
1996;South Sudan;0.0;-0.07259663781841252;;0.0016976445270429786
1996;Brunei;165.0;-0.03156361017471021;-0.042996666803827854;0.0011855572586830063
1997;US;8268.591999999999;0.007749829893744842;0.07711669536220533;0.18453298748836555
1997;Brazil;869.4000000000003;-0.014225904957071211;0.03206011798712183;0.03323616083253194
1997;Ecuador;397.0;-0.013555296707416287;-0.005683478547010901;0.00526133980276409
1997;Trinidad & Tobago;135.0;0.005146397625773513;-0.05570469569190595;0.0008522323203223141
1997;United Kingdom;2721.4492054794523;-0.16645972114198726;-0.023935934873669962;0.009726109957763553
1997;Azerbaijan;182.30657534246575;0.011682567630082463;-0.025151566534754033;0.00803848537351843
1997;Uzbekistan;181.50739726027402;-0.021865293215890147;-0.028459124665332403;0.0006670871753145301
1997;Other CIS;38.71298630136986;0.009843248581402397;0.00992507322077918;0.00044202774865827356
1997;Qatar;692.0799999999998;0.01863884943529248;-0.004373673468206385;0.019427799319937964
1997;Other Middle East;50.12917808219179;0.011403153025251411;-0.005507371067648537;0.0021211723339395906
1997;Algeria;1447.5191780821922;0.016989208741859496;-0.019168427742856653;0.015050055927252524
1997;Angola;741.0000000000001;-0.11636126750752052;-0.035451819809867224;0.012954233865224927
1997;Nigeria;1977.741;-0.11071357403769111;-0.04054020661502922;0.01808623054191415
1997;Sudan;9.0;0.011316056080317383;-0.14042020436364788;0.000713034224529678
1997;Tunisia;89.60931506849316;0.2131251041424982;-0.04635888909716546;0.0005061458129315255
1997;Malaysia;714.0;-0.06971612164929131;-0.01391057266847573;0.006377158248748882
1997;Non-OPEC;43018.88845665963;0.008257326812303845;0.015899100250315934;0.6467892451078547
1998;Russian Federation;6109.998246575343;0.0259857799039811;0.003829406109763678;0.12176380683962577
1998;Iran;3854.74794520548;0.17380025940337207;-0.020484304153571276;0.04027732125202149
1998;Sudan;12.0;0.011316056080317383;-0.14042020436364788;0.000713034224529678
1998;Other Africa;167.5484383561644;-0.11473666799325744;0.039158123041266535;0.003261704928322147
1998;Non-OECD;50700.340510873684;0.01949278875364291;-0.004849740898160371;0.6839519600707346
1998;Non-OPEC;43115.374331650375;0.008257326812303845;0.015899100250315934;0.6467892451078547
1999;Mexico;3351.69031376674;0.008399590758943809;-0.04134261126609773;0.021447657586514964
1999;Brazil;1132.4;-0.014225904957071211;0.03206011798712183;0.03323616083253194
1999;Other S. & Cent. America;123.53161643835615;0.20940024362901344;0.0451070358039638;0.0024981613875134758
1999;Azerbaijan;278.7186301369863;0.011682567630082463;-0.025151566534754033;0.00803848537351843
1999;Iran;3603.3561643835615;0.17380025940337207;-0.020484304153571276;0.04027732125202149
1999;Syria;578.8295890410959;1.2322452830603248;-0.12202203231432995;0.0010684326874164487
1999;Algeria;1397.9398493150684;0.016989208741859496;-0.019168427742856653;0.015050055927252524
1999;Equatorial Guinea;100.0;-0.11700800575183234;-0.07367231859320766;0.0015561435817629853
1999;Gabon;339.96506849315074;-0.1273702023440476;-0.026300843778524374;0.0020138660626010745
1999;South Sudan;0.0;-0.07259663781841252;;0.0016976445270429786
1999;Australia;612.4836255779118;-0.0389567741348672;-0.00952504343187588;0.004841948866882152
1999;China;3217.568767123288;0.023909756953389927;-0.0019866075275165596;0.04443819533162619
1999;Indonesia;1408.0;-0.06802891313886739;-0.031486219917371105;0.007694437644600682
1999;Vietnam;308.50904109589044;-0.07175184203549767;-0.04842662621691651;0.002138650655914335
1999;OPEC;28499.584557448998;0.02939694730768805;-0.008004057369204176;0.3532107548921459
2000;Italy;94.90515286885244;-0.10014250985906081;-0.009222628843048253;0.0011170127869380988
2000;Russian Federation;6582.837881147541;0.0259857799039811;0.003829406109763678;0.12176380683962577
2000;Other CIS;38.62418032786885;0.009843248581402397;0.00992507322077918;0.00044202774865827356
2000;Iraq;2613.0;-0.0027401723179035775;0.03993176844808022;0.04564469402751451
2000;Qatar;851.2690841300522;0.01863884943529248;-0.004373673468206385;0.019427799319937964
2000;Chad;0.0;-0.07739092430558159;0.0024234194310526203;0.0012960426251119768
2000;Sudan;179.1319043715847;0.011316056080317383;-0.14042020436364788;0.000713034224529678
2000;Australia;805.5982622453024;-0.0389567741348672;-0.00952504343187588;0.004841948866882152
2000;Brunei;193.00000000000003;-0.03156361017471021;-0.042996666803827854;0.0011855572586830063
2000;of which: OECD;22235.023105951117;0.007351876295612625;0.03824488234060763;0.3160480399292659
2000;Non-OECD;52303.725107471306;0.01949278875364291;-0.004849740898160371;0.6839519600707346
2000;European Union #;852.0533550546447;-0.0695851407390029;-0.048198144519203345;0.004072119458085688
2001;Italy;85.01512671232877;-0.10014250985906081;-0.009222628843048253;0.0011170127869380988
2001;Norway;3402.876034073951;0.011004260860657089;-0.0007262343743977828;0.022528758184557043
2001;Azerbaijan;300.1553424657534;0.011682567630082463;-0.025151566534754033;0.00803848537351843
2001;USSR;0.0;;;0.0
2001;Iran;3824.4499995205483;0.17380025940337207;-0.020484304153571276;0.04027732125202149
2001;Kuwait;2183.543698630137;0.016986526061875118;-0.006236392048542427;0.030494068685284637
2001;United Arab Emirates;2540.722;-0.0069035508107067045;0.01062166278475929;0.04081028431245729
2001;Angola;742.0150684931508;-0.11636126750752052;-0.035451819809867224;0.012954233865224927
2001;Libya;1427.7246000000002;1.9841735386632142;0.09418291840950377;0.014123075093373077
2001;Other Africa;136.242602739726;-0.11473666799325744;0.039158123041266535;0.003261704928322147
2001;Non-OECD;52755.94984384579;0.01949278875364291;-0.004849740898160371;0.6839519600707346
2002;Mexico;3592.648327076712;0.008399590758943809;-0.04134261126609773;0.021447657586514964
2002;Kazakhstan;992.578;0.002805857999285566;0.00728805079249728;0.0201496873359396
2002;Uzbekistan;153.7261506849315;-0.021865293215890147;-0.028459124665332403;0.0006670871753145301
2002;Iraq;2116.0;-0.0027401723179035775;0.03993176844808022;0.04564469402751451
2002;Qatar;801.6554637813408;0.01863884943529248;-0.004373673468206385;0.019427799319937964
2002;Other Middle East;48.129178082191785;0.011403153025251411;-0.005507371067648537;0.0021211723339395906
2002;Egypt;751.4211780821919;-0.038370213606986225;-0.01604155377393679;0.006761229212210964
2002;Nigeria;1951.110821917808;-0.11071357403769111;-0.04054020661502922;0.01808623054191415
2002;South Sudan;0.0;-0.07259663781841252;;0.0016976445270429786
2002;Australia;748.8681550536452;-0.0389567741348672;-0.00952504343187588;0.004841948866882152
2002;Thailand;221.5625343835617;-0.05325556726463476;-0.007443437542828613;0.004429631594503935
2003;Canada;3003.4707919793873;0.05818705316551864;0.04443196660016557;0.06040277751561736
2003;Argentina;912.9225876432623;0.04446044334881449;-0.0061333912486202236;0.006980921191439775
2003;Peru;91.90415342465755;-0.028386022393809385;-0.021329472370361646;0.0014215574638193431
2003;Other S. & Cent. America;149.24101369863013;0.20940024362901344;0.0451070358039638;0.0024981613875134758
2003;Denmark;368.0;-0.10211362064554186;-0.1170096789075572;0.0007196847935494618
2003;Norway;3252.998543512787;0.011004260860657089;-0.0007262343743977828;0.022528758184557043
2003;Other CIS;38.144;0.009843248581402397;0.00992507322077918;0.00044202774865827356
2003;Iraq;1344.0;-0.0027401723179035775;0.03993176844808022;0.04564469402751451
2003;Oman;819.5090410958907;0.02161418528430481;0.009349774253819332;0.01080620135997218
2003;Chad;23.56164383561644;-0.07739092430558159;0.0024234194310526203;0.0012960426251119768
2003;Gabon;273.99999999999994;-0.1273702023440476;-0.026300843778524374;0.0020138660626010745
2003;Nigeria;2298.7848616438355;-0.11071357403769111;-0.04054020661502922;0.01808623054191415
2003;China;3405.638493150685;0.023909756953389927;-0.0019866075275165596;0.04443819533162619
2003;India;761.240493150685;-0.03193165165427181;-0.022505178073259358;0.008301179800558844
2003;Non-OPEC;46900.417647619455;0.008257326812303845;0.015899100250315934;0.6467892451078547
2004;Peru;93.32521584699451;-0.028386022393809385;-0.021329472370361646;0.0014215574638193431
2004;Denmark;390.0;-0.10211362064554186;-0.1170096789075572;0.0007196847935494618
2004;Romania;119.77710382513659;-0.0355191483164915;-0.023558237086606537;0.0007759589176207393
2004;Kazakhstan;1247.9324106595136;0.002805857999285566;0.00728805079249728;0.0201496873359396
2004;Qatar;1078.561561438105;0.01863884943529248;-0.004373673468206385;0.019427799319937964
2004;Yemen;423.6927387978144;-0.2366792618132728;-0.1120656246470364;0.0007471712867693172
2004;Algeria;1920.662459016393;0.016989208741859496;-0.019168427742856653;0.015050055927252524
2004;Equatorial Guinea;351.0;-0.11700800575183234;-0.07367231859320766;0.0015561435817629853
2004;Other Asia Pacific;237.18711171984245;-0.04705315243648667;-0.04115418864764997;0.0022095396269474184
2005;Ecuador;534.0;-0.013555296707416287;-0.005683478547010901;0.00526133980276409
2005;Other Europe;408.40052608767127;-0.01331744869897089;-0.016014041041597427;0.0031836959922757926
2005;Russian Federation;9597.655158283103;0.0259857799039811;0.003829406109763678;0.12176380683962577
2005;Turkmenistan;197.30958904109588;0.15295127667772968;0.007527006661025348;0.002807356146183693
2005;USSR;0.0;;;0.0
2005;United Arab Emirates;2945.463;-0.0069035508107067045;0.01062166278475929;0.04081028431245729
2005;Republic of Congo;246.77609999999996;-0.10676038947024336;-0.00921011915616421;0.0030486149234955494
2005;Sudan;293.68041441095886;0.011316056080317383;-0.14042020436364788;0.000713034224529678
2005;Australia;569.8146692847342;-0.0389567741348672;-0.00952504343187588;0.004841948866882152
2005;Indonesia;1095.6871232876713;-0.06802891313886739;-0.031486219917371105;0.007694437644600682
2005;Malaysia;741.5418125647458;-0.06971612164929131;-0.01391057266847573;0.006377158248748882
2005;Thailand;309.567031780822;-0.05325556726463476;-0.007443437542828613;0.004429631594503935
2005;Non-OECD;61378.88206872562;0.01949278875364291;-0.004849740898160371;0.6839519600707346
2005;OPEC;34188.77682940332;0.02939694730768805;-0.008004057369204176;0.3532107548921459
2005;European Union #;867.2022860630137;-0.0695851407390029;-0.048198144519203345;0.004072119458085688
2006;Romania;105.24841095890413;-0.0355191483164915;-0.023558237086606537;0.0007759589176207393
2006;Kazakhstan;1369.8752460681415;0.002805857999285566;0.00728805079249728;0.0201496873359396
2006;Russian Federation;9833.509728783783;0.0259857799039811;0.003829406109763678;0.12176380683962577
2006;Chad;153.15068493150685;-0.07739092430558159;0.0024234194310526203;0.0012960426251119768
2006;South Sudan;0.0;-0.07259663781841252;;0.0016976445270429786
2006;China;3710.500221917808;0.023909756953389927;-0.0019866075275165596;0.04443819533162619
2006;Malaysia;696.7960389320115;-0.06971612164929131;-0.01391057266847573;0.006377158248748882
2006;OPEC;34683.38443765807;0.02939694730768805;-0.008004057369204176;0.3532107548921459
2007;Colombia;531.0939232876711;-0.05496561219969853;-0.021277019925614704;0.008212900920370417
2007;Ecuador;513.0880745205478;-0.013555296707416287;-0.005683478547010901;0.00526133980276409
2007;Italy;121.5553930879726;-0.10014250985906081;-0.009222628843048253;0.0011170127869380988
2007;Kazakhstan;1415.0232936392565;0.002805857999285566;0.00728805079249728;0.0201496873359396
2007;Other CIS;37.088;0.009843248581402397;0.00992507322077918;0.00044202774865827356
2007;Iran;4355.962602863012;0.17380025940337207;-0.020484304153571276;0.04027732125202149
2007;Sudan;483.11566027397276;0.011316056080317383;-0.14042020436364788;0.000713034224529678
2007;Indonesia;971.7537349041097;-0.06802891313886739;-0.031486219917371105;0.007694437644600682
2007;Other Asia Pacific;320.9011165424016;-0.04705315243648667;-0.04115418864764997;0.0022095396269474184
2008;Ecuador;506.71857923497276;-0.013555296707416287;-0.005683478547010901;0.00526133980276409
2008;Venezuela;3228.1746994535497;0.021181739818512346;-0.13394124958545395;0.007276968172059719
2008;Italy;108.47056392419674;-0.10014250985906081;-0.009222628843048253;0.0011170127869380988
2008;USSR;0.0;;;0.0
2008;Uzbekistan;104.89065573770493;-0.021865293215890147;-0.028459124665332403;0.0006670871753145301
2008;Oman;756.75;0.02161418528430481;0.009349774253819332;0.01080620135997218
2008;Qatar;1432.3583333333333;0.01863884943529248;-0.004373673468206385;0.019427799319937964
2008;Yemen;315.7533726775956;-0.2366792618132728;-0.1120656246470364;0.0007471712867693172
2008;Angola;1876.3228850133194;-0.11636126750752052;-0.035451819809867224;0.012954233865224927
2008;Australia;545.4122125304176;-0.0389567741348672;-0.00952504343187588;0.004841948866882152
2008;India;818.1031420765026;-0.03193165165427181;-0.022505178073259358;0.008301179800558844
2008;Malaysia;727.170165923663;-0.06971612164929131;-0.01391057266847573;0.006377158248748882
2008;Other Asia Pacific;341.6990495469134;-0.04705315243648667;-0.04115418864764997;0.0022095396269474184
2008;of which: OECD;19029.250028218503;0.007351876295612625;0.03824488234060763;0.3160480399292659
2009;Mexico;2978.4948015150685;0.008399590758943809;-0.04134261126609773;0.021447657586514964
2009;Argentina;729.6948540188963;0.04446044334881449;-0.0061333912486202236;0.006980921191439775
2009;Ecuador;488.0657534246576;-0.013555296707416287;-0.005683478547010901;0.00526133980276409
2009;Peru;155.4478410958904;-0.028386022393809385;-0.021329472370361646;0.0014215574638193431
2009;Romania;93.80290410958904;-0.0355191483164915;-0.023558237086606537;0.0007759589176207393
2009;Other CIS;36.47;0.009843248581402397;0.00992507322077918;0.00044202774865827356
2009;United Arab Emirates;2794.8122359704357;-0.0069035508107067045;0.01062166278475929;0.04081028431245729
2009;Other Middle East;192.14731506849316;0.011403153025251411;-0.005507371067648537;0.0021211723339395906
2009;Algeria;1774.8567945205484;0.016989208741859496;-0.019168427742856653;0.015050055927252524
2009;Sudan;475.2124630136986;0.011316056080317383;-0.14042020436364788;0.000713034224529678
2009;China;3805.374520547945;0.023909756953389927;-0.0019866075275165596;0.04443819533162619
2009;India;837.6767589041096;-0.03193165165427181;-0.022505178073259358;0.008301179800558844
2009;Indonesia;994.27064;-0.06802891313886739;-0.031486219917371105;0.007694437644600682
2009;European Union #;649.7061892145309;-0.0695851407390029;-0.048198144519203345;0.004072119458085688
2010;US;7558.503109589041;0.007749829893744842;0.07711669536220533;0.18453298748836555
2010;Argentina;711.8400912340685;0.04446044334881449;-0.0061333912486202236;0.006980921191439775
2010;Colombia;785.8645999999999;-0.05496561219969853;-0.021277019925614704;0.008212900920370417
2010;Peru;165.2114;-0.028386022393809385;-0.021329472370361646;0.0014215574638193431
2010;Other S. & Cent. America;144.33617941111862;0.20940024362901344;0.0451070358039638;0.0024981613875134758
2010;Italy;105.93120441917807;-0.10014250985906081;-0.009222628843048253;0.0011170127869380988
2010;United Kingdom;1358.159949589041;-0.16645972114198726;-0.023935934873669962;0.009726109957763553
2010;Azerbaijan;1036.7168767123287;0.011682567630082463;-0.025151566534754033;0.00803848537351843
2010;Russian Federation;10378.619940085851;0.0259857799039811;0.003829406109763678;0.12176380683962577
2010;Kuwait;2564.212054986301;0.016986526061875118;-0.006236392048542427;0.030494068685284637
2010;Saudi Arabia;9864.826756854583;-0.00771709662166109;-0.001138257072443416;0.12187519844718395
2010;Chad;121.91780821917807;-0.07739092430558159;0.0024234194310526203;0.0012960426251119768
2010;Equatorial Guinea;306.10959452054794;-0.11700800575183234;-0.07367231859320766;0.0015561435817629853
2010;Nigeria;2530.7107013698637;-0.11071357403769111;-0.04054020661502922;0.01808623054191415
2010;India;901.3852224657536;-0.03193165165427181;-0.022505178073259358;0.008301179800558844
2010;Non-OPEC;49528.80004084914;0.008257326812303845;0.015899100250315934;0.6467892451078547
2011;Trinidad & Tobago;135.87128767123286;0.005146397625773513;-0.05570469569190595;0.0008522323203223141
2011;Other S. & Cent. America;144.43111641504314;0.20940024362901344;0.0451070358039638;0.0024981613875134758
2011;Italy;110.14006960958902;-0.10014250985906081;-0.009222628843048253;0.0011170127869380988
2011;Romania;88.51630136986302;-0.0355191483164915;-0.023558237086606537;0.0007759589176207393
2011;Qatar;1824.3488301369864;0.01863884943529248;-0.004373673468206385;0.019427799319937964
2011;United Arab Emirates;3300.1340450768403;-0.0069035508107067045;0.01062166278475929;0.04081028431245729
2011;Algeria;1641.5032054794522;0.016989208741859496;-0.019168427742856653;0.015050055927252524
2011;Angola;1670.3999368814025;-0.11636126750752052;-0.035451819809867224;0.012954233865224927
2011;Egypt;714.3418109984256;-0.038370213606986225;-0.01604155377393679;0.006761229212210964
2011;Gabon;236.28200000000007;-0.1273702023440476;-0.026300843778524374;0.0020138660626010745
2011;Sudan;291.0022712328767;0.011316056080317383;-0.14042020436364788;0.000713034224529678
2011;Tunisia;73.12636575342465;0.2131251041424982;-0.04635888909716546;0.0005061458129315255
2011;China;4074.1846986301375;0.023909756953389927;-0.0019866075275165596;0.04443819533162619
2011;Indonesia;952.2847583561644;-0.06802891313886739;-0.031486219917371105;0.007694437644600682
2011;Non-OECD;64533.762421169646;0.01949278875364291;-0.004849740898160371;0.6839519600707346
2012;Canada;3740.237677357929;0.05818705316551864;0.04443196660016557;0.06040277751561736
2012;Mexico;2911.097980513661;0.008399590758943809;-0.04134261126609773;0.021447657586514964
2012;US;8931.265540983608;0.007749829893744842;0.07711669536220533;0.18453298748836555
2012;Ecuador;504.6155355928962;-0.013555296707416287;-0.005683478547010901;0.00526133980276409
2012;Turkmenistan;244.19672131147541;0.15295127667772968;0.007527006661025348;0.002807356146183693
2012;USSR;0.0;;;0.0
2012;Iran;3809.7561475409834;0.17380025940337207;-0.020484304153571276;0.04027732125202149
2012;Iraq;3078.5027322404376;-0.0027401723179035775;0.03993176844808022;0.04564469402751451
2012;Yemen;177.8446918032787;-0.2366792618132728;-0.1120656246470364;0.0007471712867693172
2012;Other Middle East;183.8407377049181;0.011403153025251411;-0.005507371067648537;0.0021211723339395906
2012;Equatorial Guinea;319.7266229508197;-0.11700800575183234;-0.07367231859320766;0.0015561435817629853
2012;Gabon;221.14800000000002;-0.1273702023440476;-0.026300843778524374;0.0020138660626010745
2012;Sudan;103.1075;0.011316056080317383;-0.14042020436364788;0.000713034224529678
2012;China;4155.228797814208;0.023909756953389927;-0.0019866075275165596;0.04443819533162619
2012;European Union #;572.1166156153397;-0.0695851407390029;-0.048198144519203345;0.004072119458085688
2013;Mexico;2882.024901545205;0.008399590758943809;-0.04134261126609773;0.021447657586514964
2013;Ecuador;527.3535605205481;-0.013555296707416287;-0.005683478547010901;0.00526133980276409
2013;Peru;171.32281643835614;-0.028386022393809385;-0.021329472370361646;0.0014215574638193431
2013;Trinidad & Tobago;115.6027315068493;0.005146397625773513;-0.05570469569190595;0.0008522323203223141
2013;Other Europe;344.2512495259387;-0.01331744869897089;-0.016014041041597427;0.0031836959922757926
2013;Kuwait;3133.563424657534;0.016986526061875118;-0.006236392048542427;0.030494068685284637
2013;Qatar;1887.4552821891073;0.01863884943529248;-0.004373673468206385;0.019427799319937964
2013;Republic of Congo;242.5491;-0.10676038947024336;-0.00921011915616421;0.0030486149234955494
2013;Equatorial Guinea;282.13652328767125;-0.11700800575183234;-0.07367231859320766;0.0015561435817629853
2013;Sudan;117.85339999999998;0.011316056080317383;-0.14042020436364788;0.000713034224529678
2013;China;4216.442627534247;0.023909756953389927;-0.0019866075275165596;0.04443819533162619
2013;Malaysia;627.016168527286;-0.06971612164929131;-0.01391057266847573;0.006377158248748882
2013;European Union #;560.1268578418454;-0.0695851407390029;-0.048198144519203345;0.004072119458085688
2014;Canada;4270.529902644395;0.05818705316551864;0.04443196660016557;0.06040277751561736
2014;Venezuela;2692.493150684932;0.021181739818512346;-0.13394124958545395;0.007276968172059719
2014;Norway;1886.3238060394171;0.011004260860657089;-0.0007262343743977828;0.022528758184557043
2014;Romania;84.36857534246576;-0.0355191483164915;-0.023558237086606537;0.0007759589176207393
2014;Russian Federation;10927.102235449962;0.0259857799039811;0.003829406109763678;0.12176380683962577
2014;Other CIS;35.03;0.009843248581402397;0.00992507322077918;0.00044202774865827356
2014;Iran;3714.137123287671;0.17380025940337207;-0.020484304153571276;0.04027732125202149
2014;Yemen;152.9018493150685;-0.2366792618132728;-0.1120656246470364;0.0007471712867693172
2014;Other Middle East;213.75197534246576;0.011403153025251411;-0.005507371067648537;0.0021211723339395906
2014;Nigeria;2273.466271232877;-0.11071357403769111;-0.04054020661502922;0.01808623054191415
2014;South Sudan;155.35159999999996;-0.07259663781841252;;0.0016976445270429786
2015;Mexico;2593.043572;0.008399590758943809;-0.04134261126609773;0.021447657586514964
2015;Argentina;646.3601658817581;0.04446044334881449;-0.0061333912486202236;0.006980921191439775
2015;Colombia;1005.5744356164384;-0.05496561219969853;-0.021277019925614704;0.008212900920370417
2015;Denmark;157.79915583561643;-0.10211362064554186;-0.1170096789075572;0.0007196847935494618
2015;Norway;1946.012266136226;0.011004260860657089;-0.0007262343743977828;0.022528758184557043
2015;Romania;83.49484931506848;-0.0355191483164915;-0.023558237086606537;0.0007759589176207393
2015;Other Europe;331.35787527497075;-0.01331744869897089;-0.016014041041597427;0.0031836959922757926
2015;Azerbaijan;850.847602739726;0.011682567630082463;-0.025151566534754033;0.00803848537351843
2015;Other CIS;35.53460000000001;0.009843248581402397;0.00992507322077918;0.00044202774865827356
2015;Saudi Arabia;11997.937984443728;-0.00771709662166109;-0.001138257072443416;0.12187519844718395
2015;Other Middle East;212.7529671232877;0.011403153025251411;-0.005507371067648537;0.0021211723339395906
2015;Equatorial Guinea;259.73140273972604;-0.11700800575183234;-0.07367231859320766;0.0015561435817629853
2015;Gabon;213.54;-0.1273702023440476;-0.026300843778524374;0.0020138660626010745
2015;China;4308.835068493151;0.023909756953389927;-0.0019866075275165596;0.04443819533162619
2015;India;893.4558421050567;-0.03193165165427181;-0.022505178073259358;0.008301179800558844
2015;Indonesia;837.646557260274;-0.06802891313886739;-0.031486219917371105;0.007694437644600682
2015;of which: OECD;24611.651002744115;0.007351876295612625;0.03824488234060763;0.3160480399292659
2016;Canada;4463.6388472088665;0.05818705316551864;0.04443196660016557;0.06040277751561736
2016;Venezuela;2565.5029999999997;0.021181739818512346;-0.13394124958545395;0.007276968172059719
2016;Azerbaijan;837.523510928962;0.011682567630082463;-0.025151566534754033;0.00803848537351843
2016;Kazakhstan;1654.9720762072739;0.002805857999285566;0.00728805079249728;0.0201496873359396
2016;USSR;0.0;;;0.0
2016;Algeria;1576.997267759563;0.016989208741859496;-0.019168427742856653;0.015050055927252524
2016;Angola;1744.8374153005468;-0.11636126750752052;-0.035451819809867224;0.012954233865224927
2016;Republic of Congo;232.00799999999995;-0.10676038947024336;-0.00921011915616421;0.0030486149234955494
2017;US;13139.891657534243;0.007749829893744842;0.07711669536220533;0.18453298748836555
2017;Trinidad & Tobago;98.69023390493895;0.005146397625773513;-0.05570469569190595;0.0008522323203223141
2017;USSR;0.0;;;0.0
2017;Oman;970.5695890410957;0.02161418528430481;0.009349774253819332;0.01080620135997218
2017;Other Middle East;208.00790136986302;0.011403153025251411;-0.005507371067648537;0.0021211723339395906
2017;Angola;1671.3577063013697;-0.11636126750752052;-0.035451819809867224;0.012954233865224927
2017;Chad;98.4116383561644;-0.07739092430558159;0.0024234194310526203;0.0012960426251119768
2017;Nigeria;1967.888912328767;-0.11071357403769111;-0.04054020661502922;0.01808623054191415
2017;Tunisia;46.10257230136987;0.2131251041424982;-0.04635888909716546;0.0005061458129315255
2017;Brunei;113.17160401046793;-0.03156361017471021;-0.042996666803827854;0.0011855572586830063
2017;Malaysia;718.0870581385063;-0.06971612164929131;-0.01391057266847573;0.006377158248748882
2017;Vietnam;284.3716438356164;-0.07175184203549767;-0.04842662621691651;0.002138650655914335
2017;Other Asia Pacific;273.0328725132939;-0.04705315243648667;-0.04115418864764997;0.0022095396269474184
2018;Canada;5243.879959117511;0.05818705316551864;0.04443196660016557;0.06040277751561736
2018;Other S. & Cent. America;127.563598377566;0.20940024362901344;0.0451070358039638;0.0024981613875134758
2018;Denmark;115.87670241095891;-0.10211362064554186;-0.1170096789075572;0.0007196847935494618
2018;Norway;1851.4380514268023;0.011004260860657089;-0.0007262343743977828;0.022528758184557043
2018;Other Europe;307.56925408975565;-0.01331744869897089;-0.016014041041597427;0.0031836959922757926
2018;Kazakhstan;1903.667198684932;0.002805857999285566;0.00728805079249728;0.0201496873359396
2018;USSR;0.0;;;0.0
2018;Iran;4608.0;0.17380025940337207;-0.020484304153571276;0.04027732125202149
2018;Iraq;4631.920481057363;-0.0027401723179035775;0.03993176844808022;0.04564469402751451
2018;Other Middle East;206.6233287671233;0.011403153025251411;-0.005507371067648537;0.0021211723339395906
2018;South Sudan;144.296;-0.07259663781841252;;0.0016976445270429786
2018;China;3802.040876712329;0.023909756953389927;-0.0019866075275165596;0.04443819533162619
2018;Malaysia;712.6364324454324;-0.06971612164929131;-0.01391057266847573;0.006377158248748882
2018;European Union #;448.262709295509;-0.0695851407390029;-0.048198144519203345;0.004072119458085688
2019;Canada;5372.4170322636655;0.05818705316551864;0.04443196660016557;0.06040277751561736
2019;US;17113.800726027395;0.007749829893744842;0.07711669536220533;0.18453298748836555
2019;Ecuador;531.0029676136986;-0.013555296707416287;-0.005683478547010901;0.00526133980276409
2019;Trinidad & Tobago;82.2212293310117;0.005146397625773513;-0.05570469569190595;0.0008522323203223141
2019;Kazakhstan;1918.6205962739728;0.002805857999285566;0.00728805079249728;0.0201496873359396
2019;Turkmenistan;254.36493150684933;0.15295127667772968;0.007527006661025348;0.002807356146183693
2019;Uzbekistan;66.86247849315069;-0.021865293215890147;-0.028459124665332403;0.0006670871753145301
2019;Oman;970.9386301369859;0.02161418528430481;0.009349774253819332;0.01080620135997218
2019;Egypt;653.3820547945206;-0.038370213606986225;-0.01604155377393679;0.006761229212210964
2019;Sudan;72.16792800536608;0.011316056080317383;-0.14042020436364788;0.000713034224529678
2019;of which: OECD;29055.75100240505;0.007351876295612625;0.03824488234060763;0.3160480399292659
2019;Non-OECD;65859.93955356705;0.01949278875364291;-0.004849740898160371;0.6839519600707346
2019;Non-OPEC;59958.801664339626;0.008257326812303845;0.015899100250315934;0.6467892451078547
2020;Mexico;1911.5919734754095;0.008399590758943809;-0.04134261126609773;0.021447657586514964
2020;Other S. & Cent. America;185.6514866427146;0.20940024362901344;0.0451070358039638;0.0024981613875134758
2020;Romania;72.30912568306009;-0.0355191483164915;-0.023558237086606537;0.0007759589176207393
2020;Azerbaijan;714.1311065573773;0.011682567630082463;-0.025151566534754033;0.00803848537351843
2020;Kazakhstan;1805.9238803278686;0.002805857999285566;0.00728805079249728;0.0201496873359396
2020;USSR;0.0;;;0.0
2020;Uzbekistan;61.29596885245902;-0.021865293215890147;-0.028459124665332403;0.0006670871753145301
2020;Algeria;1330.0554918032785;0.016989208741859496;-0.019168427742856653;0.015050055927252524
2020;Angola;1317.6042309945356;-0.11636126750752052;-0.035451819809867224;0.012954233865224927
2020;Nigeria;1827.9082403387977;-0.11071357403769111;-0.04054020661502922;0.01808623054191415
2020;Tunisia;37.498858713715855;0.2131251041424982;-0.04635888909716546;0.0005061458129315255
2020;Non-OECD;60296.12906284918;0.01949278875364291;-0.004849740898160371;0.6839519600707346
2021;Ecuador;472.8728101561644;-0.013555296707416287;-0.005683478547010901;0.00526133980276409
2021;Denmark;64.68302438356164;-0.10211362064554186;-0.1170096789075572;0.0007196847935494618
2021;Kazakhstan;1810.9910462935877;0.002805857999285566;0.00728805079249728;0.0201496873359396
2021;Other CIS;39.72807526425657;0.009843248581402397;0.00992507322077918;0.00044202774865827356
2021;Other Middle East;190.6443529552237;0.011403153025251411;-0.005507371067648537;0.0021211723339395906
2021;Algeria;1352.6520821917811;0.016989208741859496;-0.019168427742856653;0.015050055927252524
2021;Libya;1269.3379363068884;1.9841735386632142;0.09418291840950377;0.014123075093373077
2021;Other Africa;293.1518649575924;-0.11473666799325744;0.039158123041266535;0.003261704928322147
2021;China;3993.9663835616443;0.023909756953389927;-0.0019866075275165596;0.04443819533162619
2021;Other Asia Pacific;198.58652961306893;-0.04705315243648667;-0.04115418864764997;0.0022095396269474184
2021;of which: OECD;28405.412003076577;0.007351876295612625;0.03824488234060763;0.3160480399292659
2021;Non-OECD;61471.468769333675;0.01949278875364291;-0.004849740898160371;0.6839519600707346
1965;Colombia;203.0;-0.05496561219969853;-0.021277019925614704;0.008212900920370417
1965;United Kingdom;1.7398356164383564;-0.16645972114198726;-0.023935934873669962;0.009726109957763553
1965;Kazakhstan;0.0;0.002805857999285566;0.00728805079249728;0.0201496873359396
1965;Turkmenistan;0.0;0.15295127667772968;0.007527006661025348;0.002807356146183693
1965;Iran;1908.0;0.17380025940337207;-0.020484304153571276;0.04027732125202149
1965;Qatar;233.0;0.01863884943529248;-0.004373673468206385;0.019427799319937964
1965;United Arab Emirates;282.2;-0.0069035508107067045;0.01062166278475929;0.04081028431245729
1965;Algeria;569.9438356164384;0.016989208741859496;-0.019168427742856653;0.015050055927252524
1965;Angola;13.297397260273971;-0.11636126750752052;-0.035451819809867224;0.012954233865224927
1965;South Sudan;0.0;-0.07259663781841252;;0.0016976445270429786
1966;US;9579.241;0.007749829893744842;0.07711669536220533;0.18453298748836555
1966;Other S. & Cent. America;54.411095890410955;0.20940024362901344;0.0451070358039638;0.0024981613875134758
1966;Denmark;0.0;-0.10211362064554186;-0.1170096789075572;0.0007196847935494618
1966;Other CIS;0.0;0.009843248581402397;0.00992507322077918;0.00044202774865827356
1966;Other Middle East;65.76109589041097;0.011403153025251411;-0.005507371067648537;0.0021211723339395906
1966;Equatorial Guinea;0.0;-0.11700800575183234;-0.07367231859320766;0.0015561435817629853
1966;Australia;9.0;-0.0389567741348672;-0.00952504343187588;0.004841948866882152
1966;China;292.19589041095895;0.023909756953389927;-0.0019866075275165596;0.04443819533162619
1966;Non-OECD;22883.503753424662;0.01949278875364291;-0.004849740898160371;0.6839519600707346
1966;European Union #;695.6394027397259;-0.0695851407390029;-0.048198144519203345;0.004072119458085688
1967;Argentina;318.6312328767123;0.04446044334881449;-0.0061333912486202236;0.006980921191439775
1967;Colombia;192.0;-0.05496561219969853;-0.021277019925614704;0.008212900920370417
1967;Ecuador;6.000000000000001;-0.013555296707416287;-0.005683478547010901;0.00526133980276409
1967;Peru;74.0;-0.028386022393809385;-0.021329472370361646;0.0014215574638193431
1967;Azerbaijan;0.0;0.011682567630082463;-0.025151566534754033;0.00803848537351843
1967;Turkmenistan;0.0;0.15295127667772968;0.007527006661025348;0.002807356146183693
1967;USSR;5762.0;;;0.0
1967;Iraq;1227.9999999999998;-0.0027401723179035775;0.03993176844808022;0.04564469402751451
1967;Oman;56.99999999999999;0.02161418528430481;0.009349774253819332;0.01080620135997218
1967;United Arab Emirates;382.1;-0.0069035508107067045;0.01062166278475929;0.04081028431245729
1967;Yemen;0.0;-0.2366792618132728;-0.1120656246470364;0.0007471712867693172
1967;Thailand;0.0;-0.05325556726463476;-0.007443437542828613;0.004429631594503935
1968;Other S. & Cent. America;84.57131147540983;0.20940024362901344;0.0451070358039638;0.0024981613875134758
1968;Italy;34.582825136612016;-0.10014250985906081;-0.009222628843048253;0.0011170127869380988
1968;Romania;279.70040983606555;-0.0355191483164915;-0.023558237086606537;0.0007759589176207393
1968;United Kingdom;1.735081967213115;-0.16645972114198726;-0.023935934873669962;0.009726109957763553
1968;Azerbaijan;0.0;0.011682567630082463;-0.025151566534754033;0.00803848537351843
1968;Kazakhstan;0.0;0.002805857999285566;0.00728805079249728;0.0201496873359396
1968;Russian Federation;0.0;0.0259857799039811;0.003829406109763678;0.12176380683962577
1968;Turkmenistan;0.0;0.15295127667772968;0.007527006661025348;0.002807356146183693
1968;USSR;6167.103825136613;;;0.0
1968;Uzbekistan;0.0;-0.021865293215890147;-0.028459124665332403;0.0006670871753145301
1968;Republic of Congo;0.8318032786885248;-0.10676038947024336;-0.00921011915616421;0.0030486149234955494
1968;Tunisia;67.04587431693989;0.2131251041424982;-0.04635888909716546;0.0005061458129315255
1968;Australia;39.0;-0.0389567741348672;-0.00952504343187588;0.004841948866882152
1968;Brunei;122.0;-0.03156361017471021;-0.042996666803827854;0.0011855572586830063
1968;Malaysia;4.0;-0.06971612164929131;-0.01391057266847573;0.006377158248748882
1968;Other Asia Pacific;35.1136612021858;-0.04705315243648667;-0.04115418864764997;0.0022095396269474184
1968;of which: OECD;12971.33194535519;0.007351876295612625;0.03824488234060763;0.3160480399292659
1968;OPEC;17987.004508196726;0.02939694730768805;-0.008004057369204176;0.3532107548921459
1969;Colombia;214.0;-0.05496561219969853;-0.021277019925614704;0.008212900920370417
1969;Peru;74.99999999999999;-0.028386022393809385;-0.021329472370361646;0.0014215574638193431
1969;Venezuela;3631.0;0.021181739818512346;-0.13394124958545395;0.007276968172059719
1969;United Kingdom;1.792109589041096;-0.16645972114198726;-0.023935934873669962;0.009726109957763553
1969;USSR;6566.0;;;0.0
1969;Iraq;1521.0;-0.0027401723179035775;0.03993176844808022;0.04564469402751451
1969;Algeria;969.3315068493151;0.016989208741859496;-0.019168427742856653;0.015050055927252524
1969;Equatorial Guinea;0.0;-0.11700800575183234;-0.07367231859320766;0.0015561435817629853
1969;India;138.69641095890412;-0.03193165165427181;-0.022505178073259358;0.008301179800558844
1970;US;11296.848999999998;0.007749829893744842;0.07711669536220533;0.18453298748836555
1970;Colombia;226.0;-0.05496561219969853;-0.021277019925614704;0.008212900920370417
1970;Peru;74.97260273972603;-0.028386022393809385;-0.021329472370361646;0.0014215574638193431
1970;Turkmenistan;0.0;0.15295127667772968;0.007527006661025348;0.002807356146183693
1970;Kuwait;3036.0;0.016986526061875118;-0.006236392048542427;0.030494068685284637
1970;Syria;85.0;1.2322452830603248;-0.12202203231432995;0.0010684326874164487
1970;Gabon;108.60857534246577;-0.1273702023440476;-0.026300843778524374;0.0020138660626010745
1970;Libya;3357.0;1.9841735386632142;0.09418291840950377;0.014123075093373077
1970;Nigeria;1083.1;-0.11071357403769111;-0.04054020661502922;0.01808623054191415
1970;Vietnam;0.0;-0.07175184203549767;-0.04842662621691651;0.002138650655914335
1970;European Union #;689.9916301369863;-0.0695851407390029;-0.048198144519203345;0.004072119458085688
1971;Canada;1582.0;0.05818705316551864;0.04443196660016557;0.06040277751561736
1971;Argentina;431.53808219178086;0.04446044334881449;-0.0061333912486202236;0.006980921191439775
1971;Ecuador;4.000000000000001;-0.013555296707416287;-0.005683478547010901;0.00526133980276409
1971;Trinidad & Tobago;129.0;0.005146397625773513;-0.05570469569190595;0.0008522323203223141
1971;Other S. & Cent. America;80.38465753424656;0.20940024362901344;0.0451070358039638;0.0024981613875134758
1971;Romania;292.34364383561643;-0.0355191483164915;-0.023558237086606537;0.0007759589176207393
1971;Oman;294.0;0.02161418528430481;0.009349774253819332;0.01080620135997218
1971;Qatar;430.0;0.01863884943529248;-0.004373673468206385;0.019427799319937964
1971;Saudi Arabia;4820.9;-0.00771709662166109;-0.001138257072443416;0.12187519844718395
1971;United Arab Emirates;1059.5000000000002;-0.0069035508107067045;0.01062166278475929;0.04081028431245729
1971;Republic of Congo;0.27156164383561643;-0.10676038947024336;-0.00921011915616421;0.0030486149234955494
1971;Gabon;116.0587671232877;-0.1273702023440476;-0.026300843778524374;0.0020138660626010745
1971;Libya;2750.0000000000005;1.9841735386632142;0.09418291840950377;0.014123075093373077
1971;Australia;315.0;-0.0389567741348672;-0.00952504343187588;0.004841948866882152
1971;India;148.22753424657537;-0.03193165165427181;-0.022505178073259358;0.008301179800558844
1971;OPEC;24331.083780821915;0.02939694730768805;-0.008004057369204176;0.3532107548921459
1972;Trinidad & Tobago;141.0;0.005146397625773513;-0.05570469569190595;0.0008522323203223141
1972;Denmark;2.0000000000000004;-0.10211362064554186;-0.1170096789075572;0.0007196847935494618
1972;Romania;298.41879781420766;-0.0355191483164915;-0.023558237086606537;0.0007759589176207393
1972;Qatar;482.0;0.01863884943529248;-0.004373673468206385;0.019427799319937964
1972;Saudi Arabia;6070.300000000001;-0.00771709662166109;-0.001138257072443416;0.12187519844718395
1972;Syria;117.0;1.2322452830603248;-0.12202203231432995;0.0010684326874164487
1972;Algeria;1081.0491803278687;0.016989208741859496;-0.019168427742856653;0.015050055927252524
1972;South Sudan;0.0;-0.07259663781841252;;0.0016976445270429786
1972;Tunisia;83.56046448087432;0.2131251041424982;-0.04635888909716546;0.0005061458129315255
1972;Thailand;0.0;-0.05325556726463476;-0.007443437542828613;0.004429631594503935
1972;Other Asia Pacific;44.29967213114753;-0.04705315243648667;-0.04115418864764997;0.0022095396269474184
1972;OPEC;25857.9693442623;0.02939694730768805;-0.008004057369204176;0.3532107548921459
1973;Denmark;3.0;-0.10211362064554186;-0.1170096789075572;0.0007196847935494618
1973;Norway;32.00000000000001;0.011004260860657089;-0.0007262343743977828;0.022528758184557043
1973;Other Europe;509.05495890410964;-0.01331744869897089;-0.016014041041597427;0.0031836959922757926
1973;Azerbaijan;0.0;0.011682567630082463;-0.025151566534754033;0.00803848537351843
1973;Uzbekistan;0.0;-0.021865293215890147;-0.028459124665332403;0.0006670871753145301
1973;Iraq;2018.0;-0.0027401723179035775;0.03993176844808022;0.04564469402751451
1973;Syria;111.0;1.2322452830603248;-0.12202203231432995;0.0010684326874164487
1973;Yemen;0.0;-0.2366792618132728;-0.1120656246470364;0.0007471712867693172
1973;Chad;0.0;-0.07739092430558159;0.0024234194310526203;0.0012960426251119768
1973;Republic of Congo;40.559671232876724;-0.10676038947024336;-0.00921011915616421;0.0030486149234955494
1973;Libya;2211.0;1.9841735386632142;0.09418291840950377;0.014123075093373077
1973;Other Africa;0.8722191780821918;-0.11473666799325744;0.039158123041266535;0.003261704928322147
1973;Vietnam;0.0;-0.07175184203549767;-0.04842662621691651;0.002138650655914335
1973;Other Asia Pacific;47.05602739726029;-0.04705315243648667;-0.04115418864764997;0.0022095396269474184
1973;of which: OECD;14722.190936986299;0.007351876295612625;0.03824488234060763;0.3160480399292659
1973;Non-OECD;43829.60746429828;0.01949278875364291;-0.004849740898160371;0.6839519600707346
1974;Brazil;181.7622396311067;-0.014225904957071211;0.03206011798712183;0.03323616083253194
1974;Denmark;2.0;-0.10211362064554186;-0.1170096789075572;0.0007196847935494618
1974;Norway;35.0;0.011004260860657089;-0.0007262343743977828;0.022528758184557043
1974;Iran;6060.301369863013;0.17380025940337207;-0.020484304153571276;0.04027732125202149
1974;Saudi Arabia;8617.7;-0.00771709662166109;-0.001138257072443416;0.12187519844718395
1974;South Sudan;0.0;-0.07259663781841252;;0.0016976445270429786
1974;Tunisia;87.20249315068493;0.2131251041424982;-0.04635888909716546;0.0005061458129315255
1974;Other Africa;0.5191780821917809;-0.11473666799325744;0.039158123041266535;0.003261704928322147
1974;Other Asia Pacific;47.379960171513694;-0.04705315243648667;-0.04115418864764997;0.0022095396269474184
1975;US;10007.737;0.007749829893744842;0.07711669536220533;0.18453298748836555
1975;Argentina;406.09095890410964;0.04446044334881449;-0.0061333912486202236;0.006980921191439775
1975;Norway;189.0;0.011004260860657089;-0.0007262343743977828;0.022528758184557043
1975;United Kingdom;33.859397260273965;-0.16645972114198726;-0.023935934873669962;0.009726109957763553
1975;Azerbaijan;0.0;0.011682567630082463;-0.025151566534754033;0.00803848537351843
1975;Saudi Arabia;7216.4;-0.00771709662166109;-0.001138257072443416;0.12187519844718395
1975;Syria;192.00000000000003;1.2322452830603248;-0.12202203231432995;0.0010684326874164487
1975;Yemen;0.0;-0.2366792618132728;-0.1120656246470364;0.0007471712867693172
1975;Chad;0.0;-0.07739092430558159;0.0024234194310526203;0.0012960426251119768
1975;Republic of Congo;34.70169863013699;-0.10676038947024336;-0.00921011915616421;0.0030486149234955494
1975;Equatorial Guinea;0.0;-0.11700800575183234;-0.07367231859320766;0.0015561435817629853
1975;Other Africa;0.4153424657534247;-0.11473666799325744;0.039158123041266535;0.003261704928322147
1975;China;1547.5336986301372;0.023909756953389927;-0.0019866075275165596;0.04443819533162619
1975;India;170.87942465753426;-0.03193165165427181;-0.022505178073259358;0.008301179800558844
1976;Norway;279.0;0.011004260860657089;-0.0007262343743977828;0.022528758184557043
1976;United Kingdom;254.43224043715844;-0.16645972114198726;-0.023935934873669962;0.009726109957763553
1976;Russian Federation;0.0;0.0259857799039811;0.003829406109763678;0.12176380683962577
1976;Yemen;0.0;-0.2366792618132728;-0.1120656246470364;0.0007471712867693172
1976;Republic of Congo;40.622950819672134;-0.10676038947024336;-0.00921011915616421;0.0030486149234955494
1976;Egypt;322.21584699453564;-0.038370213606986225;-0.01604155377393679;0.006761229212210964
1976;Equatorial Guinea;0.0;-0.11700800575183234;-0.07367231859320766;0.0015561435817629853
1976;Nigeria;2066.786;-0.11071357403769111;-0.04054020661502922;0.01808623054191415
1976;Sudan;0.0;0.011316056080317383;-0.14042020436364788;0.000713034224529678
1976;Australia;461.0;-0.0389567741348672;-0.00952504343187588;0.004841948866882152
1976;Other Asia Pacific;62.146371529123485;-0.04705315243648667;-0.04115418864764997;0.0022095396269474184
1976;Non-OPEC;31228.02751482148;0.008257326812303845;0.015899100250315934;0.6467892451078547
1976;European Union #;674.5698852459017;-0.0695851407390029;-0.048198144519203345;0.004072119458085688
1977;Colombia;144.0;-0.05496561219969853;-0.021277019925614704;0.008212900920370417
1977;Peru;92.15342465753423;-0.028386022393809385;-0.021329472370361646;0.0014215574638193431
1977;United Kingdom;798.6334246575342;-0.16645972114198726;-0.023935934873669962;0.009726109957763553
1977;Iran;5713.95890410959;0.17380025940337207;-0.020484304153571276;0.04027732125202149
1977;Kuwait;2024.0;0.016986526061875118;-0.006236392048542427;0.030494068685284637
1977;Oman;340.0;0.02161418528430481;0.009349774253819332;0.01080620135997218
1977;Other Middle East;58.51910958904109;0.011403153025251411;-0.005507371067648537;0.0021211723339395906
1977;Libya;2108.0;1.9841735386632142;0.09418291840950377;0.014123075093373077
1977;South Sudan;0.0;-0.07259663781841252;;0.0016976445270429786
1977;Other Africa;24.20750684931507;-0.11473666799325744;0.039158123041266535;0.003261704928322147
1977;Australia;490.0;-0.0389567741348672;-0.00952504343187588;0.004841948866882152
1977;Malaysia;183.0;-0.06971612164929131;-0.01391057266847573;0.006377158248748882
1977;Thailand;0.0;-0.05325556726463476;-0.007443437542828613;0.004429631594503935
1977;Other Asia Pacific;72.56198103857923;-0.04705315243648667;-0.04115418864764997;0.0022095396269474184
1977;Non-OECD;48009.49117696023;0.01949278875364291;-0.004849740898160371;0.6839519600707346
1977;OPEC;29646.393369863014;0.02939694730768805;-0.008004057369204176;0.3532107548921459
1978;Trinidad & Tobago;230.0;0.005146397625773513;-0.05570469569190595;0.0008522323203223141
1978;Romania;293.4883287671233;-0.0355191483164915;-0.023558237086606537;0.0007759589176207393
1978;USSR;11530.754246575345;;;0.0
1978;Iran;5302.054794520549;0.17380025940337207;-0.020484304153571276;0.04027732125202149
1978;Oman;314.0;0.02161418528430481;0.009349774253819332;0.01080620135997218
1978;United Arab Emirates;1830.501;-0.0069035508107067045;0.01062166278475929;0.04081028431245729
1978;Other Middle East;55.47601369863014;0.011403153025251411;-0.005507371067648537;0.0021211723339395906
1978;Australia;490.0;-0.0389567741348672;-0.00952504343187588;0.004841948866882152
1978;Brunei;240.0;-0.03156361017471021;-0.042996666803827854;0.0011855572586830063
1978;Indonesia;1635.0;-0.06802891313886739;-0.031486219917371105;0.007694437644600682
1978;of which: OECD;15762.405982548653;0.007351876295612625;0.03824488234060763;0.3160480399292659
1979;Mexico;1607.0;0.008399590758943809;-0.04134261126609773;0.021447657586514964
1979;Brazil;171.645014909704;-0.014225904957071211;0.03206011798712183;0.03323616083253194
1979;Ecuador;216.0;-0.013555296707416287;-0.005683478547010901;0.00526133980276409
1979;Romania;264.66227397260275;-0.0355191483164915;-0.023558237086606537;0.0007759589176207393
1979;Other Europe;508.4109315068493;-0.01331744869897089;-0.016014041041597427;0.0031836959922757926
1979;Kazakhstan;0.0;0.002805857999285566;0.00728805079249728;0.0201496873359396
1979;USSR;11805.424657534246;;;0.0
1979;Other CIS;0.0;0.009843248581402397;0.00992507322077918;0.00044202774865827356
1979;Nigeria;2301.995;-0.11071357403769111;-0.04054020661502922;0.01808623054191415
1979;Other Asia Pacific;92.68132769279171;-0.04705315243648667;-0.04115418864764997;0.0022095396269474184
1979;of which: OECD;16687.273459199638;0.007351876295612625;0.03824488234060763;0.3160480399292659
1980;Ecuador;206.0;-0.013555296707416287;-0.005683478547010901;0.00526133980276409
1980;Peru;195.96081967213115;-0.028386022393809385;-0.021329472370361646;0.0014215574638193431
1980;Trinidad & Tobago;212.0;0.005146397625773513;-0.05570469569190595;0.0008522323203223141
1980;Italy;35.49469398907104;-0.10014250985906081;-0.009222628843048253;0.0011170127869380988
1980;Kazakhstan;0.0;0.002805857999285566;0.00728805079249728;0.0201496873359396
1980;Iraq;2657.5191256830603;-0.0027401723179035775;0.03993176844808022;0.04564469402751451
1980;Saudi Arabia;10269.499999999998;-0.00771709662166109;-0.001138257072443416;0.12187519844718395
1980;Republic of Congo;61.28262295081967;-0.10676038947024336;-0.00921011915616421;0.0030486149234955494
1980;India;193.37286885245902;-0.03193165165427181;-0.022505178073259358;0.008301179800558844
1980;Vietnam;0.0;-0.07175184203549767;-0.04842662621691651;0.002138650655914335
1980;Non-OECD;45624.271230511775;0.01949278875364291;-0.004849740898160371;0.6839519600707346
1981;Argentina;518.9254794520548;0.04446044334881449;-0.0061333912486202236;0.006980921191439775
1981;Brazil;220.021009133722;-0.014225904957071211;0.03206011798712183;0.03323616083253194
1981;Colombia;140.00000000000003;-0.05496561219969853;-0.021277019925614704;0.008212900920370417
1981;Denmark;15.000000000000002;-0.10211362064554186;-0.1170096789075572;0.0007196847935494618
1981;Romania;253.5409315068493;-0.0355191483164915;-0.023558237086606537;0.0007759589176207393
1981;Other Europe;469.98298630136986;-0.01331744869897089;-0.016014041041597427;0.0031836959922757926
1981;Azerbaijan;0.0;0.011682567630082463;-0.025151566534754033;0.00803848537351843
1981;Kazakhstan;0.0;0.002805857999285566;0.00728805079249728;0.0201496873359396
1981;USSR;12260.252876712331;;;0.0
1981;Qatar;421.1095890410959;0.01863884943529248;-0.004373673468206385;0.019427799319937964
1981;Republic of Congo;79.54816438356166;-0.10676038947024336;-0.00921011915616421;0.0030486149234955494
1981;Sudan;0.0;0.011316056080317383;-0.14042020436364788;0.000713034224529678
1981;Other Africa;119.13243835616436;-0.11473666799325744;0.039158123041266535;0.003261704928322147
1981;Thailand;1.6;-0.05325556726463476;-0.007443437542828613;0.004429631594503935
1981;Other Asia Pacific;78.44223267030621;-0.04705315243648667;-0.04115418864764997;0.0022095396269474184
1981;Non-OECD;41740.94557077755;0.01949278875364291;-0.004849740898160371;0.6839519600707346
1981;OPEC;21474.232547945205;0.02939694730768805;-0.008004057369204176;0.3532107548921459
1981;Non-OPEC;38052.83165276292;0.008257326812303845;0.015899100250315934;0.6467892451078547
1982;Mexico;3001.0;0.008399590758943809;-0.04134261126609773;0.021447657586514964
1982;Brazil;267.9146727366943;-0.014225904957071211;0.03206011798712183;0.03323616083253194
1982;Peru;196.05989589041096;-0.028386022393809385;-0.021329472370361646;0.0014215574638193431
1982;Trinidad & Tobago;176.99999999999997;0.005146397625773513;-0.05570469569190595;0.0008522323203223141
1982;Denmark;34.00000000000001;-0.10211362064554186;-0.1170096789075572;0.0007196847935494618
1982;Other Europe;492.6872602739727;-0.01331744869897089;-0.016014041041597427;0.0031836959922757926
1982;Kazakhstan;0.0;0.002805857999285566;0.00728805079249728;0.0201496873359396
1982;Other CIS;0.0;0.009843248581402397;0.00992507322077918;0.00044202774865827356
1982;Iran;2396.9243835616435;0.17380025940337207;-0.020484304153571276;0.04027732125202149
1982;United Arab Emirates;1361.8;-0.0069035508107067045;0.01062166278475929;0.04081028431245729
1982;Equatorial Guinea;0.0;-0.11700800575183234;-0.07367231859320766;0.0015561435817629853
1982;Gabon;156.0534794520548;-0.1273702023440476;-0.026300843778524374;0.0020138660626010745
1982;Nigeria;1287.0;-0.11071357403769111;-0.04054020661502922;0.01808623054191415
1982;Sudan;0.0;0.011316056080317383;-0.14042020436364788;0.000713034224529678
1982;Australia;443.0;-0.0389567741348672;-0.00952504343187588;0.004841948866882152
1982;India;411.78690410958916;-0.03193165165427181;-0.022505178073259358;0.008301179800558844
1982;Non-OECD;38663.61117136683;0.01949278875364291;-0.004849740898160371;0.6839519600707346
1983;Canada;1661.0;0.05818705316551864;0.04443196660016557;0.06040277751561736
1983;Brazil;339.42411479054766;-0.014225904957071211;0.03206011798712183;0.03323616083253194
1983;Colombia;158.0;-0.05496561219969853;-0.021277019925614704;0.008212900920370417
1983;Denmark;42.99999999999999;-0.10211362064554186;-0.1170096789075572;0.0007196847935494618
1983;Romania;252.49158904109584;-0.0355191483164915;-0.023558237086606537;0.0007759589176207393
1983;Kazakhstan;0.0;0.002805857999285566;0.00728805079249728;0.0201496873359396
1983;Russian Federation;0.0;0.0259857799039811;0.003829406109763678;0.12176380683962577
1983;Qatar;315.59890410958906;0.01863884943529248;-0.004373673468206385;0.019427799319937964
1983;Other Middle East;50.22723287671234;0.011403153025251411;-0.005507371067648537;0.0021211723339395906
1983;Angola;178.44904109589044;-0.11636126750752052;-0.035451819809867224;0.012954233865224927
1983;Egypt;711.8057534246576;-0.038370213606986225;-0.01604155377393679;0.006761229212210964
1983;Australia;431.0;-0.0389567741348672;-0.00952504343187588;0.004841948866882152
1983;Other Asia Pacific;90.8512676731305;-0.04705315243648667;-0.04115418864764997;0.0022095396269474184
1984;Ecuador;261.00000000000006;-0.013555296707416287;-0.005683478547010901;0.00526133980276409
1984;Other S. & Cent. America;94.68762295081966;0.20940024362901344;0.0451070358039638;0.0024981613875134758
1984;Italy;47.26163934426229;-0.10014250985906081;-0.009222628843048253;0.0011170127869380988
1984;United Kingdom;2652.1277595628408;-0.16645972114198726;-0.023935934873669962;0.009726109957763553
1984;Other Europe;531.3603005464481;-0.01331744869897089;-0.016014041041597427;0.0031836959922757926
1984;Azerbaijan;0.0;0.011682567630082463;-0.025151566534754033;0.00803848537351843
1984;Turkmenistan;0.0;0.15295127667772968;0.007527006661025348;0.002807356146183693
1984;Kuwait;1229.0;0.016986526061875118;-0.006236392048542427;0.030494068685284637
1984;United Arab Emirates;1246.021;-0.0069035508107067045;0.01062166278475929;0.04081028431245729
1984;Libya;1022.0;1.9841735386632142;0.09418291840950377;0.014123075093373077
1984;Tunisia;115.13989071038252;0.2131251041424982;-0.04635888909716546;0.0005061458129315255
1984;Other Africa;205.2931420765028;-0.11473666799325744;0.039158123041266535;0.003261704928322147
1984;India;582.959262295082;-0.03193165165427181;-0.022505178073259358;0.008301179800558844
1984;Malaysia;446.0;-0.06971612164929131;-0.01391057266847573;0.006377158248748882
1984;Other Asia Pacific;103.94801339715085;-0.04705315243648667;-0.04115418864764997;0.0022095396269474184
1984;of which: OECD;19963.51478951597;0.007351876295612625;0.03824488234060763;0.3160480399292659
1984;Non-OECD;37676.641826834784;0.01949278875364291;-0.004849740898160371;0.6839519600707346
1985;Trinidad & Tobago;175.99999999999997;0.005146397625773513;-0.05570469569190595;0.0008522323203223141
1985;Other Europe;701.1488767123288;-0.01331744869897089;-0.016014041041597427;0.0031836959922757926
1985;Azerbaijan;273.5178082191781;0.011682567630082463;-0.025151566534754033;0.00803848537351843
1985;Uzbekistan;54.60821917808219;-0.021865293215890147;-0.028459124665332403;0.0006670871753145301
1985;Angola;232.49128767123287;-0.11636126750752052;-0.035451819809867224;0.012954233865224927
1985;Egypt;882.0290410958903;-0.038370213606986225;-0.01604155377393679;0.006761229212210964
1985;Equatorial Guinea;0.0;-0.11700800575183234;-0.07367231859320766;0.0015561435817629853
1985;Libya;1025.0;1.9841735386632142;0.09418291840950377;0.014123075093373077
1985;Nigeria;1498.9;-0.11071357403769111;-0.04054020661502922;0.01808623054191415
1985;Thailand;48.50000000000001;-0.05325556726463476;-0.007443437542828613;0.004429631594503935
1985;Vietnam;0.0;-0.07175184203549767;-0.04842662621691651;0.002138650655914335
1985;OPEC;15444.936739726028;0.02939694730768805;-0.008004057369204176;0.3532107548921459
1986;Brazil;591.1207808347707;-0.014225904957071211;0.03206011798712183;0.03323616083253194
1986;Other S. & Cent. America;88.82386301369861;0.20940024362901344;0.0451070358039638;0.0024981613875134758
1986;Norway;907.0;0.011004260860657089;-0.0007262343743977828;0.022528758184557043
1986;United Kingdom;2690.987616438357;-0.16645972114198726;-0.023935934873669962;0.009726109957763553
1986;Egypt;806.4717808219177;-0.038370213606986225;-0.01604155377393679;0.006761229212210964
1986;Libya;1064.0;1.9841735386632142;0.09418291840950377;0.014123075093373077
1986;Tunisia;110.60958904109587;0.2131251041424982;-0.04635888909716546;0.0005061458129315255
1987;Colombia;388.0;-0.05496561219969853;-0.021277019925614704;0.008212900920370417
1987;Ecuador;176.0;-0.013555296707416287;-0.005683478547010901;0.00526133980276409
1987;Other S. & Cent. America;85.64846575342467;0.20940024362901344;0.0451070358039638;0.0024981613875134758
1987;Romania;210.64942465753427;-0.0355191483164915;-0.023558237086606537;0.0007759589176207393
1987;Kazakhstan;523.0638356164383;0.002805857999285566;0.00728805079249728;0.0201496873359396
1987;Russian Federation;11416.333424657534;0.0259857799039811;0.003829406109763678;0.12176380683962577
1987;Iraq;2391.2772602739733;-0.0027401723179035775;0.03993176844808022;0.04564469402751451
1987;Kuwait;1072.0;0.016986526061875118;-0.006236392048542427;0.030494068685284637
1987;Qatar;314.85643835616435;0.01863884943529248;-0.004373673468206385;0.019427799319937964
1987;Saudi Arabia;4450.15;-0.00771709662166109;-0.001138257072443416;0.12187519844718395
1987;Chad;0.0;-0.07739092430558159;0.0024234194310526203;0.0012960426251119768
1987;South Sudan;0.0;-0.07259663781841252;;0.0016976445270429786
1987;of which: OECD;20115.82068124958;0.007351876295612625;0.03824488234060763;0.3160480399292659
1987;European Union #;785.0285808219179;-0.0695851407390029;-0.048198144519203345;0.004072119458085688
1988;US;9764.689000000002;0.007749829893744842;0.07711669536220533;0.18453298748836555
1988;Argentina;481.2021857923497;0.04446044334881449;-0.0061333912486202236;0.006980921191439775
1988;Colombia;380.0;-0.05496561219969853;-0.021277019925614704;0.008212900920370417
1988;Other Middle East;52.661379781420756;0.011403153025251411;-0.005507371067648537;0.0021211723339395906
1988;Sudan;0.0;0.011316056080317383;-0.14042020436364788;0.000713034224529678
1988;Tunisia;103.88666666666668;0.2131251041424982;-0.04635888909716546;0.0005061458129315255
1988;Brunei;150.00000000000003;-0.03156361017471021;-0.042996666803827854;0.0011855572586830063
1988;Indonesia;1372.9999999999998;-0.06802891313886739;-0.031486219917371105;0.007694437644600682
1988;Vietnam;13.95081967213115;-0.07175184203549767;-0.04842662621691651;0.002138650655914335
1988;OPEC;20057.15366120219;0.02939694730768805;-0.008004057369204176;0.3532107548921459
1989;Colombia;407.00000000000006;-0.05496561219969853;-0.021277019925614704;0.008212900920370417
1989;United Kingdom;1943.294136986301;-0.16645972114198726;-0.023935934873669962;0.009726109957763553
1989;Iraq;2838.259726027398;-0.0027401723179035775;0.03993176844808022;0.04564469402751451
1989;United Arab Emirates;1819.001;-0.0069035508107067045;0.01062166278475929;0.04081028431245729
1989;Chad;0.0;-0.07739092430558159;0.0024234194310526203;0.0012960426251119768
1989;Other Africa;195.84005479452054;-0.11473666799325744;0.039158123041266535;0.003261704928322147
1989;Non-OPEC;42148.83495824358;0.008257326812303845;0.015899100250315934;0.6467892451078547
1989;European Union #;780.8520876712329;-0.0695851407390029;-0.048198144519203345;0.004072119458085688
1990;US;8914.306999999999;0.007749829893744842;0.07711669536220533;0.18453298748836555
1990;Italy;97.0096684931507;-0.10014250985906081;-0.009222628843048253;0.0011170127869380988
1990;Norway;1716.0;0.011004260860657089;-0.0007262343743977828;0.022528758184557043
1990;Other Europe;631.9097808219177;-0.01331744869897089;-0.016014041041597427;0.0031836959922757926
1990;Equatorial Guinea;0.0;-0.11700800575183234;-0.07367231859320766;0.0015561435817629853
1990;Tunisia;101.74953424657534;0.2131251041424982;-0.04635888909716546;0.0005061458129315255
1990;Australia;647.1793832725317;-0.0389567741348672;-0.00952504343187588;0.004841948866882152
1991;Mexico;3099.6314219180003;0.008399590758943809;-0.04134261126609773;0.021447657586514964
1991;Argentina;525.6115068493151;0.04446044334881449;-0.0061333912486202236;0.006980921191439775
1991;Peru;115.78986301369864;-0.028386022393809385;-0.021329472370361646;0.0014215574638193431
1991;Other S. & Cent. America;77.18813698630137;0.20940024362901344;0.0451070358039638;0.0024981613875134758
1991;Italy;90.0265287671233;-0.10014250985906081;-0.009222628843048253;0.0011170127869380988
1991;Norway;1955.0;0.011004260860657089;-0.0007262343743977828;0.022528758184557043
1991;Kazakhstan;588.6821917808219;0.002805857999285566;0.00728805079249728;0.0201496873359396
1991;USSR;0.0;;;0.0
1991;Qatar;419.5895890410959;0.01863884943529248;-0.004373673468206385;0.019427799319937964
1991;Angola;497.6677808219178;-0.11636126750752052;-0.035451819809867224;0.012954233865224927
1991;Republic of Congo;156.22553424657534;-0.10676038947024336;-0.00921011915616421;0.0030486149234955494
1991;Equatorial Guinea;0.0;-0.11700800575183234;-0.07367231859320766;0.0015561435817629853
1991;Libya;1439.0;1.9841735386632142;0.09418291840950377;0.014123075093373077
1991;Brunei;163.99999999999994;-0.03156361017471021;-0.042996666803827854;0.0011855572586830063
1991;Malaysia;648.0;-0.06971612164929131;-0.01391057266847573;0.006377158248748882
1991;Other Asia Pacific;148.91753552206603;-0.04705315243648667;-0.04115418864764997;0.0022095396269474184
1991;of which: OECD;19842.395401578637;0.007351876295612625;0.03824488234060763;0.3160480399292659
1992;Canada;2065.579059828207;0.05818705316551864;0.04443196660016557;0.06040277751561736
1992;Colombia;442.0;-0.05496561219969853;-0.021277019925614704;0.008212900920370417
1992;Venezuela;2499.0;0.021181739818512346;-0.13394124958545395;0.007276968172059719
1992;Turkmenistan;108.79781420765028;0.15295127667772968;0.007527006661025348;0.002807356146183693
1992;Oman;748.0;0.02161418528430481;0.009349774253819332;0.01080620135997218
1992;Other Middle East;54.24598360655738;0.011403153025251411;-0.005507371067648537;0.0021211723339395906
1992;Chad;0.0;-0.07739092430558159;0.0024234194310526203;0.0012960426251119768
1992;Sudan;0.0;0.011316056080317383;-0.14042020436364788;0.000713034224529678
1992;Tunisia;116.62377049180328;0.2131251041424982;-0.04635888909716546;0.0005061458129315255
1992;Other Africa;163.12306010928958;-0.11473666799325744;0.039158123041266535;0.003261704928322147
1992;Australia;605.0290898850967;-0.0389567741348672;-0.00952504343187588;0.004841948866882152
1992;India;615.0557923497269;-0.03193165165427181;-0.022505178073259358;0.008301179800558844
1992;Indonesia;1579.0;-0.06802891313886739;-0.031486219917371105;0.007694437644600682
1992;Malaysia;656.9999999999999;-0.06971612164929131;-0.01391057266847573;0.006377158248748882
1992;Other Asia Pacific;205.02265211651988;-0.04705315243648667;-0.04115418864764997;0.0022095396269474184
1993;Canada;2189.0103027952373;0.05818705316551864;0.04443196660016557;0.06040277751561736
1993;Brazil;667.3999999999999;-0.014225904957071211;0.03206011798712183;0.03323616083253194
1993;Other Europe;556.0426575342467;-0.01331744869897089;-0.016014041041597427;0.0031836959922757926
1993;Turkmenistan;91.59780821917809;0.15295127667772968;0.007527006661025348;0.002807356146183693
1993;USSR;0.0;;;0.0
1993;Other CIS;43.26849315068493;0.009843248581402397;0.00992507322077918;0.00044202774865827356
1993;Other Middle East;53.189904109589044;0.011403153025251411;-0.005507371067648537;0.0021211723339395906
1993;Republic of Congo;185.01106849315067;-0.10676038947024336;-0.00921011915616421;0.0030486149234955494
1993;Equatorial Guinea;5.000000000000001;-0.11700800575183234;-0.07367231859320766;0.0015561435817629853
1993;Other Asia Pacific;276.7662567409029;-0.04705315243648667;-0.04115418864764997;0.0022095396269474184
1993;Non-OPEC;40116.368872447165;0.008257326812303845;0.015899100250315934;0.6467892451078547
1994;Brazil;691.6999999999998;-0.014225904957071211;0.03206011798712183;0.03323616083253194
1994;Ecuador;388.0;-0.013555296707416287;-0.005683478547010901;0.00526133980276409
1994;Venezuela;2752.0;0.021181739818512346;-0.13394124958545395;0.007276968172059719
1994;Romania;145.3689589041096;-0.0355191483164915;-0.023558237086606537;0.0007759589176207393
1994;Kazakhstan;445.85358904109586;0.002805857999285566;0.00728805079249728;0.0201496873359396
1994;Other CIS;42.39249315068494;0.009843248581402397;0.00992507322077918;0.00044202774865827356
1994;Iran;3730.027397260274;0.17380025940337207;-0.020484304153571276;0.04027732125202149
1994;Iraq;505.2756164383561;-0.0027401723179035775;0.03993176844808022;0.04564469402751451
1994;Algeria;1317.1372602739725;0.016989208741859496;-0.019168427742856653;0.015050055927252524
1994;Angola;556.7447671232876;-0.11636126750752052;-0.035451819809867224;0.012954233865224927
1994;Chad;0.0;-0.07739092430558159;0.0024234194310526203;0.0012960426251119768
1994;Tunisia;97.634602739726;0.2131251041424982;-0.04635888909716546;0.0005061458129315255
1994;Brunei;179.00000000000003;-0.03156361017471021;-0.042996666803827854;0.0011855572586830063
1995;Colombia;591.0;-0.05496561219969853;-0.021277019925614704;0.008212900920370417
1995;Peru;122.76191780821915;-0.028386022393809385;-0.021329472370361646;0.0014215574638193431
1995;Trinidad & Tobago;142.0;0.005146397625773513;-0.05570469569190595;0.0008522323203223141
1995;Italy;108.79603287671236;-0.10014250985906081;-0.009222628843048253;0.0011170127869380988
1995;United Kingdom;2769.1562739726023;-0.16645972114198726;-0.023935934873669962;0.009726109957763553
1995;Azerbaijan;185.06852054794518;0.011682567630082463;-0.025151566534754033;0.00803848537351843
1995;Libya;1439.0;1.9841735386632142;0.09418291840950377;0.014123075093373077
1995;Tunisia;95.22178082191782;0.2131251041424982;-0.04635888909716546;0.0005061458129315255
1995;China;2992.6482191780824;0.023909756953389927;-0.0019866075275165596;0.04443819533162619
1996;Argentina;822.7989071038252;0.04446044334881449;-0.0061333912486202236;0.006980921191439775
1996;Colombia;635.0;-0.05496561219969853;-0.021277019925614704;0.008212900920370417
1996;Venezuela;3137.0;0.021181739818512346;-0.13394124958545395;0.007276968172059719
1996;Denmark;208.0;-0.10211362064554186;-0.1170096789075572;0.0007196847935494618
1996;United Kingdom;2755.09781420765;-0.16645972114198726;-0.023935934873669962;0.009726109957763553
1996;Saudi Arabia;9086.503024461284;-0.00771709662166109;-0.001138257072443416;0.12187519844718395
1996;United Arab Emirates;2501.300000000001;-0.0069035508107067045;0.01062166278475929;0.04081028431245729
1996;Yemen;356.6633879781421;-0.2366792618132728;-0.1120656246470364;0.0007471712867693172
1996;Chad;0.0;-0.07739092430558159;0.0024234194310526203;0.0012960426251119768
1996;Gabon;364.50136612021856;-0.1273702023440476;-0.026300843778524374;0.0020138660626010745
1996;Sudan;5.0;0.011316056080317383;-0.14042020436364788;0.000713034224529678
1996;Tunisia;94.2425956284153;0.2131251041424982;-0.04635888909716546;0.0005061458129315255
1996;India;736.1059289617486;-0.03193165165427181;-0.022505178073259358;0.008301179800558844
1996;Vietnam;177.98415300546452;-0.07175184203549767;-0.04842662621691651;0.002138650655914335
1997;Canada;2587.590282844393;0.05818705316551864;0.04443196660016557;0.06040277751561736
1997;Venezuela;3321.123;0.021181739818512346;-0.13394124958545395;0.007276968172059719
1997;Other S. & Cent. America;107.61394520547942;0.20940024362901344;0.0451070358039638;0.0024981613875134758
1997;Turkmenistan;108.353698630137;0.15295127667772968;0.007527006661025348;0.002807356146183693
1997;United Arab Emirates;2521.7;-0.0069035508107067045;0.01062166278475929;0.04081028431245729
1997;Chad;0.0;-0.07739092430558159;0.0024234194310526203;0.0012960426251119768
1997;Equatorial Guinea;60.00000000000001;-0.11700800575183234;-0.07367231859320766;0.0015561435817629853
1997;Gabon;364.3784657534247;-0.1273702023440476;-0.026300843778524374;0.0020138660626010745
1997;South Sudan;0.0;-0.07259663781841252;;0.0016976445270429786
1997;Other Africa;188.1401095890411;-0.11473666799325744;0.039158123041266535;0.003261704928322147
1997;China;3215.7613698630125;0.023909756953389927;-0.0019866075275165596;0.04443819533162619
1997;India;753.6928767123288;-0.03193165165427181;-0.022505178073259358;0.008301179800558844
1997;Non-OECD;48898.86574299448;0.01949278875364291;-0.004849740898160371;0.6839519600707346
1997;OPEC;28233.804283268448;0.02939694730768805;-0.008004057369204176;0.3532107548921459
1997;European Union #;786.4479270219181;-0.0695851407390029;-0.048198144519203345;0.004072119458085688
1998;Brazil;1003.2;-0.014225904957071211;0.03206011798712183;0.03323616083253194
1998;Ecuador;385.0;-0.013555296707416287;-0.005683478547010901;0.00526133980276409
1998;Romania;136.76216438356158;-0.0355191483164915;-0.023558237086606537;0.0007759589176207393
1998;Turkmenistan;128.63698630136986;0.15295127667772968;0.007527006661025348;0.002807356146183693
1998;USSR;0.0;;;0.0
1998;Syria;576.2383561643836;1.2322452830603248;-0.12202203231432995;0.0010684326874164487
1998;United Arab Emirates;2610.1;-0.0069035508107067045;0.01062166278475929;0.04081028431245729
1998;Yemen;380.0915068493151;-0.2366792618132728;-0.1120656246470364;0.0007471712867693172
1998;Equatorial Guinea;83.0;-0.11700800575183234;-0.07367231859320766;0.0015561435817629853
1998;China;3216.765479452056;0.023909756953389927;-0.0019866075275165596;0.04443819533162619
1998;India;736.8262465753426;-0.03193165165427181;-0.022505178073259358;0.008301179800558844
1998;European Union #;776.6895051616439;-0.0695851407390029;-0.048198144519203345;0.004072119458085688
1999;Trinidad & Tobago;141.0;0.005146397625773513;-0.05570469569190595;0.0008522323203223141
1999;United Kingdom;2949.5423561643843;-0.16645972114198726;-0.023935934873669962;0.009726109957763553
1999;Turkmenistan;142.64438356164388;0.15295127667772968;0.007527006661025348;0.002807356146183693
1999;USSR;0.0;;;0.0
1999;Uzbekistan;190.87671232876716;-0.021865293215890147;-0.028459124665332403;0.0006670871753145301
1999;Saudi Arabia;8523.810351969549;-0.00771709662166109;-0.001138257072443416;0.12187519844718395
1999;Other Middle East;48.12134246575342;0.011403153025251411;-0.005507371067648537;0.0021211723339395906
1999;Egypt;827.4523287671234;-0.038370213606986225;-0.01604155377393679;0.006761229212210964
1999;Libya;1424.9999999999998;1.9841735386632142;0.09418291840950377;0.014123075093373077
1999;Nigeria;1894.5;-0.11071357403769111;-0.04054020661502922;0.01808623054191415
1999;Malaysia;691.0;-0.06971612164929131;-0.01391057266847573;0.006377158248748882
1999;Other Asia Pacific;219.8606512711117;-0.04705315243648667;-0.04115418864764997;0.0022095396269474184
1999;Non-OPEC;43018.54818361637;0.008257326812303845;0.015899100250315934;0.6467892451078547
2000;Mexico;3455.9456084672133;0.008399590758943809;-0.04134261126609773;0.021447657586514964
2000;Brazil;1276.2;-0.014225904957071211;0.03206011798712183;0.03323616083253194
2000;Peru;99.86122950819671;-0.028386022393809385;-0.021329472370361646;0.0014215574638193431
2000;Trinidad & Tobago;138.21225409836066;0.005146397625773513;-0.05570469569190595;0.0008522323203223141
2000;Venezuela;3111.632762568306;0.021181739818512346;-0.13394124958545395;0.007276968172059719
2000;Other S. & Cent. America;125.52049180327869;0.20940024362901344;0.0451070358039638;0.0024981613875134758
2000;Azerbaijan;281.1849726775956;0.011682567630082463;-0.025151566534754033;0.00803848537351843
2000;Syria;573.0000000000001;1.2322452830603248;-0.12202203231432995;0.0010684326874164487
2000;United Arab Emirates;2598.8979999999992;-0.0069035508107067045;0.01062166278475929;0.04081028431245729
2000;Other Middle East;48.12101092896175;0.011403153025251411;-0.005507371067648537;0.0021211723339395906
2000;Algeria;1549.1312841530055;0.016989208741859496;-0.019168427742856653;0.015050055927252524
2000;Republic of Congo;265.0;-0.10676038947024336;-0.00921011915616421;0.0030486149234955494
2000;Gabon;276.0;-0.1273702023440476;-0.026300843778524374;0.0020138660626010745
2000;Other Africa;145.0812568306011;-0.11473666799325744;0.039158123041266535;0.003261704928322147
2000;India;725.5675409836066;-0.03193165165427181;-0.022505178073259358;0.008301179800558844
2000;Malaysia;723.6123629646734;-0.06971612164929131;-0.01391057266847573;0.006377158248748882
2000;Vietnam;337.5262295081968;-0.07175184203549767;-0.04842662621691651;0.002138650655914335
2000;Other Asia Pacific;199.73091571688235;-0.04705315243648667;-0.04115418864764997;0.0022095396269474184
2001;Canada;2727.9581258047338;0.05818705316551864;0.04443196660016557;0.06040277751561736
2001;US;7669.60921917808;0.007749829893744842;0.07711669536220533;0.18453298748836555
2001;Ecuador;410.0;-0.013555296707416287;-0.005683478547010901;0.00526133980276409
2001;United Kingdom;2513.55775260274;-0.16645972114198726;-0.023935934873669962;0.009726109957763553
2001;Other Europe;419.373363479452;-0.01331744869897089;-0.016014041041597427;0.0031836959922757926
2001;Uzbekistan;153.53401369863013;-0.021865293215890147;-0.028459124665332403;0.0006670871753145301
2001;Syria;613.0;1.2322452830603248;-0.12202203231432995;0.0010684326874164487
2001;Algeria;1534.2477260273974;0.016989208741859496;-0.019168427742856653;0.015050055927252524
2001;Equatorial Guinea;194.0;-0.11700800575183234;-0.07367231859320766;0.0015561435817629853
2001;South Sudan;0.0;-0.07259663781841252;;0.0016976445270429786
2001;Indonesia;1387.0397106849316;-0.06802891313886739;-0.031486219917371105;0.007694437644600682
2001;Other Asia Pacific;196.06332424011018;-0.04705315243648667;-0.04115418864764997;0.0022095396269474184
2002;Venezuela;2975.087352191781;0.021181739818512346;-0.13394124958545395;0.007276968172059719
2002;Denmark;371.00000000000006;-0.10211362064554186;-0.1170096789075572;0.0007196847935494618
2002;Romania;127.86931506849315;-0.0355191483164915;-0.023558237086606537;0.0007759589176207393
2002;Other Europe;433.9897735342466;-0.01331744869897089;-0.016014041041597427;0.0031836959922757926
2002;Russian Federation;7754.790855616438;0.0259857799039811;0.003829406109763678;0.12176380683962577
2002;USSR;0.0;;;0.0
2002;Oman;897.3775342465754;0.02161418528430481;0.009349774253819332;0.01080620135997218
2002;United Arab Emirates;2366.26;-0.0069035508107067045;0.01062166278475929;0.04081028431245729
2002;Gabon;256.00000000000006;-0.1273702023440476;-0.026300843778524374;0.0020138660626010745
2002;Other Africa;136.36390136986302;-0.11473666799325744;0.039158123041266535;0.003261704928322147
2002;China;3351.0350136986303;0.023909756953389927;-0.0019866075275165596;0.04443819533162619
2002;Other Asia Pacific;200.03801607099462;-0.04705315243648667;-0.04115418864764997;0.0022095396269474184
2002;Non-OECD;51918.754079310995;0.01949278875364291;-0.004849740898160371;0.6839519600707346
2002;OPEC;27915.766384261857;0.02939694730768805;-0.008004057369204176;0.3532107548921459
2003;Mexico;3794.699588835617;0.008399590758943809;-0.04134261126609773;0.021447657586514964
2003;Kazakhstan;1080.63777260274;0.002805857999285566;0.00728805079249728;0.0201496873359396
2003;Turkmenistan;175.73150684931502;0.15295127667772968;0.007527006661025348;0.002807356146183693
2003;Iran;4083.606575739726;0.17380025940337207;-0.020484304153571276;0.04027732125202149
2003;Qatar;947.3885863703218;0.01863884943529248;-0.004373673468206385;0.019427799319937964
2003;Saudi Arabia;9628.159976346153;-0.00771709662166109;-0.001138257072443416;0.12187519844718395
2003;Syria;652.0000000000001;1.2322452830603248;-0.12202203231432995;0.0010684326874164487
2003;Republic of Congo;217.0;-0.10676038947024336;-0.00921011915616421;0.0030486149234955494
2003;Sudan;262.13031506849313;0.011316056080317383;-0.14042020436364788;0.000713034224529678
2003;Brunei;214.0;-0.03156361017471021;-0.042996666803827854;0.0011855572586830063
2003;Malaysia;760.7773253981212;-0.06971612164929131;-0.01391057266847573;0.006377158248748882
2003;OPEC;30254.71025702424;0.02939694730768805;-0.008004057369204176;0.3532107548921459
2003;European Union #;890.1862100547945;-0.0695851407390029;-0.048198144519203345;0.004072119458085688
2004;Kuwait;2520.219836065575;0.016986526061875118;-0.006236392048542427;0.030494068685284637
2004;Saudi Arabia;10305.911224365385;-0.00771709662166109;-0.001138257072443416;0.12187519844718395
2004;Syria;487.0;1.2322452830603248;-0.12202203231432995;0.0010684326874164487
2004;Other Middle East;48.453937158469955;0.011403153025251411;-0.005507371067648537;0.0021211723339395906
2004;Republic of Congo;225.0;-0.10676038947024336;-0.00921011915616421;0.0030486149234955494
2004;Gabon;273.0;-0.1273702023440476;-0.026300843778524374;0.0020138660626010745
2004;Libya;1622.2551010000002;1.9841735386632142;0.09418291840950377;0.014123075093373077
2004;Nigeria;2486.5524644808747;-0.11071357403769111;-0.04054020661502922;0.01808623054191415
2004;South Sudan;0.0;-0.07259663781841252;;0.0016976445270429786
2004;Australia;574.0345097475904;-0.0389567741348672;-0.00952504343187588;0.004841948866882152
2004;Indonesia;1129.709463387978;-0.06802891313886739;-0.031486219917371105;0.007694437644600682
2004;OPEC;33184.324842739574;0.02939694730768805;-0.008004057369204176;0.3532107548921459
2005;Canada;3040.896027523204;0.05818705316551864;0.04443196660016557;0.06040277751561736
2005;Mexico;3765.620804720548;0.008399590758943809;-0.04134261126609773;0.021447657586514964
2005;Trinidad & Tobago;171.51968219178082;0.005146397625773513;-0.05570469569190595;0.0008522323203223141
2005;Azerbaijan;444.91860273972605;0.011682567630082463;-0.025151566534754033;0.00803848537351843
2005;Kazakhstan;1294.5542530265288;0.002805857999285566;0.00728805079249728;0.0201496873359396
2005;Uzbekistan;114.75816438356165;-0.021865293215890147;-0.028459124665332403;0.0006670871753145301
2005;Other CIS;37.678000000000004;0.009843248581402397;0.00992507322077918;0.00044202774865827356
2005;Syria;448.0;1.2322452830603248;-0.12202203231432995;0.0010684326874164487
2005;Other Middle East;185.05381369863014;0.011403153025251411;-0.005507371067648537;0.0021211723339395906
2005;Chad;173.4246575342466;-0.07739092430558159;0.0024234194310526203;0.0012960426251119768
2005;Gabon;270.3301;-0.1273702023440476;-0.026300843778524374;0.0020138660626010745
2005;China;3641.963717808219;0.023909756953389927;-0.0019866075275165596;0.04443819533162619
2005;Non-OPEC;47617.16706103231;0.008257326812303845;0.015899100250315934;0.6467892451078547
2006;Mexico;3689.125730726027;0.008399590758943809;-0.04134261126609773;0.021447657586514964
2006;US;6824.858520547946;0.007749829893744842;0.07711669536220533;0.18453298748836555
2006;Brazil;1806.1294129223852;-0.014225904957071211;0.03206011798712183;0.03323616083253194
2006;Colombia;527.4087260273973;-0.05496561219969853;-0.021277019925614704;0.008212900920370417
2006;Other Europe;399.33670827397265;-0.01331744869897089;-0.016014041041597427;0.0031836959922757926
2006;Azerbaijan;646.1666849315069;0.011682567630082463;-0.025151566534754033;0.00803848537351843
2006;Uzbekistan;114.71767123287673;-0.021865293215890147;-0.028459124665332403;0.0006670871753145301
2006;Iraq;1999.0;-0.0027401723179035775;0.03993176844808022;0.04564469402751451
2006;Qatar;1237.817380910633;0.01863884943529248;-0.004373673468206385;0.019427799319937964
2006;Algeria;1979.4994520547946;0.016989208741859496;-0.019168427742856653;0.015050055927252524
2006;Equatorial Guinea;364.2961726027397;-0.11700800575183234;-0.07367231859320766;0.0015561435817629853
2006;Libya;1872.1458904109595;1.9841735386632142;0.09418291840950377;0.014123075093373077
2006;Other Asia Pacific;306.48565360703867;-0.04705315243648667;-0.04115418864764997;0.0022095396269474184
2006;European Union #;804.5963117424658;-0.0695851407390029;-0.048198144519203345;0.004072119458085688
2007;Mexico;3478.5303843863026;0.008399590758943809;-0.04134261126609773;0.021447657586514964
2007;Venezuela;3237.07061643836;0.021181739818512346;-0.13394124958545395;0.007276968172059719
2007;Norway;2551.02128639946;0.011004260860657089;-0.0007262343743977828;0.022528758184557043
2007;Romania;99.90471232876713;-0.0355191483164915;-0.023558237086606537;0.0007759589176207393
2007;Other Europe;397.36852047150137;-0.01331744869897089;-0.016014041041597427;0.0031836959922757926
2007;USSR;0.0;;;0.0
2007;Qatar;1262.7368453329675;0.01863884943529248;-0.004373673468206385;0.019427799319937964
2007;Syria;404.00000000000006;1.2322452830603248;-0.12202203231432995;0.0010684326874164487
2007;United Arab Emirates;3094.295;-0.0069035508107067045;0.01062166278475929;0.04081028431245729
2007;Egypt;698.4374866704946;-0.038370213606986225;-0.01604155377393679;0.006761229212210964
2007;Gabon;245.55580000000003;-0.1273702023440476;-0.026300843778524374;0.0020138660626010745
2007;Libya;1908.232876712329;1.9841735386632142;0.09418291840950377;0.014123075093373077
2007;South Sudan;0.0;-0.07259663781841252;;0.0016976445270429786
2007;Australia;551.8027957693157;-0.0389567741348672;-0.00952504343187588;0.004841948866882152
2007;China;3741.677824657535;0.023909756953389927;-0.0019866075275165596;0.04443819533162619
2007;of which: OECD;19674.251281236007;0.007351876295612625;0.03824488234060763;0.3160480399292659
2008;Azerbaijan;915.8311202185793;0.011682567630082463;-0.025151566534754033;0.00803848537351843
2008;Turkmenistan;215.33879781420768;0.15295127667772968;0.007527006661025348;0.002807356146183693
2008;Saudi Arabia;10664.794411923078;-0.00771709662166109;-0.001138257072443416;0.12187519844718395
2008;Gabon;239.5736;-0.1273702023440476;-0.026300843778524374;0.0020138660626010745
2008;Thailand;370.8114087431694;-0.05325556726463476;-0.007443437542828613;0.004429631594503935
2008;Vietnam;309.5781420765028;-0.07175184203549767;-0.04842662621691651;0.002138650655914335
2008;European Union #;708.8555125362044;-0.0695851407390029;-0.048198144519203345;0.004072119458085688
2009;Colombia;670.6032356164384;-0.05496561219969853;-0.021277019925614704;0.008212900920370417
2009;Other S. & Cent. America;135.67441847758676;0.20940024362901344;0.0451070358039638;0.0024981613875134758
2009;Kazakhstan;1609.481372599735;0.002805857999285566;0.00728805079249728;0.0201496873359396
2009;Iraq;2445.605150684932;-0.0027401723179035775;0.03993176844808022;0.04564469402751451
2009;Kuwait;2502.3670140547947;0.016986526061875118;-0.006236392048542427;0.030494068685284637
2009;Egypt;729.9892871790668;-0.038370213606986225;-0.01604155377393679;0.006761229212210964
2009;Equatorial Guinea;332.0547863013698;-0.11700800575183234;-0.07367231859320766;0.0015561435817629853
2009;South Sudan;0.0;-0.07259663781841252;;0.0016976445270429786
2009;Tunisia;82.46208219178084;0.2131251041424982;-0.04635888909716546;0.0005061458129315255
2009;Other Africa;181.4773760273973;-0.11473666799325744;0.039158123041266535;0.003261704928322147
2009;Australia;541.9796496683417;-0.0389567741348672;-0.00952504343187588;0.004841948866882152
2009;Brunei;168.35633475963277;-0.03156361017471021;-0.042996666803827854;0.0011855572586830063
2009;Thailand;385.2718416438356;-0.05325556726463476;-0.007443437542828613;0.004429631594503935
2010;Canada;3332.079800247055;0.05818705316551864;0.04443196660016557;0.06040277751561736
2010;Ecuador;488.0870101369863;-0.013555296707416287;-0.005683478547010901;0.00526133980276409
2010;Trinidad & Tobago;145.36759726027398;0.005146397625773513;-0.05570469569190595;0.0008522323203223141
2010;Kazakhstan;1675.710345764963;0.002805857999285566;0.00728805079249728;0.0201496873359396
2010;Iran;4420.620479452055;0.17380025940337207;-0.020484304153571276;0.04027732125202149
2010;Angola;1812.3182327412242;-0.11636126750752052;-0.035451819809867224;0.012954233865224927
2010;Egypt;724.6610778443114;-0.038370213606986225;-0.01604155377393679;0.006761229212210964
2010;Gabon;233.195;-0.1273702023440476;-0.026300843778524374;0.0020138660626010745
2010;Other Africa;148.8120054794521;-0.11473666799325744;0.039158123041266535;0.003261704928322147
2010;Indonesia;1003.0175857534247;-0.06802891313886739;-0.031486219917371105;0.007694437644600682
2010;Malaysia;732.6525415930779;-0.06971612164929131;-0.01391057266847573;0.006377158248748882
2010;Other Asia Pacific;318.0376115027744;-0.04705315243648667;-0.04115418864764997;0.0022095396269474184
2011;US;7890.316589041096;0.007749829893744842;0.07711669536220533;0.18453298748836555
2011;Argentina;667.2363986274496;0.04446044334881449;-0.0061333912486202236;0.006980921191439775
2011;Peru;158.50658630136988;-0.028386022393809385;-0.021329472370361646;0.0014215574638193431
2011;Venezuela;2755.02108219178;0.021181739818512346;-0.13394124958545395;0.007276968172059719
2011;Azerbaijan;932.075808219178;0.011682567630082463;-0.025151566534754033;0.00803848537351843
2011;Kazakhstan;1684.1450089901957;0.002805857999285566;0.00728805079249728;0.0201496873359396
2011;Uzbekistan;80.02391794520548;-0.021865293215890147;-0.028459124665332403;0.0006670871753145301
2011;Syria;352.8247;1.2322452830603248;-0.12202203231432995;0.0010684326874164487
2011;Yemen;220.4243;-0.2366792618132728;-0.1120656246470364;0.0007471712867693172
2011;South Sudan;0.0;-0.07259663781841252;;0.0016976445270429786
2011;OPEC;34401.94142163249;0.02939694730768805;-0.008004057369204176;0.3532107548921459
2012;Argentina;656.6560847174704;0.04446044334881449;-0.0061333912486202236;0.006980921191439775
2012;Peru;157.2329945355191;-0.028386022393809385;-0.021329472370361646;0.0014215574638193431
2012;Other S. & Cent. America;147.10313284047828;0.20940024362901344;0.0451070358039638;0.0024981613875134758
2012;Denmark;204.2353349453552;-0.10211362064554186;-0.1170096789075572;0.0007196847935494618
2012;United Kingdom;947.2613601092895;-0.16645972114198726;-0.023935934873669962;0.009726109957763553
2012;Azerbaijan;882.3212295081967;0.011682567630082463;-0.025151566534754033;0.00803848537351843
2012;Kuwait;3172.786939890711;0.016986526061875118;-0.006236392048542427;0.030494068685284637
2012;Oman;918.4718579234973;0.02161418528430481;0.009349774253819332;0.01080620135997218
2012;Qatar;1867.7548338572628;0.01863884943529248;-0.004373673468206385;0.019427799319937964
2012;Angola;1734.0636514441842;-0.11636126750752052;-0.035451819809867224;0.012954233865224927
2012;Egypt;715.2958180209921;-0.038370213606986225;-0.01604155377393679;0.006761229212210964
2012;South Sudan;31.040999999999997;-0.07259663781841252;;0.0016976445270429786
2012;India;925.7088922404373;-0.03193165165427181;-0.022505178073259358;0.008301179800558844
2012;Indonesia;916.819249180328;-0.06802891313886739;-0.031486219917371105;0.007694437644600682
2012;Thailand;470.76413551912566;-0.05325556726463476;-0.007443437542828613;0.004429631594503935
2012;OPEC;35850.618097155086;0.02939694730768805;-0.008004057369204176;0.3532107548921459
2013;US;10103.356;0.007749829893744842;0.07711669536220533;0.18453298748836555
2013;Colombia;1009.8716958065756;-0.05496561219969853;-0.021277019925614704;0.008212900920370417
2013;Other S. & Cent. America;151.7236074749501;0.20940024362901344;0.0451070358039638;0.0024981613875134758
2013;Norway;1837.6748254159756;0.011004260860657089;-0.0007262343743977828;0.022528758184557043
2013;Romania;85.98282191780822;-0.0355191483164915;-0.023558237086606537;0.0007759589176207393
2013;Azerbaijan;888.3813287671234;0.011682567630082463;-0.025151566534754033;0.00803848537351843
2013;Iraq;3099.471232876712;-0.0027401723179035775;0.03993176844808022;0.04564469402751451
2013;Chad;90.63539721179771;-0.07739092430558159;0.0024234194310526203;0.0012960426251119768
2013;Nigeria;2276.002471232877;-0.11071357403769111;-0.04054020661502922;0.01808623054191415
2013;Brunei;135.15639732887388;-0.03156361017471021;-0.042996666803827854;0.0011855572586830063
2013;Other Asia Pacific;274.4438533814408;-0.04705315243648667;-0.04115418864764997;0.0022095396269474184
2014;Argentina;637.593411475141;0.04446044334881449;-0.0061333912486202236;0.006980921191439775
2014;Italy;119.58407558881645;-0.10014250985906081;-0.009222628843048253;0.0011170127869380988
2014;Turkmenistan;263.2438356164384;0.15295127667772968;0.007527006661025348;0.002807356146183693
2014;Angola;1701.3738257534244;-0.11636126750752052;-0.035451819809867224;0.012954233865224927
2014;Equatorial Guinea;284.39848493150686;-0.11700800575183234;-0.07367231859320766;0.0015561435817629853
2014;Brunei;126.4207442913554;-0.03156361017471021;-0.042996666803827854;0.0011855572586830063
2014;China;4245.957726027397;0.023909756953389927;-0.0019866075275165596;0.04443819533162619
2014;Non-OECD;65147.194496348835;0.01949278875364291;-0.004849740898160371;0.6839519600707346
2014;OPEC;34702.97683736541;0.02939694730768805;-0.008004057369204176;0.3532107548921459
2014;Non-OPEC;54038.13242857457;0.008257326812303845;0.015899100250315934;0.6467892451078547
2015;Ecuador;543.0948606027397;-0.013555296707416287;-0.005683478547010901;0.00526133980276409
2015;United Kingdom;963.5287679452052;-0.16645972114198726;-0.023935934873669962;0.009726109957763553
2015;Kazakhstan;1694.7578857313702;0.002805857999285566;0.00728805079249728;0.0201496873359396
2015;Uzbekistan;59.532692739726016;-0.021865293215890147;-0.028459124665332403;0.0006670871753145301
2015;Iran;3852.759884931507;0.17380025940337207;-0.020484304153571276;0.04027732125202149
2015;Yemen;63.31256575342464;-0.2366792618132728;-0.1120656246470364;0.0007471712867693172
2015;Algeria;1557.6652328767127;0.016989208741859496;-0.019168427742856653;0.015050055927252524
2015;Chad;110.61388069107186;-0.07739092430558159;0.0024234194310526203;0.0012960426251119768
2015;South Sudan;147.73770141601562;-0.07259663781841252;;0.0016976445270429786
2015;Sudan;109.06215616438355;0.011316056080317383;-0.14042020436364788;0.000713034224529678
2015;Tunisia;56.92026931262786;0.2131251041424982;-0.04635888909716546;0.0005061458129315255
2015;Brunei;126.75415576574768;-0.03156361017471021;-0.042996666803827854;0.0011855572586830063
2015;Thailand;480.66610301369866;-0.05325556726463476;-0.007443437542828613;0.004429631594503935
2015;Vietnam;351.56547945205483;-0.07175184203549767;-0.04842662621691651;0.002138650655914335
2015;Other Asia Pacific;297.7928206420104;-0.04705315243648667;-0.04115418864764997;0.0022095396269474184
2015;Non-OECD;67125.71470683711;0.01949278875364291;-0.004849740898160371;0.6839519600707346
2015;Non-OPEC;55373.31758846714;0.008257326812303845;0.015899100250315934;0.6467892451078547
2016;Brazil;2607.419689937827;-0.014225904957071211;0.03206011798712183;0.03323616083253194
2016;Ecuador;548.3918326502734;-0.013555296707416287;-0.005683478547010901;0.00526133980276409
2016;Other S. & Cent. America;134.89982916593186;0.20940024362901344;0.0451070358039638;0.0024981613875134758
2016;Denmark;141.70371928961745;-0.10211362064554186;-0.1170096789075572;0.0007196847935494618
2016;United Kingdom;1014.8080424644808;-0.16645972114198726;-0.023935934873669962;0.009726109957763553
2016;Other Europe;313.2759102326688;-0.01331744869897089;-0.016014041041597427;0.0031836959922757926
2016;Other CIS;36.20946797814207;0.009843248581402397;0.00992507322077918;0.00044202774865827356
2016;Qatar;1790.12861486469;0.01863884943529248;-0.004373673468206385;0.019427799319937964
2016;Other Middle East;214.0420819672131;0.011403153025251411;-0.005507371067648537;0.0021211723339395906
2016;Libya;411.775956284153;1.9841735386632142;0.09418291840950377;0.014123075093373077
2016;Nigeria;1898.137174863388;-0.11071357403769111;-0.04054020661502922;0.01808623054191415
2016;South Sudan;136.6917;-0.07259663781841252;;0.0016976445270429786
2016;China;3999.15587431694;0.023909756953389927;-0.0019866075275165596;0.04443819533162619
2016;India;873.9200507639384;-0.03193165165427181;-0.022505178073259358;0.008301179800558844
2016;Other Asia Pacific;280.65192906382947;-0.04705315243648667;-0.04115418864764997;0.0022095396269474184
2017;Argentina;590.0627510798373;0.04446044334881449;-0.0061333912486202236;0.006980921191439775
2017;Brazil;2731.237612844092;-0.014225904957071211;0.03206011798712183;0.03323616083253194
2017;Colombia;854.0399496931507;-0.05496561219969853;-0.021277019925614704;0.008212900920370417
2017;Denmark;138.24625432876712;-0.10211362064554186;-0.1170096789075572;0.0007196847935494618
2017;Italy;86.04249246027399;-0.10014250985906081;-0.009222628843048253;0.0011170127869380988
2017;Norway;1971.044713419973;0.011004260860657089;-0.0007262343743977828;0.022528758184557043
2017;Other Europe;302.89487062583646;-0.01331744869897089;-0.016014041041597427;0.0031836959922757926
2017;Kazakhstan;1838.056061162776;0.002805857999285566;0.00728805079249728;0.0201496873359396
2017;Turkmenistan;268.8164383561644;0.15295127667772968;0.007527006661025348;0.002807356146183693
2017;Iran;4854.0;0.17380025940337207;-0.020484304153571276;0.04027732125202149
2017;Iraq;4537.9397661601015;-0.0027401723179035775;0.03993176844808022;0.04564469402751451
2017;Kuwait;3009.2677808219173;0.016986526061875118;-0.006236392048542427;0.030494068685284637
2017;United Arab Emirates;3909.546931999952;-0.0069035508107067045;0.01062166278475929;0.04081028431245729
2017;Algeria;1540.3256438356163;0.016989208741859496;-0.019168427742856653;0.015050055927252524
2017;Republic of Congo;269.73;-0.10676038947024336;-0.00921011915616421;0.0030486149234955494
2017;South Sudan;147.2005;-0.07259663781841252;;0.0016976445270429786
2017;Sudan;70.01402700719345;0.011316056080317383;-0.14042020436364788;0.000713034224529678
2017;Australia;322.11924219317143;-0.0389567741348672;-0.00952504343187588;0.004841948866882152
2017;OPEC;37206.390489456266;0.02939694730768805;-0.008004057369204176;0.3532107548921459
2018;Qatar;1792.793956825894;0.01863884943529248;-0.004373673468206385;0.019427799319937964
2018;Syria;24.05190086364746;1.2322452830603248;-0.12202203231432995;0.0010684326874164487
2018;Yemen;94.15611506849315;-0.2366792618132728;-0.1120656246470364;0.0007471712867693172
2018;Chad;115.50546027397259;-0.07739092430558159;0.0024234194310526203;0.0012960426251119768
2018;Egypt;674.4202739726028;-0.038370213606986225;-0.01604155377393679;0.006761229212210964
2018;Tunisia;44.456281452054796;0.2131251041424982;-0.04635888909716546;0.0005061458129315255
2018;Australia;341.84491098644673;-0.0389567741348672;-0.00952504343187588;0.004841948866882152
2018;Brunei;111.502722018498;-0.03156361017471021;-0.042996666803827854;0.0011855572586830063
2018;Thailand;475.2117605479452;-0.05325556726463476;-0.007443437542828613;0.004429631594503935
2018;Other Asia Pacific;233.6355805861608;-0.04705315243648667;-0.04115418864764997;0.0022095396269474184
2018;Non-OECD;67637.64236053439;0.01949278875364291;-0.004849740898160371;0.6839519600707346
2019;Other S. & Cent. America;121.8522253694146;0.20940024362901344;0.0451070358039638;0.0024981613875134758
2019;United Kingdom;1118.0651247241601;-0.16645972114198726;-0.023935934873669962;0.009726109957763553
2019;Other Europe;302.2343312602694;-0.01331744869897089;-0.016014041041597427;0.0031836959922757926
2019;Russian Federation;11679.000289002675;0.0259857799039811;0.003829406109763678;0.12176380683962577
2019;Other CIS;38.927866;0.009843248581402397;0.00992507322077918;0.00044202774865827356
2019;Kuwait;2976.156150684932;0.016986526061875118;-0.006236392048542427;0.030494068685284637
2019;Syria;33.6489;1.2322452830603248;-0.12202203231432995;0.0010684326874164487
2019;Other Middle East;214.44104657534245;0.011403153025251411;-0.005507371067648537;0.0021211723339395906
2019;Chad;126.87781095890408;-0.07739092430558159;0.0024234194310526203;0.0012960426251119768
2019;Nigeria;2101.3828904109587;-0.11071357403769111;-0.04054020661502922;0.01808623054191415
2019;Other Africa;347.79530754287424;-0.11473666799325744;0.039158123041266535;0.003261704928322147
2019;Australia;452.5384768381192;-0.0389567741348672;-0.00952504343187588;0.004841948866882152
2019;Indonesia;780.6611232876712;-0.06802891313886739;-0.031486219917371105;0.007694437644600682
2020;Argentina;600.7153507824004;0.04446044334881449;-0.0061333912486202236;0.006980921191439775
2020;Brazil;3030.270809001161;-0.014225904957071211;0.03206011798712183;0.03323616083253194
2020;Colombia;781.0826001092895;-0.05496561219969853;-0.021277019925614704;0.008212900920370417
2020;Iran;3084.0000000000005;0.17380025940337207;-0.020484304153571276;0.04027732125202149
2020;Oman;950.679508196721;0.02161418528430481;0.009349774253819332;0.01080620135997218
2020;Libya;425.3566087431695;1.9841735386632142;0.09418291840950377;0.014123075093373077
2020;Sudan;63.368213724486026;0.011316056080317383;-0.14042020436364788;0.000713034224529678
2021;Brazil;2987.1624644781236;-0.014225904957071211;0.03206011798712183;0.03323616083253194
2021;Venezuela;654.0312007848353;0.021181739818512346;-0.13394124958545395;0.007276968172059719
2021;Other S. & Cent. America;224.52695317578755;0.20940024362901344;0.0451070358039638;0.0024981613875134758
2021;Turkmenistan;252.31641363624482;0.15295127667772968;0.007527006661025348;0.002807356146183693
2021;Iraq;4102.4027230040665;-0.0027401723179035775;0.03993176844808022;0.04564469402751451
2021;Kuwait;2740.7117754930155;0.016986526061875118;-0.006236392048542427;0.030494068685284637
2021;Yemen;67.15342465753425;-0.2366792618132728;-0.1120656246470364;0.0007471712867693172
2021;Nigeria;1625.5339860379424;-0.11071357403769111;-0.04054020661502922;0.01808623054191415
2021;South Sudan;152.57899475097653;-0.07259663781841252;;0.0016976445270429786
2021;Brunei;106.55418838751808;-0.03156361017471021;-0.042996666803827854;0.0011855572586830063
2021;India;746.0841472051673;-0.03193165165427181;-0.022505178073259358;0.008301179800558844
2021;Vietnam;192.2152500154496;-0.07175184203549767;-0.04842662621691651;0.002138650655914335
2021;Non-OPEC;58131.39986743588;0.008257326812303845;0.015899100250315934;0.6467892451078547
2021;European Union #;365.9893950253791;-0.0695851407390029;-0.048198144519203345;0.004072119458085688
