Year;Quarter;Unit;Economic Activity;GDP;Date
2010;Q1;Index;Agriculture, Forestry & Fishing;64.2;2010-03
2010;Q1;Index;Mining & Quarrying;76.8;2010-03
2010;Q1;Index;Manufacturing : Manufacturing excluding petroleum refining;46.7;2010-03
2010;Q1;Index;Transport, Storage & Communication;49.8;2010-03
2010;Q1;Index;Government Activities;68.0;2010-03
2010;Q1;Index;Gross Value Added;58.2;2010-03
2010;Q1;Index;Gross Domestic Product;58.0;2010-03
2010;Q2;Index;Electricity, Gas and Water;63.4;2010-06
2010;Q2;Index;Finance, Insurance, Real Estate & Business Services : Finance , Insurance and Business sevices;51.2;2010-06
2010;Q2;Index;Gross Value Added;59.0;2010-06
2010;Q3;Index;Electricity, Gas and Water;91.8;2010-09
2010;Q3;Index;Transport, Storage & Communication;45.5;2010-09
2010;Q4;Index;Mining & Quarrying : Other Mining & Quarrying;54.8;2010-12
2010;Q4;Index;Construction;42.7;2010-12
2011;Q1;Index;Mining & Quarrying : Crude Petroleum & Natural Gas;88.4;2011-03
2011;Q1;Index;Mining & Quarrying : Other Mining & Quarrying;72.1;2011-03
2011;Q1;Index;Construction;51.1;2011-03
2011;Q1;Index;Wholesale & Retail Trade, Restaurants & hotels;51.7;2011-03
2011;Q1;Index;Finance, Insurance, Real Estate & Business Services : Finance , Insurance and Business sevices;51.2;2011-03
2011;Q1;Index;Community, Social & Personal Services;32.6;2011-03
2011;Q2;Index;Mining & Quarrying : Other Mining & Quarrying;67.3;2011-06
2011;Q3;Index;Transport, Storage & Communication;52.7;2011-09
2011;Q3;Index;Finance, Insurance, Real Estate & Business Services : Finance , Insurance and Business sevices;47.3;2011-09
2011;Q3;Index;Gross Value Added;68.1;2011-09
2011;Q3;Index;Gross Domestic Product;68.0;2011-09
2011;Q4;Index;Mining & Quarrying : Crude Petroleum & Natural Gas;99.8;2011-12
2011;Q4;Index;Transport, Storage & Communication;57.1;2011-12
2011;Q4;Index;Government Activities;94.1;2011-12
2011;Q4;Index;Net Taxes on Products;77.2;2011-12
2011;Q4;Index;Gross Domestic Product;71.2;2011-12
2012;Q1;Index;Mining & Quarrying : Other Mining & Quarrying;75.1;2012-03
2012;Q1;Index;Transport, Storage & Communication;62.4;2012-03
2012;Q1;Index;Finance, Insurance, Real Estate & Business Services;60.6;2012-03
2012;Q2;Index;Mining & Quarrying;101.1;2012-06
2012;Q2;Index;Mining & Quarrying : Crude Petroleum & Natural Gas;101.7;2012-06
2012;Q3;Index;Mining & Quarrying;99.7;2012-09
2012;Q3;Index;Mining & Quarrying : Crude Petroleum & Natural Gas;100.3;2012-09
2012;Q3;Index;Finance, Insurance, Real Estate & Business Services;58.5;2012-09
2012;Q3;Index;Finance, Insurance, Real Estate & Business Services : Real Estate;66.7;2012-09
2012;Q4;Index;Wholesale & Retail Trade, Restaurants & hotels;60.8;2012-12
2012;Q4;Index;Transport, Storage & Communication;60.4;2012-12
2012;Q4;Index;Community, Social & Personal Services;35.2;2012-12
2012;Q4;Index;Gross Value Added;72.3;2012-12
2013;Q1;Index;Agriculture, Forestry & Fishing;74.9;2013-03
2013;Q1;Index;Mining & Quarrying : Other Mining & Quarrying;77.3;2013-03
2013;Q1;Index;Manufacturing : Manufacturing excluding petroleum refining;61.1;2013-03
2013;Q1;Index;Finance, Insurance, Real Estate & Business Services : Finance , Insurance and Business sevices;57.1;2013-03
2013;Q1;Index;Community, Social & Personal Services;38.9;2013-03
2013;Q2;Index;Agriculture, Forestry & Fishing;78.3;2013-06
2013;Q2;Index;Manufacturing;64.4;2013-06
2013;Q2;Index;Manufacturing : Petroleum Refining;62.8;2013-06
2013;Q2;Index;Manufacturing : Manufacturing excluding petroleum refining;62.5;2013-06
2013;Q2;Index;Electricity, Gas and Water;78.4;2013-06
2013;Q2;Index;Community, Social & Personal Services;38.8;2013-06
2013;Q3;Index;Agriculture, Forestry & Fishing;80.4;2013-09
2013;Q3;Index;Manufacturing : Manufacturing excluding petroleum refining;59.8;2013-09
2013;Q3;Index;Transport, Storage & Communication;60.6;2013-09
2013;Q4;Index;Manufacturing : Manufacturing excluding petroleum refining;56.6;2013-12
2013;Q4;Index;Construction;58.0;2013-12
2013;Q4;Index;Finance, Insurance, Real Estate & Business Services : Real Estate;77.2;2013-12
2013;Q4;Index;Gross Domestic Product;75.9;2013-12
2014;Q1;Index;Finance, Insurance, Real Estate & Business Services : Finance , Insurance and Business sevices;59.2;2014-03
2014;Q2;Index;Mining & Quarrying : Crude Petroleum & Natural Gas;98.8;2014-06
2014;Q2;Index;Manufacturing : Petroleum Refining;73.7;2014-06
2014;Q2;Index;Manufacturing : Manufacturing excluding petroleum refining;67.0;2014-06
2014;Q2;Index;Net Taxes on Products;86.3;2014-06
2014;Q2;Index;Gross Domestic Product;75.8;2014-06
2014;Q3;Index;Wholesale & Retail Trade, Restaurants & hotels;66.1;2014-09
2014;Q3;Index;Community, Social & Personal Services;45.7;2014-09
2014;Q3;Index;Net Taxes on Products;98.4;2014-09
2014;Q3;Index;Gross Domestic Product;76.2;2014-09
2014;Q4;Index;Mining & Quarrying : Crude Petroleum & Natural Gas;98.9;2014-12
2015;Q1;Index;Agriculture, Forestry & Fishing;81.8;2015-03
2015;Q1;Index;Mining & Quarrying;99.0;2015-03
2015;Q1;Index;Electricity, Gas and Water;31.6;2015-03
2015;Q1;Index;Gross Domestic Product;79.4;2015-03
2015;Q2;Index;Agriculture, Forestry & Fishing;85.3;2015-06
2015;Q2;Index;Wholesale & Retail Trade, Restaurants & hotels;64.7;2015-06
2015;Q2;Index;Government Activities;84.1;2015-06
2015;Q2;Index;Gross Value Added;80.1;2015-06
2015;Q3;Index;Mining & Quarrying;105.2;2015-09
2015;Q3;Index;Finance, Insurance, Real Estate & Business Services : Real Estate;80.0;2015-09
2015;Q3;Index;Government Activities;79.2;2015-09
2015;Q3;Index;Net Taxes on Products;98.9;2015-09
2015;Q4;Index;Mining & Quarrying;104.2;2015-12
2015;Q4;Index;Mining & Quarrying : Other Mining & Quarrying;69.1;2015-12
2015;Q4;Index;Construction;65.5;2015-12
2015;Q4;Index;Finance, Insurance, Real Estate & Business Services : Real Estate;81.8;2015-12
2015;Q4;Index;Net Taxes on Products;94.1;2015-12
2016;Q1;Index;Manufacturing : Petroleum Refining;101.7;2016-03
2016;Q2;Index;Mining & Quarrying;104.6;2016-06
2016;Q2;Index;Mining & Quarrying : Other Mining & Quarrying;75.9;2016-06
2016;Q2;Index;Manufacturing : Petroleum Refining;97.9;2016-06
2016;Q2;Index;Finance, Insurance, Real Estate & Business Services : Finance , Insurance and Business sevices;61.1;2016-06
2016;Q3;Index;Mining & Quarrying : Crude Petroleum & Natural Gas;109.4;2016-09
2016;Q3;Index;Manufacturing : Petroleum Refining;104.4;2016-09
2016;Q4;Index;Construction;63.6;2016-12
2016;Q4;Index;Net Taxes on Products;79.6;2016-12
2017;Q1;Index;Transport, Storage & Communication;78.6;2017-03
2017;Q1;Index;Community, Social & Personal Services;61.4;2017-03
2017;Q1;Index;Net Taxes on Products;70.5;2017-03
2017;Q2;Index;Mining & Quarrying;102.4;2017-06
2017;Q2;Index;Manufacturing;82.4;2017-06
2017;Q2;Index;Manufacturing : Manufacturing excluding petroleum refining;74.4;2017-06
2017;Q2;Index;Electricity, Gas and Water;101.0;2017-06
2017;Q2;Index;Transport, Storage & Communication;75.9;2017-06
2017;Q2;Index;Finance, Insurance, Real Estate & Business Services : Real Estate;86.8;2017-06
2017;Q2;Index;Finance, Insurance, Real Estate & Business Services : Finance , Insurance and Business sevices;60.4;2017-06
2017;Q2;Index;Community, Social & Personal Services;60.7;2017-06
2017;Q2;Index;Government Activities;83.0;2017-06
2017;Q2;Index;Gross Value Added;81.1;2017-06
2017;Q2;Index;Net Taxes on Products;79.0;2017-06
2017;Q3;Index;Gross Value Added;82.2;2017-09
2017;Q3;Index;Net Taxes on Products;66.7;2017-09
2017;Q4;Index;Manufacturing : Manufacturing excluding petroleum refining;70.3;2017-12
2017;Q4;Index;Finance, Insurance, Real Estate & Business Services;79.1;2017-12
2017;Q4;Index;Finance, Insurance, Real Estate & Business Services : Real Estate;88.1;2017-12
2017;Q4;Index;Government Activities;103.0;2017-12
2017;Q4;Index;Gross Domestic Product;86.2;2017-12
2018;Q2;Index;Mining & Quarrying;104.1;2018-06
2018;Q2;Index;Mining & Quarrying : Crude Petroleum & Natural Gas;104.5;2018-06
2018;Q2;Index;Finance, Insurance, Real Estate & Business Services : Real Estate;89.2;2018-06
2018;Q2;Index;Finance, Insurance, Real Estate & Business Services : Finance , Insurance and Business sevices;65.9;2018-06
2018;Q2;Index;Net Taxes on Products;79.3;2018-06
2018;Q3;Index;Mining & Quarrying : Other Mining & Quarrying;82.7;2018-09
2018;Q3;Index;Construction;67.4;2018-09
2018;Q4;Index;Mining & Quarrying : Crude Petroleum & Natural Gas;111.5;2018-12
2018;Q4;Index;Manufacturing : Manufacturing excluding petroleum refining;71.7;2018-12
2018;Q4;Index;Construction;67.1;2018-12
2018;Q4;Index;Finance, Insurance, Real Estate & Business Services : Real Estate;90.2;2018-12
2018;Q4;Index;Finance, Insurance, Real Estate & Business Services : Finance , Insurance and Business sevices;76.8;2018-12
2019;Q1;Index;Agriculture, Forestry & Fishing;89.4;2019-03
2019;Q1;Index;Mining & Quarrying : Crude Petroleum & Natural Gas;103.2;2019-03
2019;Q1;Index;Finance, Insurance, Real Estate & Business Services : Finance , Insurance and Business sevices;67.6;2019-03
2019;Q1;Index;Government Activities;96.9;2019-03
2019;Q2;Index;Mining & Quarrying : Crude Petroleum & Natural Gas;101.0;2019-06
2019;Q2;Index;Mining & Quarrying : Other Mining & Quarrying;86.1;2019-06
2019;Q2;Index;Manufacturing : Manufacturing excluding petroleum refining;79.2;2019-06
2019;Q2;Index;Government Activities;90.5;2019-06
2019;Q3;Index;Mining & Quarrying;100.8;2019-09
2019;Q3;Index;Manufacturing : Petroleum Refining;99.1;2019-09
2019;Q3;Index;Finance, Insurance, Real Estate & Business Services;79.0;2019-09
2020;Q1;Index;Manufacturing : Petroleum Refining;75.6;2020-03
2020;Q1;Index;Wholesale & Retail Trade, Restaurants & hotels;75.3;2020-03
2020;Q1;Index;Finance, Insurance, Real Estate & Business Services : Finance , Insurance and Business sevices;69.7;2020-03
2020;Q1;Index;Community, Social & Personal Services;75.2;2020-03
2020;Q2;Index;Agriculture, Forestry & Fishing;94.2;2020-06
2020;Q2;Index;Manufacturing : Manufacturing excluding petroleum refining;72.8;2020-06
2020;Q2;Index;Construction;58.0;2020-06
2020;Q2;Index;Government Activities;88.7;2020-06
2020;Q2;Index;Net Taxes on Products;70.4;2020-06
2020;Q3;Index;Manufacturing;78.1;2020-09
2020;Q3;Index;Finance, Insurance, Real Estate & Business Services : Real Estate;90.6;2020-09
2020;Q3;Index;Gross Value Added;82.6;2020-09
2020;Q3;Index;Net Taxes on Products;77.1;2020-09
2020;Q4;Index;Agriculture, Forestry & Fishing;82.9;2020-12
2020;Q4;Index;Manufacturing : Petroleum Refining;101.6;2020-12
2020;Q4;Index;Wholesale & Retail Trade, Restaurants & hotels;81.9;2020-12
2020;Q4;Index;Finance, Insurance, Real Estate & Business Services;87.5;2020-12
2021;Q1;Index;Manufacturing;90.2;2021-03
2021;Q1;Index;Manufacturing : Petroleum Refining;91.9;2021-03
2021;Q1;Index;Net Taxes on Products;80.7;2021-03
2021;Q2;Index;Mining & Quarrying;88.4;2021-06
2021;Q2;Index;Transport, Storage & Communication;75.5;2021-06
2021;Q2;Index;Finance, Insurance, Real Estate & Business Services;86.0;2021-06
2021;Q2;Index;Community, Social & Personal Services;77.8;2021-06
2021;Q2;Index;Gross Value Added;84.8;2021-06
2021;Q3;Index;Mining & Quarrying : Crude Petroleum & Natural Gas;101.7;2021-09
2021;Q3;Index;Community, Social & Personal Services;80.1;2021-09
2021;Q4;Index;Mining & Quarrying : Crude Petroleum & Natural Gas;104.1;2021-12
2021;Q4;Index;Construction;78.3;2021-12
2021;Q4;Index;Finance, Insurance, Real Estate & Business Services : Real Estate;96.1;2021-12
2021;Q4;Index;Community, Social & Personal Services;82.0;2021-12
2021;Q4;Index;Gross Value Added;95.3;2021-12
2021;Q4;Index;Gross Domestic Product;94.8;2021-12
2022;Q1;Index;Transport, Storage & Communication;92.4;2022-03
2022;Q1;Index;Government Activities;103.6;2022-03
2022;Q1;Index;Gross Value Added;96.4;2022-03
2022;Q2;Index;Finance, Insurance, Real Estate & Business Services : Real Estate;98.1;2022-06
2022;Q2;Index;Gross Domestic Product;96.8;2022-06
2022;Q3;Index;Agriculture, Forestry & Fishing;105.0;2022-09
2022;Q3;Index;Mining & Quarrying : Crude Petroleum & Natural Gas;116.7;2022-09
2022;Q4;Index;Finance, Insurance, Real Estate & Business Services;101.6;2022-12
2022;Q4;Index;Gross Value Added;104.4;2022-12
2022;Q4;Index;Gross Domestic Product;103.9;2022-12
2023;Q1;Index;Finance, Insurance, Real Estate & Business Services;95.3;2023-03
2023;Q1;Index;Gross Value Added;101.6;2023-03
2023;Q2;Index;Mining & Quarrying : Crude Petroleum & Natural Gas;104.7;2023-06
2023;Q2;Index;Manufacturing;106.5;2023-06
2023;Q2;Index;Manufacturing : Manufacturing excluding petroleum refining;107.1;2023-06
2023;Q2;Index;Electricity, Gas and Water;106.3;2023-06
2023;Q2;Index;Gross Value Added;99.4;2023-06
2023;Q2;Index;Net Taxes on Products;98.5;2023-06
2023;Q3;Index;Mining & Quarrying;95.5;2023-09
2023;Q3;Index;Community, Social & Personal Services;96.8;2023-09
2023;Q4;Index;Mining & Quarrying : Crude Petroleum & Natural Gas;93.6;2023-12
2023;Q4;Index;Manufacturing : Manufacturing excluding petroleum refining;94.6;2023-12
2023;Q4;Index;Transport, Storage & Communication;110.8;2023-12
2023;Q4;Index;Finance, Insurance, Real Estate & Business Services;106.7;2023-12
2023;Q4;Index;Finance, Insurance, Real Estate & Business Services : Real Estate;100.1;2023-12
2024;Q1;Index;Transport, Storage & Communication;105.9;2024-03
2024;Q1;Index;Government Activities;108.4;2024-03
2024;Q2;Index;Manufacturing : Petroleum Refining;108.4;2024-06
2024;Q2;Index;Gross Domestic Product;100.5;2024-06
2024;Q3;Index;Mining & Quarrying;95.6;2024-09
2024;Q3;Index;Manufacturing;99.7;2024-09
2024;Q3;Index;Manufacturing : Petroleum Refining;100.6;2024-09
2024;Q3;Index;Construction;107.8;2024-09
2024;Q3;Index;Transport, Storage & Communication;98.6;2024-09
2024;Q3;Index;Finance, Insurance, Real Estate & Business Services : Finance , Insurance and Business sevices;117.9;2024-09
2024;Q3;Index;Community, Social & Personal Services;101.5;2024-09
2024;Q4;Index;Manufacturing : Manufacturing excluding petroleum refining;100.2;2024-12
2024;Q4;Index;Finance, Insurance, Real Estate & Business Services : Finance , Insurance and Business sevices;121.2;2024-12
2024;Q4;Index;Gross Value Added;106.0;2024-12
2024;Q4;Index;Net Taxes on Products;107.0;2024-12
2025;Q1;Index;Mining & Quarrying;91.4;2025-03
2025;Q1;Index;Mining & Quarrying : Other Mining & Quarrying;122.5;2025-03
2025;Q1;Index;Manufacturing : Petroleum Refining;102.2;2025-03
2025;Q1;Index;Finance, Insurance, Real Estate & Business Services;108.8;2025-03
2025;Q1;Index;Finance, Insurance, Real Estate & Business Services : Real Estate;110.1;2025-03
2025;Q1;Index;Community, Social & Personal Services;118.7;2025-03
2025;Q1;Index;Gross Domestic Product;105.7;2025-03
2025;Q2;Index;Mining & Quarrying : Other Mining & Quarrying;111.6;2025-06
2025;Q2;Index;Wholesale & Retail Trade, Restaurants & hotels;112.3;2025-06
2025;Q2;Index;Community, Social & Personal Services;107.4;2025-06
2025;Q2;Index;Net Taxes on Products;107.5;2025-06
2025;Q3;Index;Manufacturing : Petroleum Refining;112.7;2025-09
2025;Q3;Index;Manufacturing : Manufacturing excluding petroleum refining;103.8;2025-09
2025;Q3;Index;Wholesale & Retail Trade, Restaurants & hotels;109.0;2025-09
2025;Q3;Index;Gross Value Added;106.9;2025-09
2025;Q4;Index;Agriculture, Forestry & Fishing;103.2;2025-12
2025;Q4;Index;Mining & Quarrying : Other Mining & Quarrying;103.0;2025-12
2025;Q4;Index;Net Taxes on Products;110.8;2025-12
2010;Q1;Million of Saudi Riyals;Mining & Quarrying : Other Mining & Quarrying;3081.0;2010-03
2010;Q1;Million of Saudi Riyals;Finance, Insurance, Real Estate & Business Services;72160.0;2010-03
2010;Q2;Million of Saudi Riyals;Manufacturing : Manufacturing excluding petroleum refining;56029.0;2010-06
2010;Q2;Million of Saudi Riyals;Community, Social & Personal Services;11283.0;2010-06
2010;Q2;Million of Saudi Riyals;Government Activities;98146.0;2010-06
2010;Q3;Million of Saudi Riyals;Mining & Quarrying : Crude Petroleum & Natural Gas;207545.0;2010-09
2010;Q3;Million of Saudi Riyals;Electricity, Gas and Water;14646.0;2010-09
2010;Q3;Million of Saudi Riyals;Gross Value Added;642208.0;2010-09
2010;Q3;Million of Saudi Riyals;Gross Domestic Product;675136.0;2010-09
2010;Q4;Million of Saudi Riyals;Construction;36072.0;2010-12
2010;Q4;Million of Saudi Riyals;Wholesale & Retail Trade, Restaurants & hotels;60082.0;2010-12
2011;Q1;Million of Saudi Riyals;Mining & Quarrying : Crude Petroleum & Natural Gas;227384.0;2011-03
2011;Q1;Million of Saudi Riyals;Community, Social & Personal Services;13287.0;2011-03
2011;Q1;Million of Saudi Riyals;Gross Value Added;706924.0;2011-03
2011;Q2;Million of Saudi Riyals;Manufacturing : Manufacturing excluding petroleum refining;68791.0;2011-06
2011;Q3;Million of Saudi Riyals;Agriculture, Forestry & Fishing;20586.0;2011-09
2011;Q3;Million of Saudi Riyals;Finance, Insurance, Real Estate & Business Services;67799.0;2011-09
2011;Q4;Million of Saudi Riyals;Mining & Quarrying;259294.0;2011-12
2011;Q4;Million of Saudi Riyals;Electricity, Gas and Water;7273.0;2011-12
2011;Q4;Million of Saudi Riyals;Finance, Insurance, Real Estate & Business Services : Real Estate;35730.0;2011-12
2011;Q4;Million of Saudi Riyals;Community, Social & Personal Services;13480.0;2011-12
2012;Q1;Million of Saudi Riyals;Mining & Quarrying : Crude Petroleum & Natural Gas;258321.0;2012-03
2012;Q1;Million of Saudi Riyals;Manufacturing : Petroleum Refining;43089.0;2012-03
2012;Q1;Million of Saudi Riyals;Community, Social & Personal Services;14692.0;2012-03
2012;Q1;Million of Saudi Riyals;Government Activities;117260.0;2012-03
2012;Q1;Million of Saudi Riyals;Gross Value Added;775655.0;2012-03
2012;Q2;Million of Saudi Riyals;Mining & Quarrying : Other Mining & Quarrying;3290.0;2012-06
2012;Q2;Million of Saudi Riyals;Transport, Storage & Communication;36736.0;2012-06
2012;Q2;Million of Saudi Riyals;Gross Value Added;774465.0;2012-06
2012;Q3;Million of Saudi Riyals;Mining & Quarrying : Crude Petroleum & Natural Gas;257902.0;2012-09
2012;Q3;Million of Saudi Riyals;Manufacturing : Manufacturing excluding petroleum refining;64208.0;2012-09
2012;Q3;Million of Saudi Riyals;Electricity, Gas and Water;17451.0;2012-09
2012;Q3;Million of Saudi Riyals;Finance, Insurance, Real Estate & Business Services : Real Estate;39304.0;2012-09
2012;Q3;Million of Saudi Riyals;Finance, Insurance, Real Estate & Business Services : Finance , Insurance and Business sevices;34897.0;2012-09
2012;Q3;Million of Saudi Riyals;Gross Domestic Product;816590.0;2012-09
2012;Q4;Million of Saudi Riyals;Manufacturing;107144.0;2012-12
2012;Q4;Million of Saudi Riyals;Manufacturing : Petroleum Refining;45415.0;2012-12
2012;Q4;Million of Saudi Riyals;Finance, Insurance, Real Estate & Business Services : Finance , Insurance and Business sevices;36007.0;2012-12
2012;Q4;Million of Saudi Riyals;Community, Social & Personal Services;14355.0;2012-12
2012;Q4;Million of Saudi Riyals;Government Activities;150887.0;2012-12
2013;Q1;Million of Saudi Riyals;Mining & Quarrying : Crude Petroleum & Natural Gas;237760.0;2013-03
2013;Q1;Million of Saudi Riyals;Manufacturing;115671.0;2013-03
2013;Q1;Million of Saudi Riyals;Manufacturing : Manufacturing excluding petroleum refining;72633.0;2013-03
2013;Q1;Million of Saudi Riyals;Gross Domestic Product;819438.0;2013-03
2013;Q2;Million of Saudi Riyals;Agriculture, Forestry & Fishing;21992.0;2013-06
2013;Q2;Million of Saudi Riyals;Manufacturing;116904.0;2013-06
2013;Q2;Million of Saudi Riyals;Wholesale & Retail Trade, Restaurants & hotels;71764.0;2013-06
2013;Q2;Million of Saudi Riyals;Government Activities;127595.0;2013-06
2013;Q2;Million of Saudi Riyals;Gross Value Added;789412.0;2013-06
2013;Q3;Million of Saudi Riyals;Electricity, Gas and Water;18211.0;2013-09
2013;Q3;Million of Saudi Riyals;Finance, Insurance, Real Estate & Business Services;80877.0;2013-09
2013;Q3;Million of Saudi Riyals;Community, Social & Personal Services;16150.0;2013-09
2013;Q4;Million of Saudi Riyals;Agriculture, Forestry & Fishing;16363.0;2013-12
2013;Q4;Million of Saudi Riyals;Transport, Storage & Communication;41178.0;2013-12
2013;Q4;Million of Saudi Riyals;Finance, Insurance, Real Estate & Business Services;84795.0;2013-12
2013;Q4;Million of Saudi Riyals;Finance, Insurance, Real Estate & Business Services : Real Estate;45509.0;2013-12
2014;Q1;Million of Saudi Riyals;Construction;53358.0;2014-03
2014;Q1;Million of Saudi Riyals;Finance, Insurance, Real Estate & Business Services : Finance , Insurance and Business sevices;40372.0;2014-03
2014;Q2;Million of Saudi Riyals;Agriculture, Forestry & Fishing;22883.0;2014-06
2014;Q2;Million of Saudi Riyals;Mining & Quarrying : Crude Petroleum & Natural Gas;253964.0;2014-06
2014;Q2;Million of Saudi Riyals;Construction;52998.0;2014-06
2014;Q3;Million of Saudi Riyals;Wholesale & Retail Trade, Restaurants & hotels;82928.0;2014-09
2014;Q3;Million of Saudi Riyals;Transport, Storage & Communication;39461.0;2014-09
2014;Q3;Million of Saudi Riyals;Finance, Insurance, Real Estate & Business Services;83183.0;2014-09
2014;Q3;Million of Saudi Riyals;Community, Social & Personal Services;18608.0;2014-09
2014;Q4;Million of Saudi Riyals;Manufacturing : Petroleum Refining;55627.0;2014-12
2014;Q4;Million of Saudi Riyals;Manufacturing : Manufacturing excluding petroleum refining;75117.0;2014-12
2014;Q4;Million of Saudi Riyals;Wholesale & Retail Trade, Restaurants & hotels;86654.0;2014-12
2015;Q1;Million of Saudi Riyals;Electricity, Gas and Water;5044.0;2015-03
2015;Q1;Million of Saudi Riyals;Finance, Insurance, Real Estate & Business Services : Real Estate;48815.0;2015-03
2015;Q1;Million of Saudi Riyals;Community, Social & Personal Services;21976.0;2015-03
2015;Q2;Million of Saudi Riyals;Manufacturing : Manufacturing excluding petroleum refining;82649.0;2015-06
2015;Q2;Million of Saudi Riyals;Finance, Insurance, Real Estate & Business Services;87887.0;2015-06
2015;Q3;Million of Saudi Riyals;Wholesale & Retail Trade, Restaurants & hotels;85932.0;2015-09
2015;Q3;Million of Saudi Riyals;Finance, Insurance, Real Estate & Business Services : Finance , Insurance and Business sevices;38498.0;2015-09
2015;Q3;Million of Saudi Riyals;Community, Social & Personal Services;19931.0;2015-09
2015;Q4;Million of Saudi Riyals;Manufacturing : Manufacturing excluding petroleum refining;82251.0;2015-12
2015;Q4;Million of Saudi Riyals;Electricity, Gas and Water;8623.0;2015-12
2015;Q4;Million of Saudi Riyals;Finance, Insurance, Real Estate & Business Services : Finance , Insurance and Business sevices;41773.0;2015-12
2015;Q4;Million of Saudi Riyals;Community, Social & Personal Services;19698.0;2015-12
2015;Q4;Million of Saudi Riyals;Gross Domestic Product;934503.0;2015-12
2016;Q1;Million of Saudi Riyals;Construction;53863.0;2016-03
2016;Q1;Million of Saudi Riyals;Finance, Insurance, Real Estate & Business Services;91463.0;2016-03
2016;Q1;Million of Saudi Riyals;Government Activities;145553.0;2016-03
2016;Q2;Million of Saudi Riyals;Mining & Quarrying : Crude Petroleum & Natural Gas;270616.0;2016-06
2016;Q2;Million of Saudi Riyals;Transport, Storage & Communication;45775.0;2016-06
2016;Q2;Million of Saudi Riyals;Government Activities;130407.0;2016-06
2016;Q2;Million of Saudi Riyals;Net Taxes on Products;47772.0;2016-06
2016;Q3;Million of Saudi Riyals;Mining & Quarrying;284541.0;2016-09
2016;Q3;Million of Saudi Riyals;Wholesale & Retail Trade, Restaurants & hotels;85017.0;2016-09
2016;Q3;Million of Saudi Riyals;Finance, Insurance, Real Estate & Business Services : Real Estate;47581.0;2016-09
2016;Q3;Million of Saudi Riyals;Community, Social & Personal Services;22604.0;2016-09
2016;Q3;Million of Saudi Riyals;Net Taxes on Products;39678.0;2016-09
2016;Q4;Million of Saudi Riyals;Mining & Quarrying : Other Mining & Quarrying;3124.0;2016-12
2016;Q4;Million of Saudi Riyals;Community, Social & Personal Services;22717.0;2016-12
2016;Q4;Million of Saudi Riyals;Gross Value Added;911779.0;2016-12
2016;Q4;Million of Saudi Riyals;Net Taxes on Products;47138.0;2016-12
2017;Q1;Million of Saudi Riyals;Mining & Quarrying : Other Mining & Quarrying;3936.0;2017-03
2017;Q1;Million of Saudi Riyals;Net Taxes on Products;41728.0;2017-03
2017;Q2;Million of Saudi Riyals;Community, Social & Personal Services;24718.0;2017-06
2017;Q2;Million of Saudi Riyals;Gross Domestic Product;922635.0;2017-06
2017;Q3;Million of Saudi Riyals;Mining & Quarrying;271465.0;2017-09
2017;Q3;Million of Saudi Riyals;Mining & Quarrying : Other Mining & Quarrying;3790.0;2017-09
2017;Q3;Million of Saudi Riyals;Manufacturing;146310.0;2017-09
2017;Q3;Million of Saudi Riyals;Electricity, Gas and Water;24018.0;2017-09
2017;Q3;Million of Saudi Riyals;Finance, Insurance, Real Estate & Business Services : Real Estate;49976.0;2017-09
2017;Q3;Million of Saudi Riyals;Finance, Insurance, Real Estate & Business Services : Finance , Insurance and Business sevices;41592.0;2017-09
2017;Q4;Million of Saudi Riyals;Wholesale & Retail Trade, Restaurants & hotels;94104.0;2017-12
2017;Q4;Million of Saudi Riyals;Community, Social & Personal Services;24824.0;2017-12
2018;Q1;Million of Saudi Riyals;Agriculture, Forestry & Fishing;24989.0;2018-03
2018;Q1;Million of Saudi Riyals;Community, Social & Personal Services;26722.0;2018-03
2018;Q1;Million of Saudi Riyals;Government Activities;148584.0;2018-03
2018;Q2;Million of Saudi Riyals;Finance, Insurance, Real Estate & Business Services;97795.0;2018-06
2018;Q2;Million of Saudi Riyals;Gross Domestic Product;958245.0;2018-06
2018;Q3;Million of Saudi Riyals;Electricity, Gas and Water;23784.0;2018-09
2018;Q3;Million of Saudi Riyals;Construction;57023.0;2018-09
2018;Q3;Million of Saudi Riyals;Finance, Insurance, Real Estate & Business Services : Finance , Insurance and Business sevices;44329.0;2018-09
2018;Q4;Million of Saudi Riyals;Mining & Quarrying;289811.0;2018-12
2018;Q4;Million of Saudi Riyals;Manufacturing : Manufacturing excluding petroleum refining;85189.0;2018-12
2019;Q1;Million of Saudi Riyals;Electricity, Gas and Water;6469.0;2019-03
2019;Q1;Million of Saudi Riyals;Wholesale & Retail Trade, Restaurants & hotels;91754.0;2019-03
2019;Q1;Million of Saudi Riyals;Government Activities;150640.0;2019-03
2019;Q2;Million of Saudi Riyals;Agriculture, Forestry & Fishing;27061.0;2019-06
2019;Q2;Million of Saudi Riyals;Mining & Quarrying;263628.0;2019-06
2019;Q2;Million of Saudi Riyals;Manufacturing : Petroleum Refining;60802.0;2019-06
2019;Q2;Million of Saudi Riyals;Finance, Insurance, Real Estate & Business Services : Real Estate;52796.0;2019-06
2019;Q2;Million of Saudi Riyals;Community, Social & Personal Services;28318.0;2019-06
2019;Q3;Million of Saudi Riyals;Manufacturing;149921.0;2019-09
2019;Q3;Million of Saudi Riyals;Construction;57471.0;2019-09
2019;Q4;Million of Saudi Riyals;Mining & Quarrying : Other Mining & Quarrying;3699.0;2019-12
2020;Q1;Million of Saudi Riyals;Manufacturing : Petroleum Refining;47357.0;2020-03
2020;Q1;Million of Saudi Riyals;Community, Social & Personal Services;30641.0;2020-03
2020;Q1;Million of Saudi Riyals;Net Taxes on Products;49058.0;2020-03
2020;Q2;Million of Saudi Riyals;Finance, Insurance, Real Estate & Business Services : Finance , Insurance and Business sevices;48573.0;2020-06
2020;Q2;Million of Saudi Riyals;Community, Social & Personal Services;28926.0;2020-06
2020;Q3;Million of Saudi Riyals;Manufacturing : Petroleum Refining;50762.0;2020-09
2020;Q3;Million of Saudi Riyals;Community, Social & Personal Services;29524.0;2020-09
2020;Q3;Million of Saudi Riyals;Net Taxes on Products;45619.0;2020-09
2020;Q4;Million of Saudi Riyals;Manufacturing;154115.0;2020-12
2020;Q4;Million of Saudi Riyals;Manufacturing : Manufacturing excluding petroleum refining;93232.0;2020-12
2020;Q4;Million of Saudi Riyals;Electricity, Gas and Water;10230.0;2020-12
2020;Q4;Million of Saudi Riyals;Government Activities;161578.0;2020-12
2021;Q1;Million of Saudi Riyals;Mining & Quarrying : Other Mining & Quarrying;4945.0;2021-03
2021;Q1;Million of Saudi Riyals;Manufacturing : Manufacturing excluding petroleum refining;103675.0;2021-03
2021;Q1;Million of Saudi Riyals;Wholesale & Retail Trade, Restaurants & hotels;102023.0;2021-03
2021;Q1;Million of Saudi Riyals;Finance, Insurance, Real Estate & Business Services;107613.0;2021-03
2021;Q1;Million of Saudi Riyals;Community, Social & Personal Services;34990.0;2021-03
2021;Q1;Million of Saudi Riyals;Gross Value Added;941024.0;2021-03
2021;Q1;Million of Saudi Riyals;Net Taxes on Products;47756.0;2021-03
2021;Q2;Million of Saudi Riyals;Mining & Quarrying : Crude Petroleum & Natural Gas;227047.0;2021-06
2021;Q2;Million of Saudi Riyals;Manufacturing : Petroleum Refining;57893.0;2021-06
2021;Q2;Million of Saudi Riyals;Manufacturing : Manufacturing excluding petroleum refining;102975.0;2021-06
2021;Q2;Million of Saudi Riyals;Wholesale & Retail Trade, Restaurants & hotels;101440.0;2021-06
2021;Q2;Million of Saudi Riyals;Community, Social & Personal Services;31705.0;2021-06
2021;Q3;Million of Saudi Riyals;Mining & Quarrying : Crude Petroleum & Natural Gas;261402.0;2021-09
2021;Q3;Million of Saudi Riyals;Wholesale & Retail Trade, Restaurants & hotels;103750.0;2021-09
2021;Q3;Million of Saudi Riyals;Finance, Insurance, Real Estate & Business Services;112024.0;2021-09
2021;Q3;Million of Saudi Riyals;Net Taxes on Products;48339.0;2021-09
2021;Q4;Million of Saudi Riyals;Manufacturing;169670.0;2021-12
2021;Q4;Million of Saudi Riyals;Manufacturing : Manufacturing excluding petroleum refining;101957.0;2021-12
2021;Q4;Million of Saudi Riyals;Electricity, Gas and Water;10872.0;2021-12
2021;Q4;Million of Saudi Riyals;Finance, Insurance, Real Estate & Business Services;117658.0;2021-12
2021;Q4;Million of Saudi Riyals;Government Activities;165139.0;2021-12
2021;Q4;Million of Saudi Riyals;Net Taxes on Products;50812.0;2021-12
2022;Q1;Million of Saudi Riyals;Mining & Quarrying;272147.0;2022-03
2022;Q1;Million of Saudi Riyals;Electricity, Gas and Water;6738.0;2022-03
2022;Q1;Million of Saudi Riyals;Finance, Insurance, Real Estate & Business Services : Finance , Insurance and Business sevices;56114.0;2022-03
2022;Q2;Million of Saudi Riyals;Electricity, Gas and Water;16344.0;2022-06
2022;Q2;Million of Saudi Riyals;Wholesale & Retail Trade, Restaurants & hotels;111150.0;2022-06
2022;Q2;Million of Saudi Riyals;Finance, Insurance, Real Estate & Business Services : Real Estate;57828.0;2022-06
2022;Q2;Million of Saudi Riyals;Community, Social & Personal Services;35350.0;2022-06
2022;Q2;Million of Saudi Riyals;Gross Value Added;1049616.0;2022-06
2022;Q2;Million of Saudi Riyals;Net Taxes on Products;55090.0;2022-06
2022;Q2;Million of Saudi Riyals;Gross Domestic Product;1105314.0;2022-06
2022;Q3;Million of Saudi Riyals;Mining & Quarrying;304732.0;2022-09
2022;Q3;Million of Saudi Riyals;Gross Domestic Product;1153237.0;2022-09
2022;Q4;Million of Saudi Riyals;Agriculture, Forestry & Fishing;24663.0;2022-12
2022;Q4;Million of Saudi Riyals;Manufacturing;181331.0;2022-12
2022;Q4;Million of Saudi Riyals;Manufacturing : Petroleum Refining;70335.0;2022-12
2022;Q4;Million of Saudi Riyals;Manufacturing : Manufacturing excluding petroleum refining;112076.0;2022-12
2022;Q4;Million of Saudi Riyals;Gross Domestic Product;1187211.0;2022-12
2023;Q1;Million of Saudi Riyals;Manufacturing;186332.0;2023-03
2023;Q1;Million of Saudi Riyals;Electricity, Gas and Water;7297.0;2023-03
2023;Q1;Million of Saudi Riyals;Wholesale & Retail Trade, Restaurants & hotels;123923.0;2023-03
2023;Q2;Million of Saudi Riyals;Agriculture, Forestry & Fishing;27771.0;2023-06
2023;Q2;Million of Saudi Riyals;Mining & Quarrying;274028.0;2023-06
2023;Q2;Million of Saudi Riyals;Wholesale & Retail Trade, Restaurants & hotels;122334.0;2023-06
2023;Q2;Million of Saudi Riyals;Finance, Insurance, Real Estate & Business Services : Real Estate;59268.0;2023-06
2023;Q3;Million of Saudi Riyals;Mining & Quarrying;249901.0;2023-09
2023;Q3;Million of Saudi Riyals;Mining & Quarrying : Crude Petroleum & Natural Gas;245412.0;2023-09
2023;Q3;Million of Saudi Riyals;Net Taxes on Products;60008.0;2023-09
2024;Q1;Million of Saudi Riyals;Transport, Storage & Communication;66280.0;2024-03
2024;Q2;Million of Saudi Riyals;Electricity, Gas and Water;18707.0;2024-06
2024;Q2;Million of Saudi Riyals;Transport, Storage & Communication;60883.0;2024-06
2024;Q3;Million of Saudi Riyals;Mining & Quarrying;250222.0;2024-09
2024;Q3;Million of Saudi Riyals;Electricity, Gas and Water;29115.0;2024-09
2024;Q3;Million of Saudi Riyals;Gross Value Added;1103807.0;2024-09
2024;Q3;Million of Saudi Riyals;Gross Domestic Product;1166650.0;2024-09
2024;Q4;Million of Saudi Riyals;Agriculture, Forestry & Fishing;27936.0;2024-12
2024;Q4;Million of Saudi Riyals;Mining & Quarrying : Other Mining & Quarrying;4627.0;2024-12
2024;Q4;Million of Saudi Riyals;Net Taxes on Products;63352.0;2024-12
2025;Q1;Million of Saudi Riyals;Mining & Quarrying;239397.0;2025-03
2025;Q1;Million of Saudi Riyals;Construction;89217.0;2025-03
2025;Q1;Million of Saudi Riyals;Transport, Storage & Communication;70380.0;2025-03
2025;Q1;Million of Saudi Riyals;Government Activities;173860.0;2025-03
2025;Q2;Million of Saudi Riyals;Agriculture, Forestry & Fishing;30729.0;2025-06
2025;Q2;Million of Saudi Riyals;Mining & Quarrying : Other Mining & Quarrying;5160.0;2025-06
2025;Q2;Million of Saudi Riyals;Manufacturing : Petroleum Refining;69731.0;2025-06
2025;Q2;Million of Saudi Riyals;Construction;88102.0;2025-06
2025;Q2;Million of Saudi Riyals;Finance, Insurance, Real Estate & Business Services : Real Estate;63844.0;2025-06
2025;Q2;Million of Saudi Riyals;Finance, Insurance, Real Estate & Business Services : Finance , Insurance and Business sevices;76860.0;2025-06
2025;Q3;Million of Saudi Riyals;Manufacturing : Petroleum Refining;70613.0;2025-09
2025;Q3;Million of Saudi Riyals;Electricity, Gas and Water;30980.0;2025-09
2025;Q3;Million of Saudi Riyals;Wholesale & Retail Trade, Restaurants & hotels;136675.0;2025-09
2025;Q3;Million of Saudi Riyals;Community, Social & Personal Services;43381.0;2025-09
2025;Q3;Million of Saudi Riyals;Gross Domestic Product;1222872.0;2025-09
2025;Q4;Million of Saudi Riyals;Agriculture, Forestry & Fishing;28965.0;2025-12
2025;Q4;Million of Saudi Riyals;Manufacturing : Petroleum Refining;71000.0;2025-12
2025;Q4;Million of Saudi Riyals;Government Activities;178064.0;2025-12
2025;Q4;Million of Saudi Riyals;Net Taxes on Products;65609.0;2025-12
2011;Q1;Growth Rates Y-o-Y;Agriculture, Forestry & Fishing;5.27;2011-03
2011;Q1;Growth Rates Y-o-Y;Electricity, Gas and Water;17.46;2011-03
2011;Q1;Growth Rates Y-o-Y;Gross Domestic Product;12.03;2011-03
2011;Q2;Growth Rates Y-o-Y;Mining & Quarrying : Other Mining & Quarrying;7.08;2011-06
2011;Q2;Growth Rates Y-o-Y;Manufacturing : Petroleum Refining;-3.68;2011-06
2011;Q2;Growth Rates Y-o-Y;Finance, Insurance, Real Estate & Business Services;0.94;2011-06
2011;Q3;Growth Rates Y-o-Y;Finance, Insurance, Real Estate & Business Services;0.54;2011-09
2011;Q4;Growth Rates Y-o-Y;Agriculture, Forestry & Fishing;6.01;2011-12
2011;Q4;Growth Rates Y-o-Y;Mining & Quarrying;3.97;2011-12
2011;Q4;Growth Rates Y-o-Y;Manufacturing : Petroleum Refining;-7.6;2011-12
2011;Q4;Growth Rates Y-o-Y;Wholesale & Retail Trade, Restaurants & hotels;18.9;2011-12
2011;Q4;Growth Rates Y-o-Y;Finance, Insurance, Real Estate & Business Services;0.47;2011-12
2011;Q4;Growth Rates Y-o-Y;Gross Value Added;7.12;2011-12
2011;Q4;Growth Rates Y-o-Y;Net Taxes on Products;13.11;2011-12
2012;Q1;Growth Rates Y-o-Y;Mining & Quarrying : Crude Petroleum & Natural Gas;13.61;2012-03
2012;Q1;Growth Rates Y-o-Y;Manufacturing;6.43;2012-03
2012;Q1;Growth Rates Y-o-Y;Electricity, Gas and Water;6.42;2012-03
2012;Q1;Growth Rates Y-o-Y;Finance, Insurance, Real Estate & Business Services : Finance , Insurance and Business sevices;5.87;2012-03
2012;Q1;Growth Rates Y-o-Y;Government Activities;1.94;2012-03
2012;Q1;Growth Rates Y-o-Y;Gross Domestic Product;9.89;2012-03
2012;Q2;Growth Rates Y-o-Y;Government Activities;2.72;2012-06
2012;Q3;Growth Rates Y-o-Y;Manufacturing : Petroleum Refining;1.44;2012-09
2012;Q3;Growth Rates Y-o-Y;Finance, Insurance, Real Estate & Business Services : Finance , Insurance and Business sevices;8.13;2012-09
2012;Q4;Growth Rates Y-o-Y;Mining & Quarrying : Other Mining & Quarrying;6.21;2012-12
2012;Q4;Growth Rates Y-o-Y;Manufacturing;3.05;2012-12
2012;Q4;Growth Rates Y-o-Y;Electricity, Gas and Water;5.97;2012-12
2012;Q4;Growth Rates Y-o-Y;Government Activities;3.18;2012-12
2013;Q1;Growth Rates Y-o-Y;Mining & Quarrying : Crude Petroleum & Natural Gas;-7.96;2013-03
2013;Q1;Growth Rates Y-o-Y;Finance, Insurance, Real Estate & Business Services : Real Estate;13.19;2013-03
2013;Q1;Growth Rates Y-o-Y;Government Activities;8.93;2013-03
2013;Q2;Growth Rates Y-o-Y;Agriculture, Forestry & Fishing;6.72;2013-06
2013;Q2;Growth Rates Y-o-Y;Mining & Quarrying;-4.74;2013-06
2013;Q2;Growth Rates Y-o-Y;Mining & Quarrying : Crude Petroleum & Natural Gas;-4.8;2013-06
2013;Q2;Growth Rates Y-o-Y;Manufacturing;4.71;2013-06
2013;Q2;Growth Rates Y-o-Y;Wholesale & Retail Trade, Restaurants & hotels;7.35;2013-06
2013;Q2;Growth Rates Y-o-Y;Finance, Insurance, Real Estate & Business Services : Finance , Insurance and Business sevices;6.7;2013-06
2013;Q3;Growth Rates Y-o-Y;Mining & Quarrying : Crude Petroleum & Natural Gas;3.48;2013-09
2013;Q3;Growth Rates Y-o-Y;Mining & Quarrying : Other Mining & Quarrying;2.9;2013-09
2013;Q3;Growth Rates Y-o-Y;Manufacturing;6.44;2013-09
2013;Q3;Growth Rates Y-o-Y;Construction;7.4;2013-09
2013;Q4;Growth Rates Y-o-Y;Transport, Storage & Communication;8.93;2013-12
2013;Q4;Growth Rates Y-o-Y;Finance, Insurance, Real Estate & Business Services : Real Estate;14.38;2013-12
2014;Q1;Growth Rates Y-o-Y;Mining & Quarrying : Crude Petroleum & Natural Gas;6.93;2014-03
2014;Q1;Growth Rates Y-o-Y;Manufacturing : Manufacturing excluding petroleum refining;8.14;2014-03
2014;Q1;Growth Rates Y-o-Y;Transport, Storage & Communication;6.7;2014-03
2014;Q1;Growth Rates Y-o-Y;Finance, Insurance, Real Estate & Business Services : Real Estate;4.64;2014-03
2014;Q1;Growth Rates Y-o-Y;Community, Social & Personal Services;17.93;2014-03
2014;Q2;Growth Rates Y-o-Y;Electricity, Gas and Water;11.79;2014-06
2014;Q2;Growth Rates Y-o-Y;Finance, Insurance, Real Estate & Business Services : Real Estate;1.79;2014-06
2014;Q2;Growth Rates Y-o-Y;Community, Social & Personal Services;20.16;2014-06
2014;Q2;Growth Rates Y-o-Y;Government Activities;1.49;2014-06
2014;Q3;Growth Rates Y-o-Y;Mining & Quarrying;-3.18;2014-09
2014;Q3;Growth Rates Y-o-Y;Finance, Insurance, Real Estate & Business Services;2.85;2014-09
2014;Q3;Growth Rates Y-o-Y;Community, Social & Personal Services;15.22;2014-09
2014;Q3;Growth Rates Y-o-Y;Gross Value Added;2.35;2014-09
2014;Q4;Growth Rates Y-o-Y;Agriculture, Forestry & Fishing;12.95;2014-12
2014;Q4;Growth Rates Y-o-Y;Mining & Quarrying : Crude Petroleum & Natural Gas;-1.34;2014-12
2014;Q4;Growth Rates Y-o-Y;Transport, Storage & Communication;5.77;2014-12
2014;Q4;Growth Rates Y-o-Y;Gross Domestic Product;2.69;2014-12
2015;Q1;Growth Rates Y-o-Y;Gross Value Added;3.55;2015-03
2015;Q2;Growth Rates Y-o-Y;Manufacturing;7.71;2015-06
2015;Q2;Growth Rates Y-o-Y;Finance, Insurance, Real Estate & Business Services;4.3;2015-06
2015;Q2;Growth Rates Y-o-Y;Government Activities;1.01;2015-06
2015;Q2;Growth Rates Y-o-Y;Net Taxes on Products;13.73;2015-06
2015;Q3;Growth Rates Y-o-Y;Mining & Quarrying : Crude Petroleum & Natural Gas;5.29;2015-09
2015;Q3;Growth Rates Y-o-Y;Manufacturing : Manufacturing excluding petroleum refining;9.85;2015-09
2015;Q3;Growth Rates Y-o-Y;Finance, Insurance, Real Estate & Business Services : Real Estate;3.44;2015-09
2015;Q3;Growth Rates Y-o-Y;Community, Social & Personal Services;7.11;2015-09
2015;Q3;Growth Rates Y-o-Y;Gross Value Added;4.9;2015-09
2015;Q4;Growth Rates Y-o-Y;Mining & Quarrying;5.98;2015-12
2015;Q4;Growth Rates Y-o-Y;Electricity, Gas and Water;10.47;2015-12
2015;Q4;Growth Rates Y-o-Y;Net Taxes on Products;2.41;2015-12
2016;Q1;Growth Rates Y-o-Y;Agriculture, Forestry & Fishing;2.18;2016-03
2016;Q1;Growth Rates Y-o-Y;Mining & Quarrying : Other Mining & Quarrying;-4.68;2016-03
2016;Q1;Growth Rates Y-o-Y;Manufacturing : Manufacturing excluding petroleum refining;1.99;2016-03
2016;Q1;Growth Rates Y-o-Y;Electricity, Gas and Water;19.39;2016-03
2016;Q1;Growth Rates Y-o-Y;Transport, Storage & Communication;1.47;2016-03
2016;Q1;Growth Rates Y-o-Y;Finance, Insurance, Real Estate & Business Services : Real Estate;1.22;2016-03
2016;Q1;Growth Rates Y-o-Y;Finance, Insurance, Real Estate & Business Services : Finance , Insurance and Business sevices;6.15;2016-03
2016;Q1;Growth Rates Y-o-Y;Net Taxes on Products;-4.23;2016-03
2016;Q2;Growth Rates Y-o-Y;Agriculture, Forestry & Fishing;5.51;2016-06
2016;Q2;Growth Rates Y-o-Y;Mining & Quarrying;-0.58;2016-06
2016;Q2;Growth Rates Y-o-Y;Wholesale & Retail Trade, Restaurants & hotels;-1.11;2016-06
2016;Q2;Growth Rates Y-o-Y;Finance, Insurance, Real Estate & Business Services;2.86;2016-06
2016;Q3;Growth Rates Y-o-Y;Mining & Quarrying : Other Mining & Quarrying;-5.41;2016-09
2016;Q3;Growth Rates Y-o-Y;Manufacturing : Petroleum Refining;11.18;2016-09
2016;Q3;Growth Rates Y-o-Y;Electricity, Gas and Water;20.91;2016-09
2016;Q3;Growth Rates Y-o-Y;Construction;-4.9;2016-09
2016;Q3;Growth Rates Y-o-Y;Government Activities;-2.79;2016-09
2016;Q4;Growth Rates Y-o-Y;Mining & Quarrying : Crude Petroleum & Natural Gas;3.83;2016-12
2016;Q4;Growth Rates Y-o-Y;Manufacturing;1.47;2016-12
2016;Q4;Growth Rates Y-o-Y;Finance, Insurance, Real Estate & Business Services : Finance , Insurance and Business sevices;3.22;2016-12
2016;Q4;Growth Rates Y-o-Y;Government Activities;0.14;2016-12
2017;Q1;Growth Rates Y-o-Y;Construction;-4.55;2017-03
2017;Q1;Growth Rates Y-o-Y;Gross Domestic Product;-0.41;2017-03
2017;Q2;Growth Rates Y-o-Y;Mining & Quarrying : Crude Petroleum & Natural Gas;-2.29;2017-06
2017;Q2;Growth Rates Y-o-Y;Construction;-5.07;2017-06
2017;Q2;Growth Rates Y-o-Y;Finance, Insurance, Real Estate & Business Services;2.63;2017-06
2017;Q2;Growth Rates Y-o-Y;Government Activities;-1.04;2017-06
2017;Q2;Growth Rates Y-o-Y;Net Taxes on Products;-2.04;2017-06
2017;Q3;Growth Rates Y-o-Y;Agriculture, Forestry & Fishing;4.25;2017-09
2017;Q3;Growth Rates Y-o-Y;Electricity, Gas and Water;2.62;2017-09
2017;Q3;Growth Rates Y-o-Y;Transport, Storage & Communication;6.99;2017-09
2017;Q3;Growth Rates Y-o-Y;Finance, Insurance, Real Estate & Business Services : Real Estate;5.03;2017-09
2017;Q3;Growth Rates Y-o-Y;Net Taxes on Products;-0.54;2017-09
2017;Q4;Growth Rates Y-o-Y;Electricity, Gas and Water;4.41;2017-12
2017;Q4;Growth Rates Y-o-Y;Construction;4.3;2017-12
2017;Q4;Growth Rates Y-o-Y;Wholesale & Retail Trade, Restaurants & hotels;6.4;2017-12
2018;Q1;Growth Rates Y-o-Y;Mining & Quarrying;0.67;2018-03
2018;Q1;Growth Rates Y-o-Y;Transport, Storage & Communication;2.58;2018-03
2018;Q1;Growth Rates Y-o-Y;Finance, Insurance, Real Estate & Business Services;3.75;2018-03
2018;Q1;Growth Rates Y-o-Y;Finance, Insurance, Real Estate & Business Services : Finance , Insurance and Business sevices;4.32;2018-03
2018;Q2;Growth Rates Y-o-Y;Manufacturing : Petroleum Refining;-4.13;2018-06
2018;Q2;Growth Rates Y-o-Y;Finance, Insurance, Real Estate & Business Services : Real Estate;2.81;2018-06
2018;Q2;Growth Rates Y-o-Y;Gross Value Added;3.9;2018-06
2018;Q3;Growth Rates Y-o-Y;Mining & Quarrying;4.15;2018-09
2018;Q3;Growth Rates Y-o-Y;Mining & Quarrying : Crude Petroleum & Natural Gas;4.22;2018-09
2018;Q3;Growth Rates Y-o-Y;Mining & Quarrying : Other Mining & Quarrying;0.98;2018-09
2018;Q3;Growth Rates Y-o-Y;Finance, Insurance, Real Estate & Business Services : Finance , Insurance and Business sevices;6.58;2018-09
2018;Q3;Growth Rates Y-o-Y;Gross Domestic Product;3.11;2018-09
2018;Q4;Growth Rates Y-o-Y;Mining & Quarrying;8.05;2018-12
2018;Q4;Growth Rates Y-o-Y;Manufacturing;0.66;2018-12
2018;Q4;Growth Rates Y-o-Y;Finance, Insurance, Real Estate & Business Services;4.83;2018-12
2018;Q4;Growth Rates Y-o-Y;Finance, Insurance, Real Estate & Business Services : Real Estate;2.37;2018-12
2018;Q4;Growth Rates Y-o-Y;Community, Social & Personal Services;6.49;2018-12
2019;Q1;Growth Rates Y-o-Y;Mining & Quarrying : Crude Petroleum & Natural Gas;0.6;2019-03
2019;Q1;Growth Rates Y-o-Y;Finance, Insurance, Real Estate & Business Services;5.37;2019-03
2019;Q1;Growth Rates Y-o-Y;Gross Domestic Product;2.84;2019-03
2019;Q2;Growth Rates Y-o-Y;Mining & Quarrying : Other Mining & Quarrying;6.18;2019-06
2019;Q2;Growth Rates Y-o-Y;Transport, Storage & Communication;9.43;2019-06
2019;Q2;Growth Rates Y-o-Y;Finance, Insurance, Real Estate & Business Services;4.89;2019-06
2019;Q2;Growth Rates Y-o-Y;Gross Value Added;1.42;2019-06
2019;Q2;Growth Rates Y-o-Y;Gross Domestic Product;1.69;2019-06
2019;Q3;Growth Rates Y-o-Y;Mining & Quarrying : Other Mining & Quarrying;11.23;2019-09
2019;Q3;Growth Rates Y-o-Y;Manufacturing : Petroleum Refining;-5.65;2019-09
2019;Q3;Growth Rates Y-o-Y;Electricity, Gas and Water;1.28;2019-09
2019;Q3;Growth Rates Y-o-Y;Transport, Storage & Communication;6.27;2019-09
2019;Q3;Growth Rates Y-o-Y;Gross Value Added;1.05;2019-09
2019;Q4;Growth Rates Y-o-Y;Electricity, Gas and Water;5.52;2019-12
2019;Q4;Growth Rates Y-o-Y;Construction;0.3;2019-12
2019;Q4;Growth Rates Y-o-Y;Finance, Insurance, Real Estate & Business Services : Finance , Insurance and Business sevices;5.36;2019-12
2019;Q4;Growth Rates Y-o-Y;Community, Social & Personal Services;8.36;2019-12
2019;Q4;Growth Rates Y-o-Y;Net Taxes on Products;9.49;2019-12
2020;Q1;Growth Rates Y-o-Y;Wholesale & Retail Trade, Restaurants & hotels;2.97;2020-03
2020;Q1;Growth Rates Y-o-Y;Finance, Insurance, Real Estate & Business Services : Real Estate;-0.43;2020-03
2020;Q1;Growth Rates Y-o-Y;Gross Domestic Product;-1.34;2020-03
2020;Q2;Growth Rates Y-o-Y;Electricity, Gas and Water;-7.38;2020-06
2020;Q2;Growth Rates Y-o-Y;Government Activities;-2.0;2020-06
2020;Q2;Growth Rates Y-o-Y;Gross Value Added;-7.05;2020-06
2020;Q3;Growth Rates Y-o-Y;Mining & Quarrying;-7.07;2020-09
2020;Q3;Growth Rates Y-o-Y;Manufacturing : Manufacturing excluding petroleum refining;-0.97;2020-09
2020;Q3;Growth Rates Y-o-Y;Wholesale & Retail Trade, Restaurants & hotels;-4.63;2020-09
2020;Q3;Growth Rates Y-o-Y;Finance, Insurance, Real Estate & Business Services : Real Estate;3.21;2020-09
2020;Q3;Growth Rates Y-o-Y;Finance, Insurance, Real Estate & Business Services : Finance , Insurance and Business sevices;-1.17;2020-09
2020;Q3;Growth Rates Y-o-Y;Net Taxes on Products;-8.5;2020-09
2020;Q4;Growth Rates Y-o-Y;Manufacturing : Petroleum Refining;3.05;2020-12
2021;Q1;Growth Rates Y-o-Y;Manufacturing : Manufacturing excluding petroleum refining;12.44;2021-03
2021;Q1;Growth Rates Y-o-Y;Finance, Insurance, Real Estate & Business Services : Real Estate;5.36;2021-03
2021;Q1;Growth Rates Y-o-Y;Gross Value Added;1.85;2021-03
2021;Q1;Growth Rates Y-o-Y;Gross Domestic Product;1.72;2021-03
2021;Q2;Growth Rates Y-o-Y;Electricity, Gas and Water;7.79;2021-06
2021;Q2;Growth Rates Y-o-Y;Community, Social & Personal Services;9.61;2021-06
2021;Q3;Growth Rates Y-o-Y;Mining & Quarrying;8.28;2021-09
2021;Q3;Growth Rates Y-o-Y;Mining & Quarrying : Crude Petroleum & Natural Gas;8.5;2021-09
2021;Q3;Growth Rates Y-o-Y;Electricity, Gas and Water;3.48;2021-09
2021;Q4;Growth Rates Y-o-Y;Agriculture, Forestry & Fishing;3.18;2021-12
2021;Q4;Growth Rates Y-o-Y;Mining & Quarrying : Other Mining & Quarrying;7.22;2021-12
2021;Q4;Growth Rates Y-o-Y;Manufacturing : Manufacturing excluding petroleum refining;9.36;2021-12
2021;Q4;Growth Rates Y-o-Y;Construction;20.67;2021-12
2022;Q1;Growth Rates Y-o-Y;Mining & Quarrying;19.67;2022-03
2022;Q1;Growth Rates Y-o-Y;Mining & Quarrying : Crude Petroleum & Natural Gas;20.65;2022-03
2022;Q1;Growth Rates Y-o-Y;Wholesale & Retail Trade, Restaurants & hotels;6.65;2022-03
2022;Q2;Growth Rates Y-o-Y;Manufacturing : Manufacturing excluding petroleum refining;14.31;2022-06
2022;Q2;Growth Rates Y-o-Y;Transport, Storage & Communication;13.44;2022-06
2022;Q2;Growth Rates Y-o-Y;Finance, Insurance, Real Estate & Business Services;6.5;2022-06
2022;Q2;Growth Rates Y-o-Y;Net Taxes on Products;17.11;2022-06
2022;Q3;Growth Rates Y-o-Y;Manufacturing : Manufacturing excluding petroleum refining;15.2;2022-09
2022;Q3;Growth Rates Y-o-Y;Electricity, Gas and Water;7.92;2022-09
2022;Q3;Growth Rates Y-o-Y;Finance, Insurance, Real Estate & Business Services;8.77;2022-09
2022;Q3;Growth Rates Y-o-Y;Gross Value Added;12.92;2022-09
2022;Q4;Growth Rates Y-o-Y;Community, Social & Personal Services;13.07;2022-12
2023;Q1;Growth Rates Y-o-Y;Manufacturing : Petroleum Refining;-7.58;2023-03
2023;Q1;Growth Rates Y-o-Y;Finance, Insurance, Real Estate & Business Services;5.55;2023-03
2023;Q1;Growth Rates Y-o-Y;Community, Social & Personal Services;16.16;2023-03
2023;Q2;Growth Rates Y-o-Y;Finance, Insurance, Real Estate & Business Services;4.54;2023-06
2023;Q2;Growth Rates Y-o-Y;Finance, Insurance, Real Estate & Business Services : Real Estate;2.49;2023-06
2023;Q2;Growth Rates Y-o-Y;Government Activities;-0.47;2023-06
2023;Q3;Growth Rates Y-o-Y;Manufacturing;-0.47;2023-09
2023;Q3;Growth Rates Y-o-Y;Manufacturing : Manufacturing excluding petroleum refining;0.83;2023-09
2023;Q3;Growth Rates Y-o-Y;Community, Social & Personal Services;10.58;2023-09
2023;Q3;Growth Rates Y-o-Y;Net Taxes on Products;8.58;2023-09
2023;Q4;Growth Rates Y-o-Y;Community, Social & Personal Services;8.97;2023-12
2023;Q4;Growth Rates Y-o-Y;Government Activities;1.44;2023-12
2024;Q1;Growth Rates Y-o-Y;Manufacturing : Petroleum Refining;-1.2;2024-03
2024;Q1;Growth Rates Y-o-Y;Finance, Insurance, Real Estate & Business Services;7.51;2024-03
2024;Q1;Growth Rates Y-o-Y;Finance, Insurance, Real Estate & Business Services : Finance , Insurance and Business sevices;11.65;2024-03
2024;Q2;Growth Rates Y-o-Y;Mining & Quarrying : Other Mining & Quarrying;7.34;2024-06
2024;Q2;Growth Rates Y-o-Y;Electricity, Gas and Water;10.33;2024-06
2024;Q2;Growth Rates Y-o-Y;Construction;5.18;2024-06
2024;Q2;Growth Rates Y-o-Y;Finance, Insurance, Real Estate & Business Services : Real Estate;3.88;2024-06
2024;Q2;Growth Rates Y-o-Y;Finance, Insurance, Real Estate & Business Services : Finance , Insurance and Business sevices;12.98;2024-06
2024;Q3;Growth Rates Y-o-Y;Agriculture, Forestry & Fishing;5.36;2024-09
2024;Q3;Growth Rates Y-o-Y;Transport, Storage & Communication;4.1;2024-09
2024;Q3;Growth Rates Y-o-Y;Finance, Insurance, Real Estate & Business Services;6.91;2024-09
2024;Q3;Growth Rates Y-o-Y;Community, Social & Personal Services;4.84;2024-09
2024;Q4;Growth Rates Y-o-Y;Mining & Quarrying : Crude Petroleum & Natural Gas;0.63;2024-12
2024;Q4;Growth Rates Y-o-Y;Manufacturing;9.13;2024-12
2024;Q4;Growth Rates Y-o-Y;Wholesale & Retail Trade, Restaurants & hotels;6.5;2024-12
2024;Q4;Growth Rates Y-o-Y;Finance, Insurance, Real Estate & Business Services : Real Estate;2.83;2024-12
2024;Q4;Growth Rates Y-o-Y;Gross Domestic Product;5.17;2024-12
2025;Q1;Growth Rates Y-o-Y;Mining & Quarrying : Crude Petroleum & Natural Gas;-1.52;2025-03
2025;Q1;Growth Rates Y-o-Y;Transport, Storage & Communication;6.19;2025-03
2025;Q1;Growth Rates Y-o-Y;Finance, Insurance, Real Estate & Business Services : Finance , Insurance and Business sevices;7.83;2025-03
2025;Q1;Growth Rates Y-o-Y;Gross Domestic Product;3.68;2025-03
2025;Q2;Growth Rates Y-o-Y;Electricity, Gas and Water;10.3;2025-06
2025;Q2;Growth Rates Y-o-Y;Construction;5.37;2025-06
2025;Q2;Growth Rates Y-o-Y;Wholesale & Retail Trade, Restaurants & hotels;6.5;2025-06
2025;Q2;Growth Rates Y-o-Y;Gross Value Added;4.41;2025-06
2025;Q3;Growth Rates Y-o-Y;Manufacturing : Petroleum Refining;11.94;2025-09
2025;Q3;Growth Rates Y-o-Y;Transport, Storage & Communication;3.24;2025-09
2025;Q3;Growth Rates Y-o-Y;Finance, Insurance, Real Estate & Business Services;4.02;2025-09
2025;Q3;Growth Rates Y-o-Y;Finance, Insurance, Real Estate & Business Services : Finance , Insurance and Business sevices;4.07;2025-09
2025;Q4;Growth Rates Y-o-Y;Mining & Quarrying : Other Mining & Quarrying;2.96;2025-12
2025;Q4;Growth Rates Y-o-Y;Manufacturing : Manufacturing excluding petroleum refining;4.97;2025-12
2025;Q4;Growth Rates Y-o-Y;Finance, Insurance, Real Estate & Business Services : Real Estate;3.56;2025-12
2025;Q4;Growth Rates Y-o-Y;Finance, Insurance, Real Estate & Business Services : Finance , Insurance and Business sevices;4.49;2025-12
2025;Q4;Growth Rates Y-o-Y;Government Activities;-1.18;2025-12
2012;Q1;Contribution to Growth rate in GDP Y-o-Y;Manufacturing;0.63;2012-03
2012;Q1;Contribution to Growth rate in GDP Y-o-Y;Finance, Insurance, Real Estate & Business Services : Finance , Insurance and Business sevices;0.22;2012-03
2012;Q1;Contribution to Growth rate in GDP Y-o-Y;Government Activities;0.22;2012-03
2012;Q2;Contribution to Growth rate in GDP Y-o-Y;Mining & Quarrying : Crude Petroleum & Natural Gas;4.37;2012-06
2012;Q2;Contribution to Growth rate in GDP Y-o-Y;Electricity, Gas and Water;0.06;2012-06
2012;Q2;Contribution to Growth rate in GDP Y-o-Y;Finance, Insurance, Real Estate & Business Services;0.57;2012-06
2012;Q3;Contribution to Growth rate in GDP Y-o-Y;Mining & Quarrying : Crude Petroleum & Natural Gas;1.13;2012-09
2012;Q3;Contribution to Growth rate in GDP Y-o-Y;Manufacturing;-0.05;2012-09
2012;Q3;Contribution to Growth rate in GDP Y-o-Y;Manufacturing : Petroleum Refining;0.02;2012-09
2012;Q3;Contribution to Growth rate in GDP Y-o-Y;Government Activities;1.82;2012-09
2012;Q3;Contribution to Growth rate in GDP Y-o-Y;Gross Domestic Product;5.14;2012-09
2012;Q4;Contribution to Growth rate in GDP Y-o-Y;Mining & Quarrying : Crude Petroleum & Natural Gas;-1.45;2012-12
2012;Q4;Contribution to Growth rate in GDP Y-o-Y;Mining & Quarrying : Other Mining & Quarrying;0.03;2012-12
2012;Q4;Contribution to Growth rate in GDP Y-o-Y;Manufacturing;0.36;2012-12
2012;Q4;Contribution to Growth rate in GDP Y-o-Y;Wholesale & Retail Trade, Restaurants & hotels;0.54;2012-12
2012;Q4;Contribution to Growth rate in GDP Y-o-Y;Community, Social & Personal Services;0.12;2012-12
2013;Q1;Contribution to Growth rate in GDP Y-o-Y;Mining & Quarrying : Other Mining & Quarrying;0.01;2013-03
2013;Q1;Contribution to Growth rate in GDP Y-o-Y;Community, Social & Personal Services;0.14;2013-03
2013;Q1;Contribution to Growth rate in GDP Y-o-Y;Gross Value Added;0.38;2013-03
2013;Q2;Contribution to Growth rate in GDP Y-o-Y;Electricity, Gas and Water;0.05;2013-06
2013;Q2;Contribution to Growth rate in GDP Y-o-Y;Wholesale & Retail Trade, Restaurants & hotels;0.56;2013-06
2013;Q2;Contribution to Growth rate in GDP Y-o-Y;Transport, Storage & Communication;0.35;2013-06
2013;Q2;Contribution to Growth rate in GDP Y-o-Y;Finance, Insurance, Real Estate & Business Services : Real Estate;0.58;2013-06
2013;Q2;Contribution to Growth rate in GDP Y-o-Y;Gross Domestic Product;1.94;2013-06
2013;Q3;Contribution to Growth rate in GDP Y-o-Y;Agriculture, Forestry & Fishing;0.14;2013-09
2013;Q3;Contribution to Growth rate in GDP Y-o-Y;Mining & Quarrying;1.62;2013-09
2013;Q4;Contribution to Growth rate in GDP Y-o-Y;Electricity, Gas and Water;0.05;2013-12
2013;Q4;Contribution to Growth rate in GDP Y-o-Y;Wholesale & Retail Trade, Restaurants & hotels;0.65;2013-12
2014;Q1;Contribution to Growth rate in GDP Y-o-Y;Manufacturing : Manufacturing excluding petroleum refining;0.68;2014-03
2014;Q1;Contribution to Growth rate in GDP Y-o-Y;Construction;0.41;2014-03
2014;Q1;Contribution to Growth rate in GDP Y-o-Y;Finance, Insurance, Real Estate & Business Services : Finance , Insurance and Business sevices;0.17;2014-03
2014;Q1;Contribution to Growth rate in GDP Y-o-Y;Net Taxes on Products;0.02;2014-03
2014;Q2;Contribution to Growth rate in GDP Y-o-Y;Agriculture, Forestry & Fishing;0.1;2014-06
2014;Q2;Contribution to Growth rate in GDP Y-o-Y;Manufacturing : Manufacturing excluding petroleum refining;0.61;2014-06
2014;Q2;Contribution to Growth rate in GDP Y-o-Y;Finance, Insurance, Real Estate & Business Services;0.24;2014-06
2014;Q2;Contribution to Growth rate in GDP Y-o-Y;Finance, Insurance, Real Estate & Business Services : Finance , Insurance and Business sevices;0.15;2014-06
2014;Q2;Contribution to Growth rate in GDP Y-o-Y;Community, Social & Personal Services;0.39;2014-06
2014;Q2;Contribution to Growth rate in GDP Y-o-Y;Net Taxes on Products;-0.08;2014-06
2014;Q3;Contribution to Growth rate in GDP Y-o-Y;Finance, Insurance, Real Estate & Business Services;0.24;2014-09
2014;Q3;Contribution to Growth rate in GDP Y-o-Y;Net Taxes on Products;0.05;2014-09
2014;Q4;Contribution to Growth rate in GDP Y-o-Y;Manufacturing;1.31;2014-12
2014;Q4;Contribution to Growth rate in GDP Y-o-Y;Manufacturing : Manufacturing excluding petroleum refining;0.83;2014-12
2014;Q4;Contribution to Growth rate in GDP Y-o-Y;Construction;0.45;2014-12
2015;Q1;Contribution to Growth rate in GDP Y-o-Y;Electricity, Gas and Water;-0.06;2015-03
2015;Q1;Contribution to Growth rate in GDP Y-o-Y;Community, Social & Personal Services;0.4;2015-03
2015;Q1;Contribution to Growth rate in GDP Y-o-Y;Gross Domestic Product;3.48;2015-03
2015;Q2;Contribution to Growth rate in GDP Y-o-Y;Agriculture, Forestry & Fishing;0.12;2015-06
2015;Q2;Contribution to Growth rate in GDP Y-o-Y;Wholesale & Retail Trade, Restaurants & hotels;0.29;2015-06
2015;Q3;Contribution to Growth rate in GDP Y-o-Y;Mining & Quarrying;2.01;2015-09
2015;Q3;Contribution to Growth rate in GDP Y-o-Y;Manufacturing : Petroleum Refining;0.46;2015-09
2015;Q3;Contribution to Growth rate in GDP Y-o-Y;Net Taxes on Products;0.01;2015-09
2015;Q4;Contribution to Growth rate in GDP Y-o-Y;Manufacturing : Petroleum Refining;0.19;2015-12
2015;Q4;Contribution to Growth rate in GDP Y-o-Y;Wholesale & Retail Trade, Restaurants & hotels;0.38;2015-12
2015;Q4;Contribution to Growth rate in GDP Y-o-Y;Finance, Insurance, Real Estate & Business Services : Finance , Insurance and Business sevices;0.17;2015-12
2015;Q4;Contribution to Growth rate in GDP Y-o-Y;Community, Social & Personal Services;0.14;2015-12
2016;Q1;Contribution to Growth rate in GDP Y-o-Y;Manufacturing : Petroleum Refining;0.52;2016-03
2016;Q1;Contribution to Growth rate in GDP Y-o-Y;Manufacturing : Manufacturing excluding petroleum refining;0.28;2016-03
2016;Q1;Contribution to Growth rate in GDP Y-o-Y;Net Taxes on Products;-0.06;2016-03
2016;Q1;Contribution to Growth rate in GDP Y-o-Y;Gross Domestic Product;3.29;2016-03
2016;Q2;Contribution to Growth rate in GDP Y-o-Y;Agriculture, Forestry & Fishing;0.19;2016-06
2016;Q2;Contribution to Growth rate in GDP Y-o-Y;Mining & Quarrying;-0.47;2016-06
2016;Q2;Contribution to Growth rate in GDP Y-o-Y;Wholesale & Retail Trade, Restaurants & hotels;-0.25;2016-06
2016;Q2;Contribution to Growth rate in GDP Y-o-Y;Government Activities;-0.32;2016-06
2016;Q2;Contribution to Growth rate in GDP Y-o-Y;Net Taxes on Products;-0.18;2016-06
2016;Q2;Contribution to Growth rate in GDP Y-o-Y;Gross Domestic Product;0.62;2016-06
2016;Q3;Contribution to Growth rate in GDP Y-o-Y;Mining & Quarrying : Other Mining & Quarrying;-0.02;2016-09
2016;Q3;Contribution to Growth rate in GDP Y-o-Y;Construction;-0.32;2016-09
2016;Q3;Contribution to Growth rate in GDP Y-o-Y;Transport, Storage & Communication;0.1;2016-09
2016;Q3;Contribution to Growth rate in GDP Y-o-Y;Community, Social & Personal Services;0.36;2016-09
2016;Q3;Contribution to Growth rate in GDP Y-o-Y;Net Taxes on Products;-0.33;2016-09
2016;Q4;Contribution to Growth rate in GDP Y-o-Y;Manufacturing;0.16;2016-12
2016;Q4;Contribution to Growth rate in GDP Y-o-Y;Manufacturing : Petroleum Refining;0.29;2016-12
2016;Q4;Contribution to Growth rate in GDP Y-o-Y;Transport, Storage & Communication;0.38;2016-12
2016;Q4;Contribution to Growth rate in GDP Y-o-Y;Finance, Insurance, Real Estate & Business Services;0.32;2016-12
2017;Q1;Contribution to Growth rate in GDP Y-o-Y;Manufacturing;0.03;2017-03
2017;Q1;Contribution to Growth rate in GDP Y-o-Y;Wholesale & Retail Trade, Restaurants & hotels;-0.13;2017-03
2017;Q1;Contribution to Growth rate in GDP Y-o-Y;Finance, Insurance, Real Estate & Business Services;0.25;2017-03
2017;Q2;Contribution to Growth rate in GDP Y-o-Y;Mining & Quarrying : Crude Petroleum & Natural Gas;-0.46;2017-06
2017;Q2;Contribution to Growth rate in GDP Y-o-Y;Manufacturing;0.3;2017-06
2017;Q2;Contribution to Growth rate in GDP Y-o-Y;Finance, Insurance, Real Estate & Business Services : Real Estate;0.41;2017-06
2017;Q2;Contribution to Growth rate in GDP Y-o-Y;Gross Domestic Product;0.44;2017-06
2017;Q3;Contribution to Growth rate in GDP Y-o-Y;Mining & Quarrying : Crude Petroleum & Natural Gas;-1.12;2017-09
2017;Q3;Contribution to Growth rate in GDP Y-o-Y;Construction;0.1;2017-09
2017;Q3;Contribution to Growth rate in GDP Y-o-Y;Finance, Insurance, Real Estate & Business Services : Real Estate;0.36;2017-09
2017;Q3;Contribution to Growth rate in GDP Y-o-Y;Community, Social & Personal Services;0.23;2017-09
2017;Q3;Contribution to Growth rate in GDP Y-o-Y;Government Activities;0.25;2017-09
2017;Q3;Contribution to Growth rate in GDP Y-o-Y;Net Taxes on Products;-0.03;2017-09
2017;Q4;Contribution to Growth rate in GDP Y-o-Y;Mining & Quarrying;-1.01;2017-12
2017;Q4;Contribution to Growth rate in GDP Y-o-Y;Manufacturing : Petroleum Refining;0.01;2017-12
2017;Q4;Contribution to Growth rate in GDP Y-o-Y;Electricity, Gas and Water;0.08;2017-12
2017;Q4;Contribution to Growth rate in GDP Y-o-Y;Finance, Insurance, Real Estate & Business Services : Real Estate;0.39;2017-12
2017;Q4;Contribution to Growth rate in GDP Y-o-Y;Finance, Insurance, Real Estate & Business Services : Finance , Insurance and Business sevices;0.71;2017-12
2017;Q4;Contribution to Growth rate in GDP Y-o-Y;Gross Value Added;2.95;2017-12
2017;Q4;Contribution to Growth rate in GDP Y-o-Y;Net Taxes on Products;-0.03;2017-12
2018;Q1;Contribution to Growth rate in GDP Y-o-Y;Manufacturing : Manufacturing excluding petroleum refining;0.14;2018-03
2018;Q1;Contribution to Growth rate in GDP Y-o-Y;Wholesale & Retail Trade, Restaurants & hotels;0.36;2018-03
2018;Q1;Contribution to Growth rate in GDP Y-o-Y;Transport, Storage & Communication;0.16;2018-03
2018;Q1;Contribution to Growth rate in GDP Y-o-Y;Finance, Insurance, Real Estate & Business Services : Real Estate;0.24;2018-03
2018;Q2;Contribution to Growth rate in GDP Y-o-Y;Electricity, Gas and Water;-0.06;2018-06
2018;Q2;Contribution to Growth rate in GDP Y-o-Y;Construction;0.43;2018-06
2018;Q2;Contribution to Growth rate in GDP Y-o-Y;Community, Social & Personal Services;0.3;2018-06
2018;Q2;Contribution to Growth rate in GDP Y-o-Y;Gross Value Added;3.87;2018-06
2018;Q3;Contribution to Growth rate in GDP Y-o-Y;Manufacturing : Petroleum Refining;-0.08;2018-09
2018;Q3;Contribution to Growth rate in GDP Y-o-Y;Manufacturing : Manufacturing excluding petroleum refining;0.11;2018-09
2018;Q3;Contribution to Growth rate in GDP Y-o-Y;Community, Social & Personal Services;0.23;2018-09
2018;Q3;Contribution to Growth rate in GDP Y-o-Y;Government Activities;0.28;2018-09
2018;Q3;Contribution to Growth rate in GDP Y-o-Y;Gross Domestic Product;3.11;2018-09
2018;Q4;Contribution to Growth rate in GDP Y-o-Y;Agriculture, Forestry & Fishing;0.08;2018-12
2018;Q4;Contribution to Growth rate in GDP Y-o-Y;Mining & Quarrying;1.65;2018-12
2018;Q4;Contribution to Growth rate in GDP Y-o-Y;Mining & Quarrying : Other Mining & Quarrying;0.01;2018-12
2018;Q4;Contribution to Growth rate in GDP Y-o-Y;Manufacturing;0.1;2018-12
2018;Q4;Contribution to Growth rate in GDP Y-o-Y;Manufacturing : Petroleum Refining;-0.14;2018-12
2018;Q4;Contribution to Growth rate in GDP Y-o-Y;Finance, Insurance, Real Estate & Business Services;0.6;2018-12
2019;Q1;Contribution to Growth rate in GDP Y-o-Y;Agriculture, Forestry & Fishing;0.01;2019-03
2019;Q1;Contribution to Growth rate in GDP Y-o-Y;Manufacturing;0.45;2019-03
2019;Q1;Contribution to Growth rate in GDP Y-o-Y;Construction;0.32;2019-03
2019;Q2;Contribution to Growth rate in GDP Y-o-Y;Mining & Quarrying;-0.98;2019-06
2019;Q2;Contribution to Growth rate in GDP Y-o-Y;Manufacturing : Manufacturing excluding petroleum refining;0.33;2019-06
2019;Q2;Contribution to Growth rate in GDP Y-o-Y;Electricity, Gas and Water;0.0;2019-06
2019;Q2;Contribution to Growth rate in GDP Y-o-Y;Finance, Insurance, Real Estate & Business Services;0.52;2019-06
2019;Q3;Contribution to Growth rate in GDP Y-o-Y;Mining & Quarrying : Other Mining & Quarrying;0.04;2019-09
2019;Q3;Contribution to Growth rate in GDP Y-o-Y;Manufacturing : Petroleum Refining;-0.17;2019-09
2019;Q4;Contribution to Growth rate in GDP Y-o-Y;Mining & Quarrying : Crude Petroleum & Natural Gas;-1.86;2019-12
2020;Q1;Contribution to Growth rate in GDP Y-o-Y;Mining & Quarrying : Other Mining & Quarrying;0.04;2020-03
2020;Q1;Contribution to Growth rate in GDP Y-o-Y;Manufacturing : Petroleum Refining;-0.78;2020-03
2020;Q1;Contribution to Growth rate in GDP Y-o-Y;Transport, Storage & Communication;-0.35;2020-03
2020;Q1;Contribution to Growth rate in GDP Y-o-Y;Finance, Insurance, Real Estate & Business Services;0.11;2020-03
2020;Q1;Contribution to Growth rate in GDP Y-o-Y;Finance, Insurance, Real Estate & Business Services : Real Estate;-0.02;2020-03
2020;Q1;Contribution to Growth rate in GDP Y-o-Y;Finance, Insurance, Real Estate & Business Services : Finance , Insurance and Business sevices;0.14;2020-03
2020;Q1;Contribution to Growth rate in GDP Y-o-Y;Government Activities;0.1;2020-03
2020;Q1;Contribution to Growth rate in GDP Y-o-Y;Net Taxes on Products;0.02;2020-03
2020;Q2;Contribution to Growth rate in GDP Y-o-Y;Mining & Quarrying;-1.13;2020-06
2020;Q2;Contribution to Growth rate in GDP Y-o-Y;Mining & Quarrying : Other Mining & Quarrying;0.0;2020-06
2020;Q2;Contribution to Growth rate in GDP Y-o-Y;Community, Social & Personal Services;0.07;2020-06
2020;Q3;Contribution to Growth rate in GDP Y-o-Y;Manufacturing;-0.7;2020-09
2020;Q3;Contribution to Growth rate in GDP Y-o-Y;Manufacturing : Petroleum Refining;-0.6;2020-09
2020;Q3;Contribution to Growth rate in GDP Y-o-Y;Construction;-0.36;2020-09
2020;Q3;Contribution to Growth rate in GDP Y-o-Y;Transport, Storage & Communication;-0.7;2020-09
2020;Q3;Contribution to Growth rate in GDP Y-o-Y;Finance, Insurance, Real Estate & Business Services : Real Estate;0.19;2020-09
2020;Q3;Contribution to Growth rate in GDP Y-o-Y;Net Taxes on Products;-0.24;2020-09
2020;Q4;Contribution to Growth rate in GDP Y-o-Y;Manufacturing : Petroleum Refining;0.1;2020-12
2020;Q4;Contribution to Growth rate in GDP Y-o-Y;Transport, Storage & Communication;-0.67;2020-12
2020;Q4;Contribution to Growth rate in GDP Y-o-Y;Finance, Insurance, Real Estate & Business Services : Finance , Insurance and Business sevices;0.02;2020-12
2021;Q1;Contribution to Growth rate in GDP Y-o-Y;Transport, Storage & Communication;-0.14;2021-03
2021;Q1;Contribution to Growth rate in GDP Y-o-Y;Government Activities;0.41;2021-03
2021;Q2;Contribution to Growth rate in GDP Y-o-Y;Mining & Quarrying;-1.89;2021-06
2021;Q2;Contribution to Growth rate in GDP Y-o-Y;Mining & Quarrying : Other Mining & Quarrying;0.04;2021-06
2021;Q2;Contribution to Growth rate in GDP Y-o-Y;Manufacturing : Manufacturing excluding petroleum refining;2.09;2021-06
2021;Q2;Contribution to Growth rate in GDP Y-o-Y;Construction;0.33;2021-06
2021;Q2;Contribution to Growth rate in GDP Y-o-Y;Wholesale & Retail Trade, Restaurants & hotels;3.75;2021-06
2021;Q2;Contribution to Growth rate in GDP Y-o-Y;Finance, Insurance, Real Estate & Business Services : Finance , Insurance and Business sevices;0.56;2021-06
2021;Q2;Contribution to Growth rate in GDP Y-o-Y;Gross Value Added;6.46;2021-06
2021;Q3;Contribution to Growth rate in GDP Y-o-Y;Mining & Quarrying;1.46;2021-09
2021;Q3;Contribution to Growth rate in GDP Y-o-Y;Construction;0.85;2021-09
2021;Q3;Contribution to Growth rate in GDP Y-o-Y;Wholesale & Retail Trade, Restaurants & hotels;1.31;2021-09
2021;Q4;Contribution to Growth rate in GDP Y-o-Y;Manufacturing : Petroleum Refining;0.4;2021-12
2021;Q4;Contribution to Growth rate in GDP Y-o-Y;Wholesale & Retail Trade, Restaurants & hotels;0.72;2021-12
2021;Q4;Contribution to Growth rate in GDP Y-o-Y;Finance, Insurance, Real Estate & Business Services : Finance , Insurance and Business sevices;0.74;2021-12
2021;Q4;Contribution to Growth rate in GDP Y-o-Y;Community, Social & Personal Services;0.46;2021-12
2021;Q4;Contribution to Growth rate in GDP Y-o-Y;Government Activities;0.6;2021-12
2021;Q4;Contribution to Growth rate in GDP Y-o-Y;Net Taxes on Products;0.22;2021-12
2022;Q1;Contribution to Growth rate in GDP Y-o-Y;Agriculture, Forestry & Fishing;0.05;2022-03
2022;Q1;Contribution to Growth rate in GDP Y-o-Y;Mining & Quarrying : Crude Petroleum & Natural Gas;3.97;2022-03
2022;Q1;Contribution to Growth rate in GDP Y-o-Y;Manufacturing : Petroleum Refining;0.6;2022-03
2022;Q1;Contribution to Growth rate in GDP Y-o-Y;Net Taxes on Products;0.88;2022-03
2022;Q2;Contribution to Growth rate in GDP Y-o-Y;Manufacturing : Petroleum Refining;0.62;2022-06
2022;Q2;Contribution to Growth rate in GDP Y-o-Y;Construction;2.44;2022-06
2022;Q2;Contribution to Growth rate in GDP Y-o-Y;Transport, Storage & Communication;0.72;2022-06
2022;Q2;Contribution to Growth rate in GDP Y-o-Y;Community, Social & Personal Services;0.38;2022-06
2022;Q2;Contribution to Growth rate in GDP Y-o-Y;Net Taxes on Products;1.04;2022-06
2022;Q3;Contribution to Growth rate in GDP Y-o-Y;Agriculture, Forestry & Fishing;-0.01;2022-09
2022;Q3;Contribution to Growth rate in GDP Y-o-Y;Manufacturing : Petroleum Refining;0.25;2022-09
2022;Q3;Contribution to Growth rate in GDP Y-o-Y;Manufacturing : Manufacturing excluding petroleum refining;1.52;2022-09
2022;Q3;Contribution to Growth rate in GDP Y-o-Y;Finance, Insurance, Real Estate & Business Services;0.97;2022-09
2022;Q3;Contribution to Growth rate in GDP Y-o-Y;Finance, Insurance, Real Estate & Business Services : Finance , Insurance and Business sevices;0.8;2022-09
2022;Q3;Contribution to Growth rate in GDP Y-o-Y;Community, Social & Personal Services;0.32;2022-09
2022;Q3;Contribution to Growth rate in GDP Y-o-Y;Government Activities;0.95;2022-09
2022;Q4;Contribution to Growth rate in GDP Y-o-Y;Agriculture, Forestry & Fishing;0.11;2022-12
2022;Q4;Contribution to Growth rate in GDP Y-o-Y;Mining & Quarrying;2.04;2022-12
2022;Q4;Contribution to Growth rate in GDP Y-o-Y;Community, Social & Personal Services;0.45;2022-12
2022;Q4;Contribution to Growth rate in GDP Y-o-Y;Gross Domestic Product;9.61;2022-12
2023;Q1;Contribution to Growth rate in GDP Y-o-Y;Mining & Quarrying : Other Mining & Quarrying;0.02;2023-03
2023;Q1;Contribution to Growth rate in GDP Y-o-Y;Construction;0.97;2023-03
2023;Q1;Contribution to Growth rate in GDP Y-o-Y;Transport, Storage & Communication;0.47;2023-03
2023;Q1;Contribution to Growth rate in GDP Y-o-Y;Finance, Insurance, Real Estate & Business Services : Real Estate;0.12;2023-03
2023;Q1;Contribution to Growth rate in GDP Y-o-Y;Finance, Insurance, Real Estate & Business Services : Finance , Insurance and Business sevices;0.42;2023-03
2023;Q1;Contribution to Growth rate in GDP Y-o-Y;Community, Social & Personal Services;0.5;2023-03
2023;Q1;Contribution to Growth rate in GDP Y-o-Y;Net Taxes on Products;0.32;2023-03
2023;Q2;Contribution to Growth rate in GDP Y-o-Y;Mining & Quarrying;-1.1;2023-06
2023;Q2;Contribution to Growth rate in GDP Y-o-Y;Manufacturing;0.72;2023-06
2023;Q2;Contribution to Growth rate in GDP Y-o-Y;Finance, Insurance, Real Estate & Business Services : Real Estate;0.1;2023-06
2023;Q2;Contribution to Growth rate in GDP Y-o-Y;Finance, Insurance, Real Estate & Business Services : Finance , Insurance and Business sevices;0.34;2023-06
2023;Q2;Contribution to Growth rate in GDP Y-o-Y;Government Activities;0.06;2023-06
2023;Q3;Contribution to Growth rate in GDP Y-o-Y;Manufacturing : Manufacturing excluding petroleum refining;0.1;2023-09
2023;Q3;Contribution to Growth rate in GDP Y-o-Y;Electricity, Gas and Water;-0.06;2023-09
2023;Q4;Contribution to Growth rate in GDP Y-o-Y;Agriculture, Forestry & Fishing;0.2;2023-12
2023;Q4;Contribution to Growth rate in GDP Y-o-Y;Mining & Quarrying;-4.83;2023-12
2023;Q4;Contribution to Growth rate in GDP Y-o-Y;Manufacturing;-0.86;2023-12
2023;Q4;Contribution to Growth rate in GDP Y-o-Y;Transport, Storage & Communication;0.21;2023-12
2023;Q4;Contribution to Growth rate in GDP Y-o-Y;Gross Domestic Product;-2.96;2023-12
2024;Q1;Contribution to Growth rate in GDP Y-o-Y;Electricity, Gas and Water;0.02;2024-03
2024;Q1;Contribution to Growth rate in GDP Y-o-Y;Transport, Storage & Communication;0.25;2024-03
2024;Q1;Contribution to Growth rate in GDP Y-o-Y;Finance, Insurance, Real Estate & Business Services : Real Estate;0.17;2024-03
2024;Q1;Contribution to Growth rate in GDP Y-o-Y;Community, Social & Personal Services;0.35;2024-03
2024;Q2;Contribution to Growth rate in GDP Y-o-Y;Manufacturing;0.74;2024-06
2024;Q2;Contribution to Growth rate in GDP Y-o-Y;Manufacturing : Petroleum Refining;0.19;2024-06
2024;Q2;Contribution to Growth rate in GDP Y-o-Y;Finance, Insurance, Real Estate & Business Services;0.89;2024-06
2024;Q2;Contribution to Growth rate in GDP Y-o-Y;Finance, Insurance, Real Estate & Business Services : Finance , Insurance and Business sevices;0.68;2024-06
2024;Q3;Contribution to Growth rate in GDP Y-o-Y;Manufacturing : Manufacturing excluding petroleum refining;0.52;2024-09
2024;Q3;Contribution to Growth rate in GDP Y-o-Y;Finance, Insurance, Real Estate & Business Services : Real Estate;0.13;2024-09
2024;Q3;Contribution to Growth rate in GDP Y-o-Y;Net Taxes on Products;0.27;2024-09
2024;Q4;Contribution to Growth rate in GDP Y-o-Y;Construction;0.51;2024-12
2024;Q4;Contribution to Growth rate in GDP Y-o-Y;Community, Social & Personal Services;0.19;2024-12
2025;Q1;Contribution to Growth rate in GDP Y-o-Y;Mining & Quarrying : Other Mining & Quarrying;0.01;2025-03
2025;Q1;Contribution to Growth rate in GDP Y-o-Y;Manufacturing;0.76;2025-03
2025;Q1;Contribution to Growth rate in GDP Y-o-Y;Community, Social & Personal Services;0.19;2025-03
2025;Q1;Contribution to Growth rate in GDP Y-o-Y;Gross Domestic Product;3.68;2025-03
2025;Q2;Contribution to Growth rate in GDP Y-o-Y;Electricity, Gas and Water;0.19;2025-06
2025;Q2;Contribution to Growth rate in GDP Y-o-Y;Wholesale & Retail Trade, Restaurants & hotels;0.76;2025-06
2025;Q2;Contribution to Growth rate in GDP Y-o-Y;Transport, Storage & Communication;0.2;2025-06
2025;Q2;Contribution to Growth rate in GDP Y-o-Y;Gross Domestic Product;4.46;2025-06
2025;Q4;Contribution to Growth rate in GDP Y-o-Y;Manufacturing : Petroleum Refining;0.26;2025-12
2025;Q4;Contribution to Growth rate in GDP Y-o-Y;Manufacturing : Manufacturing excluding petroleum refining;0.48;2025-12
2025;Q4;Contribution to Growth rate in GDP Y-o-Y;Net Taxes on Products;0.19;2025-12
2010;Q1;Implicit Price Index (Deflators);Agriculture, Forestry & Fishing;71.9;2010-03
2010;Q1;Implicit Price Index (Deflators);Wholesale & Retail Trade, Restaurants & hotels;73.1;2010-03
2010;Q1;Implicit Price Index (Deflators);Finance, Insurance, Real Estate & Business Services : Real Estate;64.0;2010-03
2010;Q2;Implicit Price Index (Deflators);Manufacturing : Petroleum Refining;36.8;2010-06
2010;Q2;Implicit Price Index (Deflators);Construction;59.9;2010-06
2010;Q2;Implicit Price Index (Deflators);Gross Value Added;74.6;2010-06
2010;Q3;Implicit Price Index (Deflators);Manufacturing : Petroleum Refining;36.8;2010-09
2010;Q3;Implicit Price Index (Deflators);Electricity, Gas and Water;72.4;2010-09
2010;Q3;Implicit Price Index (Deflators);Construction;59.9;2010-09
2010;Q3;Implicit Price Index (Deflators);Transport, Storage & Communication;82.9;2010-09
2010;Q3;Implicit Price Index (Deflators);Government Activities;63.9;2010-09
2010;Q3;Implicit Price Index (Deflators);Net Taxes on Products;9.6;2010-09
2010;Q4;Implicit Price Index (Deflators);Mining & Quarrying : Crude Petroleum & Natural Gas;94.4;2010-12
2010;Q4;Implicit Price Index (Deflators);Manufacturing : Petroleum Refining;36.8;2010-12
2010;Q4;Implicit Price Index (Deflators);Manufacturing : Manufacturing excluding petroleum refining;70.2;2010-12
2010;Q4;Implicit Price Index (Deflators);Finance, Insurance, Real Estate & Business Services;65.3;2010-12
2010;Q4;Implicit Price Index (Deflators);Finance, Insurance, Real Estate & Business Services : Finance , Insurance and Business sevices;67.1;2010-12
2011;Q1;Implicit Price Index (Deflators);Mining & Quarrying;117.7;2011-03
2011;Q1;Implicit Price Index (Deflators);Mining & Quarrying : Crude Petroleum & Natural Gas;118.2;2011-03
2011;Q1;Implicit Price Index (Deflators);Mining & Quarrying : Other Mining & Quarrying;73.2;2011-03
2011;Q1;Implicit Price Index (Deflators);Manufacturing;59.7;2011-03
2011;Q1;Implicit Price Index (Deflators);Manufacturing : Manufacturing excluding petroleum refining;75.2;2011-03
2011;Q1;Implicit Price Index (Deflators);Electricity, Gas and Water;74.0;2011-03
2011;Q2;Implicit Price Index (Deflators);Manufacturing;58.9;2011-06
2011;Q2;Implicit Price Index (Deflators);Finance, Insurance, Real Estate & Business Services : Real Estate;66.9;2011-06
2011;Q3;Implicit Price Index (Deflators);Agriculture, Forestry & Fishing;72.2;2011-09
2011;Q3;Implicit Price Index (Deflators);Construction;63.8;2011-09
2011;Q3;Implicit Price Index (Deflators);Transport, Storage & Communication;83.8;2011-09
2011;Q4;Implicit Price Index (Deflators);Mining & Quarrying : Crude Petroleum & Natural Gas;126.1;2011-12
2011;Q4;Implicit Price Index (Deflators);Manufacturing : Manufacturing excluding petroleum refining;75.4;2011-12
2011;Q4;Implicit Price Index (Deflators);Government Activities;58.3;2011-12
2012;Q1;Implicit Price Index (Deflators);Mining & Quarrying;134.3;2012-03
2012;Q1;Implicit Price Index (Deflators);Mining & Quarrying : Crude Petroleum & Natural Gas;135.0;2012-03
2012;Q1;Implicit Price Index (Deflators);Wholesale & Retail Trade, Restaurants & hotels;75.1;2012-03
2012;Q1;Implicit Price Index (Deflators);Transport, Storage & Communication;85.0;2012-03
2012;Q2;Implicit Price Index (Deflators);Mining & Quarrying : Other Mining & Quarrying;75.2;2012-06
2012;Q2;Implicit Price Index (Deflators);Community, Social & Personal Services;85.2;2012-06
2012;Q2;Implicit Price Index (Deflators);Gross Value Added;89.7;2012-06
2012;Q3;Implicit Price Index (Deflators);Agriculture, Forestry & Fishing;74.0;2012-09
2012;Q3;Implicit Price Index (Deflators);Electricity, Gas and Water;78.0;2012-09
2012;Q3;Implicit Price Index (Deflators);Construction;67.9;2012-09
2012;Q3;Implicit Price Index (Deflators);Transport, Storage & Communication;87.3;2012-09
2012;Q3;Implicit Price Index (Deflators);Finance, Insurance, Real Estate & Business Services : Finance , Insurance and Business sevices;76.2;2012-09
2012;Q3;Implicit Price Index (Deflators);Gross Value Added;89.9;2012-09
2012;Q4;Implicit Price Index (Deflators);Manufacturing;62.5;2012-12
2012;Q4;Implicit Price Index (Deflators);Finance, Insurance, Real Estate & Business Services;76.9;2012-12
2012;Q4;Implicit Price Index (Deflators);Finance, Insurance, Real Estate & Business Services : Real Estate;77.5;2012-12
2012;Q4;Implicit Price Index (Deflators);Finance, Insurance, Real Estate & Business Services : Finance , Insurance and Business sevices;76.7;2012-12
2013;Q1;Implicit Price Index (Deflators);Agriculture, Forestry & Fishing;75.5;2013-03
2013;Q1;Implicit Price Index (Deflators);Mining & Quarrying : Other Mining & Quarrying;78.9;2013-03
2013;Q1;Implicit Price Index (Deflators);Manufacturing : Manufacturing excluding petroleum refining;80.6;2013-03
2013;Q1;Implicit Price Index (Deflators);Construction;74.0;2013-03
2013;Q1;Implicit Price Index (Deflators);Wholesale & Retail Trade, Restaurants & hotels;78.1;2013-03
2013;Q1;Implicit Price Index (Deflators);Finance, Insurance, Real Estate & Business Services : Finance , Insurance and Business sevices;79.5;2013-03
2013;Q1;Implicit Price Index (Deflators);Community, Social & Personal Services;86.5;2013-03
2013;Q1;Implicit Price Index (Deflators);Government Activities;68.7;2013-03
2013;Q2;Implicit Price Index (Deflators);Mining & Quarrying : Other Mining & Quarrying;79.1;2013-06
2013;Q2;Implicit Price Index (Deflators);Manufacturing : Manufacturing excluding petroleum refining;78.4;2013-06
2013;Q2;Implicit Price Index (Deflators);Wholesale & Retail Trade, Restaurants & hotels;87.6;2013-06
2013;Q2;Implicit Price Index (Deflators);Finance, Insurance, Real Estate & Business Services : Finance , Insurance and Business sevices;78.7;2013-06
2013;Q2;Implicit Price Index (Deflators);Community, Social & Personal Services;87.6;2013-06
2013;Q2;Implicit Price Index (Deflators);Net Taxes on Products;11.4;2013-06
2013;Q3;Implicit Price Index (Deflators);Mining & Quarrying;115.2;2013-09
2013;Q3;Implicit Price Index (Deflators);Gross Value Added;89.5;2013-09
2013;Q3;Implicit Price Index (Deflators);Gross Domestic Product;85.8;2013-09
2013;Q4;Implicit Price Index (Deflators);Agriculture, Forestry & Fishing;76.6;2013-12
2013;Q4;Implicit Price Index (Deflators);Mining & Quarrying;118.5;2013-12
2013;Q4;Implicit Price Index (Deflators);Finance, Insurance, Real Estate & Business Services : Real Estate;83.9;2013-12
2013;Q4;Implicit Price Index (Deflators);Finance, Insurance, Real Estate & Business Services : Finance , Insurance and Business sevices;79.9;2013-12
2013;Q4;Implicit Price Index (Deflators);Government Activities;60.5;2013-12
2014;Q1;Implicit Price Index (Deflators);Agriculture, Forestry & Fishing;77.1;2014-03
2014;Q1;Implicit Price Index (Deflators);Finance, Insurance, Real Estate & Business Services;88.8;2014-03
2014;Q1;Implicit Price Index (Deflators);Finance, Insurance, Real Estate & Business Services : Real Estate;94.1;2014-03
2014;Q1;Implicit Price Index (Deflators);Community, Social & Personal Services;89.0;2014-03
2014;Q1;Implicit Price Index (Deflators);Net Taxes on Products;8.1;2014-03
2014;Q2;Implicit Price Index (Deflators);Mining & Quarrying : Crude Petroleum & Natural Gas;121.1;2014-06
2014;Q2;Implicit Price Index (Deflators);Manufacturing : Manufacturing excluding petroleum refining;81.9;2014-06
2014;Q2;Implicit Price Index (Deflators);Construction;77.3;2014-06
2014;Q2;Implicit Price Index (Deflators);Finance, Insurance, Real Estate & Business Services : Finance , Insurance and Business sevices;82.7;2014-06
2014;Q2;Implicit Price Index (Deflators);Community, Social & Personal Services;88.9;2014-06
2014;Q2;Implicit Price Index (Deflators);Government Activities;75.6;2014-06
2014;Q3;Implicit Price Index (Deflators);Mining & Quarrying : Other Mining & Quarrying;83.2;2014-09
2014;Q3;Implicit Price Index (Deflators);Wholesale & Retail Trade, Restaurants & hotels;96.1;2014-09
2014;Q3;Implicit Price Index (Deflators);Transport, Storage & Communication;89.7;2014-09
2014;Q3;Implicit Price Index (Deflators);Finance, Insurance, Real Estate & Business Services : Finance , Insurance and Business sevices;83.0;2014-09
2014;Q4;Implicit Price Index (Deflators);Mining & Quarrying : Other Mining & Quarrying;79.9;2014-12
2014;Q4;Implicit Price Index (Deflators);Construction;75.9;2014-12
2014;Q4;Implicit Price Index (Deflators);Wholesale & Retail Trade, Restaurants & hotels;86.8;2014-12
2014;Q4;Implicit Price Index (Deflators);Finance, Insurance, Real Estate & Business Services;86.0;2014-12
2014;Q4;Implicit Price Index (Deflators);Finance, Insurance, Real Estate & Business Services : Finance , Insurance and Business sevices;81.4;2014-12
2015;Q1;Implicit Price Index (Deflators);Electricity, Gas and Water;97.6;2015-03
2015;Q1;Implicit Price Index (Deflators);Finance, Insurance, Real Estate & Business Services;91.8;2015-03
2015;Q1;Implicit Price Index (Deflators);Gross Domestic Product;73.8;2015-03
2015;Q2;Implicit Price Index (Deflators);Manufacturing : Manufacturing excluding petroleum refining;85.8;2015-06
2015;Q2;Implicit Price Index (Deflators);Wholesale & Retail Trade, Restaurants & hotels;99.4;2015-06
2015;Q2;Implicit Price Index (Deflators);Finance, Insurance, Real Estate & Business Services : Real Estate;93.4;2015-06
2015;Q3;Implicit Price Index (Deflators);Construction;80.0;2015-09
2015;Q4;Implicit Price Index (Deflators);Wholesale & Retail Trade, Restaurants & hotels;87.2;2015-12
2016;Q1;Implicit Price Index (Deflators);Mining & Quarrying : Crude Petroleum & Natural Gas;34.9;2016-03
2016;Q1;Implicit Price Index (Deflators);Manufacturing;60.7;2016-03
2016;Q1;Implicit Price Index (Deflators);Manufacturing : Petroleum Refining;25.4;2016-03
2016;Q1;Implicit Price Index (Deflators);Gross Value Added;67.9;2016-03
2016;Q2;Implicit Price Index (Deflators);Manufacturing;60.7;2016-06
2016;Q2;Implicit Price Index (Deflators);Manufacturing : Manufacturing excluding petroleum refining;83.7;2016-06
2016;Q2;Implicit Price Index (Deflators);Finance, Insurance, Real Estate & Business Services;91.8;2016-06
2016;Q2;Implicit Price Index (Deflators);Finance, Insurance, Real Estate & Business Services : Finance , Insurance and Business sevices;86.2;2016-06
2016;Q2;Implicit Price Index (Deflators);Government Activities;92.2;2016-06
2016;Q3;Implicit Price Index (Deflators);Mining & Quarrying;50.5;2016-09
2016;Q3;Implicit Price Index (Deflators);Manufacturing : Petroleum Refining;25.4;2016-09
2016;Q3;Implicit Price Index (Deflators);Finance, Insurance, Real Estate & Business Services : Finance , Insurance and Business sevices;85.0;2016-09
2016;Q4;Implicit Price Index (Deflators);Manufacturing : Manufacturing excluding petroleum refining;83.9;2016-12
2016;Q4;Implicit Price Index (Deflators);Gross Domestic Product;70.3;2016-12
2017;Q1;Implicit Price Index (Deflators);Electricity, Gas and Water;89.9;2017-03
2017;Q1;Implicit Price Index (Deflators);Finance, Insurance, Real Estate & Business Services : Real Estate;100.2;2017-03
2017;Q1;Implicit Price Index (Deflators);Community, Social & Personal Services;92.5;2017-03
2017;Q2;Implicit Price Index (Deflators);Manufacturing : Manufacturing excluding petroleum refining;83.6;2017-06
2017;Q2;Implicit Price Index (Deflators);Community, Social & Personal Services;92.5;2017-06
2017;Q2;Implicit Price Index (Deflators);Government Activities;93.4;2017-06
2017;Q3;Implicit Price Index (Deflators);Mining & Quarrying;57.6;2017-09
2017;Q3;Implicit Price Index (Deflators);Mining & Quarrying : Crude Petroleum & Natural Gas;57.1;2017-09
2017;Q3;Implicit Price Index (Deflators);Manufacturing;63.8;2017-09
2017;Q3;Implicit Price Index (Deflators);Manufacturing : Manufacturing excluding petroleum refining;83.8;2017-09
2017;Q4;Implicit Price Index (Deflators);Wholesale & Retail Trade, Restaurants & hotels;87.3;2017-12
2017;Q4;Implicit Price Index (Deflators);Finance, Insurance, Real Estate & Business Services;89.3;2017-12
2017;Q4;Implicit Price Index (Deflators);Finance, Insurance, Real Estate & Business Services : Real Estate;95.3;2017-12
2017;Q4;Implicit Price Index (Deflators);Net Taxes on Products;11.6;2017-12
2018;Q1;Implicit Price Index (Deflators);Manufacturing : Manufacturing excluding petroleum refining;85.6;2018-03
2018;Q1;Implicit Price Index (Deflators);Electricity, Gas and Water;110.5;2018-03
2018;Q1;Implicit Price Index (Deflators);Construction;80.4;2018-03
2018;Q1;Implicit Price Index (Deflators);Government Activities;88.7;2018-03
2018;Q2;Implicit Price Index (Deflators);Mining & Quarrying;91.3;2018-06
2018;Q2;Implicit Price Index (Deflators);Manufacturing : Manufacturing excluding petroleum refining;85.2;2018-06
2018;Q2;Implicit Price Index (Deflators);Finance, Insurance, Real Estate & Business Services;91.2;2018-06
2018;Q2;Implicit Price Index (Deflators);Finance, Insurance, Real Estate & Business Services : Real Estate;94.1;2018-06
2018;Q2;Implicit Price Index (Deflators);Finance, Insurance, Real Estate & Business Services : Finance , Insurance and Business sevices;88.4;2018-06
2018;Q2;Implicit Price Index (Deflators);Government Activities;107.5;2018-06
2018;Q2;Implicit Price Index (Deflators);Net Taxes on Products;39.6;2018-06
2018;Q3;Implicit Price Index (Deflators);Mining & Quarrying;92.3;2018-09
2018;Q3;Implicit Price Index (Deflators);Manufacturing : Manufacturing excluding petroleum refining;85.9;2018-09
2018;Q3;Implicit Price Index (Deflators);Electricity, Gas and Water;90.5;2018-09
2018;Q3;Implicit Price Index (Deflators);Finance, Insurance, Real Estate & Business Services : Finance , Insurance and Business sevices;87.4;2018-09
2018;Q4;Implicit Price Index (Deflators);Manufacturing : Manufacturing excluding petroleum refining;85.8;2018-12
2019;Q1;Implicit Price Index (Deflators);Manufacturing;71.5;2019-03
2019;Q1;Implicit Price Index (Deflators);Finance, Insurance, Real Estate & Business Services : Real Estate;95.8;2019-03
2019;Q2;Implicit Price Index (Deflators);Agriculture, Forestry & Fishing;77.8;2019-06
2019;Q2;Implicit Price Index (Deflators);Manufacturing;71.0;2019-06
2019;Q2;Implicit Price Index (Deflators);Manufacturing : Petroleum Refining;43.5;2019-06
2019;Q2;Implicit Price Index (Deflators);Finance, Insurance, Real Estate & Business Services : Finance , Insurance and Business sevices;90.3;2019-06
2019;Q2;Implicit Price Index (Deflators);Government Activities;106.6;2019-06
2019;Q3;Implicit Price Index (Deflators);Manufacturing;69.7;2019-09
2019;Q3;Implicit Price Index (Deflators);Finance, Insurance, Real Estate & Business Services : Real Estate;94.9;2019-09
2019;Q3;Implicit Price Index (Deflators);Community, Social & Personal Services;96.7;2019-09
2019;Q3;Implicit Price Index (Deflators);Government Activities;108.8;2019-09
2019;Q3;Implicit Price Index (Deflators);Gross Domestic Product;85.8;2019-09
2019;Q4;Implicit Price Index (Deflators);Agriculture, Forestry & Fishing;83.4;2019-12
2019;Q4;Implicit Price Index (Deflators);Mining & Quarrying : Other Mining & Quarrying;88.0;2019-12
2019;Q4;Implicit Price Index (Deflators);Manufacturing;70.9;2019-12
2019;Q4;Implicit Price Index (Deflators);Manufacturing : Manufacturing excluding petroleum refining;86.9;2019-12
2019;Q4;Implicit Price Index (Deflators);Electricity, Gas and Water;114.1;2019-12
2019;Q4;Implicit Price Index (Deflators);Transport, Storage & Communication;94.0;2019-12
2019;Q4;Implicit Price Index (Deflators);Finance, Insurance, Real Estate & Business Services : Real Estate;94.7;2019-12
2019;Q4;Implicit Price Index (Deflators);Gross Value Added;85.3;2019-12
2020;Q1;Implicit Price Index (Deflators);Agriculture, Forestry & Fishing;80.5;2020-03
2020;Q1;Implicit Price Index (Deflators);Mining & Quarrying;54.1;2020-03
2020;Q1;Implicit Price Index (Deflators);Manufacturing : Petroleum Refining;44.8;2020-03
2020;Q1;Implicit Price Index (Deflators);Electricity, Gas and Water;110.3;2020-03
2020;Q1;Implicit Price Index (Deflators);Net Taxes on Products;50.8;2020-03
2020;Q1;Implicit Price Index (Deflators);Gross Domestic Product;76.0;2020-03
2020;Q2;Implicit Price Index (Deflators);Manufacturing : Petroleum Refining;23.8;2020-06
2020;Q2;Implicit Price Index (Deflators);Manufacturing : Manufacturing excluding petroleum refining;90.0;2020-06
2020;Q2;Implicit Price Index (Deflators);Electricity, Gas and Water;100.0;2020-06
2020;Q2;Implicit Price Index (Deflators);Construction;83.8;2020-06
2020;Q2;Implicit Price Index (Deflators);Gross Domestic Product;71.5;2020-06
2020;Q3;Implicit Price Index (Deflators);Agriculture, Forestry & Fishing;80.7;2020-09
2020;Q3;Implicit Price Index (Deflators);Transport, Storage & Communication;91.1;2020-09
2020;Q3;Implicit Price Index (Deflators);Finance, Insurance, Real Estate & Business Services;90.6;2020-09
2020;Q3;Implicit Price Index (Deflators);Finance, Insurance, Real Estate & Business Services : Finance , Insurance and Business sevices;87.9;2020-09
2020;Q4;Implicit Price Index (Deflators);Agriculture, Forestry & Fishing;84.5;2020-12
2020;Q4;Implicit Price Index (Deflators);Manufacturing;66.1;2020-12
2020;Q4;Implicit Price Index (Deflators);Manufacturing : Petroleum Refining;35.4;2020-12
2020;Q4;Implicit Price Index (Deflators);Construction;88.8;2020-12
2020;Q4;Implicit Price Index (Deflators);Transport, Storage & Communication;93.8;2020-12
2020;Q4;Implicit Price Index (Deflators);Community, Social & Personal Services;95.8;2020-12
2020;Q4;Implicit Price Index (Deflators);Net Taxes on Products;79.6;2020-12
2021;Q1;Implicit Price Index (Deflators);Mining & Quarrying : Crude Petroleum & Natural Gas;75.1;2021-03
2021;Q1;Implicit Price Index (Deflators);Manufacturing;74.4;2021-03
2021;Q1;Implicit Price Index (Deflators);Electricity, Gas and Water;116.6;2021-03
2021;Q1;Implicit Price Index (Deflators);Transport, Storage & Communication;89.7;2021-03
2021;Q2;Implicit Price Index (Deflators);Mining & Quarrying : Other Mining & Quarrying;97.9;2021-06
2021;Q2;Implicit Price Index (Deflators);Community, Social & Personal Services;92.8;2021-06
2021;Q3;Implicit Price Index (Deflators);Manufacturing : Manufacturing excluding petroleum refining;95.8;2021-09
2021;Q3;Implicit Price Index (Deflators);Construction;94.9;2021-09
2021;Q4;Implicit Price Index (Deflators);Manufacturing : Manufacturing excluding petroleum refining;98.3;2021-12
2021;Q4;Implicit Price Index (Deflators);Finance, Insurance, Real Estate & Business Services;91.0;2021-12
2022;Q1;Implicit Price Index (Deflators);Manufacturing : Manufacturing excluding petroleum refining;92.7;2022-03
2022;Q1;Implicit Price Index (Deflators);Wholesale & Retail Trade, Restaurants & hotels;90.3;2022-03
2022;Q1;Implicit Price Index (Deflators);Transport, Storage & Communication;94.2;2022-03
2022;Q1;Implicit Price Index (Deflators);Government Activities;91.4;2022-03
2022;Q1;Implicit Price Index (Deflators);Net Taxes on Products;94.4;2022-03
2022;Q1;Implicit Price Index (Deflators);Gross Domestic Product;97.5;2022-03
2022;Q2;Implicit Price Index (Deflators);Agriculture, Forestry & Fishing;95.8;2022-06
2022;Q2;Implicit Price Index (Deflators);Electricity, Gas and Water;95.0;2022-06
2022;Q2;Implicit Price Index (Deflators);Finance, Insurance, Real Estate & Business Services;94.3;2022-06
2022;Q2;Implicit Price Index (Deflators);Gross Domestic Product;110.3;2022-06
2022;Q3;Implicit Price Index (Deflators);Construction;96.9;2022-09
2022;Q3;Implicit Price Index (Deflators);Wholesale & Retail Trade, Restaurants & hotels;99.2;2022-09
2022;Q3;Implicit Price Index (Deflators);Finance, Insurance, Real Estate & Business Services : Finance , Insurance and Business sevices;93.4;2022-09
2022;Q3;Implicit Price Index (Deflators);Net Taxes on Products;91.3;2022-09
2022;Q3;Implicit Price Index (Deflators);Gross Domestic Product;104.0;2022-09
2022;Q4;Implicit Price Index (Deflators);Mining & Quarrying : Other Mining & Quarrying;98.4;2022-12
2022;Q4;Implicit Price Index (Deflators);Manufacturing : Petroleum Refining;104.2;2022-12
2022;Q4;Implicit Price Index (Deflators);Finance, Insurance, Real Estate & Business Services;94.6;2022-12
2022;Q4;Implicit Price Index (Deflators);Finance, Insurance, Real Estate & Business Services : Real Estate;93.4;2022-12
2022;Q4;Implicit Price Index (Deflators);Government Activities;91.6;2022-12
2023;Q1;Implicit Price Index (Deflators);Agriculture, Forestry & Fishing;99.8;2023-03
2023;Q1;Implicit Price Index (Deflators);Mining & Quarrying;99.2;2023-03
2023;Q1;Implicit Price Index (Deflators);Mining & Quarrying : Crude Petroleum & Natural Gas;99.2;2023-03
2023;Q1;Implicit Price Index (Deflators);Construction;100.0;2023-03
2023;Q2;Implicit Price Index (Deflators);Mining & Quarrying;91.2;2023-06
2023;Q2;Implicit Price Index (Deflators);Mining & Quarrying : Other Mining & Quarrying;98.8;2023-06
2023;Q2;Implicit Price Index (Deflators);Transport, Storage & Communication;99.7;2023-06
2023;Q2;Implicit Price Index (Deflators);Finance, Insurance, Real Estate & Business Services;101.8;2023-06
2023;Q2;Implicit Price Index (Deflators);Finance, Insurance, Real Estate & Business Services : Real Estate;98.9;2023-06
2023;Q2;Implicit Price Index (Deflators);Finance, Insurance, Real Estate & Business Services : Finance , Insurance and Business sevices;104.4;2023-06
2023;Q2;Implicit Price Index (Deflators);Community, Social & Personal Services;100.0;2023-06
2023;Q2;Implicit Price Index (Deflators);Government Activities;110.2;2023-06
2023;Q2;Implicit Price Index (Deflators);Gross Value Added;99.1;2023-06
2023;Q3;Implicit Price Index (Deflators);Mining & Quarrying : Crude Petroleum & Natural Gas;108.0;2023-09
2023;Q3;Implicit Price Index (Deflators);Finance, Insurance, Real Estate & Business Services : Finance , Insurance and Business sevices;96.1;2023-09
2023;Q4;Implicit Price Index (Deflators);Mining & Quarrying : Other Mining & Quarrying;102.7;2023-12
2023;Q4;Implicit Price Index (Deflators);Manufacturing;106.9;2023-12
2023;Q4;Implicit Price Index (Deflators);Manufacturing : Manufacturing excluding petroleum refining;108.3;2023-12
2023;Q4;Implicit Price Index (Deflators);Electricity, Gas and Water;115.3;2023-12
2023;Q4;Implicit Price Index (Deflators);Community, Social & Personal Services;98.7;2023-12
2023;Q4;Implicit Price Index (Deflators);Gross Value Added;100.7;2023-12
2024;Q1;Implicit Price Index (Deflators);Agriculture, Forestry & Fishing;99.6;2024-03
2024;Q1;Implicit Price Index (Deflators);Manufacturing : Petroleum Refining;94.2;2024-03
2024;Q1;Implicit Price Index (Deflators);Wholesale & Retail Trade, Restaurants & hotels;101.4;2024-03
2024;Q1;Implicit Price Index (Deflators);Finance, Insurance, Real Estate & Business Services : Finance , Insurance and Business sevices;104.4;2024-03
2024;Q2;Implicit Price Index (Deflators);Mining & Quarrying : Crude Petroleum & Natural Gas;101.5;2024-06
2024;Q2;Implicit Price Index (Deflators);Gross Domestic Product;103.3;2024-06
2024;Q3;Implicit Price Index (Deflators);Agriculture, Forestry & Fishing;100.4;2024-09
2024;Q3;Implicit Price Index (Deflators);Gross Domestic Product;99.9;2024-09
2024;Q4;Implicit Price Index (Deflators);Mining & Quarrying;85.4;2024-12
2024;Q4;Implicit Price Index (Deflators);Wholesale & Retail Trade, Restaurants & hotels;97.6;2024-12
2024;Q4;Implicit Price Index (Deflators);Finance, Insurance, Real Estate & Business Services;104.9;2024-12
2024;Q4;Implicit Price Index (Deflators);Finance, Insurance, Real Estate & Business Services : Finance , Insurance and Business sevices;100.0;2024-12
2025;Q1;Implicit Price Index (Deflators);Construction;103.2;2025-03
2025;Q1;Implicit Price Index (Deflators);Finance, Insurance, Real Estate & Business Services;111.3;2025-03
2025;Q1;Implicit Price Index (Deflators);Finance, Insurance, Real Estate & Business Services : Real Estate;116.5;2025-03
2025;Q1;Implicit Price Index (Deflators);Finance, Insurance, Real Estate & Business Services : Finance , Insurance and Business sevices;107.0;2025-03
2025;Q2;Implicit Price Index (Deflators);Electricity, Gas and Water;94.9;2025-06
2025;Q2;Implicit Price Index (Deflators);Gross Domestic Product;98.4;2025-06
2025;Q3;Implicit Price Index (Deflators);Manufacturing : Petroleum Refining;86.1;2025-09
2025;Q3;Implicit Price Index (Deflators);Electricity, Gas and Water;90.5;2025-09
2025;Q3;Implicit Price Index (Deflators);Construction;102.1;2025-09
2025;Q3;Implicit Price Index (Deflators);Finance, Insurance, Real Estate & Business Services : Finance , Insurance and Business sevices;102.6;2025-09
2025;Q4;Implicit Price Index (Deflators);Manufacturing : Petroleum Refining;83.1;2025-12
2025;Q4;Implicit Price Index (Deflators);Electricity, Gas and Water;136.6;2025-12
2025;Q4;Implicit Price Index (Deflators);Finance, Insurance, Real Estate & Business Services : Finance , Insurance and Business sevices;101.8;2025-12
2010;Q1;Index;Manufacturing;51.4;2010-03
2010;Q1;Index;Finance, Insurance, Real Estate & Business Services : Finance , Insurance and Business sevices;53.2;2010-03
2010;Q2;Index;Agriculture, Forestry & Fishing;66.8;2010-06
2010;Q2;Index;Mining & Quarrying : Other Mining & Quarrying;62.8;2010-06
2010;Q2;Index;Construction;43.5;2010-06
2010;Q3;Index;Manufacturing;51.5;2010-09
2010;Q3;Index;Construction;44.3;2010-09
2010;Q3;Index;Finance, Insurance, Real Estate & Business Services;53.0;2010-09
2010;Q3;Index;Government Activities;61.2;2010-09
2010;Q4;Index;Mining & Quarrying;95.3;2010-12
2010;Q4;Index;Community, Social & Personal Services;28.6;2010-12
2010;Q4;Index;Government Activities;90.5;2010-12
2011;Q1;Index;Manufacturing;57.1;2011-03
2011;Q1;Index;Manufacturing : Manufacturing excluding petroleum refining;53.2;2011-03
2011;Q1;Index;Electricity, Gas and Water;29.6;2011-03
2011;Q1;Index;Gross Value Added;65.3;2011-03
2011;Q2;Index;Mining & Quarrying : Crude Petroleum & Natural Gas;93.0;2011-06
2011;Q2;Index;Manufacturing;60.7;2011-06
2011;Q2;Index;Manufacturing : Manufacturing excluding petroleum refining;57.9;2011-06
2011;Q2;Index;Electricity, Gas and Water;71.6;2011-06
2011;Q2;Index;Finance, Insurance, Real Estate & Business Services : Real Estate;60.1;2011-06
2011;Q2;Index;Gross Value Added;66.8;2011-06
2011;Q3;Index;Mining & Quarrying : Crude Petroleum & Natural Gas;98.4;2011-09
2011;Q3;Index;Manufacturing : Petroleum Refining;71.5;2011-09
2011;Q3;Index;Finance, Insurance, Real Estate & Business Services : Real Estate;60.0;2011-09
2011;Q4;Index;Agriculture, Forestry & Fishing;59.9;2011-12
2011;Q4;Index;Mining & Quarrying;99.0;2011-12
2011;Q4;Index;Manufacturing : Petroleum Refining;72.2;2011-12
2012;Q1;Index;Manufacturing;60.8;2012-03
2012;Q1;Index;Manufacturing : Petroleum Refining;68.7;2012-03
2012;Q1;Index;Electricity, Gas and Water;31.5;2012-03
2012;Q1;Index;Community, Social & Personal Services;36.1;2012-03
2012;Q1;Index;Net Taxes on Products;87.1;2012-03
2012;Q2;Index;Manufacturing;61.5;2012-06
2012;Q2;Index;Manufacturing : Manufacturing excluding petroleum refining;57.5;2012-06
2012;Q2;Index;Construction;55.0;2012-06
2012;Q2;Index;Finance, Insurance, Real Estate & Business Services : Finance , Insurance and Business sevices;52.1;2012-06
2012;Q2;Index;Community, Social & Personal Services;36.2;2012-06
2012;Q3;Index;Electricity, Gas and Water;109.4;2012-09
2012;Q3;Index;Finance, Insurance, Real Estate & Business Services : Finance , Insurance and Business sevices;51.2;2012-09
2012;Q3;Index;Community, Social & Personal Services;35.9;2012-09
2012;Q3;Index;Gross Domestic Product;71.5;2012-09
2012;Q4;Index;Mining & Quarrying : Crude Petroleum & Natural Gas;96.7;2012-12
2012;Q4;Index;Manufacturing;59.0;2012-12
2012;Q4;Index;Manufacturing : Manufacturing excluding petroleum refining;53.4;2012-12
2012;Q4;Index;Electricity, Gas and Water;48.3;2012-12
2012;Q4;Index;Finance, Insurance, Real Estate & Business Services : Finance , Insurance and Business sevices;52.8;2012-12
2012;Q4;Index;Government Activities;97.1;2012-12
2012;Q4;Index;Gross Domestic Product;72.2;2012-12
2013;Q1;Index;Manufacturing : Petroleum Refining;64.9;2013-03
2013;Q1;Index;Electricity, Gas and Water;33.0;2013-03
2013;Q1;Index;Finance, Insurance, Real Estate & Business Services;66.4;2013-03
2013;Q1;Index;Gross Value Added;71.9;2013-03
2013;Q2;Index;Mining & Quarrying;96.3;2013-06
2013;Q2;Index;Mining & Quarrying : Other Mining & Quarrying;72.7;2013-06
2013;Q2;Index;Wholesale & Retail Trade, Restaurants & hotels;57.2;2013-06
2013;Q2;Index;Finance, Insurance, Real Estate & Business Services : Finance , Insurance and Business sevices;55.6;2013-06
2013;Q2;Index;Government Activities;82.1;2013-06
2013;Q2;Index;Gross Value Added;72.9;2013-06
2013;Q2;Index;Gross Domestic Product;72.8;2013-06
2013;Q3;Index;Mining & Quarrying : Crude Petroleum & Natural Gas;103.8;2013-09
2013;Q3;Index;Finance, Insurance, Real Estate & Business Services;63.6;2013-09
2013;Q3;Index;Finance, Insurance, Real Estate & Business Services : Finance , Insurance and Business sevices;53.0;2013-09
2013;Q4;Index;Mining & Quarrying;99.6;2013-12
2013;Q4;Index;Mining & Quarrying : Crude Petroleum & Natural Gas;100.3;2013-12
2013;Q4;Index;Finance, Insurance, Real Estate & Business Services;66.7;2013-12
2013;Q4;Index;Net Taxes on Products;92.3;2013-12
2014;Q1;Index;Agriculture, Forestry & Fishing;77.4;2014-03
2014;Q1;Index;Finance, Insurance, Real Estate & Business Services : Real Estate;80.3;2014-03
2014;Q2;Index;Mining & Quarrying : Other Mining & Quarrying;76.7;2014-06
2014;Q2;Index;Manufacturing;70.4;2014-06
2014;Q2;Index;Finance, Insurance, Real Estate & Business Services;66.3;2014-06
2014;Q3;Index;Mining & Quarrying : Crude Petroleum & Natural Gas;100.4;2014-09
2014;Q3;Index;Manufacturing;68.6;2014-09
2014;Q3;Index;Manufacturing : Petroleum Refining;78.7;2014-09
2014;Q3;Index;Manufacturing : Manufacturing excluding petroleum refining;63.7;2014-09
2014;Q3;Index;Government Activities;78.6;2014-09
2014;Q4;Index;Electricity, Gas and Water;48.9;2014-12
2014;Q4;Index;Finance, Insurance, Real Estate & Business Services;68.5;2014-12
2015;Q1;Index;Mining & Quarrying : Crude Petroleum & Natural Gas;99.3;2015-03
2015;Q1;Index;Manufacturing : Petroleum Refining;82.9;2015-03
2015;Q1;Index;Manufacturing : Manufacturing excluding petroleum refining;71.6;2015-03
2015;Q1;Index;Wholesale & Retail Trade, Restaurants & hotels;71.2;2015-03
2015;Q1;Index;Transport, Storage & Communication;74.5;2015-03
2015;Q1;Index;Finance, Insurance, Real Estate & Business Services : Finance , Insurance and Business sevices;57.7;2015-03
2015;Q1;Index;Government Activities;92.6;2015-03
2015;Q1;Index;Gross Value Added;79.6;2015-03
2015;Q1;Index;Net Taxes on Products;86.1;2015-03
2015;Q2;Index;Construction;64.6;2015-06
2015;Q2;Index;Transport, Storage & Communication;70.3;2015-06
2015;Q4;Index;Electricity, Gas and Water;54.0;2015-12
2015;Q4;Index;Wholesale & Retail Trade, Restaurants & hotels;71.6;2015-12
2015;Q4;Index;Community, Social & Personal Services;48.4;2015-12
2016;Q1;Index;Agriculture, Forestry & Fishing;83.6;2016-03
2016;Q1;Index;Mining & Quarrying;103.4;2016-03
2016;Q1;Index;Wholesale & Retail Trade, Restaurants & hotels;70.0;2016-03
2016;Q1;Index;Community, Social & Personal Services;58.6;2016-03
2016;Q2;Index;Agriculture, Forestry & Fishing;90.0;2016-06
2016;Q2;Index;Manufacturing;80.7;2016-06
2016;Q2;Index;Manufacturing : Manufacturing excluding petroleum refining;73.7;2016-06
2016;Q2;Index;Finance, Insurance, Real Estate & Business Services;71.1;2016-06
2016;Q2;Index;Finance, Insurance, Real Estate & Business Services : Real Estate;82.3;2016-06
2016;Q2;Index;Gross Domestic Product;80.4;2016-06
2016;Q3;Index;Agriculture, Forestry & Fishing;92.5;2016-09
2016;Q3;Index;Manufacturing;78.1;2016-09
2016;Q3;Index;Manufacturing : Manufacturing excluding petroleum refining;69.6;2016-09
2016;Q3;Index;Electricity, Gas and Water;146.7;2016-09
2016;Q3;Index;Transport, Storage & Communication;68.4;2016-09
2016;Q4;Index;Manufacturing;77.6;2016-12
2016;Q4;Index;Electricity, Gas and Water;61.0;2016-12
2016;Q4;Index;Wholesale & Retail Trade, Restaurants & hotels;70.5;2016-12
2016;Q4;Index;Finance, Insurance, Real Estate & Business Services;72.8;2016-12
2017;Q1;Index;Finance, Insurance, Real Estate & Business Services : Real Estate;88.0;2017-03
2017;Q2;Index;Mining & Quarrying : Crude Petroleum & Natural Gas;102.8;2017-06
2017;Q2;Index;Mining & Quarrying : Other Mining & Quarrying;78.8;2017-06
2017;Q2;Index;Construction;58.3;2017-06
2017;Q2;Index;Wholesale & Retail Trade, Restaurants & hotels;65.3;2017-06
2017;Q3;Index;Agriculture, Forestry & Fishing;96.4;2017-09
2017;Q3;Index;Mining & Quarrying;103.7;2017-09
2017;Q3;Index;Mining & Quarrying : Crude Petroleum & Natural Gas;104.1;2017-09
2017;Q3;Index;Mining & Quarrying : Other Mining & Quarrying;81.9;2017-09
2017;Q3;Index;Manufacturing;80.6;2017-09
2017;Q3;Index;Wholesale & Retail Trade, Restaurants & hotels;71.5;2017-09
2017;Q3;Index;Transport, Storage & Communication;73.2;2017-09
2017;Q3;Index;Finance, Insurance, Real Estate & Business Services : Real Estate;84.8;2017-09
2017;Q3;Index;Community, Social & Personal Services;59.3;2017-09
2017;Q4;Index;Mining & Quarrying;102.5;2017-12
2017;Q4;Index;Mining & Quarrying : Crude Petroleum & Natural Gas;103.2;2017-12
2017;Q4;Index;Construction;66.3;2017-12
2017;Q4;Index;Transport, Storage & Communication;83.1;2017-12
2018;Q1;Index;Mining & Quarrying : Crude Petroleum & Natural Gas;102.6;2018-03
2018;Q1;Index;Wholesale & Retail Trade, Restaurants & hotels;71.4;2018-03
2018;Q1;Index;Government Activities;95.6;2018-03
2018;Q1;Index;Gross Domestic Product;83.9;2018-03
2018;Q2;Index;Manufacturing : Petroleum Refining;100.3;2018-06
2018;Q2;Index;Government Activities;89.6;2018-06
2018;Q3;Index;Mining & Quarrying : Crude Petroleum & Natural Gas;108.5;2018-09
2018;Q3;Index;Manufacturing;80.8;2018-09
2018;Q3;Index;Manufacturing : Manufacturing excluding petroleum refining;72.6;2018-09
2018;Q3;Index;Gross Value Added;84.8;2018-09
2018;Q4;Index;Mining & Quarrying : Other Mining & Quarrying;72.5;2018-12
2018;Q4;Index;Manufacturing : Petroleum Refining;102.3;2018-12
2018;Q4;Index;Community, Social & Personal Services;64.9;2018-12
2018;Q4;Index;Gross Domestic Product;89.0;2018-12
2019;Q1;Index;Mining & Quarrying;103.1;2019-03
2019;Q1;Index;Mining & Quarrying : Other Mining & Quarrying;97.7;2019-03
2019;Q1;Index;Manufacturing : Manufacturing excluding petroleum refining;78.2;2019-03
2019;Q2;Index;Agriculture, Forestry & Fishing;96.4;2019-06
2019;Q3;Index;Agriculture, Forestry & Fishing;98.8;2019-09
2019;Q3;Index;Mining & Quarrying : Other Mining & Quarrying;92.0;2019-09
2019;Q3;Index;Construction;68.0;2019-09
2019;Q4;Index;Mining & Quarrying;103.9;2019-12
2019;Q4;Index;Mining & Quarrying : Other Mining & Quarrying;80.0;2019-12
2019;Q4;Index;Manufacturing : Petroleum Refining;98.6;2019-12
2019;Q4;Index;Manufacturing : Manufacturing excluding petroleum refining;76.2;2019-12
2019;Q4;Index;Electricity, Gas and Water;62.2;2019-12
2020;Q1;Index;Mining & Quarrying : Crude Petroleum & Natural Gas;100.2;2020-03
2020;Q1;Index;Mining & Quarrying : Other Mining & Quarrying;105.0;2020-03
2020;Q1;Index;Manufacturing : Manufacturing excluding petroleum refining;77.6;2020-03
2020;Q2;Index;Mining & Quarrying;96.3;2020-06
2020;Q2;Index;Mining & Quarrying : Other Mining & Quarrying;85.5;2020-06
2020;Q2;Index;Finance, Insurance, Real Estate & Business Services;80.0;2020-06
2020;Q2;Index;Finance, Insurance, Real Estate & Business Services : Finance , Insurance and Business sevices;71.2;2020-06
2020;Q2;Index;Community, Social & Personal Services;71.0;2020-06
2020;Q2;Index;Gross Value Added;79.4;2020-06
2020;Q4;Index;Mining & Quarrying;94.1;2020-12
2020;Q4;Index;Manufacturing : Manufacturing excluding petroleum refining;78.4;2020-12
2020;Q4;Index;Construction;64.9;2020-12
2020;Q4;Index;Transport, Storage & Communication;77.2;2020-12
2020;Q4;Index;Community, Social & Personal Services;72.8;2020-12
2020;Q4;Index;Gross Value Added;87.3;2020-12
2020;Q4;Index;Net Taxes on Products;81.5;2020-12
2021;Q1;Index;Manufacturing : Manufacturing excluding petroleum refining;87.2;2021-03
2021;Q1;Index;Wholesale & Retail Trade, Restaurants & hotels;81.4;2021-03
2021;Q1;Index;Transport, Storage & Communication;80.2;2021-03
2021;Q1;Index;Community, Social & Personal Services;85.9;2021-03
2021;Q2;Index;Manufacturing;89.7;2021-06
2021;Q2;Index;Construction;61.3;2021-06
2021;Q3;Index;Manufacturing : Petroleum Refining;96.5;2021-09
2021;Q3;Index;Finance, Insurance, Real Estate & Business Services : Real Estate;92.8;2021-09
2021;Q3;Index;Net Taxes on Products;81.7;2021-09
2021;Q4;Index;Agriculture, Forestry & Fishing;85.5;2021-12
2021;Q4;Index;Mining & Quarrying : Other Mining & Quarrying;86.8;2021-12
2021;Q4;Index;Manufacturing;93.5;2021-12
2021;Q4;Index;Wholesale & Retail Trade, Restaurants & hotels;86.2;2021-12
2021;Q4;Index;Transport, Storage & Communication;94.5;2021-12
2022;Q1;Index;Manufacturing;100.0;2022-03
2022;Q1;Index;Finance, Insurance, Real Estate & Business Services;90.3;2022-03
2022;Q1;Index;Finance, Insurance, Real Estate & Business Services : Finance , Insurance and Business sevices;82.3;2022-03
2022;Q2;Index;Mining & Quarrying;108.9;2022-06
2022;Q2;Index;Mining & Quarrying : Crude Petroleum & Natural Gas;109.0;2022-06
2022;Q2;Index;Construction;88.3;2022-06
2022;Q2;Index;Wholesale & Retail Trade, Restaurants & hotels;88.6;2022-06
2022;Q2;Index;Community, Social & Personal Services;86.8;2022-06
2022;Q2;Index;Gross Value Added;96.9;2022-06
2022;Q2;Index;Net Taxes on Products;93.1;2022-06
2022;Q3;Index;Manufacturing;97.1;2022-09
2022;Q3;Index;Construction;97.5;2022-09
2022;Q3;Index;Finance, Insurance, Real Estate & Business Services;95.8;2022-09
2022;Q4;Index;Manufacturing : Petroleum Refining;112.2;2022-12
2022;Q4;Index;Transport, Storage & Communication;105.9;2022-12
2022;Q4;Index;Finance, Insurance, Real Estate & Business Services : Finance , Insurance and Business sevices;104.6;2022-12
2022;Q4;Index;Community, Social & Personal Services;92.8;2022-12
2022;Q4;Index;Government Activities;111.5;2022-12
2022;Q4;Index;Net Taxes on Products;94.5;2022-12
2023;Q1;Index;Mining & Quarrying;106.3;2023-03
2023;Q1;Index;Mining & Quarrying : Crude Petroleum & Natural Gas;106.3;2023-03
2023;Q1;Index;Mining & Quarrying : Other Mining & Quarrying;109.9;2023-03
2023;Q1;Index;Electricity, Gas and Water;45.7;2023-03
2023;Q1;Index;Construction;98.5;2023-03
2023;Q1;Index;Community, Social & Personal Services;103.5;2023-03
2023;Q1;Index;Gross Domestic Product;101.5;2023-03
2023;Q2;Index;Transport, Storage & Communication;93.1;2023-06
2023;Q2;Index;Finance, Insurance, Real Estate & Business Services;95.7;2023-06
2023;Q2;Index;Gross Domestic Product;99.3;2023-06
2023;Q3;Index;Manufacturing;96.6;2023-09
2023;Q3;Index;Manufacturing : Petroleum Refining;101.4;2023-09
2023;Q3;Index;Wholesale & Retail Trade, Restaurants & hotels;98.5;2023-09
2023;Q3;Index;Finance, Insurance, Real Estate & Business Services;102.3;2023-09
2023;Q3;Index;Finance, Insurance, Real Estate & Business Services : Real Estate;96.8;2023-09
2023;Q3;Index;Finance, Insurance, Real Estate & Business Services : Finance , Insurance and Business sevices;106.9;2023-09
2023;Q4;Index;Mining & Quarrying : Other Mining & Quarrying;90.8;2023-12
2023;Q4;Index;Wholesale & Retail Trade, Restaurants & hotels;105.1;2023-12
2023;Q4;Index;Net Taxes on Products;100.5;2023-12
2024;Q1;Index;Mining & Quarrying : Crude Petroleum & Natural Gas;92.3;2024-03
2024;Q1;Index;Finance, Insurance, Real Estate & Business Services;102.4;2024-03
2024;Q1;Index;Community, Social & Personal Services;113.2;2024-03
2024;Q1;Index;Gross Value Added;101.9;2024-03
2024;Q1;Index;Gross Domestic Product;101.9;2024-03
2024;Q2;Index;Mining & Quarrying;92.7;2024-06
2024;Q2;Index;Manufacturing;110.7;2024-06
2024;Q2;Index;Manufacturing : Manufacturing excluding petroleum refining;112.0;2024-06
2024;Q2;Index;Construction;98.9;2024-06
2024;Q2;Index;Finance, Insurance, Real Estate & Business Services : Finance , Insurance and Business sevices;103.6;2024-06
2024;Q3;Index;Net Taxes on Products;106.2;2024-09
2024;Q4;Index;Mining & Quarrying : Crude Petroleum & Natural Gas;94.2;2024-12
2024;Q4;Index;Electricity, Gas and Water;78.3;2024-12
2024;Q4;Index;Government Activities;115.9;2024-12
2024;Q4;Index;Gross Domestic Product;106.1;2024-12
2025;Q1;Index;Manufacturing;111.6;2025-03
2025;Q1;Index;Manufacturing : Manufacturing excluding petroleum refining;116.3;2025-03
2025;Q1;Index;Gross Value Added;105.6;2025-03
2025;Q2;Index;Mining & Quarrying : Crude Petroleum & Natural Gas;96.3;2025-06
2025;Q2;Index;Manufacturing : Petroleum Refining;111.3;2025-06
2025;Q2;Index;Finance, Insurance, Real Estate & Business Services : Finance , Insurance and Business sevices;112.7;2025-06
2025;Q2;Index;Gross Value Added;104.9;2025-06
2025;Q3;Index;Finance, Insurance, Real Estate & Business Services : Real Estate;103.8;2025-09
2025;Q3;Index;Gross Domestic Product;107.0;2025-09
2025;Q4;Index;Mining & Quarrying;105.8;2025-12
2025;Q4;Index;Electricity, Gas and Water;79.0;2025-12
2025;Q4;Index;Construction;116.6;2025-12
2025;Q4;Index;Wholesale & Retail Trade, Restaurants & hotels;118.0;2025-12
2025;Q4;Index;Transport, Storage & Communication;119.2;2025-12
2025;Q4;Index;Gross Value Added;111.4;2025-12
2010;Q1;Million of Saudi Riyals;Manufacturing : Petroleum Refining;39154.0;2010-03
2010;Q2;Million of Saudi Riyals;Mining & Quarrying : Crude Petroleum & Natural Gas;208851.0;2010-06
2010;Q2;Million of Saudi Riyals;Manufacturing;95443.0;2010-06
2010;Q2;Million of Saudi Riyals;Manufacturing : Petroleum Refining;41303.0;2010-06
2010;Q2;Million of Saudi Riyals;Construction;36795.0;2010-06
2010;Q2;Million of Saudi Riyals;Wholesale & Retail Trade, Restaurants & hotels;53488.0;2010-06
2010;Q2;Million of Saudi Riyals;Finance, Insurance, Real Estate & Business Services : Finance , Insurance and Business sevices;34898.0;2010-06
2010;Q2;Million of Saudi Riyals;Gross Domestic Product;671640.0;2010-06
2010;Q3;Million of Saudi Riyals;Manufacturing : Manufacturing excluding petroleum refining;54546.0;2010-09
2010;Q3;Million of Saudi Riyals;Construction;37497.0;2010-09
2010;Q4;Million of Saudi Riyals;Agriculture, Forestry & Fishing;15876.0;2010-12
2010;Q4;Million of Saudi Riyals;Manufacturing : Manufacturing excluding petroleum refining;50222.0;2010-12
2010;Q4;Million of Saudi Riyals;Finance, Insurance, Real Estate & Business Services : Real Estate;33893.0;2010-12
2010;Q4;Million of Saudi Riyals;Community, Social & Personal Services;11636.0;2010-12
2010;Q4;Million of Saudi Riyals;Gross Domestic Product;758943.0;2010-12
2011;Q1;Million of Saudi Riyals;Manufacturing : Petroleum Refining;40243.0;2011-03
2011;Q1;Million of Saudi Riyals;Finance, Insurance, Real Estate & Business Services;72248.0;2011-03
2011;Q2;Million of Saudi Riyals;Agriculture, Forestry & Fishing;19728.0;2011-06
2011;Q2;Million of Saudi Riyals;Finance, Insurance, Real Estate & Business Services;69310.0;2011-06
2011;Q3;Million of Saudi Riyals;Mining & Quarrying : Other Mining & Quarrying;3155.0;2011-09
2011;Q3;Million of Saudi Riyals;Manufacturing;108503.0;2011-09
2011;Q3;Million of Saudi Riyals;Wholesale & Retail Trade, Restaurants & hotels;65330.0;2011-09
2011;Q3;Million of Saudi Riyals;Transport, Storage & Communication;32994.0;2011-09
2011;Q3;Million of Saudi Riyals;Finance, Insurance, Real Estate & Business Services : Real Estate;35348.0;2011-09
2011;Q3;Million of Saudi Riyals;Gross Domestic Product;776690.0;2011-09
2011;Q4;Million of Saudi Riyals;Government Activities;146230.0;2011-12
2012;Q1;Million of Saudi Riyals;Mining & Quarrying;261629.0;2012-03
2012;Q1;Million of Saudi Riyals;Manufacturing;110325.0;2012-03
2012;Q1;Million of Saudi Riyals;Manufacturing : Manufacturing excluding petroleum refining;67196.0;2012-03
2012;Q1;Million of Saudi Riyals;Wholesale & Retail Trade, Restaurants & hotels;74596.0;2012-03
2012;Q1;Million of Saudi Riyals;Transport, Storage & Communication;39062.0;2012-03
2012;Q1;Million of Saudi Riyals;Finance, Insurance, Real Estate & Business Services : Finance , Insurance and Business sevices;36955.0;2012-03
2012;Q2;Million of Saudi Riyals;Agriculture, Forestry & Fishing;20608.0;2012-06
2012;Q2;Million of Saudi Riyals;Manufacturing : Petroleum Refining;43032.0;2012-06
2012;Q2;Million of Saudi Riyals;Finance, Insurance, Real Estate & Business Services : Finance , Insurance and Business sevices;35559.0;2012-06
2012;Q2;Million of Saudi Riyals;Community, Social & Personal Services;14726.0;2012-06
2012;Q3;Million of Saudi Riyals;Mining & Quarrying;261094.0;2012-09
2012;Q3;Million of Saudi Riyals;Mining & Quarrying : Other Mining & Quarrying;3282.0;2012-09
2012;Q3;Million of Saudi Riyals;Manufacturing;108127.0;2012-09
2012;Q3;Million of Saudi Riyals;Manufacturing : Petroleum Refining;45437.0;2012-09
2012;Q3;Million of Saudi Riyals;Construction;47342.0;2012-09
2012;Q3;Million of Saudi Riyals;Community, Social & Personal Services;14625.0;2012-09
2012;Q4;Million of Saudi Riyals;Agriculture, Forestry & Fishing;17292.0;2012-12
2012;Q4;Million of Saudi Riyals;Electricity, Gas and Water;7708.0;2012-12
2012;Q4;Million of Saudi Riyals;Finance, Insurance, Real Estate & Business Services : Real Estate;39786.0;2012-12
2012;Q4;Million of Saudi Riyals;Net Taxes on Products;51824.0;2012-12
2012;Q4;Million of Saudi Riyals;Gross Domestic Product;824518.0;2012-12
2013;Q1;Million of Saudi Riyals;Mining & Quarrying;241031.0;2013-03
2013;Q2;Million of Saudi Riyals;Manufacturing : Petroleum Refining;39346.0;2013-06
2013;Q2;Million of Saudi Riyals;Finance, Insurance, Real Estate & Business Services : Real Estate;44015.0;2013-06
2013;Q2;Million of Saudi Riyals;Community, Social & Personal Services;15800.0;2013-06
2013;Q3;Million of Saudi Riyals;Manufacturing;115086.0;2013-09
2013;Q3;Million of Saudi Riyals;Construction;50847.0;2013-09
2013;Q3;Million of Saudi Riyals;Government Activities;113665.0;2013-09
2013;Q3;Million of Saudi Riyals;Net Taxes on Products;54257.0;2013-09
2013;Q4;Million of Saudi Riyals;Mining & Quarrying;260838.0;2013-12
2013;Q4;Million of Saudi Riyals;Electricity, Gas and Water;8173.0;2013-12
2013;Q4;Million of Saudi Riyals;Construction;49046.0;2013-12
2014;Q1;Million of Saudi Riyals;Agriculture, Forestry & Fishing;21738.0;2014-03
2014;Q1;Million of Saudi Riyals;Mining & Quarrying;257682.0;2014-03
2014;Q1;Million of Saudi Riyals;Mining & Quarrying : Other Mining & Quarrying;3714.0;2014-03
2014;Q1;Million of Saudi Riyals;Finance, Insurance, Real Estate & Business Services;87918.0;2014-03
2014;Q1;Million of Saudi Riyals;Net Taxes on Products;54274.0;2014-03
2014;Q2;Million of Saudi Riyals;Mining & Quarrying;257308.0;2014-06
2014;Q2;Million of Saudi Riyals;Manufacturing : Petroleum Refining;46202.0;2014-06
2014;Q2;Million of Saudi Riyals;Manufacturing : Manufacturing excluding petroleum refining;79595.0;2014-06
2014;Q2;Million of Saudi Riyals;Transport, Storage & Communication;41819.0;2014-06
2014;Q2;Million of Saudi Riyals;Finance, Insurance, Real Estate & Business Services : Finance , Insurance and Business sevices;39268.0;2014-06
2014;Q2;Million of Saudi Riyals;Community, Social & Personal Services;18985.0;2014-06
2014;Q2;Million of Saudi Riyals;Gross Value Added;823676.0;2014-06
2014;Q2;Million of Saudi Riyals;Gross Domestic Product;866234.0;2014-06
2014;Q3;Million of Saudi Riyals;Agriculture, Forestry & Fishing;23353.0;2014-09
2014;Q3;Million of Saudi Riyals;Electricity, Gas and Water;18683.0;2014-09
2014;Q3;Million of Saudi Riyals;Finance, Insurance, Real Estate & Business Services : Finance , Insurance and Business sevices;37304.0;2014-09
2014;Q4;Million of Saudi Riyals;Agriculture, Forestry & Fishing;18482.0;2014-12
2014;Q4;Million of Saudi Riyals;Mining & Quarrying : Other Mining & Quarrying;3072.0;2014-12
2014;Q4;Million of Saudi Riyals;Construction;53809.0;2014-12
2014;Q4;Million of Saudi Riyals;Transport, Storage & Communication;43555.0;2014-12
2014;Q4;Million of Saudi Riyals;Finance, Insurance, Real Estate & Business Services : Real Estate;46636.0;2014-12
2014;Q4;Million of Saudi Riyals;Community, Social & Personal Services;18494.0;2014-12
2014;Q4;Million of Saudi Riyals;Gross Value Added;846981.0;2014-12
2015;Q1;Million of Saudi Riyals;Mining & Quarrying : Crude Petroleum & Natural Gas;255405.0;2015-03
2015;Q1;Million of Saudi Riyals;Construction;56109.0;2015-03
2015;Q1;Million of Saudi Riyals;Finance, Insurance, Real Estate & Business Services : Finance , Insurance and Business sevices;39357.0;2015-03
2015;Q2;Million of Saudi Riyals;Mining & Quarrying;275438.0;2015-06
2015;Q2;Million of Saudi Riyals;Mining & Quarrying : Other Mining & Quarrying;3705.0;2015-06
2015;Q2;Million of Saudi Riyals;Manufacturing : Petroleum Refining;56629.0;2015-06
2015;Q2;Million of Saudi Riyals;Gross Domestic Product;912937.0;2015-06
2015;Q3;Million of Saudi Riyals;Manufacturing : Manufacturing excluding petroleum refining;83125.0;2015-09
2015;Q3;Million of Saudi Riyals;Electricity, Gas and Water;19356.0;2015-09
2015;Q3;Million of Saudi Riyals;Government Activities;123184.0;2015-09
2015;Q3;Million of Saudi Riyals;Net Taxes on Products;58558.0;2015-09
2015;Q4;Million of Saudi Riyals;Mining & Quarrying : Crude Petroleum & Natural Gas;269654.0;2015-12
2015;Q4;Million of Saudi Riyals;Mining & Quarrying : Other Mining & Quarrying;3197.0;2015-12
2015;Q4;Million of Saudi Riyals;Manufacturing : Petroleum Refining;59728.0;2015-12
2015;Q4;Million of Saudi Riyals;Transport, Storage & Communication;45922.0;2015-12
2015;Q4;Million of Saudi Riyals;Gross Value Added;888563.0;2015-12
2016;Q1;Million of Saudi Riyals;Mining & Quarrying : Crude Petroleum & Natural Gas;267092.0;2016-03
2016;Q1;Million of Saudi Riyals;Mining & Quarrying : Other Mining & Quarrying;3757.0;2016-03
2016;Q1;Million of Saudi Riyals;Finance, Insurance, Real Estate & Business Services : Finance , Insurance and Business sevices;41778.0;2016-03
2016;Q1;Million of Saudi Riyals;Gross Value Added;891619.0;2016-03
2016;Q2;Million of Saudi Riyals;Manufacturing;146422.0;2016-06
2016;Q2;Million of Saudi Riyals;Wholesale & Retail Trade, Restaurants & hotels;80243.0;2016-06
2016;Q2;Million of Saudi Riyals;Finance, Insurance, Real Estate & Business Services : Real Estate;48479.0;2016-06
2016;Q2;Million of Saudi Riyals;Community, Social & Personal Services;23279.0;2016-06
2016;Q2;Million of Saudi Riyals;Gross Value Added;874568.0;2016-06
2016;Q3;Million of Saudi Riyals;Electricity, Gas and Water;23404.0;2016-09
2016;Q3;Million of Saudi Riyals;Construction;53151.0;2016-09
2016;Q3;Million of Saudi Riyals;Finance, Insurance, Real Estate & Business Services;87622.0;2016-09
2016;Q3;Million of Saudi Riyals;Government Activities;119746.0;2016-09
2016;Q4;Million of Saudi Riyals;Mining & Quarrying;282563.0;2016-12
2016;Q4;Million of Saudi Riyals;Mining & Quarrying : Crude Petroleum & Natural Gas;279991.0;2016-12
2016;Q4;Million of Saudi Riyals;Manufacturing : Petroleum Refining;66680.0;2016-12
2016;Q4;Million of Saudi Riyals;Construction;53758.0;2016-12
2016;Q4;Million of Saudi Riyals;Gross Domestic Product;957230.0;2016-12
2017;Q1;Million of Saudi Riyals;Manufacturing : Petroleum Refining;61846.0;2017-03
2017;Q1;Million of Saudi Riyals;Manufacturing : Manufacturing excluding petroleum refining;87514.0;2017-03
2017;Q1;Million of Saudi Riyals;Finance, Insurance, Real Estate & Business Services : Finance , Insurance and Business sevices;40845.0;2017-03
2017;Q1;Million of Saudi Riyals;Government Activities;141861.0;2017-03
2017;Q2;Million of Saudi Riyals;Agriculture, Forestry & Fishing;26197.0;2017-06
2017;Q2;Million of Saudi Riyals;Mining & Quarrying : Other Mining & Quarrying;3644.0;2017-06
2017;Q2;Million of Saudi Riyals;Finance, Insurance, Real Estate & Business Services : Real Estate;51137.0;2017-06
2017;Q3;Million of Saudi Riyals;Manufacturing : Petroleum Refining;67975.0;2017-09
2017;Q3;Million of Saudi Riyals;Wholesale & Retail Trade, Restaurants & hotels;89668.0;2017-09
2017;Q3;Million of Saudi Riyals;Transport, Storage & Communication;45764.0;2017-09
2017;Q3;Million of Saudi Riyals;Finance, Insurance, Real Estate & Business Services;91896.0;2017-09
2017;Q4;Million of Saudi Riyals;Mining & Quarrying : Crude Petroleum & Natural Gas;265262.0;2017-12
2017;Q4;Million of Saudi Riyals;Manufacturing;143413.0;2017-12
2017;Q4;Million of Saudi Riyals;Manufacturing : Manufacturing excluding petroleum refining;83564.0;2017-12
2017;Q4;Million of Saudi Riyals;Finance, Insurance, Real Estate & Business Services : Real Estate;51945.0;2017-12
2017;Q4;Million of Saudi Riyals;Gross Value Added;938914.0;2017-12
2018;Q1;Million of Saudi Riyals;Manufacturing;147687.0;2018-03
2018;Q1;Million of Saudi Riyals;Manufacturing : Petroleum Refining;61149.0;2018-03
2018;Q1;Million of Saudi Riyals;Manufacturing : Manufacturing excluding petroleum refining;88822.0;2018-03
2018;Q1;Million of Saudi Riyals;Electricity, Gas and Water;5918.0;2018-03
2018;Q1;Million of Saudi Riyals;Gross Value Added;913445.0;2018-03
2018;Q1;Million of Saudi Riyals;Net Taxes on Products;42822.0;2018-03
2018;Q2;Million of Saudi Riyals;Agriculture, Forestry & Fishing;26998.0;2018-06
2018;Q2;Million of Saudi Riyals;Manufacturing;150671.0;2018-06
2018;Q2;Million of Saudi Riyals;Construction;52794.0;2018-06
2018;Q2;Million of Saudi Riyals;Transport, Storage & Communication;47951.0;2018-06
2018;Q2;Million of Saudi Riyals;Gross Value Added;912852.0;2018-06
2018;Q3;Million of Saudi Riyals;Mining & Quarrying;282727.0;2018-09
2018;Q3;Million of Saudi Riyals;Manufacturing;146694.0;2018-09
2018;Q3;Million of Saudi Riyals;Finance, Insurance, Real Estate & Business Services;95715.0;2018-09
2018;Q4;Million of Saudi Riyals;Finance, Insurance, Real Estate & Business Services : Real Estate;53176.0;2018-12
2018;Q4;Million of Saudi Riyals;Government Activities;163205.0;2018-12
2018;Q4;Million of Saudi Riyals;Net Taxes on Products;46254.0;2018-12
2019;Q1;Million of Saudi Riyals;Agriculture, Forestry & Fishing;25095.0;2019-03
2019;Q1;Million of Saudi Riyals;Gross Domestic Product;985357.0;2019-03
2019;Q2;Million of Saudi Riyals;Mining & Quarrying : Other Mining & Quarrying;3983.0;2019-06
2019;Q2;Million of Saudi Riyals;Manufacturing;153371.0;2019-06
2019;Q2;Million of Saudi Riyals;Finance, Insurance, Real Estate & Business Services;102576.0;2019-06
2019;Q2;Million of Saudi Riyals;Government Activities;140746.0;2019-06
2019;Q3;Million of Saudi Riyals;Agriculture, Forestry & Fishing;27730.0;2019-09
2019;Q3;Million of Saudi Riyals;Finance, Insurance, Real Estate & Business Services : Real Estate;51754.0;2019-09
2019;Q3;Million of Saudi Riyals;Net Taxes on Products;49855.0;2019-09
2019;Q3;Million of Saudi Riyals;Gross Domestic Product;976512.0;2019-09
2019;Q4;Million of Saudi Riyals;Mining & Quarrying;272036.0;2019-12
2019;Q4;Million of Saudi Riyals;Manufacturing;149693.0;2019-12
2019;Q4;Million of Saudi Riyals;Finance, Insurance, Real Estate & Business Services;109234.0;2019-12
2019;Q4;Million of Saudi Riyals;Finance, Insurance, Real Estate & Business Services : Real Estate;54199.0;2019-12
2019;Q4;Million of Saudi Riyals;Community, Social & Personal Services;28647.0;2019-12
2019;Q4;Million of Saudi Riyals;Gross Domestic Product;1024040.0;2019-12
2020;Q1;Million of Saudi Riyals;Mining & Quarrying;262656.0;2020-03
2020;Q1;Million of Saudi Riyals;Transport, Storage & Communication;51693.0;2020-03
2020;Q1;Million of Saudi Riyals;Government Activities;151274.0;2020-03
2020;Q1;Million of Saudi Riyals;Gross Value Added;923962.0;2020-03
2020;Q1;Million of Saudi Riyals;Gross Domestic Product;972107.0;2020-03
2020;Q2;Million of Saudi Riyals;Manufacturing : Manufacturing excluding petroleum refining;86529.0;2020-06
2020;Q2;Million of Saudi Riyals;Finance, Insurance, Real Estate & Business Services;101768.0;2020-06
2020;Q2;Million of Saudi Riyals;Net Taxes on Products;41706.0;2020-06
2020;Q3;Million of Saudi Riyals;Manufacturing;141839.0;2020-09
2020;Q3;Million of Saudi Riyals;Finance, Insurance, Real Estate & Business Services;101573.0;2020-09
2020;Q3;Million of Saudi Riyals;Finance, Insurance, Real Estate & Business Services : Finance , Insurance and Business sevices;48035.0;2020-09
2020;Q3;Million of Saudi Riyals;Gross Value Added;894908.0;2020-09
2020;Q4;Million of Saudi Riyals;Agriculture, Forestry & Fishing;23276.0;2020-12
2020;Q4;Million of Saudi Riyals;Mining & Quarrying;246275.0;2020-12
2020;Q4;Million of Saudi Riyals;Mining & Quarrying : Crude Petroleum & Natural Gas;242630.0;2020-12
2020;Q4;Million of Saudi Riyals;Mining & Quarrying : Other Mining & Quarrying;3743.0;2020-12
2020;Q4;Million of Saudi Riyals;Manufacturing : Petroleum Refining;63710.0;2020-12
2020;Q4;Million of Saudi Riyals;Finance, Insurance, Real Estate & Business Services;111295.0;2020-12
2020;Q4;Million of Saudi Riyals;Gross Domestic Product;993922.0;2020-12
2021;Q1;Million of Saudi Riyals;Mining & Quarrying;227405.0;2021-03
2021;Q1;Million of Saudi Riyals;Government Activities;154050.0;2021-03
2021;Q2;Million of Saudi Riyals;Manufacturing;162927.0;2021-06
2021;Q2;Million of Saudi Riyals;Electricity, Gas and Water;15595.0;2021-06
2021;Q2;Million of Saudi Riyals;Transport, Storage & Communication;47259.0;2021-06
2021;Q2;Million of Saudi Riyals;Finance, Insurance, Real Estate & Business Services;109332.0;2021-06
2021;Q2;Million of Saudi Riyals;Finance, Insurance, Real Estate & Business Services : Real Estate;56531.0;2021-06
2021;Q2;Million of Saudi Riyals;Finance, Insurance, Real Estate & Business Services : Finance , Insurance and Business sevices;52717.0;2021-06
2021;Q2;Million of Saudi Riyals;Government Activities;133593.0;2021-06
2021;Q2;Million of Saudi Riyals;Gross Domestic Product;965383.0;2021-06
2021;Q3;Million of Saudi Riyals;Manufacturing : Manufacturing excluding petroleum refining;96345.0;2021-09
2021;Q3;Million of Saudi Riyals;Construction;60568.0;2021-09
2021;Q3;Million of Saudi Riyals;Finance, Insurance, Real Estate & Business Services : Finance , Insurance and Business sevices;57386.0;2021-09
2021;Q3;Million of Saudi Riyals;Government Activities;134952.0;2021-09
2021;Q4;Million of Saudi Riyals;Mining & Quarrying : Other Mining & Quarrying;4013.0;2021-12
2021;Q4;Million of Saudi Riyals;Manufacturing : Petroleum Refining;73790.0;2021-12
2021;Q4;Million of Saudi Riyals;Transport, Storage & Communication;59117.0;2021-12
2021;Q4;Million of Saudi Riyals;Community, Social & Personal Services;33421.0;2021-12
2021;Q4;Million of Saudi Riyals;Gross Domestic Product;1083163.0;2021-12
2022;Q1;Million of Saudi Riyals;Mining & Quarrying : Other Mining & Quarrying;4788.0;2022-03
2022;Q1;Million of Saudi Riyals;Manufacturing;181483.0;2022-03
2022;Q1;Million of Saudi Riyals;Construction;72122.0;2022-03
2022;Q1;Million of Saudi Riyals;Finance, Insurance, Real Estate & Business Services;114763.0;2022-03
2022;Q2;Million of Saudi Riyals;Mining & Quarrying : Other Mining & Quarrying;4441.0;2022-06
2022;Q2;Million of Saudi Riyals;Manufacturing : Petroleum Refining;67487.0;2022-06
2022;Q3;Million of Saudi Riyals;Construction;82441.0;2022-09
2022;Q4;Million of Saudi Riyals;Mining & Quarrying;291393.0;2022-12
2022;Q4;Million of Saudi Riyals;Community, Social & Personal Services;37788.0;2022-12
2022;Q4;Million of Saudi Riyals;Government Activities;173352.0;2022-12
2023;Q1;Million of Saudi Riyals;Mining & Quarrying;278334.0;2023-03
2023;Q1;Million of Saudi Riyals;Construction;83286.0;2023-03
2023;Q1;Million of Saudi Riyals;Net Taxes on Products;58986.0;2023-03
2023;Q1;Million of Saudi Riyals;Gross Domestic Product;1159934.0;2023-03
2023;Q2;Million of Saudi Riyals;Mining & Quarrying : Other Mining & Quarrying;4707.0;2023-06
2023;Q2;Million of Saudi Riyals;Manufacturing : Petroleum Refining;66014.0;2023-06
2023;Q2;Million of Saudi Riyals;Transport, Storage & Communication;58267.0;2023-06
2023;Q2;Million of Saudi Riyals;Finance, Insurance, Real Estate & Business Services;121725.0;2023-06
2023;Q3;Million of Saudi Riyals;Agriculture, Forestry & Fishing;29989.0;2023-09
2023;Q3;Million of Saudi Riyals;Mining & Quarrying : Other Mining & Quarrying;4510.0;2023-09
2023;Q3;Million of Saudi Riyals;Electricity, Gas and Water;28077.0;2023-09
2023;Q3;Million of Saudi Riyals;Transport, Storage & Communication;59255.0;2023-09
2023;Q3;Million of Saudi Riyals;Finance, Insurance, Real Estate & Business Services;130109.0;2023-09
2023;Q3;Million of Saudi Riyals;Government Activities;142784.0;2023-09
2023;Q3;Million of Saudi Riyals;Gross Value Added;1062954.0;2023-09
2023;Q4;Million of Saudi Riyals;Mining & Quarrying : Crude Petroleum & Natural Gas;240635.0;2023-12
2023;Q4;Million of Saudi Riyals;Manufacturing : Manufacturing excluding petroleum refining;112470.0;2023-12
2023;Q4;Million of Saudi Riyals;Electricity, Gas and Water;11486.0;2023-12
2023;Q4;Million of Saudi Riyals;Construction;89192.0;2023-12
2024;Q1;Million of Saudi Riyals;Manufacturing : Petroleum Refining;61734.0;2024-03
2024;Q1;Million of Saudi Riyals;Construction;85653.0;2024-03
2024;Q1;Million of Saudi Riyals;Finance, Insurance, Real Estate & Business Services : Finance , Insurance and Business sevices;67910.0;2024-03
2024;Q1;Million of Saudi Riyals;Net Taxes on Products;60874.0;2024-03
2024;Q2;Million of Saudi Riyals;Mining & Quarrying : Crude Petroleum & Natural Gas;237728.0;2024-06
2024;Q2;Million of Saudi Riyals;Mining & Quarrying : Other Mining & Quarrying;5053.0;2024-06
2024;Q2;Million of Saudi Riyals;Manufacturing : Petroleum Refining;67912.0;2024-06
2024;Q2;Million of Saudi Riyals;Wholesale & Retail Trade, Restaurants & hotels;132286.0;2024-06
2024;Q2;Million of Saudi Riyals;Finance, Insurance, Real Estate & Business Services : Real Estate;61565.0;2024-06
2024;Q2;Million of Saudi Riyals;Government Activities;145185.0;2024-06
2024;Q2;Million of Saudi Riyals;Gross Value Added;1087887.0;2024-06
2024;Q3;Million of Saudi Riyals;Agriculture, Forestry & Fishing;31598.0;2024-09
2024;Q3;Million of Saudi Riyals;Mining & Quarrying : Other Mining & Quarrying;4792.0;2024-09
2024;Q3;Million of Saudi Riyals;Manufacturing : Manufacturing excluding petroleum refining;117923.0;2024-09
2024;Q4;Million of Saudi Riyals;Mining & Quarrying;246777.0;2024-12
2024;Q4;Million of Saudi Riyals;Electricity, Gas and Water;12495.0;2024-12
2024;Q4;Million of Saudi Riyals;Construction;94830.0;2024-12
2024;Q4;Million of Saudi Riyals;Wholesale & Retail Trade, Restaurants & hotels;140402.0;2024-12
2024;Q4;Million of Saudi Riyals;Finance, Insurance, Real Estate & Business Services;143331.0;2024-12
2024;Q4;Million of Saudi Riyals;Finance, Insurance, Real Estate & Business Services : Real Estate;60639.0;2024-12
2024;Q4;Million of Saudi Riyals;Government Activities;180185.0;2024-12
2025;Q1;Million of Saudi Riyals;Electricity, Gas and Water;7892.0;2025-03
2025;Q1;Million of Saudi Riyals;Finance, Insurance, Real Estate & Business Services : Real Estate;64856.0;2025-03
2025;Q2;Million of Saudi Riyals;Mining & Quarrying;252871.0;2025-06
2025;Q2;Million of Saudi Riyals;Mining & Quarrying : Crude Petroleum & Natural Gas;247711.0;2025-06
2025;Q2;Million of Saudi Riyals;Manufacturing;209286.0;2025-06
2025;Q2;Million of Saudi Riyals;Electricity, Gas and Water;20634.0;2025-06
2025;Q2;Million of Saudi Riyals;Community, Social & Personal Services;43757.0;2025-06
2025;Q2;Million of Saudi Riyals;Government Activities;145865.0;2025-06
2025;Q3;Million of Saudi Riyals;Construction;93768.0;2025-09
2025;Q3;Million of Saudi Riyals;Net Taxes on Products;65065.0;2025-09
2025;Q4;Million of Saudi Riyals;Mining & Quarrying : Other Mining & Quarrying;4764.0;2025-12
2025;Q4;Million of Saudi Riyals;Manufacturing;195753.0;2025-12
2025;Q4;Million of Saudi Riyals;Wholesale & Retail Trade, Restaurants & hotels;147972.0;2025-12
2025;Q4;Million of Saudi Riyals;Finance, Insurance, Real Estate & Business Services;148960.0;2025-12
2025;Q4;Million of Saudi Riyals;Finance, Insurance, Real Estate & Business Services : Finance , Insurance and Business sevices;86408.0;2025-12
2011;Q1;Growth Rates Y-o-Y;Mining & Quarrying : Other Mining & Quarrying;8.19;2011-03
2011;Q1;Growth Rates Y-o-Y;Construction;15.39;2011-03
2011;Q1;Growth Rates Y-o-Y;Net Taxes on Products;9.96;2011-03
2011;Q2;Growth Rates Y-o-Y;Agriculture, Forestry & Fishing;5.21;2011-06
2011;Q2;Growth Rates Y-o-Y;Mining & Quarrying;14.41;2011-06
2011;Q2;Growth Rates Y-o-Y;Mining & Quarrying : Crude Petroleum & Natural Gas;14.49;2011-06
2011;Q2;Growth Rates Y-o-Y;Community, Social & Personal Services;18.09;2011-06
2011;Q3;Growth Rates Y-o-Y;Manufacturing : Petroleum Refining;9.04;2011-09
2011;Q3;Growth Rates Y-o-Y;Finance, Insurance, Real Estate & Business Services : Real Estate;4.68;2011-09
2011;Q4;Growth Rates Y-o-Y;Mining & Quarrying : Crude Petroleum & Natural Gas;3.97;2011-12
2011;Q4;Growth Rates Y-o-Y;Manufacturing;11.52;2011-12
2011;Q4;Growth Rates Y-o-Y;Manufacturing : Manufacturing excluding petroleum refining;21.29;2011-12
2011;Q4;Growth Rates Y-o-Y;Electricity, Gas and Water;13.31;2011-12
2011;Q4;Growth Rates Y-o-Y;Transport, Storage & Communication;16.63;2011-12
2011;Q4;Growth Rates Y-o-Y;Gross Domestic Product;7.16;2011-12
2012;Q1;Growth Rates Y-o-Y;Manufacturing : Manufacturing excluding petroleum refining;6.2;2012-03
2012;Q1;Growth Rates Y-o-Y;Community, Social & Personal Services;10.58;2012-03
2012;Q1;Growth Rates Y-o-Y;Net Taxes on Products;34.9;2012-03
2012;Q2;Growth Rates Y-o-Y;Mining & Quarrying : Other Mining & Quarrying;5.77;2012-06
2012;Q2;Growth Rates Y-o-Y;Electricity, Gas and Water;5.57;2012-06
2012;Q2;Growth Rates Y-o-Y;Finance, Insurance, Real Estate & Business Services : Real Estate;9.51;2012-06
2012;Q3;Growth Rates Y-o-Y;Agriculture, Forestry & Fishing;3.11;2012-09
2012;Q3;Growth Rates Y-o-Y;Mining & Quarrying;1.95;2012-09
2012;Q3;Growth Rates Y-o-Y;Mining & Quarrying : Crude Petroleum & Natural Gas;1.93;2012-09
2012;Q3;Growth Rates Y-o-Y;Manufacturing : Manufacturing excluding petroleum refining;-0.96;2012-09
2012;Q3;Growth Rates Y-o-Y;Electricity, Gas and Water;8.13;2012-09
2012;Q3;Growth Rates Y-o-Y;Construction;7.37;2012-09
2012;Q3;Growth Rates Y-o-Y;Transport, Storage & Communication;6.0;2012-09
2012;Q3;Growth Rates Y-o-Y;Gross Domestic Product;5.14;2012-09
2012;Q4;Growth Rates Y-o-Y;Wholesale & Retail Trade, Restaurants & hotels;6.82;2012-12
2012;Q4;Growth Rates Y-o-Y;Transport, Storage & Communication;5.9;2012-12
2012;Q4;Growth Rates Y-o-Y;Gross Value Added;1.29;2012-12
2012;Q4;Growth Rates Y-o-Y;Gross Domestic Product;1.38;2012-12
2013;Q1;Growth Rates Y-o-Y;Mining & Quarrying : Other Mining & Quarrying;2.84;2013-03
2013;Q1;Growth Rates Y-o-Y;Manufacturing;4.85;2013-03
2013;Q1;Growth Rates Y-o-Y;Construction;7.0;2013-03
2013;Q1;Growth Rates Y-o-Y;Finance, Insurance, Real Estate & Business Services;9.46;2013-03
2013;Q1;Growth Rates Y-o-Y;Gross Value Added;0.39;2013-03
2013;Q1;Growth Rates Y-o-Y;Gross Domestic Product;0.41;2013-03
2013;Q2;Growth Rates Y-o-Y;Net Taxes on Products;3.45;2013-06
2013;Q3;Growth Rates Y-o-Y;Manufacturing : Petroleum Refining;-5.5;2013-09
2013;Q3;Growth Rates Y-o-Y;Manufacturing : Manufacturing excluding petroleum refining;10.66;2013-09
2013;Q3;Growth Rates Y-o-Y;Electricity, Gas and Water;4.35;2013-09
2013;Q4;Growth Rates Y-o-Y;Mining & Quarrying : Other Mining & Quarrying;5.86;2013-12
2013;Q4;Growth Rates Y-o-Y;Construction;7.83;2013-12
2013;Q4;Growth Rates Y-o-Y;Wholesale & Retail Trade, Restaurants & hotels;7.47;2013-12
2013;Q4;Growth Rates Y-o-Y;Finance, Insurance, Real Estate & Business Services : Finance , Insurance and Business sevices;8.45;2013-12
2013;Q4;Growth Rates Y-o-Y;Community, Social & Personal Services;17.21;2013-12
2014;Q1;Growth Rates Y-o-Y;Agriculture, Forestry & Fishing;3.42;2014-03
2014;Q1;Growth Rates Y-o-Y;Mining & Quarrying;6.91;2014-03
2014;Q1;Growth Rates Y-o-Y;Mining & Quarrying : Other Mining & Quarrying;3.92;2014-03
2014;Q1;Growth Rates Y-o-Y;Manufacturing : Petroleum Refining;24.14;2014-03
2014;Q1;Growth Rates Y-o-Y;Government Activities;5.22;2014-03
2014;Q2;Growth Rates Y-o-Y;Manufacturing : Manufacturing excluding petroleum refining;7.15;2014-06
2014;Q2;Growth Rates Y-o-Y;Construction;6.13;2014-06
2014;Q2;Growth Rates Y-o-Y;Finance, Insurance, Real Estate & Business Services;2.53;2014-06
2014;Q3;Growth Rates Y-o-Y;Agriculture, Forestry & Fishing;3.39;2014-09
2014;Q3;Growth Rates Y-o-Y;Construction;6.58;2014-09
2014;Q4;Growth Rates Y-o-Y;Mining & Quarrying;-1.32;2014-12
2014;Q4;Growth Rates Y-o-Y;Construction;9.71;2014-12
2014;Q4;Growth Rates Y-o-Y;Net Taxes on Products;-0.46;2014-12
2015;Q1;Growth Rates Y-o-Y;Manufacturing : Manufacturing excluding petroleum refining;8.34;2015-03
2015;Q1;Growth Rates Y-o-Y;Wholesale & Retail Trade, Restaurants & hotels;3.93;2015-03
2015;Q2;Growth Rates Y-o-Y;Mining & Quarrying : Other Mining & Quarrying;4.46;2015-06
2015;Q2;Growth Rates Y-o-Y;Wholesale & Retail Trade, Restaurants & hotels;3.37;2015-06
2015;Q2;Growth Rates Y-o-Y;Transport, Storage & Communication;5.2;2015-06
2015;Q2;Growth Rates Y-o-Y;Community, Social & Personal Services;11.22;2015-06
2015;Q2;Growth Rates Y-o-Y;Gross Value Added;5.33;2015-06
2015;Q3;Growth Rates Y-o-Y;Mining & Quarrying : Other Mining & Quarrying;5.39;2015-09
2015;Q3;Growth Rates Y-o-Y;Electricity, Gas and Water;3.6;2015-09
2015;Q3;Growth Rates Y-o-Y;Finance, Insurance, Real Estate & Business Services : Finance , Insurance and Business sevices;3.2;2015-09
2015;Q4;Growth Rates Y-o-Y;Transport, Storage & Communication;5.43;2015-12
2015;Q4;Growth Rates Y-o-Y;Finance, Insurance, Real Estate & Business Services : Real Estate;3.4;2015-12
2016;Q1;Growth Rates Y-o-Y;Mining & Quarrying : Crude Petroleum & Natural Gas;4.58;2016-03
2016;Q1;Growth Rates Y-o-Y;Manufacturing;5.95;2016-03
2016;Q1;Growth Rates Y-o-Y;Wholesale & Retail Trade, Restaurants & hotels;-1.62;2016-03
2016;Q2;Growth Rates Y-o-Y;Gross Domestic Product;0.62;2016-06
2016;Q3;Growth Rates Y-o-Y;Agriculture, Forestry & Fishing;5.29;2016-09
2016;Q4;Growth Rates Y-o-Y;Manufacturing : Manufacturing excluding petroleum refining;-0.65;2016-12
2016;Q4;Growth Rates Y-o-Y;Wholesale & Retail Trade, Restaurants & hotels;-1.5;2016-12
2016;Q4;Growth Rates Y-o-Y;Finance, Insurance, Real Estate & Business Services;2.57;2016-12
2016;Q4;Growth Rates Y-o-Y;Finance, Insurance, Real Estate & Business Services : Real Estate;2.08;2016-12
2016;Q4;Growth Rates Y-o-Y;Community, Social & Personal Services;15.33;2016-12
2016;Q4;Growth Rates Y-o-Y;Net Taxes on Products;-15.37;2016-12
2017;Q1;Growth Rates Y-o-Y;Agriculture, Forestry & Fishing;3.88;2017-03
2017;Q1;Growth Rates Y-o-Y;Manufacturing : Petroleum Refining;-2.98;2017-03
2017;Q1;Growth Rates Y-o-Y;Wholesale & Retail Trade, Restaurants & hotels;-1.15;2017-03
2017;Q1;Growth Rates Y-o-Y;Government Activities;-2.54;2017-03
2017;Q1;Growth Rates Y-o-Y;Net Taxes on Products;-14.57;2017-03
2017;Q2;Growth Rates Y-o-Y;Mining & Quarrying;-2.14;2017-06
2017;Q2;Growth Rates Y-o-Y;Mining & Quarrying : Other Mining & Quarrying;3.82;2017-06
2017;Q2;Growth Rates Y-o-Y;Manufacturing : Manufacturing excluding petroleum refining;0.96;2017-06
2017;Q3;Growth Rates Y-o-Y;Mining & Quarrying : Other Mining & Quarrying;5.65;2017-09
2017;Q3;Growth Rates Y-o-Y;Gross Domestic Product;1.73;2017-09
2017;Q4;Growth Rates Y-o-Y;Agriculture, Forestry & Fishing;4.36;2017-12
2017;Q4;Growth Rates Y-o-Y;Mining & Quarrying : Other Mining & Quarrying;6.07;2017-12
2017;Q4;Growth Rates Y-o-Y;Manufacturing;1.81;2017-12
2017;Q4;Growth Rates Y-o-Y;Transport, Storage & Communication;6.89;2017-12
2017;Q4;Growth Rates Y-o-Y;Finance, Insurance, Real Estate & Business Services;8.64;2017-12
2017;Q4;Growth Rates Y-o-Y;Net Taxes on Products;-2.81;2017-12
2018;Q1;Growth Rates Y-o-Y;Manufacturing : Manufacturing excluding petroleum refining;1.49;2018-03
2018;Q1;Growth Rates Y-o-Y;Electricity, Gas and Water;-1.16;2018-03
2018;Q1;Growth Rates Y-o-Y;Community, Social & Personal Services;6.9;2018-03
2018;Q1;Growth Rates Y-o-Y;Government Activities;4.74;2018-03
2018;Q2;Growth Rates Y-o-Y;Manufacturing;0.78;2018-06
2018;Q2;Growth Rates Y-o-Y;Manufacturing : Manufacturing excluding petroleum refining;2.28;2018-06
2018;Q2;Growth Rates Y-o-Y;Electricity, Gas and Water;-3.04;2018-06
2018;Q2;Growth Rates Y-o-Y;Construction;7.04;2018-06
2018;Q2;Growth Rates Y-o-Y;Finance, Insurance, Real Estate & Business Services;5.4;2018-06
2018;Q3;Growth Rates Y-o-Y;Manufacturing;0.26;2018-09
2018;Q3;Growth Rates Y-o-Y;Electricity, Gas and Water;-0.98;2018-09
2018;Q3;Growth Rates Y-o-Y;Transport, Storage & Communication;3.55;2018-09
2018;Q3;Growth Rates Y-o-Y;Community, Social & Personal Services;6.98;2018-09
2018;Q3;Growth Rates Y-o-Y;Net Taxes on Products;3.54;2018-09
2018;Q4;Growth Rates Y-o-Y;Agriculture, Forestry & Fishing;2.07;2018-12
2018;Q4;Growth Rates Y-o-Y;Electricity, Gas and Water;-7.46;2018-12
2018;Q4;Growth Rates Y-o-Y;Gross Domestic Product;3.23;2018-12
2019;Q1;Growth Rates Y-o-Y;Mining & Quarrying : Other Mining & Quarrying;7.87;2019-03
2019;Q1;Growth Rates Y-o-Y;Manufacturing : Petroleum Refining;1.97;2019-03
2019;Q1;Growth Rates Y-o-Y;Finance, Insurance, Real Estate & Business Services : Finance , Insurance and Business sevices;8.18;2019-03
2019;Q2;Growth Rates Y-o-Y;Mining & Quarrying;-3.23;2019-06
2019;Q2;Growth Rates Y-o-Y;Manufacturing;1.79;2019-06
2019;Q2;Growth Rates Y-o-Y;Manufacturing : Manufacturing excluding petroleum refining;4.13;2019-06
2019;Q2;Growth Rates Y-o-Y;Construction;5.06;2019-06
2019;Q2;Growth Rates Y-o-Y;Government Activities;1.1;2019-06
2019;Q3;Growth Rates Y-o-Y;Manufacturing : Manufacturing excluding petroleum refining;4.95;2019-09
2019;Q3;Growth Rates Y-o-Y;Construction;0.79;2019-09
2019;Q3;Growth Rates Y-o-Y;Finance, Insurance, Real Estate & Business Services : Real Estate;1.16;2019-09
2019;Q3;Growth Rates Y-o-Y;Government Activities;4.66;2019-09
2019;Q3;Growth Rates Y-o-Y;Gross Domestic Product;1.43;2019-09
2019;Q4;Growth Rates Y-o-Y;Agriculture, Forestry & Fishing;1.47;2019-12
2019;Q4;Growth Rates Y-o-Y;Manufacturing;3.69;2019-12
2019;Q4;Growth Rates Y-o-Y;Wholesale & Retail Trade, Restaurants & hotels;9.61;2019-12
2020;Q1;Growth Rates Y-o-Y;Agriculture, Forestry & Fishing;0.35;2020-03
2020;Q1;Growth Rates Y-o-Y;Manufacturing;-6.58;2020-03
2020;Q1;Growth Rates Y-o-Y;Manufacturing : Petroleum Refining;-24.05;2020-03
2020;Q1;Growth Rates Y-o-Y;Manufacturing : Manufacturing excluding petroleum refining;-0.79;2020-03
2020;Q1;Growth Rates Y-o-Y;Community, Social & Personal Services;9.76;2020-03
2020;Q1;Growth Rates Y-o-Y;Gross Value Added;-1.41;2020-03
2020;Q2;Growth Rates Y-o-Y;Agriculture, Forestry & Fishing;-2.28;2020-06
2020;Q2;Growth Rates Y-o-Y;Manufacturing : Manufacturing excluding petroleum refining;-8.11;2020-06
2020;Q2;Growth Rates Y-o-Y;Transport, Storage & Communication;-23.06;2020-06
2020;Q2;Growth Rates Y-o-Y;Finance, Insurance, Real Estate & Business Services;-0.79;2020-06
2020;Q2;Growth Rates Y-o-Y;Finance, Insurance, Real Estate & Business Services : Finance , Insurance and Business sevices;-2.34;2020-06
2020;Q2;Growth Rates Y-o-Y;Net Taxes on Products;-16.38;2020-06
2020;Q3;Growth Rates Y-o-Y;Finance, Insurance, Real Estate & Business Services;1.16;2020-09
2020;Q3;Growth Rates Y-o-Y;Government Activities;0.7;2020-09
2020;Q4;Growth Rates Y-o-Y;Agriculture, Forestry & Fishing;2.89;2020-12
2020;Q4;Growth Rates Y-o-Y;Gross Value Added;-2.89;2020-12
2020;Q4;Growth Rates Y-o-Y;Net Taxes on Products;-4.74;2020-12
2020;Q4;Growth Rates Y-o-Y;Gross Domestic Product;-2.94;2020-12
2021;Q1;Growth Rates Y-o-Y;Mining & Quarrying;-13.42;2021-03
2021;Q1;Growth Rates Y-o-Y;Construction;1.19;2021-03
2021;Q1;Growth Rates Y-o-Y;Transport, Storage & Communication;-2.94;2021-03
2021;Q1;Growth Rates Y-o-Y;Finance, Insurance, Real Estate & Business Services : Finance , Insurance and Business sevices;3.62;2021-03
2021;Q1;Growth Rates Y-o-Y;Government Activities;1.84;2021-03
2021;Q2;Growth Rates Y-o-Y;Manufacturing;17.28;2021-06
2021;Q2;Growth Rates Y-o-Y;Manufacturing : Manufacturing excluding petroleum refining;19.01;2021-06
2021;Q2;Growth Rates Y-o-Y;Finance, Insurance, Real Estate & Business Services : Finance , Insurance and Business sevices;8.53;2021-06
2021;Q3;Growth Rates Y-o-Y;Agriculture, Forestry & Fishing;0.21;2021-09
2021;Q3;Growth Rates Y-o-Y;Mining & Quarrying : Other Mining & Quarrying;-0.63;2021-09
2021;Q3;Growth Rates Y-o-Y;Transport, Storage & Communication;15.23;2021-09
2021;Q3;Growth Rates Y-o-Y;Community, Social & Personal Services;10.57;2021-09
2021;Q3;Growth Rates Y-o-Y;Net Taxes on Products;5.96;2021-09
2021;Q4;Growth Rates Y-o-Y;Mining & Quarrying;10.12;2021-12
2021;Q4;Growth Rates Y-o-Y;Manufacturing;10.09;2021-12
2021;Q4;Growth Rates Y-o-Y;Wholesale & Retail Trade, Restaurants & hotels;5.25;2021-12
2021;Q4;Growth Rates Y-o-Y;Finance, Insurance, Real Estate & Business Services : Real Estate;1.02;2021-12
2021;Q4;Growth Rates Y-o-Y;Government Activities;2.2;2021-12
2022;Q1;Growth Rates Y-o-Y;Agriculture, Forestry & Fishing;2.04;2022-03
2022;Q1;Growth Rates Y-o-Y;Mining & Quarrying : Other Mining & Quarrying;-3.17;2022-03
2022;Q1;Growth Rates Y-o-Y;Manufacturing;10.87;2022-03
2022;Q1;Growth Rates Y-o-Y;Manufacturing : Manufacturing excluding petroleum refining;9.94;2022-03
2022;Q1;Growth Rates Y-o-Y;Finance, Insurance, Real Estate & Business Services;6.64;2022-03
2022;Q1;Growth Rates Y-o-Y;Gross Domestic Product;11.17;2022-03
2022;Q3;Growth Rates Y-o-Y;Construction;36.11;2022-09
2022;Q3;Growth Rates Y-o-Y;Wholesale & Retail Trade, Restaurants & hotels;11.56;2022-09
2022;Q3;Growth Rates Y-o-Y;Transport, Storage & Communication;8.72;2022-09
2022;Q3;Growth Rates Y-o-Y;Gross Domestic Product;12.98;2022-09
2022;Q4;Growth Rates Y-o-Y;Government Activities;4.97;2022-12
2022;Q4;Growth Rates Y-o-Y;Gross Value Added;9.61;2022-12
2023;Q1;Growth Rates Y-o-Y;Finance, Insurance, Real Estate & Business Services : Real Estate;3.11;2023-03
2023;Q2;Growth Rates Y-o-Y;Agriculture, Forestry & Fishing;3.1;2023-06
2023;Q2;Growth Rates Y-o-Y;Mining & Quarrying : Crude Petroleum & Natural Gas;-3.97;2023-06
2023;Q2;Growth Rates Y-o-Y;Wholesale & Retail Trade, Restaurants & hotels;10.06;2023-06
2023;Q3;Growth Rates Y-o-Y;Agriculture, Forestry & Fishing;1.73;2023-09
2023;Q3;Growth Rates Y-o-Y;Mining & Quarrying;-17.99;2023-09
2023;Q3;Growth Rates Y-o-Y;Construction;4.68;2023-09
2023;Q3;Growth Rates Y-o-Y;Transport, Storage & Communication;6.93;2023-09
2023;Q3;Growth Rates Y-o-Y;Finance, Insurance, Real Estate & Business Services : Real Estate;2.16;2023-09
2023;Q3;Growth Rates Y-o-Y;Gross Value Added;-3.18;2023-09
2023;Q4;Growth Rates Y-o-Y;Manufacturing;-5.63;2023-12
2023;Q4;Growth Rates Y-o-Y;Transport, Storage & Communication;4.61;2023-12
2023;Q4;Growth Rates Y-o-Y;Finance, Insurance, Real Estate & Business Services;5.02;2023-12
2024;Q1;Growth Rates Y-o-Y;Electricity, Gas and Water;6.08;2024-03
2024;Q1;Growth Rates Y-o-Y;Transport, Storage & Communication;4.5;2024-03
2024;Q1;Growth Rates Y-o-Y;Finance, Insurance, Real Estate & Business Services : Real Estate;3.15;2024-03
2024;Q2;Growth Rates Y-o-Y;Manufacturing;3.98;2024-06
2024;Q2;Growth Rates Y-o-Y;Gross Value Added;1.05;2024-06
2024;Q3;Growth Rates Y-o-Y;Mining & Quarrying;0.13;2024-09
2024;Q3;Growth Rates Y-o-Y;Manufacturing : Manufacturing excluding petroleum refining;5.37;2024-09
2024;Q3;Growth Rates Y-o-Y;Net Taxes on Products;4.72;2024-09
2024;Q4;Growth Rates Y-o-Y;Agriculture, Forestry & Fishing;2.97;2024-12
2024;Q4;Growth Rates Y-o-Y;Electricity, Gas and Water;8.79;2024-12
2025;Q1;Growth Rates Y-o-Y;Community, Social & Personal Services;4.79;2025-03
2025;Q2;Growth Rates Y-o-Y;Mining & Quarrying : Crude Petroleum & Natural Gas;4.2;2025-06
2025;Q2;Growth Rates Y-o-Y;Manufacturing : Petroleum Refining;2.68;2025-06
2025;Q2;Growth Rates Y-o-Y;Manufacturing : Manufacturing excluding petroleum refining;4.73;2025-06
2025;Q2;Growth Rates Y-o-Y;Transport, Storage & Communication;3.86;2025-06
2025;Q2;Growth Rates Y-o-Y;Finance, Insurance, Real Estate & Business Services;6.48;2025-06
2025;Q3;Growth Rates Y-o-Y;Mining & Quarrying : Crude Petroleum & Natural Gas;7.32;2025-09
2025;Q3;Growth Rates Y-o-Y;Construction;2.83;2025-09
2025;Q3;Growth Rates Y-o-Y;Community, Social & Personal Services;4.91;2025-09
2025;Q4;Growth Rates Y-o-Y;Mining & Quarrying : Crude Petroleum & Natural Gas;12.42;2025-12
2025;Q4;Growth Rates Y-o-Y;Finance, Insurance, Real Estate & Business Services;3.93;2025-12
2012;Q1;Contribution to Growth rate in GDP Y-o-Y;Mining & Quarrying : Other Mining & Quarrying;0.01;2012-03
2012;Q1;Contribution to Growth rate in GDP Y-o-Y;Finance, Insurance, Real Estate & Business Services;0.5;2012-03
2012;Q1;Contribution to Growth rate in GDP Y-o-Y;Gross Value Added;9.67;2012-03
2012;Q2;Contribution to Growth rate in GDP Y-o-Y;Government Activities;0.39;2012-06
2012;Q2;Contribution to Growth rate in GDP Y-o-Y;Net Taxes on Products;0.13;2012-06
2012;Q3;Contribution to Growth rate in GDP Y-o-Y;Construction;0.32;2012-09
2012;Q3;Contribution to Growth rate in GDP Y-o-Y;Net Taxes on Products;0.03;2012-09
2012;Q4;Contribution to Growth rate in GDP Y-o-Y;Manufacturing : Petroleum Refining;0.01;2012-12
2012;Q4;Contribution to Growth rate in GDP Y-o-Y;Finance, Insurance, Real Estate & Business Services;0.73;2012-12
2013;Q1;Contribution to Growth rate in GDP Y-o-Y;Manufacturing;0.48;2013-03
2013;Q1;Contribution to Growth rate in GDP Y-o-Y;Electricity, Gas and Water;0.03;2013-03
2013;Q2;Contribution to Growth rate in GDP Y-o-Y;Agriculture, Forestry & Fishing;0.14;2013-06
2013;Q2;Contribution to Growth rate in GDP Y-o-Y;Mining & Quarrying : Other Mining & Quarrying;0.01;2013-06
2013;Q2;Contribution to Growth rate in GDP Y-o-Y;Manufacturing : Manufacturing excluding petroleum refining;0.68;2013-06
2013;Q2;Contribution to Growth rate in GDP Y-o-Y;Finance, Insurance, Real Estate & Business Services : Finance , Insurance and Business sevices;0.26;2013-06
2013;Q2;Contribution to Growth rate in GDP Y-o-Y;Net Taxes on Products;0.03;2013-06
2013;Q3;Contribution to Growth rate in GDP Y-o-Y;Mining & Quarrying : Crude Petroleum & Natural Gas;1.61;2013-09
2013;Q3;Contribution to Growth rate in GDP Y-o-Y;Manufacturing : Petroleum Refining;-0.14;2013-09
2013;Q3;Contribution to Growth rate in GDP Y-o-Y;Manufacturing : Manufacturing excluding petroleum refining;0.76;2013-09
2013;Q3;Contribution to Growth rate in GDP Y-o-Y;Community, Social & Personal Services;0.19;2013-09
2013;Q3;Contribution to Growth rate in GDP Y-o-Y;Government Activities;-0.39;2013-09
2013;Q4;Contribution to Growth rate in GDP Y-o-Y;Agriculture, Forestry & Fishing;-0.09;2013-12
2013;Q4;Contribution to Growth rate in GDP Y-o-Y;Mining & Quarrying;1.67;2013-12
2014;Q1;Contribution to Growth rate in GDP Y-o-Y;Mining & Quarrying : Crude Petroleum & Natural Gas;2.9;2014-03
2014;Q1;Contribution to Growth rate in GDP Y-o-Y;Manufacturing;1.19;2014-03
2014;Q1;Contribution to Growth rate in GDP Y-o-Y;Manufacturing : Petroleum Refining;0.51;2014-03
2014;Q1;Contribution to Growth rate in GDP Y-o-Y;Wholesale & Retail Trade, Restaurants & hotels;0.5;2014-03
2014;Q1;Contribution to Growth rate in GDP Y-o-Y;Community, Social & Personal Services;0.36;2014-03
2014;Q2;Contribution to Growth rate in GDP Y-o-Y;Gross Value Added;4.31;2014-06
2014;Q3;Contribution to Growth rate in GDP Y-o-Y;Mining & Quarrying;-1.5;2014-09
2014;Q3;Contribution to Growth rate in GDP Y-o-Y;Manufacturing : Petroleum Refining;0.32;2014-09
2014;Q3;Contribution to Growth rate in GDP Y-o-Y;Government Activities;0.8;2014-09
2014;Q4;Contribution to Growth rate in GDP Y-o-Y;Agriculture, Forestry & Fishing;0.2;2014-12
2014;Q4;Contribution to Growth rate in GDP Y-o-Y;Mining & Quarrying : Other Mining & Quarrying;0.01;2014-12
2014;Q4;Contribution to Growth rate in GDP Y-o-Y;Manufacturing : Petroleum Refining;0.48;2014-12
2014;Q4;Contribution to Growth rate in GDP Y-o-Y;Transport, Storage & Communication;0.28;2014-12
2014;Q4;Contribution to Growth rate in GDP Y-o-Y;Finance, Insurance, Real Estate & Business Services : Finance , Insurance and Business sevices;0.13;2014-12
2014;Q4;Contribution to Growth rate in GDP Y-o-Y;Net Taxes on Products;0.0;2014-12
2015;Q1;Contribution to Growth rate in GDP Y-o-Y;Mining & Quarrying;0.21;2015-03
2015;Q1;Contribution to Growth rate in GDP Y-o-Y;Net Taxes on Products;-0.05;2015-03
2015;Q2;Contribution to Growth rate in GDP Y-o-Y;Mining & Quarrying : Crude Petroleum & Natural Gas;2.68;2015-06
2015;Q2;Contribution to Growth rate in GDP Y-o-Y;Mining & Quarrying : Other Mining & Quarrying;0.02;2015-06
2015;Q2;Contribution to Growth rate in GDP Y-o-Y;Manufacturing;0.87;2015-06
2015;Q2;Contribution to Growth rate in GDP Y-o-Y;Manufacturing : Manufacturing excluding petroleum refining;0.36;2015-06
2015;Q2;Contribution to Growth rate in GDP Y-o-Y;Electricity, Gas and Water;0.07;2015-06
2015;Q2;Contribution to Growth rate in GDP Y-o-Y;Finance, Insurance, Real Estate & Business Services : Finance , Insurance and Business sevices;0.26;2015-06
2015;Q2;Contribution to Growth rate in GDP Y-o-Y;Government Activities;0.11;2015-06
2015;Q2;Contribution to Growth rate in GDP Y-o-Y;Net Taxes on Products;0.1;2015-06
2015;Q3;Contribution to Growth rate in GDP Y-o-Y;Mining & Quarrying : Crude Petroleum & Natural Gas;1.98;2015-09
2015;Q3;Contribution to Growth rate in GDP Y-o-Y;Electricity, Gas and Water;0.1;2015-09
2015;Q4;Contribution to Growth rate in GDP Y-o-Y;Agriculture, Forestry & Fishing;0.1;2015-12
2015;Q4;Contribution to Growth rate in GDP Y-o-Y;Mining & Quarrying;2.31;2015-12
2016;Q1;Contribution to Growth rate in GDP Y-o-Y;Construction;-0.25;2016-03
2016;Q1;Contribution to Growth rate in GDP Y-o-Y;Government Activities;0.49;2016-03
2016;Q2;Contribution to Growth rate in GDP Y-o-Y;Electricity, Gas and Water;0.26;2016-06
2016;Q2;Contribution to Growth rate in GDP Y-o-Y;Finance, Insurance, Real Estate & Business Services : Finance , Insurance and Business sevices;0.05;2016-06
2016;Q2;Contribution to Growth rate in GDP Y-o-Y;Gross Value Added;0.79;2016-06
2016;Q3;Contribution to Growth rate in GDP Y-o-Y;Agriculture, Forestry & Fishing;0.2;2016-09
2016;Q3;Contribution to Growth rate in GDP Y-o-Y;Mining & Quarrying : Crude Petroleum & Natural Gas;0.48;2016-09
2016;Q3;Contribution to Growth rate in GDP Y-o-Y;Manufacturing : Manufacturing excluding petroleum refining;-0.04;2016-09
2016;Q3;Contribution to Growth rate in GDP Y-o-Y;Finance, Insurance, Real Estate & Business Services : Finance , Insurance and Business sevices;0.12;2016-09
2016;Q3;Contribution to Growth rate in GDP Y-o-Y;Gross Domestic Product;0.47;2016-09
2016;Q4;Contribution to Growth rate in GDP Y-o-Y;Finance, Insurance, Real Estate & Business Services : Finance , Insurance and Business sevices;0.19;2016-12
2016;Q4;Contribution to Growth rate in GDP Y-o-Y;Government Activities;0.58;2016-12
2016;Q4;Contribution to Growth rate in GDP Y-o-Y;Gross Value Added;2.59;2016-12
2017;Q1;Contribution to Growth rate in GDP Y-o-Y;Agriculture, Forestry & Fishing;0.11;2017-03
2017;Q1;Contribution to Growth rate in GDP Y-o-Y;Mining & Quarrying : Other Mining & Quarrying;0.02;2017-03
2017;Q1;Contribution to Growth rate in GDP Y-o-Y;Manufacturing : Manufacturing excluding petroleum refining;0.1;2017-03
2017;Q1;Contribution to Growth rate in GDP Y-o-Y;Transport, Storage & Communication;0.27;2017-03
2017;Q2;Contribution to Growth rate in GDP Y-o-Y;Mining & Quarrying;-0.44;2017-06
2017;Q2;Contribution to Growth rate in GDP Y-o-Y;Electricity, Gas and Water;0.01;2017-06
2017;Q3;Contribution to Growth rate in GDP Y-o-Y;Mining & Quarrying;-1.1;2017-09
2017;Q3;Contribution to Growth rate in GDP Y-o-Y;Mining & Quarrying : Other Mining & Quarrying;0.03;2017-09
2017;Q3;Contribution to Growth rate in GDP Y-o-Y;Wholesale & Retail Trade, Restaurants & hotels;0.67;2017-09
2017;Q3;Contribution to Growth rate in GDP Y-o-Y;Gross Domestic Product;1.73;2017-09
2017;Q4;Contribution to Growth rate in GDP Y-o-Y;Mining & Quarrying : Crude Petroleum & Natural Gas;-1.04;2017-12
2017;Q4;Contribution to Growth rate in GDP Y-o-Y;Manufacturing : Manufacturing excluding petroleum refining;0.21;2017-12
2017;Q4;Contribution to Growth rate in GDP Y-o-Y;Transport, Storage & Communication;0.47;2017-12
2017;Q4;Contribution to Growth rate in GDP Y-o-Y;Finance, Insurance, Real Estate & Business Services;1.1;2017-12
2018;Q1;Contribution to Growth rate in GDP Y-o-Y;Manufacturing;0.09;2018-03
2018;Q1;Contribution to Growth rate in GDP Y-o-Y;Manufacturing : Petroleum Refining;-0.05;2018-03
2018;Q1;Contribution to Growth rate in GDP Y-o-Y;Community, Social & Personal Services;0.23;2018-03
2018;Q2;Contribution to Growth rate in GDP Y-o-Y;Gross Domestic Product;3.86;2018-06
2018;Q3;Contribution to Growth rate in GDP Y-o-Y;Mining & Quarrying : Crude Petroleum & Natural Gas;1.08;2018-09
2018;Q3;Contribution to Growth rate in GDP Y-o-Y;Manufacturing;0.03;2018-09
2018;Q3;Contribution to Growth rate in GDP Y-o-Y;Construction;0.35;2018-09
2018;Q3;Contribution to Growth rate in GDP Y-o-Y;Finance, Insurance, Real Estate & Business Services : Finance , Insurance and Business sevices;0.35;2018-09
2018;Q4;Contribution to Growth rate in GDP Y-o-Y;Mining & Quarrying : Crude Petroleum & Natural Gas;1.64;2018-12
2018;Q4;Contribution to Growth rate in GDP Y-o-Y;Manufacturing : Manufacturing excluding petroleum refining;0.23;2018-12
2019;Q1;Contribution to Growth rate in GDP Y-o-Y;Mining & Quarrying;0.06;2019-03
2019;Q1;Contribution to Growth rate in GDP Y-o-Y;Electricity, Gas and Water;0.06;2019-03
2019;Q1;Contribution to Growth rate in GDP Y-o-Y;Finance, Insurance, Real Estate & Business Services : Real Estate;0.18;2019-03
2019;Q1;Contribution to Growth rate in GDP Y-o-Y;Community, Social & Personal Services;0.13;2019-03
2019;Q1;Contribution to Growth rate in GDP Y-o-Y;Government Activities;0.2;2019-03
2019;Q2;Contribution to Growth rate in GDP Y-o-Y;Agriculture, Forestry & Fishing;-0.03;2019-06
2019;Q2;Contribution to Growth rate in GDP Y-o-Y;Finance, Insurance, Real Estate & Business Services : Finance , Insurance and Business sevices;0.51;2019-06
2019;Q2;Contribution to Growth rate in GDP Y-o-Y;Gross Value Added;1.38;2019-06
2019;Q2;Contribution to Growth rate in GDP Y-o-Y;Net Taxes on Products;0.31;2019-06
2019;Q3;Contribution to Growth rate in GDP Y-o-Y;Agriculture, Forestry & Fishing;-0.01;2019-09
2019;Q3;Contribution to Growth rate in GDP Y-o-Y;Manufacturing;0.28;2019-09
2019;Q3;Contribution to Growth rate in GDP Y-o-Y;Wholesale & Retail Trade, Restaurants & hotels;0.62;2019-09
2019;Q4;Contribution to Growth rate in GDP Y-o-Y;Manufacturing : Petroleum Refining;-0.15;2019-12
2019;Q4;Contribution to Growth rate in GDP Y-o-Y;Manufacturing : Manufacturing excluding petroleum refining;0.61;2019-12
2019;Q4;Contribution to Growth rate in GDP Y-o-Y;Construction;0.03;2019-12
2019;Q4;Contribution to Growth rate in GDP Y-o-Y;Wholesale & Retail Trade, Restaurants & hotels;0.95;2019-12
2019;Q4;Contribution to Growth rate in GDP Y-o-Y;Transport, Storage & Communication;0.08;2019-12
2019;Q4;Contribution to Growth rate in GDP Y-o-Y;Finance, Insurance, Real Estate & Business Services : Real Estate;0.15;2019-12
2019;Q4;Contribution to Growth rate in GDP Y-o-Y;Government Activities;-0.02;2019-12
2019;Q4;Contribution to Growth rate in GDP Y-o-Y;Gross Value Added;0.45;2019-12
2020;Q1;Contribution to Growth rate in GDP Y-o-Y;Manufacturing;-0.86;2020-03
2020;Q1;Contribution to Growth rate in GDP Y-o-Y;Community, Social & Personal Services;0.32;2020-03
2020;Q2;Contribution to Growth rate in GDP Y-o-Y;Agriculture, Forestry & Fishing;-0.06;2020-06
2020;Q2;Contribution to Growth rate in GDP Y-o-Y;Mining & Quarrying : Crude Petroleum & Natural Gas;-1.13;2020-06
2020;Q2;Contribution to Growth rate in GDP Y-o-Y;Electricity, Gas and Water;-0.13;2020-06
2020;Q2;Contribution to Growth rate in GDP Y-o-Y;Gross Domestic Product;-7.32;2020-06
2020;Q3;Contribution to Growth rate in GDP Y-o-Y;Mining & Quarrying;-1.81;2020-09
2020;Q4;Contribution to Growth rate in GDP Y-o-Y;Construction;-0.21;2020-12
2020;Q4;Contribution to Growth rate in GDP Y-o-Y;Finance, Insurance, Real Estate & Business Services;0.23;2020-12
2021;Q1;Contribution to Growth rate in GDP Y-o-Y;Electricity, Gas and Water;-0.09;2021-03
2021;Q1;Contribution to Growth rate in GDP Y-o-Y;Wholesale & Retail Trade, Restaurants & hotels;0.95;2021-03
2021;Q1;Contribution to Growth rate in GDP Y-o-Y;Finance, Insurance, Real Estate & Business Services : Real Estate;0.37;2021-03
2021;Q1;Contribution to Growth rate in GDP Y-o-Y;Community, Social & Personal Services;0.55;2021-03
2021;Q1;Contribution to Growth rate in GDP Y-o-Y;Gross Domestic Product;1.72;2021-03
2021;Q2;Contribution to Growth rate in GDP Y-o-Y;Manufacturing : Petroleum Refining;0.26;2021-06
2021;Q2;Contribution to Growth rate in GDP Y-o-Y;Electricity, Gas and Water;0.18;2021-06
2021;Q2;Contribution to Growth rate in GDP Y-o-Y;Finance, Insurance, Real Estate & Business Services : Real Estate;0.49;2021-06
2021;Q3;Contribution to Growth rate in GDP Y-o-Y;Mining & Quarrying : Other Mining & Quarrying;0.0;2021-09
2021;Q3;Contribution to Growth rate in GDP Y-o-Y;Electricity, Gas and Water;0.26;2021-09
2021;Q4;Contribution to Growth rate in GDP Y-o-Y;Construction;1.3;2021-12
2022;Q1;Contribution to Growth rate in GDP Y-o-Y;Electricity, Gas and Water;0.2;2022-03
2022;Q1;Contribution to Growth rate in GDP Y-o-Y;Transport, Storage & Communication;0.8;2022-03
2022;Q1;Contribution to Growth rate in GDP Y-o-Y;Community, Social & Personal Services;0.08;2022-03
2022;Q1;Contribution to Growth rate in GDP Y-o-Y;Gross Domestic Product;11.17;2022-03
2022;Q2;Contribution to Growth rate in GDP Y-o-Y;Agriculture, Forestry & Fishing;0.02;2022-06
2022;Q2;Contribution to Growth rate in GDP Y-o-Y;Mining & Quarrying : Crude Petroleum & Natural Gas;5.29;2022-06
2022;Q2;Contribution to Growth rate in GDP Y-o-Y;Finance, Insurance, Real Estate & Business Services;0.67;2022-06
2022;Q2;Contribution to Growth rate in GDP Y-o-Y;Gross Value Added;13.45;2022-06
2022;Q2;Contribution to Growth rate in GDP Y-o-Y;Gross Domestic Product;14.49;2022-06
2022;Q3;Contribution to Growth rate in GDP Y-o-Y;Manufacturing;1.78;2022-09
2022;Q3;Contribution to Growth rate in GDP Y-o-Y;Electricity, Gas and Water;-0.02;2022-09
2022;Q3;Contribution to Growth rate in GDP Y-o-Y;Gross Value Added;12.18;2022-09
2022;Q3;Contribution to Growth rate in GDP Y-o-Y;Net Taxes on Products;0.81;2022-09
2022;Q4;Contribution to Growth rate in GDP Y-o-Y;Manufacturing;0.95;2022-12
2022;Q4;Contribution to Growth rate in GDP Y-o-Y;Government Activities;0.64;2022-12
2022;Q4;Contribution to Growth rate in GDP Y-o-Y;Net Taxes on Products;0.55;2022-12
2023;Q1;Contribution to Growth rate in GDP Y-o-Y;Manufacturing;0.46;2023-03
2023;Q1;Contribution to Growth rate in GDP Y-o-Y;Manufacturing : Manufacturing excluding petroleum refining;0.84;2023-03
2023;Q1;Contribution to Growth rate in GDP Y-o-Y;Wholesale & Retail Trade, Restaurants & hotels;1.32;2023-03
2023;Q2;Contribution to Growth rate in GDP Y-o-Y;Mining & Quarrying : Crude Petroleum & Natural Gas;-1.12;2023-06
2023;Q2;Contribution to Growth rate in GDP Y-o-Y;Electricity, Gas and Water;0.04;2023-06
2023;Q2;Contribution to Growth rate in GDP Y-o-Y;Transport, Storage & Communication;0.42;2023-06
2023;Q2;Contribution to Growth rate in GDP Y-o-Y;Community, Social & Personal Services;0.42;2023-06
2023;Q2;Contribution to Growth rate in GDP Y-o-Y;Gross Value Added;2.45;2023-06
2023;Q2;Contribution to Growth rate in GDP Y-o-Y;Net Taxes on Products;0.23;2023-06
2023;Q2;Contribution to Growth rate in GDP Y-o-Y;Gross Domestic Product;2.68;2023-06
2023;Q3;Contribution to Growth rate in GDP Y-o-Y;Mining & Quarrying : Other Mining & Quarrying;0.0;2023-09
2023;Q3;Contribution to Growth rate in GDP Y-o-Y;Construction;0.3;2023-09
2023;Q3;Contribution to Growth rate in GDP Y-o-Y;Finance, Insurance, Real Estate & Business Services;0.66;2023-09
2023;Q3;Contribution to Growth rate in GDP Y-o-Y;Finance, Insurance, Real Estate & Business Services : Real Estate;0.12;2023-09
2023;Q4;Contribution to Growth rate in GDP Y-o-Y;Manufacturing : Petroleum Refining;-0.92;2023-12
2023;Q4;Contribution to Growth rate in GDP Y-o-Y;Electricity, Gas and Water;0.08;2023-12
2023;Q4;Contribution to Growth rate in GDP Y-o-Y;Construction;0.27;2023-12
2023;Q4;Contribution to Growth rate in GDP Y-o-Y;Finance, Insurance, Real Estate & Business Services;0.48;2023-12
2023;Q4;Contribution to Growth rate in GDP Y-o-Y;Gross Value Added;-3.28;2023-12
2024;Q1;Contribution to Growth rate in GDP Y-o-Y;Mining & Quarrying : Other Mining & Quarrying;0.04;2024-03
2024;Q1;Contribution to Growth rate in GDP Y-o-Y;Wholesale & Retail Trade, Restaurants & hotels;0.79;2024-03
2024;Q1;Contribution to Growth rate in GDP Y-o-Y;Finance, Insurance, Real Estate & Business Services : Finance , Insurance and Business sevices;0.56;2024-03
2024;Q2;Contribution to Growth rate in GDP Y-o-Y;Mining & Quarrying;-2.99;2024-06
2024;Q2;Contribution to Growth rate in GDP Y-o-Y;Manufacturing : Manufacturing excluding petroleum refining;0.55;2024-06
2024;Q2;Contribution to Growth rate in GDP Y-o-Y;Wholesale & Retail Trade, Restaurants & hotels;0.87;2024-06
2024;Q2;Contribution to Growth rate in GDP Y-o-Y;Gross Domestic Product;1.18;2024-06
2024;Q3;Contribution to Growth rate in GDP Y-o-Y;Finance, Insurance, Real Estate & Business Services;0.84;2024-09
2024;Q3;Contribution to Growth rate in GDP Y-o-Y;Community, Social & Personal Services;0.17;2024-09
2024;Q4;Contribution to Growth rate in GDP Y-o-Y;Mining & Quarrying : Crude Petroleum & Natural Gas;0.45;2024-12
2024;Q4;Contribution to Growth rate in GDP Y-o-Y;Mining & Quarrying : Other Mining & Quarrying;0.03;2024-12
2024;Q4;Contribution to Growth rate in GDP Y-o-Y;Manufacturing : Manufacturing excluding petroleum refining;0.55;2024-12
2024;Q4;Contribution to Growth rate in GDP Y-o-Y;Transport, Storage & Communication;0.28;2024-12
2024;Q4;Contribution to Growth rate in GDP Y-o-Y;Finance, Insurance, Real Estate & Business Services : Real Estate;0.14;2024-12
2024;Q4;Contribution to Growth rate in GDP Y-o-Y;Net Taxes on Products;0.33;2024-12
2025;Q1;Contribution to Growth rate in GDP Y-o-Y;Agriculture, Forestry & Fishing;0.08;2025-03
2025;Q1;Contribution to Growth rate in GDP Y-o-Y;Construction;0.31;2025-03
2025;Q1;Contribution to Growth rate in GDP Y-o-Y;Finance, Insurance, Real Estate & Business Services;0.7;2025-03
2025;Q2;Contribution to Growth rate in GDP Y-o-Y;Manufacturing;0.7;2025-06
2025;Q2;Contribution to Growth rate in GDP Y-o-Y;Manufacturing : Manufacturing excluding petroleum refining;0.57;2025-06
2025;Q2;Contribution to Growth rate in GDP Y-o-Y;Finance, Insurance, Real Estate & Business Services : Real Estate;0.23;2025-06
2025;Q2;Contribution to Growth rate in GDP Y-o-Y;Gross Value Added;4.17;2025-06
2025;Q2;Contribution to Growth rate in GDP Y-o-Y;Net Taxes on Products;0.29;2025-06
2025;Q3;Contribution to Growth rate in GDP Y-o-Y;Manufacturing;1.09;2025-09
2025;Q3;Contribution to Growth rate in GDP Y-o-Y;Transport, Storage & Communication;0.17;2025-09
2025;Q3;Contribution to Growth rate in GDP Y-o-Y;Finance, Insurance, Real Estate & Business Services : Finance , Insurance and Business sevices;0.29;2025-09
2025;Q3;Contribution to Growth rate in GDP Y-o-Y;Community, Social & Personal Services;0.17;2025-09
2025;Q3;Contribution to Growth rate in GDP Y-o-Y;Gross Value Added;4.62;2025-09
2025;Q3;Contribution to Growth rate in GDP Y-o-Y;Gross Domestic Product;4.82;2025-09
2025;Q4;Contribution to Growth rate in GDP Y-o-Y;Finance, Insurance, Real Estate & Business Services;0.5;2025-12
2025;Q4;Contribution to Growth rate in GDP Y-o-Y;Community, Social & Personal Services;0.15;2025-12
2025;Q4;Contribution to Growth rate in GDP Y-o-Y;Gross Domestic Product;5.03;2025-12
2010;Q1;Implicit Price Index (Deflators);Mining & Quarrying;94.1;2010-03
2010;Q1;Implicit Price Index (Deflators);Mining & Quarrying : Crude Petroleum & Natural Gas;94.4;2010-03
2010;Q1;Implicit Price Index (Deflators);Transport, Storage & Communication;82.9;2010-03
2010;Q1;Implicit Price Index (Deflators);Finance, Insurance, Real Estate & Business Services;65.3;2010-03
2010;Q1;Implicit Price Index (Deflators);Community, Social & Personal Services;79.7;2010-03
2010;Q1;Implicit Price Index (Deflators);Net Taxes on Products;9.6;2010-03
2010;Q2;Implicit Price Index (Deflators);Wholesale & Retail Trade, Restaurants & hotels;73.1;2010-06
2010;Q2;Implicit Price Index (Deflators);Finance, Insurance, Real Estate & Business Services : Finance , Insurance and Business sevices;67.1;2010-06
2010;Q2;Implicit Price Index (Deflators);Government Activities;63.9;2010-06
2010;Q3;Implicit Price Index (Deflators);Mining & Quarrying : Crude Petroleum & Natural Gas;94.4;2010-09
2010;Q3;Implicit Price Index (Deflators);Mining & Quarrying : Other Mining & Quarrying;70.7;2010-09
2010;Q3;Implicit Price Index (Deflators);Manufacturing : Manufacturing excluding petroleum refining;70.2;2010-09
2010;Q3;Implicit Price Index (Deflators);Wholesale & Retail Trade, Restaurants & hotels;73.1;2010-09
2010;Q3;Implicit Price Index (Deflators);Finance, Insurance, Real Estate & Business Services : Real Estate;64.0;2010-09
2010;Q3;Implicit Price Index (Deflators);Gross Domestic Product;71.5;2010-09
2010;Q4;Implicit Price Index (Deflators);Agriculture, Forestry & Fishing;71.9;2010-12
2010;Q4;Implicit Price Index (Deflators);Mining & Quarrying : Other Mining & Quarrying;70.7;2010-12
2010;Q4;Implicit Price Index (Deflators);Gross Value Added;74.6;2010-12
2011;Q1;Implicit Price Index (Deflators);Agriculture, Forestry & Fishing;72.2;2011-03
2011;Q1;Implicit Price Index (Deflators);Net Taxes on Products;8.2;2011-03
2011;Q2;Implicit Price Index (Deflators);Agriculture, Forestry & Fishing;72.3;2011-06
2011;Q2;Implicit Price Index (Deflators);Mining & Quarrying;126.2;2011-06
2011;Q2;Implicit Price Index (Deflators);Mining & Quarrying : Other Mining & Quarrying;72.8;2011-06
2011;Q2;Implicit Price Index (Deflators);Manufacturing : Manufacturing excluding petroleum refining;70.9;2011-06
2011;Q2;Implicit Price Index (Deflators);Finance, Insurance, Real Estate & Business Services;69.4;2011-06
2011;Q2;Implicit Price Index (Deflators);Community, Social & Personal Services;82.2;2011-06
2011;Q2;Implicit Price Index (Deflators);Gross Value Added;88.2;2011-06
2011;Q3;Implicit Price Index (Deflators);Mining & Quarrying;122.4;2011-09
2011;Q3;Implicit Price Index (Deflators);Manufacturing;58.7;2011-09
2011;Q3;Implicit Price Index (Deflators);Manufacturing : Petroleum Refining;37.0;2011-09
2011;Q3;Implicit Price Index (Deflators);Manufacturing : Manufacturing excluding petroleum refining;72.7;2011-09
2011;Q3;Implicit Price Index (Deflators);Electricity, Gas and Water;75.5;2011-09
2011;Q3;Implicit Price Index (Deflators);Wholesale & Retail Trade, Restaurants & hotels;81.7;2011-09
2011;Q4;Implicit Price Index (Deflators);Manufacturing : Petroleum Refining;38.1;2011-12
2011;Q4;Implicit Price Index (Deflators);Finance, Insurance, Real Estate & Business Services;70.0;2011-12
2011;Q4;Implicit Price Index (Deflators);Net Taxes on Products;9.0;2011-12
2012;Q1;Implicit Price Index (Deflators);Finance, Insurance, Real Estate & Business Services;78.4;2012-03
2012;Q1;Implicit Price Index (Deflators);Finance, Insurance, Real Estate & Business Services : Real Estate;80.6;2012-03
2012;Q1;Implicit Price Index (Deflators);Finance, Insurance, Real Estate & Business Services : Finance , Insurance and Business sevices;76.5;2012-03
2012;Q1;Implicit Price Index (Deflators);Government Activities;64.8;2012-03
2012;Q1;Implicit Price Index (Deflators);Gross Domestic Product;87.5;2012-03
2012;Q2;Implicit Price Index (Deflators);Mining & Quarrying : Crude Petroleum & Natural Gas;125.7;2012-06
2012;Q2;Implicit Price Index (Deflators);Manufacturing : Petroleum Refining;40.2;2012-06
2012;Q2;Implicit Price Index (Deflators);Government Activities;70.8;2012-06
2012;Q2;Implicit Price Index (Deflators);Gross Domestic Product;85.9;2012-06
2012;Q3;Implicit Price Index (Deflators);Wholesale & Retail Trade, Restaurants & hotels;86.5;2012-09
2012;Q3;Implicit Price Index (Deflators);Finance, Insurance, Real Estate & Business Services;77.1;2012-09
2012;Q4;Implicit Price Index (Deflators);Agriculture, Forestry & Fishing;74.0;2012-12
2013;Q1;Implicit Price Index (Deflators);Mining & Quarrying;127.3;2013-03
2013;Q1;Implicit Price Index (Deflators);Finance, Insurance, Real Estate & Business Services;83.6;2013-03
2013;Q1;Implicit Price Index (Deflators);Net Taxes on Products;5.7;2013-03
2013;Q2;Implicit Price Index (Deflators);Manufacturing;62.1;2013-06
2013;Q2;Implicit Price Index (Deflators);Manufacturing : Petroleum Refining;36.5;2013-06
2013;Q2;Implicit Price Index (Deflators);Finance, Insurance, Real Estate & Business Services : Real Estate;85.8;2013-06
2013;Q3;Implicit Price Index (Deflators);Construction;71.9;2013-09
2013;Q3;Implicit Price Index (Deflators);Community, Social & Personal Services;88.2;2013-09
2013;Q3;Implicit Price Index (Deflators);Net Taxes on Products;10.4;2013-09
2013;Q4;Implicit Price Index (Deflators);Mining & Quarrying : Crude Petroleum & Natural Gas;118.9;2013-12
2013;Q4;Implicit Price Index (Deflators);Manufacturing : Petroleum Refining;36.5;2013-12
2013;Q4;Implicit Price Index (Deflators);Wholesale & Retail Trade, Restaurants & hotels;82.2;2013-12
2013;Q4;Implicit Price Index (Deflators);Finance, Insurance, Real Estate & Business Services;81.8;2013-12
2014;Q1;Implicit Price Index (Deflators);Mining & Quarrying : Crude Petroleum & Natural Gas;122.1;2014-03
2014;Q1;Implicit Price Index (Deflators);Manufacturing : Petroleum Refining;33.3;2014-03
2014;Q1;Implicit Price Index (Deflators);Construction;78.3;2014-03
2014;Q1;Implicit Price Index (Deflators);Gross Domestic Product;87.1;2014-03
2014;Q3;Implicit Price Index (Deflators);Agriculture, Forestry & Fishing;77.7;2014-09
2014;Q3;Implicit Price Index (Deflators);Manufacturing;64.7;2014-09
2014;Q3;Implicit Price Index (Deflators);Gross Domestic Product;87.2;2014-09
2014;Q4;Implicit Price Index (Deflators);Electricity, Gas and Water;85.9;2014-12
2014;Q4;Implicit Price Index (Deflators);Net Taxes on Products;13.6;2014-12
2015;Q1;Implicit Price Index (Deflators);Mining & Quarrying;58.8;2015-03
2015;Q1;Implicit Price Index (Deflators);Mining & Quarrying : Crude Petroleum & Natural Gas;58.3;2015-03
2015;Q1;Implicit Price Index (Deflators);Wholesale & Retail Trade, Restaurants & hotels;85.1;2015-03
2015;Q1;Implicit Price Index (Deflators);Transport, Storage & Communication;90.1;2015-03
2015;Q1;Implicit Price Index (Deflators);Finance, Insurance, Real Estate & Business Services : Real Estate;98.1;2015-03
2015;Q1;Implicit Price Index (Deflators);Finance, Insurance, Real Estate & Business Services : Finance , Insurance and Business sevices;84.9;2015-03
2015;Q2;Implicit Price Index (Deflators);Agriculture, Forestry & Fishing;77.1;2015-06
2015;Q2;Implicit Price Index (Deflators);Government Activities;91.4;2015-06
2015;Q3;Implicit Price Index (Deflators);Agriculture, Forestry & Fishing;78.3;2015-09
2015;Q3;Implicit Price Index (Deflators);Mining & Quarrying : Other Mining & Quarrying;85.4;2015-09
2015;Q3;Implicit Price Index (Deflators);Manufacturing;60.1;2015-09
2015;Q3;Implicit Price Index (Deflators);Community, Social & Personal Services;91.4;2015-09
2015;Q4;Implicit Price Index (Deflators);Agriculture, Forestry & Fishing;81.3;2015-12
2015;Q4;Implicit Price Index (Deflators);Mining & Quarrying;45.7;2015-12
2015;Q4;Implicit Price Index (Deflators);Manufacturing;58.8;2015-12
2015;Q4;Implicit Price Index (Deflators);Manufacturing : Manufacturing excluding petroleum refining;82.0;2015-12
2015;Q4;Implicit Price Index (Deflators);Finance, Insurance, Real Estate & Business Services : Real Estate;93.8;2015-12
2016;Q1;Implicit Price Index (Deflators);Finance, Insurance, Real Estate & Business Services : Real Estate;99.3;2016-03
2016;Q1;Implicit Price Index (Deflators);Community, Social & Personal Services;91.6;2016-03
2016;Q2;Implicit Price Index (Deflators);Manufacturing : Petroleum Refining;25.4;2016-06
2016;Q2;Implicit Price Index (Deflators);Community, Social & Personal Services;92.2;2016-06
2016;Q2;Implicit Price Index (Deflators);Gross Domestic Product;71.3;2016-06
2016;Q3;Implicit Price Index (Deflators);Mining & Quarrying : Crude Petroleum & Natural Gas;50.0;2016-09
2016;Q3;Implicit Price Index (Deflators);Manufacturing : Manufacturing excluding petroleum refining;84.5;2016-09
2016;Q3;Implicit Price Index (Deflators);Transport, Storage & Communication;92.0;2016-09
2016;Q3;Implicit Price Index (Deflators);Finance, Insurance, Real Estate & Business Services : Real Estate;96.5;2016-09
2016;Q3;Implicit Price Index (Deflators);Gross Domestic Product;70.7;2016-09
2016;Q4;Implicit Price Index (Deflators);Mining & Quarrying : Other Mining & Quarrying;81.1;2016-12
2016;Q4;Implicit Price Index (Deflators);Electricity, Gas and Water;82.7;2016-12
2016;Q4;Implicit Price Index (Deflators);Finance, Insurance, Real Estate & Business Services;91.0;2016-12
2016;Q4;Implicit Price Index (Deflators);Gross Value Added;72.9;2016-12
2016;Q4;Implicit Price Index (Deflators);Net Taxes on Products;18.1;2016-12
2017;Q2;Implicit Price Index (Deflators);Agriculture, Forestry & Fishing;77.3;2017-06
2017;Q2;Implicit Price Index (Deflators);Manufacturing : Petroleum Refining;32.0;2017-06
2017;Q2;Implicit Price Index (Deflators);Transport, Storage & Communication;91.4;2017-06
2017;Q2;Implicit Price Index (Deflators);Finance, Insurance, Real Estate & Business Services : Real Estate;97.2;2017-06
2017;Q3;Implicit Price Index (Deflators);Transport, Storage & Communication;92.8;2017-09
2017;Q3;Implicit Price Index (Deflators);Finance, Insurance, Real Estate & Business Services : Real Estate;96.4;2017-09
2017;Q3;Implicit Price Index (Deflators);Government Activities;101.6;2017-09
2017;Q4;Implicit Price Index (Deflators);Manufacturing;63.4;2017-12
2017;Q4;Implicit Price Index (Deflators);Manufacturing : Manufacturing excluding petroleum refining;83.8;2017-12
2017;Q4;Implicit Price Index (Deflators);Transport, Storage & Communication;91.0;2017-12
2017;Q4;Implicit Price Index (Deflators);Gross Value Added;77.0;2017-12
2017;Q4;Implicit Price Index (Deflators);Gross Domestic Product;73.9;2017-12
2018;Q1;Implicit Price Index (Deflators);Manufacturing;71.1;2018-03
2018;Q1;Implicit Price Index (Deflators);Wholesale & Retail Trade, Restaurants & hotels;85.4;2018-03
2018;Q1;Implicit Price Index (Deflators);Gross Value Added;82.7;2018-03
2018;Q1;Implicit Price Index (Deflators);Net Taxes on Products;44.6;2018-03
2018;Q2;Implicit Price Index (Deflators);Agriculture, Forestry & Fishing;76.5;2018-06
2018;Q2;Implicit Price Index (Deflators);Electricity, Gas and Water;95.7;2018-06
2018;Q2;Implicit Price Index (Deflators);Wholesale & Retail Trade, Restaurants & hotels;99.5;2018-06
2018;Q2;Implicit Price Index (Deflators);Gross Value Added;90.5;2018-06
2018;Q3;Implicit Price Index (Deflators);Wholesale & Retail Trade, Restaurants & hotels;91.6;2018-09
2018;Q3;Implicit Price Index (Deflators);Community, Social & Personal Services;93.3;2018-09
2018;Q3;Implicit Price Index (Deflators);Gross Value Added;89.3;2018-09
2018;Q4;Implicit Price Index (Deflators);Mining & Quarrying;89.3;2018-12
2018;Q4;Implicit Price Index (Deflators);Construction;79.0;2018-12
2018;Q4;Implicit Price Index (Deflators);Finance, Insurance, Real Estate & Business Services;90.1;2018-12
2018;Q4;Implicit Price Index (Deflators);Government Activities;91.2;2018-12
2018;Q4;Implicit Price Index (Deflators);Net Taxes on Products;52.4;2018-12
2018;Q4;Implicit Price Index (Deflators);Gross Domestic Product;84.8;2018-12
2019;Q1;Implicit Price Index (Deflators);Manufacturing : Petroleum Refining;44.8;2019-03
2019;Q1;Implicit Price Index (Deflators);Wholesale & Retail Trade, Restaurants & hotels;87.2;2019-03
2019;Q1;Implicit Price Index (Deflators);Government Activities;93.8;2019-03
2019;Q2;Implicit Price Index (Deflators);Wholesale & Retail Trade, Restaurants & hotels;105.7;2019-06
2019;Q2;Implicit Price Index (Deflators);Community, Social & Personal Services;96.0;2019-06
2019;Q2;Implicit Price Index (Deflators);Net Taxes on Products;46.6;2019-06
2019;Q3;Implicit Price Index (Deflators);Agriculture, Forestry & Fishing;80.2;2019-09
2019;Q3;Implicit Price Index (Deflators);Finance, Insurance, Real Estate & Business Services;92.1;2019-09
2019;Q3;Implicit Price Index (Deflators);Net Taxes on Products;46.3;2019-09
2019;Q4;Implicit Price Index (Deflators);Construction;82.7;2019-12
2019;Q4;Implicit Price Index (Deflators);Net Taxes on Products;52.5;2019-12
2020;Q1;Implicit Price Index (Deflators);Manufacturing;70.2;2020-03
2020;Q1;Implicit Price Index (Deflators);Finance, Insurance, Real Estate & Business Services : Finance , Insurance and Business sevices;90.3;2020-03
2020;Q1;Implicit Price Index (Deflators);Community, Social & Personal Services;92.0;2020-03
2020;Q1;Implicit Price Index (Deflators);Gross Value Added;77.3;2020-03
2020;Q2;Implicit Price Index (Deflators);Finance, Insurance, Real Estate & Business Services;92.4;2020-06
2020;Q2;Implicit Price Index (Deflators);Finance, Insurance, Real Estate & Business Services : Real Estate;93.2;2020-06
2020;Q2;Implicit Price Index (Deflators);Net Taxes on Products;60.6;2020-06
2020;Q3;Implicit Price Index (Deflators);Manufacturing;65.6;2020-09
2020;Q3;Implicit Price Index (Deflators);Construction;90.3;2020-09
2020;Q3;Implicit Price Index (Deflators);Finance, Insurance, Real Estate & Business Services : Real Estate;93.1;2020-09
2020;Q3;Implicit Price Index (Deflators);Net Taxes on Products;68.1;2020-09
2020;Q4;Implicit Price Index (Deflators);Wholesale & Retail Trade, Restaurants & hotels;87.3;2020-12
2020;Q4;Implicit Price Index (Deflators);Finance, Insurance, Real Estate & Business Services;90.9;2020-12
2020;Q4;Implicit Price Index (Deflators);Finance, Insurance, Real Estate & Business Services : Real Estate;91.9;2020-12
2020;Q4;Implicit Price Index (Deflators);Government Activities;92.6;2020-12
2021;Q1;Implicit Price Index (Deflators);Wholesale & Retail Trade, Restaurants & hotels;88.0;2021-03
2021;Q1;Implicit Price Index (Deflators);Net Taxes on Products;95.4;2021-03
2021;Q1;Implicit Price Index (Deflators);Gross Domestic Product;83.2;2021-03
2021;Q2;Implicit Price Index (Deflators);Wholesale & Retail Trade, Restaurants & hotels;97.1;2021-06
2021;Q2;Implicit Price Index (Deflators);Finance, Insurance, Real Estate & Business Services : Real Estate;91.9;2021-06
2021;Q2;Implicit Price Index (Deflators);Government Activities;106.2;2021-06
2021;Q3;Implicit Price Index (Deflators);Finance, Insurance, Real Estate & Business Services;89.9;2021-09
2021;Q4;Implicit Price Index (Deflators);Mining & Quarrying;100.8;2021-12
2021;Q4;Implicit Price Index (Deflators);Mining & Quarrying : Crude Petroleum & Natural Gas;100.9;2021-12
2021;Q4;Implicit Price Index (Deflators);Manufacturing : Petroleum Refining;62.3;2021-12
2021;Q4;Implicit Price Index (Deflators);Gross Domestic Product;93.8;2021-12
2022;Q1;Implicit Price Index (Deflators);Mining & Quarrying : Crude Petroleum & Natural Gas;117.0;2022-03
2022;Q1;Implicit Price Index (Deflators);Manufacturing : Petroleum Refining;88.4;2022-03
2022;Q1;Implicit Price Index (Deflators);Finance, Insurance, Real Estate & Business Services : Real Estate;92.6;2022-03
2022;Q2;Implicit Price Index (Deflators);Mining & Quarrying : Other Mining & Quarrying;94.9;2022-06
2022;Q2;Implicit Price Index (Deflators);Wholesale & Retail Trade, Restaurants & hotels;101.5;2022-06
2022;Q2;Implicit Price Index (Deflators);Gross Value Added;111.1;2022-06
2022;Q2;Implicit Price Index (Deflators);Net Taxes on Products;96.1;2022-06
2022;Q3;Implicit Price Index (Deflators);Manufacturing;97.2;2022-09
2022;Q3;Implicit Price Index (Deflators);Manufacturing : Manufacturing excluding petroleum refining;101.5;2022-09
2022;Q4;Implicit Price Index (Deflators);Manufacturing;103.0;2022-12
2022;Q4;Implicit Price Index (Deflators);Electricity, Gas and Water;114.3;2022-12
2022;Q4;Implicit Price Index (Deflators);Finance, Insurance, Real Estate & Business Services : Finance , Insurance and Business sevices;95.5;2022-12
2022;Q4;Implicit Price Index (Deflators);Gross Domestic Product;97.4;2022-12
2023;Q1;Implicit Price Index (Deflators);Manufacturing : Petroleum Refining;100.1;2023-03
2023;Q1;Implicit Price Index (Deflators);Finance, Insurance, Real Estate & Business Services;100.2;2023-03
2023;Q1;Implicit Price Index (Deflators);Finance, Insurance, Real Estate & Business Services : Real Estate;98.7;2023-03
2023;Q1;Implicit Price Index (Deflators);Government Activities;94.5;2023-03
2023;Q2;Implicit Price Index (Deflators);Wholesale & Retail Trade, Restaurants & hotels;103.2;2023-06
2023;Q3;Implicit Price Index (Deflators);Agriculture, Forestry & Fishing;101.9;2023-09
2023;Q3;Implicit Price Index (Deflators);Mining & Quarrying : Other Mining & Quarrying;102.1;2023-09
2023;Q3;Implicit Price Index (Deflators);Manufacturing;95.2;2023-09
2023;Q3;Implicit Price Index (Deflators);Manufacturing : Manufacturing excluding petroleum refining;95.7;2023-09
2023;Q4;Implicit Price Index (Deflators);Construction;101.2;2023-12
2023;Q4;Implicit Price Index (Deflators);Government Activities;92.1;2023-12
2023;Q4;Implicit Price Index (Deflators);Net Taxes on Products;89.4;2023-12
2024;Q1;Implicit Price Index (Deflators);Mining & Quarrying : Crude Petroleum & Natural Gas;98.9;2024-03
2024;Q1;Implicit Price Index (Deflators);Electricity, Gas and Water;146.9;2024-03
2024;Q1;Implicit Price Index (Deflators);Finance, Insurance, Real Estate & Business Services;105.7;2024-03
2024;Q1;Implicit Price Index (Deflators);Gross Value Added;99.8;2024-03
2024;Q2;Implicit Price Index (Deflators);Manufacturing;101.4;2024-06
2024;Q2;Implicit Price Index (Deflators);Manufacturing : Petroleum Refining;98.4;2024-06
2024;Q2;Implicit Price Index (Deflators);Electricity, Gas and Water;91.8;2024-06
2024;Q2;Implicit Price Index (Deflators);Finance, Insurance, Real Estate & Business Services : Real Estate;104.9;2024-06
2024;Q3;Implicit Price Index (Deflators);Mining & Quarrying : Other Mining & Quarrying;102.6;2024-09
2024;Q3;Implicit Price Index (Deflators);Wholesale & Retail Trade, Restaurants & hotels;103.1;2024-09
2024;Q3;Implicit Price Index (Deflators);Gross Value Added;100.1;2024-09
2024;Q4;Implicit Price Index (Deflators);Agriculture, Forestry & Fishing;101.1;2024-12
2024;Q4;Implicit Price Index (Deflators);Manufacturing : Manufacturing excluding petroleum refining;108.8;2024-12
2024;Q4;Implicit Price Index (Deflators);Transport, Storage & Communication;100.9;2024-12
2024;Q4;Implicit Price Index (Deflators);Community, Social & Personal Services;99.3;2024-12
2025;Q1;Implicit Price Index (Deflators);Agriculture, Forestry & Fishing;100.6;2025-03
2025;Q1;Implicit Price Index (Deflators);Mining & Quarrying : Crude Petroleum & Natural Gas;93.2;2025-03
2025;Q1;Implicit Price Index (Deflators);Electricity, Gas and Water;193.0;2025-03
2025;Q1;Implicit Price Index (Deflators);Wholesale & Retail Trade, Restaurants & hotels;102.3;2025-03
2025;Q2;Implicit Price Index (Deflators);Agriculture, Forestry & Fishing;99.0;2025-06
2025;Q2;Implicit Price Index (Deflators);Construction;102.3;2025-06
2025;Q2;Implicit Price Index (Deflators);Gross Value Added;97.9;2025-06
2025;Q3;Implicit Price Index (Deflators);Mining & Quarrying : Crude Petroleum & Natural Gas;80.9;2025-09
2025;Q3;Implicit Price Index (Deflators);Mining & Quarrying : Other Mining & Quarrying;102.2;2025-09
2025;Q3;Implicit Price Index (Deflators);Wholesale & Retail Trade, Restaurants & hotels;105.4;2025-09
2025;Q3;Implicit Price Index (Deflators);Transport, Storage & Communication;101.4;2025-09
2025;Q3;Implicit Price Index (Deflators);Finance, Insurance, Real Estate & Business Services : Real Estate;119.7;2025-09
2025;Q3;Implicit Price Index (Deflators);Gross Value Added;97.9;2025-09
2025;Q4;Implicit Price Index (Deflators);Construction;105.3;2025-12
2025;Q4;Implicit Price Index (Deflators);Government Activities;94.4;2025-12
2025;Q4;Implicit Price Index (Deflators);Gross Value Added;94.5;2025-12
2010;Q1;Index;Mining & Quarrying : Other Mining & Quarrying;66.6;2010-03
2010;Q1;Index;Electricity, Gas and Water;25.2;2010-03
2010;Q1;Index;Finance, Insurance, Real Estate & Business Services : Real Estate;60.3;2010-03
2010;Q1;Index;Community, Social & Personal Services;27.6;2010-03
2010;Q1;Index;Net Taxes on Products;58.7;2010-03
2010;Q2;Index;Manufacturing : Petroleum Refining;65.9;2010-06
2010;Q2;Index;Manufacturing : Manufacturing excluding petroleum refining;47.1;2010-06
2010;Q2;Index;Community, Social & Personal Services;27.7;2010-06
2010;Q2;Index;Government Activities;63.1;2010-06
2010;Q2;Index;Gross Domestic Product;58.8;2010-06
2010;Q3;Index;Manufacturing : Manufacturing excluding petroleum refining;45.9;2010-09
2010;Q3;Index;Gross Domestic Product;59.1;2010-09
2010;Q4;Index;Manufacturing : Manufacturing excluding petroleum refining;42.2;2010-12
2010;Q4;Index;Wholesale & Retail Trade, Restaurants & hotels;47.9;2010-12
2010;Q4;Index;Gross Value Added;66.7;2010-12
2010;Q4;Index;Net Taxes on Products;68.3;2010-12
2011;Q1;Index;Mining & Quarrying;88.1;2011-03
2011;Q1;Index;Manufacturing : Petroleum Refining;64.2;2011-03
2011;Q2;Index;Mining & Quarrying;92.5;2011-06
2011;Q2;Index;Manufacturing : Petroleum Refining;63.5;2011-06
2011;Q2;Index;Transport, Storage & Communication;55.1;2011-06
2011;Q2;Index;Finance, Insurance, Real Estate & Business Services;54.5;2011-06
2011;Q2;Index;Government Activities;71.5;2011-06
2011;Q2;Index;Gross Domestic Product;66.7;2011-06
2011;Q3;Index;Mining & Quarrying;97.8;2011-09
2011;Q3;Index;Electricity, Gas and Water;101.2;2011-09
2011;Q3;Index;Wholesale & Retail Trade, Restaurants & hotels;52.1;2011-09
2011;Q3;Index;Finance, Insurance, Real Estate & Business Services;53.3;2011-09
2011;Q3;Index;Net Taxes on Products;83.2;2011-09
2011;Q4;Index;Mining & Quarrying : Other Mining & Quarrying;57.2;2011-12
2011;Q4;Index;Electricity, Gas and Water;45.6;2011-12
2012;Q1;Index;Construction;54.6;2012-03
2012;Q1;Index;Wholesale & Retail Trade, Restaurants & hotels;59.5;2012-03
2012;Q1;Index;Finance, Insurance, Real Estate & Business Services : Real Estate;67.8;2012-03
2012;Q1;Index;Gross Domestic Product;71.4;2012-03
2012;Q2;Index;Transport, Storage & Communication;58.7;2012-06
2012;Q2;Index;Finance, Insurance, Real Estate & Business Services;58.6;2012-06
2012;Q2;Index;Gross Domestic Product;71.4;2012-06
2012;Q3;Index;Construction;56.0;2012-09
2012;Q3;Index;Wholesale & Retail Trade, Restaurants & hotels;55.7;2012-09
2012;Q3;Index;Transport, Storage & Communication;55.9;2012-09
2012;Q3;Index;Gross Value Added;71.6;2012-09
2012;Q3;Index;Net Taxes on Products;87.5;2012-09
2012;Q4;Index;Mining & Quarrying;96.1;2012-12
2012;Q4;Index;Finance, Insurance, Real Estate & Business Services;59.7;2012-12
2013;Q1;Index;Transport, Storage & Communication;66.1;2013-03
2013;Q1;Index;Government Activities;82.2;2013-03
2013;Q2;Index;Transport, Storage & Communication;63.2;2013-06
2013;Q2;Index;Finance, Insurance, Real Estate & Business Services;64.6;2013-06
2013;Q3;Index;Mining & Quarrying : Other Mining & Quarrying;73.0;2013-09
2013;Q3;Index;Manufacturing : Petroleum Refining;68.5;2013-09
2013;Q3;Index;Wholesale & Retail Trade, Restaurants & hotels;59.0;2013-09
2013;Q3;Index;Finance, Insurance, Real Estate & Business Services : Real Estate;75.4;2013-09
2013;Q3;Index;Gross Domestic Product;74.5;2013-09
2013;Q4;Index;Electricity, Gas and Water;51.2;2013-12
2013;Q4;Index;Finance, Insurance, Real Estate & Business Services : Finance , Insurance and Business sevices;57.2;2013-12
2014;Q1;Index;Mining & Quarrying : Other Mining & Quarrying;80.3;2014-03
2014;Q1;Index;Manufacturing;71.0;2014-03
2014;Q1;Index;Manufacturing : Petroleum Refining;80.6;2014-03
2014;Q1;Index;Manufacturing : Manufacturing excluding petroleum refining;66.1;2014-03
2014;Q1;Index;Wholesale & Retail Trade, Restaurants & hotels;68.5;2014-03
2014;Q1;Index;Government Activities;86.5;2014-03
2014;Q1;Index;Gross Value Added;76.9;2014-03
2014;Q1;Index;Net Taxes on Products;91.7;2014-03
2014;Q2;Index;Agriculture, Forestry & Fishing;81.5;2014-06
2014;Q2;Index;Electricity, Gas and Water;87.6;2014-06
2014;Q2;Index;Construction;62.7;2014-06
2014;Q3;Index;Construction;64.1;2014-09
2014;Q3;Index;Finance, Insurance, Real Estate & Business Services;65.4;2014-09
2014;Q3;Index;Finance, Insurance, Real Estate & Business Services : Real Estate;77.3;2014-09
2014;Q4;Index;Mining & Quarrying;98.3;2014-12
2014;Q4;Index;Construction;63.6;2014-12
2014;Q4;Index;Finance, Insurance, Real Estate & Business Services : Finance , Insurance and Business sevices;59.0;2014-12
2014;Q4;Index;Community, Social & Personal Services;45.4;2014-12
2014;Q4;Index;Net Taxes on Products;91.9;2014-12
2014;Q4;Index;Gross Domestic Product;78.0;2014-12
2015;Q1;Index;Mining & Quarrying : Other Mining & Quarrying;85.2;2015-03
2015;Q1;Index;Finance, Insurance, Real Estate & Business Services : Real Estate;82.8;2015-03
2015;Q2;Index;Mining & Quarrying : Other Mining & Quarrying;80.1;2015-06
2015;Q2;Index;Manufacturing;75.8;2015-06
2015;Q2;Index;Manufacturing : Petroleum Refining;90.4;2015-06
2015;Q2;Index;Electricity, Gas and Water;91.3;2015-06
2015;Q2;Index;Finance, Insurance, Real Estate & Business Services;69.1;2015-06
2015;Q3;Index;Mining & Quarrying : Crude Petroleum & Natural Gas;105.7;2015-09
2015;Q3;Index;Manufacturing : Petroleum Refining;93.9;2015-09
2015;Q3;Index;Electricity, Gas and Water;121.3;2015-09
2015;Q3;Index;Construction;66.1;2015-09
2015;Q3;Index;Finance, Insurance, Real Estate & Business Services;67.6;2015-09
2015;Q3;Index;Gross Value Added;80.1;2015-09
2015;Q4;Index;Transport, Storage & Communication;73.4;2015-12
2015;Q4;Index;Finance, Insurance, Real Estate & Business Services : Finance , Insurance and Business sevices;61.2;2015-12
2015;Q4;Index;Gross Value Added;82.0;2015-12
2015;Q4;Index;Gross Domestic Product;81.8;2015-12
2016;Q1;Index;Mining & Quarrying : Crude Petroleum & Natural Gas;103.9;2016-03
2016;Q1;Index;Construction;63.7;2016-03
2016;Q1;Index;Finance, Insurance, Real Estate & Business Services;71.9;2016-03
2016;Q1;Index;Finance, Insurance, Real Estate & Business Services : Finance , Insurance and Business sevices;61.2;2016-03
2016;Q1;Index;Gross Value Added;82.3;2016-03
2016;Q1;Index;Net Taxes on Products;82.5;2016-03
2016;Q1;Index;Gross Domestic Product;82.0;2016-03
2016;Q2;Index;Electricity, Gas and Water;99.7;2016-06
2016;Q2;Index;Community, Social & Personal Services;57.1;2016-06
2016;Q2;Index;Gross Value Added;80.7;2016-06
2016;Q3;Index;Mining & Quarrying : Other Mining & Quarrying;77.6;2016-09
2016;Q3;Index;Construction;62.8;2016-09
2016;Q3;Index;Finance, Insurance, Real Estate & Business Services : Real Estate;80.7;2016-09
2016;Q3;Index;Government Activities;77.0;2016-09
2016;Q3;Index;Net Taxes on Products;67.0;2016-09
2016;Q4;Index;Mining & Quarrying;107.9;2016-12
2016;Q4;Index;Mining & Quarrying : Other Mining & Quarrying;67.6;2016-12
2016;Q4;Index;Manufacturing : Petroleum Refining;106.4;2016-12
2016;Q4;Index;Finance, Insurance, Real Estate & Business Services : Real Estate;83.5;2016-12
2016;Q4;Index;Finance, Insurance, Real Estate & Business Services : Finance , Insurance and Business sevices;63.2;2016-12
2016;Q4;Index;Government Activities;100.3;2016-12
2017;Q1;Index;Agriculture, Forestry & Fishing;86.8;2017-03
2017;Q1;Index;Mining & Quarrying : Crude Petroleum & Natural Gas;102.0;2017-03
2017;Q1;Index;Mining & Quarrying : Other Mining & Quarrying;85.1;2017-03
2017;Q1;Index;Manufacturing;80.8;2017-03
2017;Q1;Index;Manufacturing : Petroleum Refining;98.7;2017-03
2017;Q1;Index;Electricity, Gas and Water;37.5;2017-03
2017;Q1;Index;Finance, Insurance, Real Estate & Business Services : Finance , Insurance and Business sevices;59.9;2017-03
2017;Q1;Index;Gross Value Added;82.1;2017-03
2017;Q2;Index;Agriculture, Forestry & Fishing;93.3;2017-06
2017;Q2;Index;Finance, Insurance, Real Estate & Business Services;73.0;2017-06
2017;Q2;Index;Gross Domestic Product;80.8;2017-06
2017;Q3;Index;Manufacturing : Petroleum Refining;108.5;2017-09
2017;Q3;Index;Manufacturing : Manufacturing excluding petroleum refining;71.8;2017-09
2017;Q3;Index;Gross Domestic Product;81.7;2017-09
2017;Q4;Index;Agriculture, Forestry & Fishing;77.8;2017-12
2017;Q4;Index;Mining & Quarrying : Other Mining & Quarrying;71.7;2017-12
2017;Q4;Index;Wholesale & Retail Trade, Restaurants & hotels;75.0;2017-12
2017;Q4;Index;Finance, Insurance, Real Estate & Business Services : Finance , Insurance and Business sevices;71.3;2017-12
2017;Q4;Index;Community, Social & Personal Services;60.9;2017-12
2018;Q1;Index;Agriculture, Forestry & Fishing;89.0;2018-03
2018;Q1;Index;Electricity, Gas and Water;37.1;2018-03
2018;Q1;Index;Construction;63.9;2018-03
2018;Q1;Index;Finance, Insurance, Real Estate & Business Services : Real Estate;91.0;2018-03
2018;Q2;Index;Manufacturing;83.0;2018-06
2018;Q2;Index;Electricity, Gas and Water;98.0;2018-06
2018;Q2;Index;Transport, Storage & Communication;76.6;2018-06
2018;Q2;Index;Finance, Insurance, Real Estate & Business Services;76.9;2018-06
2018;Q3;Index;Mining & Quarrying;108.0;2018-09
2018;Q3;Index;Wholesale & Retail Trade, Restaurants & hotels;73.7;2018-09
2018;Q3;Index;Finance, Insurance, Real Estate & Business Services : Real Estate;86.8;2018-09
2018;Q3;Index;Community, Social & Personal Services;63.5;2018-09
2018;Q4;Index;Transport, Storage & Communication;85.5;2018-12
2018;Q4;Index;Government Activities;105.0;2018-12
2019;Q1;Index;Finance, Insurance, Real Estate & Business Services;80.1;2019-03
2019;Q1;Index;Finance, Insurance, Real Estate & Business Services : Real Estate;94.1;2019-03
2019;Q1;Index;Net Taxes on Products;82.2;2019-03
2019;Q1;Index;Gross Domestic Product;86.3;2019-03
2019;Q2;Index;Construction;65.6;2019-06
2019;Q2;Index;Finance, Insurance, Real Estate & Business Services : Real Estate;89.6;2019-06
2019;Q2;Index;Gross Value Added;85.5;2019-06
2019;Q2;Index;Net Taxes on Products;84.2;2019-06
2019;Q3;Index;Manufacturing : Manufacturing excluding petroleum refining;76.2;2019-09
2019;Q3;Index;Transport, Storage & Communication;80.5;2019-09
2019;Q3;Index;Finance, Insurance, Real Estate & Business Services : Real Estate;87.8;2019-09
2019;Q3;Index;Gross Value Added;85.7;2019-09
2019;Q4;Index;Agriculture, Forestry & Fishing;80.6;2019-12
2019;Q4;Index;Manufacturing;82.5;2019-12
2019;Q4;Index;Wholesale & Retail Trade, Restaurants & hotels;83.3;2019-12
2019;Q4;Index;Finance, Insurance, Real Estate & Business Services : Finance , Insurance and Business sevices;80.9;2019-12
2019;Q4;Index;Government Activities;105.4;2019-12
2019;Q4;Index;Gross Value Added;89.9;2019-12
2020;Q1;Index;Construction;65.1;2020-03
2020;Q1;Index;Transport, Storage & Communication;82.6;2020-03
2020;Q1;Index;Finance, Insurance, Real Estate & Business Services;81.0;2020-03
2020;Q1;Index;Gross Value Added;85.3;2020-03
2020;Q1;Index;Gross Domestic Product;85.1;2020-03
2020;Q2;Index;Gross Domestic Product;79.1;2020-06
2020;Q3;Index;Mining & Quarrying;93.7;2020-09
2020;Q3;Index;Mining & Quarrying : Other Mining & Quarrying;94.9;2020-09
2020;Q3;Index;Manufacturing : Petroleum Refining;81.0;2020-09
2020;Q3;Index;Electricity, Gas and Water;153.9;2020-09
2020;Q3;Index;Construction;63.7;2020-09
2020;Q3;Index;Finance, Insurance, Real Estate & Business Services;79.9;2020-09
2020;Q3;Index;Finance, Insurance, Real Estate & Business Services : Finance , Insurance and Business sevices;70.4;2020-09
2020;Q4;Index;Mining & Quarrying : Other Mining & Quarrying;80.9;2020-12
2021;Q1;Index;Mining & Quarrying;86.9;2021-03
2021;Q1;Index;Construction;65.8;2021-03
2021;Q2;Index;Agriculture, Forestry & Fishing;94.6;2021-06
2021;Q2;Index;Mining & Quarrying : Other Mining & Quarrying;91.4;2021-06
2021;Q2;Index;Government Activities;85.9;2021-06
2021;Q3;Index;Manufacturing : Manufacturing excluding petroleum refining;81.0;2021-09
2021;Q3;Index;Electricity, Gas and Water;159.2;2021-09
2021;Q3;Index;Construction;71.6;2021-09
2021;Q3;Index;Finance, Insurance, Real Estate & Business Services;88.1;2021-09
2021;Q3;Index;Gross Value Added;89.8;2021-09
2021;Q4;Index;Mining & Quarrying;103.6;2021-12
2022;Q1;Index;Mining & Quarrying;104.0;2022-03
2022;Q1;Index;Mining & Quarrying : Other Mining & Quarrying;103.5;2022-03
2022;Q1;Index;Construction;85.3;2022-03
2022;Q1;Index;Wholesale & Retail Trade, Restaurants & hotels;86.8;2022-03
2022;Q2;Index;Agriculture, Forestry & Fishing;95.9;2022-06
2022;Q2;Index;Transport, Storage & Communication;85.7;2022-06
2022;Q3;Index;Mining & Quarrying : Other Mining & Quarrying;96.4;2022-09
2022;Q3;Index;Manufacturing : Petroleum Refining;104.0;2022-09
2022;Q3;Index;Manufacturing : Manufacturing excluding petroleum refining;93.4;2022-09
2022;Q3;Index;Electricity, Gas and Water;171.8;2022-09
2022;Q3;Index;Wholesale & Retail Trade, Restaurants & hotels;92.3;2022-09
2022;Q3;Index;Finance, Insurance, Real Estate & Business Services : Finance , Insurance and Business sevices;96.9;2022-09
2022;Q3;Index;Community, Social & Personal Services;87.6;2022-09
2022;Q3;Index;Gross Value Added;101.3;2022-09
2022;Q3;Index;Net Taxes on Products;93.3;2022-09
2022;Q4;Index;Mining & Quarrying;111.3;2022-12
2022;Q4;Index;Mining & Quarrying : Other Mining & Quarrying;89.2;2022-12
2022;Q4;Index;Electricity, Gas and Water;69.8;2022-12
2023;Q1;Index;Agriculture, Forestry & Fishing;97.7;2023-03
2023;Q1;Index;Manufacturing : Petroleum Refining;99.7;2023-03
2023;Q1;Index;Wholesale & Retail Trade, Restaurants & hotels;98.8;2023-03
2023;Q2;Index;Mining & Quarrying : Other Mining & Quarrying;101.8;2023-06
2023;Q2;Index;Manufacturing : Petroleum Refining;105.3;2023-06
2023;Q2;Index;Finance, Insurance, Real Estate & Business Services : Real Estate;100.6;2023-06
2023;Q2;Index;Government Activities;89.3;2023-06
2023;Q3;Index;Mining & Quarrying : Other Mining & Quarrying;97.5;2023-09
2023;Q3;Index;Construction;102.0;2023-09
2023;Q3;Index;Government Activities;91.9;2023-09
2023;Q3;Index;Gross Value Added;98.1;2023-09
2023;Q4;Index;Agriculture, Forestry & Fishing;96.6;2023-12
2023;Q4;Index;Mining & Quarrying;93.5;2023-12
2023;Q4;Index;Manufacturing;94.3;2023-12
2023;Q4;Index;Construction;105.5;2023-12
2024;Q1;Index;Finance, Insurance, Real Estate & Business Services : Real Estate;105.8;2024-03
2024;Q2;Index;Mining & Quarrying : Other Mining & Quarrying;109.2;2024-06
2024;Q2;Index;Wholesale & Retail Trade, Restaurants & hotels;105.5;2024-06
2024;Q2;Index;Community, Social & Personal Services;102.5;2024-06
2024;Q2;Index;Government Activities;93.4;2024-06
2024;Q2;Index;Gross Value Added;100.4;2024-06
2024;Q3;Index;Electricity, Gas and Water;182.5;2024-09
2024;Q3;Index;Finance, Insurance, Real Estate & Business Services;109.4;2024-09
2024;Q3;Index;Finance, Insurance, Real Estate & Business Services : Real Estate;99.5;2024-09
2024;Q3;Index;Gross Value Added;101.9;2024-09
2024;Q3;Index;Gross Domestic Product;102.1;2024-09
2024;Q4;Index;Finance, Insurance, Real Estate & Business Services : Real Estate;102.9;2024-12
2024;Q4;Index;Community, Social & Personal Services;106.4;2024-12
2025;Q1;Index;Construction;105.5;2025-03
2025;Q1;Index;Government Activities;111.8;2025-03
2025;Q2;Index;Manufacturing;115.3;2025-06
2025;Q2;Index;Electricity, Gas and Water;129.3;2025-06
2025;Q2;Index;Transport, Storage & Communication;101.1;2025-06
2025;Q2;Index;Government Activities;93.8;2025-06
2025;Q2;Index;Gross Domestic Product;105.0;2025-06
2025;Q3;Index;Agriculture, Forestry & Fishing;113.4;2025-09
2025;Q3;Index;Mining & Quarrying;102.5;2025-09
2025;Q3;Index;Finance, Insurance, Real Estate & Business Services : Finance , Insurance and Business sevices;122.7;2025-09
2025;Q3;Index;Government Activities;96.9;2025-09
2025;Q4;Index;Gross Domestic Product;111.4;2025-12
2010;Q1;Million of Saudi Riyals;Mining & Quarrying : Crude Petroleum & Natural Gas;198099.0;2010-03
2010;Q1;Million of Saudi Riyals;Manufacturing;93406.0;2010-03
2010;Q1;Million of Saudi Riyals;Manufacturing : Manufacturing excluding petroleum refining;55498.0;2010-03
2010;Q1;Million of Saudi Riyals;Construction;37467.0;2010-03
2010;Q1;Million of Saudi Riyals;Government Activities;105691.0;2010-03
2010;Q1;Million of Saudi Riyals;Gross Value Added;630939.0;2010-03
2010;Q1;Million of Saudi Riyals;Gross Domestic Product;662943.0;2010-03
2010;Q2;Million of Saudi Riyals;Electricity, Gas and Water;10111.0;2010-06
2010;Q2;Million of Saudi Riyals;Gross Value Added;638740.0;2010-06
2010;Q3;Million of Saudi Riyals;Mining & Quarrying : Other Mining & Quarrying;2903.0;2010-09
2010;Q3;Million of Saudi Riyals;Manufacturing : Petroleum Refining;41078.0;2010-09
2010;Q3;Million of Saudi Riyals;Transport, Storage & Communication;28484.0;2010-09
2010;Q3;Million of Saudi Riyals;Finance, Insurance, Real Estate & Business Services : Finance , Insurance and Business sevices;33421.0;2010-09
2010;Q4;Million of Saudi Riyals;Mining & Quarrying;249396.0;2010-12
2010;Q4;Million of Saudi Riyals;Manufacturing;93228.0;2010-12
2011;Q1;Million of Saudi Riyals;Agriculture, Forestry & Fishing;18968.0;2011-03
2011;Q1;Million of Saudi Riyals;Manufacturing;103663.0;2011-03
2011;Q1;Million of Saudi Riyals;Finance, Insurance, Real Estate & Business Services : Finance , Insurance and Business sevices;34905.0;2011-03
2011;Q2;Million of Saudi Riyals;Mining & Quarrying : Crude Petroleum & Natural Gas;239104.0;2011-06
2011;Q2;Million of Saudi Riyals;Construction;43659.0;2011-06
2011;Q2;Million of Saudi Riyals;Wholesale & Retail Trade, Restaurants & hotels;62333.0;2011-06
2011;Q2;Million of Saudi Riyals;Finance, Insurance, Real Estate & Business Services : Finance , Insurance and Business sevices;33676.0;2011-06
2011;Q2;Million of Saudi Riyals;Community, Social & Personal Services;13325.0;2011-06
2011;Q3;Million of Saudi Riyals;Mining & Quarrying : Crude Petroleum & Natural Gas;253016.0;2011-09
2011;Q3;Million of Saudi Riyals;Manufacturing : Petroleum Refining;44792.0;2011-09
2011;Q3;Million of Saudi Riyals;Electricity, Gas and Water;16139.0;2011-09
2011;Q3;Million of Saudi Riyals;Gross Value Added;738094.0;2011-09
2011;Q4;Million of Saudi Riyals;Mining & Quarrying : Crude Petroleum & Natural Gas;256579.0;2011-12
2011;Q4;Million of Saudi Riyals;Manufacturing;103970.0;2011-12
2011;Q4;Million of Saudi Riyals;Manufacturing : Petroleum Refining;45225.0;2011-12
2011;Q4;Million of Saudi Riyals;Manufacturing : Manufacturing excluding petroleum refining;60914.0;2011-12
2011;Q4;Million of Saudi Riyals;Construction;42625.0;2011-12
2011;Q4;Million of Saudi Riyals;Wholesale & Retail Trade, Restaurants & hotels;71437.0;2011-12
2011;Q4;Million of Saudi Riyals;Finance, Insurance, Real Estate & Business Services;69248.0;2011-12
2011;Q4;Million of Saudi Riyals;Finance, Insurance, Real Estate & Business Services : Finance , Insurance and Business sevices;33319.0;2011-12
2011;Q4;Million of Saudi Riyals;Gross Domestic Product;813319.0;2011-12
2012;Q1;Million of Saudi Riyals;Mining & Quarrying : Other Mining & Quarrying;3475.0;2012-03
2012;Q1;Million of Saudi Riyals;Construction;46212.0;2012-03
2012;Q1;Million of Saudi Riyals;Finance, Insurance, Real Estate & Business Services;77097.0;2012-03
2012;Q1;Million of Saudi Riyals;Net Taxes on Products;51541.0;2012-03
2012;Q2;Million of Saudi Riyals;Manufacturing : Manufacturing excluding petroleum refining;68296.0;2012-06
2012;Q2;Million of Saudi Riyals;Gross Domestic Product;815279.0;2012-06
2012;Q3;Million of Saudi Riyals;Wholesale & Retail Trade, Restaurants & hotels;69889.0;2012-09
2012;Q3;Million of Saudi Riyals;Transport, Storage & Communication;34974.0;2012-09
2012;Q3;Million of Saudi Riyals;Gross Value Added;776084.0;2012-09
2012;Q4;Million of Saudi Riyals;Wholesale & Retail Trade, Restaurants & hotels;76308.0;2012-12
2013;Q1;Million of Saudi Riyals;Mining & Quarrying : Other Mining & Quarrying;3574.0;2013-03
2013;Q1;Million of Saudi Riyals;Electricity, Gas and Water;5261.0;2013-03
2013;Q1;Million of Saudi Riyals;Government Activities;127734.0;2013-03
2013;Q1;Million of Saudi Riyals;Gross Value Added;778656.0;2013-03
2013;Q2;Million of Saudi Riyals;Mining & Quarrying : Crude Petroleum & Natural Gas;248890.0;2013-06
2013;Q2;Million of Saudi Riyals;Manufacturing : Manufacturing excluding petroleum refining;74287.0;2013-06
2013;Q2;Million of Saudi Riyals;Electricity, Gas and Water;12507.0;2013-06
2013;Q2;Million of Saudi Riyals;Finance, Insurance, Real Estate & Business Services : Finance , Insurance and Business sevices;37940.0;2013-06
2013;Q3;Million of Saudi Riyals;Agriculture, Forestry & Fishing;22587.0;2013-09
2013;Q3;Million of Saudi Riyals;Mining & Quarrying : Crude Petroleum & Natural Gas;266872.0;2013-09
2013;Q3;Million of Saudi Riyals;Mining & Quarrying : Other Mining & Quarrying;3377.0;2013-09
2013;Q3;Million of Saudi Riyals;Manufacturing : Petroleum Refining;42937.0;2013-09
2013;Q3;Million of Saudi Riyals;Finance, Insurance, Real Estate & Business Services : Real Estate;44447.0;2013-09
2013;Q3;Million of Saudi Riyals;Finance, Insurance, Real Estate & Business Services : Finance , Insurance and Business sevices;36169.0;2013-09
2013;Q4;Million of Saudi Riyals;Mining & Quarrying : Crude Petroleum & Natural Gas;257833.0;2013-12
2013;Q4;Million of Saudi Riyals;Mining & Quarrying : Other Mining & Quarrying;2972.0;2013-12
2013;Q4;Million of Saudi Riyals;Manufacturing;112063.0;2013-12
2013;Q4;Million of Saudi Riyals;Wholesale & Retail Trade, Restaurants & hotels;82011.0;2013-12
2013;Q4;Million of Saudi Riyals;Government Activities;155131.0;2013-12
2014;Q1;Million of Saudi Riyals;Gross Value Added;832899.0;2014-03
2014;Q2;Million of Saudi Riyals;Mining & Quarrying : Other Mining & Quarrying;3546.0;2014-06
2014;Q2;Million of Saudi Riyals;Wholesale & Retail Trade, Restaurants & hotels;78501.0;2014-06
2014;Q2;Million of Saudi Riyals;Finance, Insurance, Real Estate & Business Services : Real Estate;44804.0;2014-06
2014;Q4;Million of Saudi Riyals;Electricity, Gas and Water;7806.0;2014-12
2014;Q4;Million of Saudi Riyals;Finance, Insurance, Real Estate & Business Services;87132.0;2014-12
2014;Q4;Million of Saudi Riyals;Gross Domestic Product;890954.0;2014-12
2015;Q1;Million of Saudi Riyals;Agriculture, Forestry & Fishing;22964.0;2015-03
2015;Q1;Million of Saudi Riyals;Mining & Quarrying;259054.0;2015-03
2015;Q1;Million of Saudi Riyals;Wholesale & Retail Trade, Restaurants & hotels;89280.0;2015-03
2015;Q1;Million of Saudi Riyals;Government Activities;143965.0;2015-03
2015;Q1;Million of Saudi Riyals;Gross Domestic Product;906707.0;2015-03
2015;Q2;Million of Saudi Riyals;Mining & Quarrying : Crude Petroleum & Natural Gas;271919.0;2015-06
2015;Q2;Million of Saudi Riyals;Electricity, Gas and Water;14558.0;2015-06
2015;Q2;Million of Saudi Riyals;Finance, Insurance, Real Estate & Business Services : Finance , Insurance and Business sevices;41530.0;2015-06
2015;Q2;Million of Saudi Riyals;Gross Value Added;867604.0;2015-06
2015;Q2;Million of Saudi Riyals;Net Taxes on Products;58101.0;2015-06
2015;Q3;Million of Saudi Riyals;Agriculture, Forestry & Fishing;24660.0;2015-09
2015;Q3;Million of Saudi Riyals;Mining & Quarrying : Other Mining & Quarrying;3793.0;2015-09
2015;Q3;Million of Saudi Riyals;Manufacturing;139472.0;2015-09
2015;Q3;Million of Saudi Riyals;Finance, Insurance, Real Estate & Business Services;85983.0;2015-09
2015;Q3;Million of Saudi Riyals;Finance, Insurance, Real Estate & Business Services : Real Estate;47149.0;2015-09
2015;Q3;Million of Saudi Riyals;Gross Domestic Product;913474.0;2015-09
2015;Q4;Million of Saudi Riyals;Manufacturing;138826.0;2015-12
2015;Q4;Million of Saudi Riyals;Wholesale & Retail Trade, Restaurants & hotels;89792.0;2015-12
2016;Q1;Million of Saudi Riyals;Mining & Quarrying;270711.0;2016-03
2016;Q1;Million of Saudi Riyals;Manufacturing;146426.0;2016-03
2016;Q1;Million of Saudi Riyals;Manufacturing : Petroleum Refining;63743.0;2016-03
2016;Q1;Million of Saudi Riyals;Finance, Insurance, Real Estate & Business Services : Real Estate;49408.0;2016-03
2016;Q1;Million of Saudi Riyals;Community, Social & Personal Services;23875.0;2016-03
2016;Q1;Million of Saudi Riyals;Net Taxes on Products;48844.0;2016-03
2016;Q2;Million of Saudi Riyals;Mining & Quarrying : Other Mining & Quarrying;3510.0;2016-06
2016;Q2;Million of Saudi Riyals;Manufacturing : Manufacturing excluding petroleum refining;87576.0;2016-06
2016;Q3;Million of Saudi Riyals;Mining & Quarrying : Crude Petroleum & Natural Gas;281284.0;2016-09
2016;Q3;Million of Saudi Riyals;Mining & Quarrying : Other Mining & Quarrying;3587.0;2016-09
2016;Q3;Million of Saudi Riyals;Manufacturing : Petroleum Refining;65441.0;2016-09
2016;Q3;Million of Saudi Riyals;Finance, Insurance, Real Estate & Business Services : Finance , Insurance and Business sevices;39744.0;2016-09
2016;Q3;Million of Saudi Riyals;Gross Domestic Product;917789.0;2016-09
2016;Q4;Million of Saudi Riyals;Manufacturing;140860.0;2016-12
2016;Q4;Million of Saudi Riyals;Manufacturing : Manufacturing excluding petroleum refining;81714.0;2016-12
2016;Q4;Million of Saudi Riyals;Wholesale & Retail Trade, Restaurants & hotels;88442.0;2016-12
2016;Q4;Million of Saudi Riyals;Transport, Storage & Communication;48633.0;2016-12
2016;Q4;Million of Saudi Riyals;Finance, Insurance, Real Estate & Business Services : Real Estate;49225.0;2016-12
2017;Q1;Million of Saudi Riyals;Mining & Quarrying : Crude Petroleum & Natural Gas;262285.0;2017-03
2017;Q1;Million of Saudi Riyals;Electricity, Gas and Water;5988.0;2017-03
2017;Q1;Million of Saudi Riyals;Construction;51412.0;2017-03
2017;Q1;Million of Saudi Riyals;Gross Domestic Product;932702.0;2017-03
2017;Q2;Million of Saudi Riyals;Manufacturing;149510.0;2017-06
2017;Q2;Million of Saudi Riyals;Electricity, Gas and Water;16120.0;2017-06
2017;Q2;Million of Saudi Riyals;Government Activities;129052.0;2017-06
2017;Q2;Million of Saudi Riyals;Gross Value Added;878557.0;2017-06
2017;Q3;Million of Saudi Riyals;Agriculture, Forestry & Fishing;27068.0;2017-09
2017;Q3;Million of Saudi Riyals;Manufacturing : Manufacturing excluding petroleum refining;85378.0;2017-09
2017;Q3;Million of Saudi Riyals;Construction;53923.0;2017-09
2017;Q3;Million of Saudi Riyals;Community, Social & Personal Services;24175.0;2017-09
2017;Q4;Million of Saudi Riyals;Mining & Quarrying;268215.0;2017-12
2017;Q4;Million of Saudi Riyals;Electricity, Gas and Water;10163.0;2017-12
2017;Q4;Million of Saudi Riyals;Transport, Storage & Communication;51986.0;2017-12
2017;Q4;Million of Saudi Riyals;Finance, Insurance, Real Estate & Business Services : Finance , Insurance and Business sevices;48608.0;2017-12
2018;Q1;Million of Saudi Riyals;Construction;54035.0;2018-03
2018;Q1;Million of Saudi Riyals;Transport, Storage & Communication;50453.0;2018-03
2018;Q1;Million of Saudi Riyals;Finance, Insurance, Real Estate & Business Services;96697.0;2018-03
2018;Q2;Million of Saudi Riyals;Mining & Quarrying;272436.0;2018-06
2018;Q2;Million of Saudi Riyals;Mining & Quarrying : Crude Petroleum & Natural Gas;268762.0;2018-06
2018;Q2;Million of Saudi Riyals;Mining & Quarrying : Other Mining & Quarrying;3751.0;2018-06
2018;Q2;Million of Saudi Riyals;Manufacturing : Petroleum Refining;62892.0;2018-06
2018;Q2;Million of Saudi Riyals;Electricity, Gas and Water;15631.0;2018-06
2018;Q2;Million of Saudi Riyals;Community, Social & Personal Services;26944.0;2018-06
2018;Q2;Million of Saudi Riyals;Net Taxes on Products;46922.0;2018-06
2018;Q3;Million of Saudi Riyals;Manufacturing : Petroleum Refining;65839.0;2018-09
2018;Q3;Million of Saudi Riyals;Transport, Storage & Communication;47387.0;2018-09
2018;Q3;Million of Saudi Riyals;Community, Social & Personal Services;25862.0;2018-09
2018;Q3;Million of Saudi Riyals;Net Taxes on Products;40861.0;2018-09
2018;Q3;Million of Saudi Riyals;Gross Domestic Product;962710.0;2018-09
2018;Q4;Million of Saudi Riyals;Manufacturing;144364.0;2018-12
2018;Q4;Million of Saudi Riyals;Manufacturing : Petroleum Refining;64088.0;2018-12
2018;Q4;Million of Saudi Riyals;Wholesale & Retail Trade, Restaurants & hotels;95296.0;2018-12
2018;Q4;Million of Saudi Riyals;Transport, Storage & Communication;53514.0;2018-12
2018;Q4;Million of Saudi Riyals;Community, Social & Personal Services;26436.0;2018-12
2018;Q4;Million of Saudi Riyals;Gross Domestic Product;1016937.0;2018-12
2019;Q1;Million of Saudi Riyals;Mining & Quarrying;269820.0;2019-03
2019;Q1;Million of Saudi Riyals;Mining & Quarrying : Crude Petroleum & Natural Gas;265402.0;2019-03
2019;Q1;Million of Saudi Riyals;Mining & Quarrying : Other Mining & Quarrying;4521.0;2019-03
2019;Q1;Million of Saudi Riyals;Manufacturing : Manufacturing excluding petroleum refining;92944.0;2019-03
2019;Q1;Million of Saudi Riyals;Finance, Insurance, Real Estate & Business Services : Real Estate;55470.0;2019-03
2019;Q1;Million of Saudi Riyals;Gross Value Added;937130.0;2019-03
2019;Q2;Million of Saudi Riyals;Electricity, Gas and Water;15620.0;2019-06
2019;Q2;Million of Saudi Riyals;Transport, Storage & Communication;52472.0;2019-06
2019;Q3;Million of Saudi Riyals;Mining & Quarrying : Crude Petroleum & Natural Gas;259805.0;2019-09
2019;Q3;Million of Saudi Riyals;Mining & Quarrying : Other Mining & Quarrying;4257.0;2019-09
2019;Q3;Million of Saudi Riyals;Manufacturing : Manufacturing excluding petroleum refining;90569.0;2019-09
2019;Q3;Million of Saudi Riyals;Electricity, Gas and Water;24089.0;2019-09
2019;Q4;Million of Saudi Riyals;Agriculture, Forestry & Fishing;22623.0;2019-12
2019;Q4;Million of Saudi Riyals;Mining & Quarrying : Crude Petroleum & Natural Gas;268434.0;2019-12
2019;Q4;Million of Saudi Riyals;Wholesale & Retail Trade, Restaurants & hotels;104451.0;2019-12
2019;Q4;Million of Saudi Riyals;Transport, Storage & Communication;54495.0;2019-12
2020;Q1;Million of Saudi Riyals;Agriculture, Forestry & Fishing;25183.0;2020-03
2020;Q1;Million of Saudi Riyals;Mining & Quarrying : Crude Petroleum & Natural Gas;257787.0;2020-03
2020;Q1;Million of Saudi Riyals;Mining & Quarrying : Other Mining & Quarrying;4858.0;2020-03
2020;Q1;Million of Saudi Riyals;Manufacturing : Manufacturing excluding petroleum refining;92208.0;2020-03
2020;Q1;Million of Saudi Riyals;Wholesale & Retail Trade, Restaurants & hotels;94482.0;2020-03
2020;Q1;Million of Saudi Riyals;Finance, Insurance, Real Estate & Business Services;102946.0;2020-03
2020;Q1;Million of Saudi Riyals;Finance, Insurance, Real Estate & Business Services : Real Estate;55233.0;2020-03
2020;Q2;Million of Saudi Riyals;Agriculture, Forestry & Fishing;26445.0;2020-06
2020;Q2;Million of Saudi Riyals;Manufacturing : Petroleum Refining;52393.0;2020-06
2020;Q2;Million of Saudi Riyals;Electricity, Gas and Water;14468.0;2020-06
2020;Q2;Million of Saudi Riyals;Finance, Insurance, Real Estate & Business Services : Real Estate;53098.0;2020-06
2020;Q3;Million of Saudi Riyals;Mining & Quarrying;245302.0;2020-09
2020;Q3;Million of Saudi Riyals;Electricity, Gas and Water;24547.0;2020-09
2020;Q3;Million of Saudi Riyals;Construction;53839.0;2020-09
2020;Q3;Million of Saudi Riyals;Government Activities;130398.0;2020-09
2020;Q4;Million of Saudi Riyals;Wholesale & Retail Trade, Restaurants & hotels;102714.0;2020-12
2020;Q4;Million of Saudi Riyals;Finance, Insurance, Real Estate & Business Services : Finance , Insurance and Business sevices;55259.0;2020-12
2021;Q1;Million of Saudi Riyals;Electricity, Gas and Water;6467.0;2021-03
2021;Q1;Million of Saudi Riyals;Transport, Storage & Communication;50172.0;2021-03
2021;Q1;Million of Saudi Riyals;Finance, Insurance, Real Estate & Business Services : Real Estate;58196.0;2021-03
2021;Q1;Million of Saudi Riyals;Finance, Insurance, Real Estate & Business Services : Finance , Insurance and Business sevices;49236.0;2021-03
2021;Q2;Million of Saudi Riyals;Agriculture, Forestry & Fishing;26563.0;2021-06
2021;Q3;Million of Saudi Riyals;Gross Value Added;972209.0;2021-09
2021;Q4;Million of Saudi Riyals;Agriculture, Forestry & Fishing;24016.0;2021-12
2021;Q4;Million of Saudi Riyals;Construction;66188.0;2021-12
2021;Q4;Million of Saudi Riyals;Wholesale & Retail Trade, Restaurants & hotels;108109.0;2021-12
2021;Q4;Million of Saudi Riyals;Finance, Insurance, Real Estate & Business Services : Finance , Insurance and Business sevices;61099.0;2021-12
2022;Q1;Million of Saudi Riyals;Finance, Insurance, Real Estate & Business Services : Real Estate;58597.0;2022-03
2022;Q1;Million of Saudi Riyals;Community, Social & Personal Services;36285.0;2022-03
2022;Q1;Million of Saudi Riyals;Government Activities;160997.0;2022-03
2022;Q1;Million of Saudi Riyals;Gross Domestic Product;1099270.0;2022-03
2022;Q2;Million of Saudi Riyals;Agriculture, Forestry & Fishing;26937.0;2022-06
2022;Q2;Million of Saudi Riyals;Finance, Insurance, Real Estate & Business Services;116436.0;2022-06
2022;Q2;Million of Saudi Riyals;Government Activities;139528.0;2022-06
2022;Q3;Million of Saudi Riyals;Mining & Quarrying : Crude Petroleum & Natural Gas;300128.0;2022-09
2022;Q3;Million of Saudi Riyals;Manufacturing;176218.0;2022-09
2022;Q3;Million of Saudi Riyals;Manufacturing : Manufacturing excluding petroleum refining;110984.0;2022-09
2022;Q3;Million of Saudi Riyals;Electricity, Gas and Water;27411.0;2022-09
2022;Q3;Million of Saudi Riyals;Finance, Insurance, Real Estate & Business Services : Real Estate;55870.0;2022-09
2022;Q3;Million of Saudi Riyals;Community, Social & Personal Services;35668.0;2022-09
2022;Q3;Million of Saudi Riyals;Gross Value Added;1097837.0;2022-09
2022;Q3;Million of Saudi Riyals;Net Taxes on Products;55264.0;2022-09
2022;Q4;Million of Saudi Riyals;Electricity, Gas and Water;11138.0;2022-12
2022;Q4;Million of Saudi Riyals;Finance, Insurance, Real Estate & Business Services : Real Estate;57928.0;2022-12
2022;Q4;Million of Saudi Riyals;Finance, Insurance, Real Estate & Business Services : Finance , Insurance and Business sevices;71355.0;2022-12
2023;Q1;Million of Saudi Riyals;Agriculture, Forestry & Fishing;27418.0;2023-03
2023;Q1;Million of Saudi Riyals;Mining & Quarrying : Crude Petroleum & Natural Gas;273288.0;2023-03
2023;Q2;Million of Saudi Riyals;Mining & Quarrying : Crude Petroleum & Natural Gas;269291.0;2023-06
2023;Q2;Million of Saudi Riyals;Finance, Insurance, Real Estate & Business Services : Finance , Insurance and Business sevices;62526.0;2023-06
2023;Q2;Million of Saudi Riyals;Government Activities;138876.0;2023-06
2023;Q3;Million of Saudi Riyals;Manufacturing;175385.0;2023-09
2023;Q3;Million of Saudi Riyals;Manufacturing : Petroleum Refining;63572.0;2023-09
2023;Q3;Million of Saudi Riyals;Construction;86301.0;2023-09
2023;Q3;Million of Saudi Riyals;Wholesale & Retail Trade, Restaurants & hotels;123528.0;2023-09
2023;Q4;Million of Saudi Riyals;Mining & Quarrying : Other Mining & Quarrying;4201.0;2023-12
2023;Q4;Million of Saudi Riyals;Manufacturing : Petroleum Refining;58639.0;2023-12
2023;Q4;Million of Saudi Riyals;Wholesale & Retail Trade, Restaurants & hotels;131830.0;2023-12
2023;Q4;Million of Saudi Riyals;Transport, Storage & Communication;69288.0;2023-12
2023;Q4;Million of Saudi Riyals;Finance, Insurance, Real Estate & Business Services : Real Estate;58967.0;2023-12
2023;Q4;Million of Saudi Riyals;Gross Value Added;1092493.0;2023-12
2024;Q1;Million of Saudi Riyals;Finance, Insurance, Real Estate & Business Services : Real Estate;62323.0;2024-03
2024;Q1;Million of Saudi Riyals;Government Activities;168528.0;2024-03
2024;Q2;Million of Saudi Riyals;Mining & Quarrying;242780.0;2024-06
2024;Q2;Million of Saudi Riyals;Construction;83611.0;2024-06
2024;Q2;Million of Saudi Riyals;Finance, Insurance, Real Estate & Business Services : Finance , Insurance and Business sevices;70641.0;2024-06
2024;Q2;Million of Saudi Riyals;Gross Domestic Product;1148324.0;2024-06
2024;Q3;Million of Saudi Riyals;Manufacturing : Petroleum Refining;63083.0;2024-09
2024;Q3;Million of Saudi Riyals;Transport, Storage & Communication;61683.0;2024-09
2024;Q3;Million of Saudi Riyals;Finance, Insurance, Real Estate & Business Services;139094.0;2024-09
2024;Q4;Million of Saudi Riyals;Mining & Quarrying : Crude Petroleum & Natural Gas;242150.0;2024-12
2024;Q4;Million of Saudi Riyals;Manufacturing : Petroleum Refining;67614.0;2024-12
2025;Q1;Million of Saudi Riyals;Manufacturing : Petroleum Refining;64058.0;2025-03
2025;Q1;Million of Saudi Riyals;Wholesale & Retail Trade, Restaurants & hotels;143536.0;2025-03
2025;Q1;Million of Saudi Riyals;Gross Domestic Product;1207010.0;2025-03
2025;Q2;Million of Saudi Riyals;Transport, Storage & Communication;63235.0;2025-06
2025;Q2;Million of Saudi Riyals;Gross Domestic Product;1199530.0;2025-06
2025;Q3;Million of Saudi Riyals;Finance, Insurance, Real Estate & Business Services;144685.0;2025-09
2025;Q3;Million of Saudi Riyals;Gross Value Added;1157788.0;2025-09
2025;Q4;Million of Saudi Riyals;Construction;98592.0;2025-12
2011;Q1;Growth Rates Y-o-Y;Manufacturing;10.98;2011-03
2011;Q1;Growth Rates Y-o-Y;Manufacturing : Manufacturing excluding petroleum refining;14.01;2011-03
2011;Q1;Growth Rates Y-o-Y;Wholesale & Retail Trade, Restaurants & hotels;16.39;2011-03
2011;Q1;Growth Rates Y-o-Y;Gross Value Added;12.04;2011-03
2011;Q2;Growth Rates Y-o-Y;Manufacturing;15.41;2011-06
2011;Q2;Growth Rates Y-o-Y;Electricity, Gas and Water;12.91;2011-06
2011;Q2;Growth Rates Y-o-Y;Construction;18.66;2011-06
2011;Q2;Growth Rates Y-o-Y;Wholesale & Retail Trade, Restaurants & hotels;16.54;2011-06
2011;Q2;Growth Rates Y-o-Y;Finance, Insurance, Real Estate & Business Services : Finance , Insurance and Business sevices;-3.5;2011-06
2011;Q2;Growth Rates Y-o-Y;Net Taxes on Products;18.47;2011-06
2011;Q2;Growth Rates Y-o-Y;Gross Domestic Product;13.38;2011-06
2011;Q3;Growth Rates Y-o-Y;Mining & Quarrying : Crude Petroleum & Natural Gas;21.91;2011-09
2011;Q3;Growth Rates Y-o-Y;Manufacturing : Manufacturing excluding petroleum refining;18.85;2011-09
2011;Q3;Growth Rates Y-o-Y;Wholesale & Retail Trade, Restaurants & hotels;9.91;2011-09
2011;Q4;Growth Rates Y-o-Y;Finance, Insurance, Real Estate & Business Services : Finance , Insurance and Business sevices;-4.12;2011-12
2012;Q1;Growth Rates Y-o-Y;Construction;6.88;2012-03
2012;Q1;Growth Rates Y-o-Y;Finance, Insurance, Real Estate & Business Services : Real Estate;7.56;2012-03
2012;Q2;Growth Rates Y-o-Y;Manufacturing;1.36;2012-06
2012;Q2;Growth Rates Y-o-Y;Transport, Storage & Communication;6.66;2012-06
2012;Q2;Growth Rates Y-o-Y;Finance, Insurance, Real Estate & Business Services;7.54;2012-06
2012;Q2;Growth Rates Y-o-Y;Community, Social & Personal Services;10.52;2012-06
2012;Q2;Growth Rates Y-o-Y;Gross Domestic Product;7.06;2012-06
2012;Q3;Growth Rates Y-o-Y;Mining & Quarrying : Other Mining & Quarrying;4.02;2012-09
2012;Q3;Growth Rates Y-o-Y;Government Activities;15.39;2012-09
2012;Q4;Growth Rates Y-o-Y;Construction;6.7;2012-12
2013;Q1;Growth Rates Y-o-Y;Manufacturing : Petroleum Refining;-5.56;2013-03
2013;Q1;Growth Rates Y-o-Y;Finance, Insurance, Real Estate & Business Services : Finance , Insurance and Business sevices;5.41;2013-03
2013;Q2;Growth Rates Y-o-Y;Construction;7.36;2013-06
2013;Q2;Growth Rates Y-o-Y;Transport, Storage & Communication;7.62;2013-06
2013;Q2;Growth Rates Y-o-Y;Gross Value Added;1.93;2013-06
2013;Q3;Growth Rates Y-o-Y;Mining & Quarrying;3.47;2013-09
2013;Q3;Growth Rates Y-o-Y;Transport, Storage & Communication;8.46;2013-09
2013;Q3;Growth Rates Y-o-Y;Finance, Insurance, Real Estate & Business Services;8.79;2013-09
2013;Q3;Growth Rates Y-o-Y;Finance, Insurance, Real Estate & Business Services : Finance , Insurance and Business sevices;3.65;2013-09
2013;Q3;Growth Rates Y-o-Y;Community, Social & Personal Services;10.43;2013-09
2013;Q3;Growth Rates Y-o-Y;Gross Value Added;4.18;2013-09
2013;Q4;Growth Rates Y-o-Y;Mining & Quarrying : Crude Petroleum & Natural Gas;3.66;2013-12
2013;Q4;Growth Rates Y-o-Y;Manufacturing : Manufacturing excluding petroleum refining;6.06;2013-12
2013;Q4;Growth Rates Y-o-Y;Government Activities;2.81;2013-12
2014;Q1;Growth Rates Y-o-Y;Finance, Insurance, Real Estate & Business Services;4.18;2014-03
2014;Q1;Growth Rates Y-o-Y;Finance, Insurance, Real Estate & Business Services : Finance , Insurance and Business sevices;3.64;2014-03
2014;Q2;Growth Rates Y-o-Y;Agriculture, Forestry & Fishing;4.05;2014-06
2014;Q2;Growth Rates Y-o-Y;Mining & Quarrying : Other Mining & Quarrying;5.5;2014-06
2014;Q2;Growth Rates Y-o-Y;Manufacturing;9.3;2014-06
2014;Q2;Growth Rates Y-o-Y;Manufacturing : Petroleum Refining;17.43;2014-06
2014;Q2;Growth Rates Y-o-Y;Transport, Storage & Communication;5.78;2014-06
2014;Q3;Growth Rates Y-o-Y;Mining & Quarrying : Other Mining & Quarrying;6.55;2014-09
2014;Q3;Growth Rates Y-o-Y;Electricity, Gas and Water;2.59;2014-09
2014;Q3;Growth Rates Y-o-Y;Government Activities;7.49;2014-09
2014;Q3;Growth Rates Y-o-Y;Net Taxes on Products;7.34;2014-09
2014;Q4;Growth Rates Y-o-Y;Manufacturing;13.83;2014-12
2014;Q4;Growth Rates Y-o-Y;Manufacturing : Petroleum Refining;21.73;2014-12
2015;Q1;Growth Rates Y-o-Y;Agriculture, Forestry & Fishing;5.64;2015-03
2015;Q1;Growth Rates Y-o-Y;Mining & Quarrying;0.53;2015-03
2015;Q1;Growth Rates Y-o-Y;Mining & Quarrying : Other Mining & Quarrying;6.12;2015-03
2015;Q1;Growth Rates Y-o-Y;Manufacturing : Petroleum Refining;2.85;2015-03
2015;Q1;Growth Rates Y-o-Y;Electricity, Gas and Water;-6.82;2015-03
2015;Q1;Growth Rates Y-o-Y;Construction;5.16;2015-03
2015;Q1;Growth Rates Y-o-Y;Net Taxes on Products;-6.03;2015-03
2015;Q1;Growth Rates Y-o-Y;Gross Domestic Product;3.48;2015-03
2015;Q2;Growth Rates Y-o-Y;Mining & Quarrying : Crude Petroleum & Natural Gas;7.07;2015-06
2015;Q3;Growth Rates Y-o-Y;Agriculture, Forestry & Fishing;5.6;2015-09
2015;Q3;Growth Rates Y-o-Y;Manufacturing;11.91;2015-09
2015;Q3;Growth Rates Y-o-Y;Finance, Insurance, Real Estate & Business Services;3.37;2015-09
2015;Q4;Growth Rates Y-o-Y;Mining & Quarrying : Crude Petroleum & Natural Gas;6.01;2015-12
2015;Q4;Growth Rates Y-o-Y;Mining & Quarrying : Other Mining & Quarrying;4.08;2015-12
2015;Q4;Growth Rates Y-o-Y;Manufacturing;8.83;2015-12
2015;Q4;Growth Rates Y-o-Y;Community, Social & Personal Services;6.51;2015-12
2015;Q4;Growth Rates Y-o-Y;Gross Domestic Product;4.89;2015-12
2016;Q1;Growth Rates Y-o-Y;Mining & Quarrying;4.5;2016-03
2016;Q1;Growth Rates Y-o-Y;Government Activities;1.1;2016-03
2016;Q2;Growth Rates Y-o-Y;Electricity, Gas and Water;9.27;2016-06
2016;Q2;Growth Rates Y-o-Y;Finance, Insurance, Real Estate & Business Services : Real Estate;4.87;2016-06
2016;Q2;Growth Rates Y-o-Y;Finance, Insurance, Real Estate & Business Services : Finance , Insurance and Business sevices;0.41;2016-06
2016;Q2;Growth Rates Y-o-Y;Government Activities;-0.3;2016-06
2016;Q3;Growth Rates Y-o-Y;Mining & Quarrying : Crude Petroleum & Natural Gas;3.48;2016-09
2016;Q3;Growth Rates Y-o-Y;Manufacturing;1.63;2016-09
2016;Q3;Growth Rates Y-o-Y;Gross Value Added;0.81;2016-09
2016;Q4;Growth Rates Y-o-Y;Agriculture, Forestry & Fishing;7.0;2016-12
2017;Q1;Growth Rates Y-o-Y;Finance, Insurance, Real Estate & Business Services : Real Estate;4.96;2017-03
2017;Q1;Growth Rates Y-o-Y;Finance, Insurance, Real Estate & Business Services : Finance , Insurance and Business sevices;-2.23;2017-03
2017;Q1;Growth Rates Y-o-Y;Gross Value Added;-0.27;2017-03
2017;Q2;Growth Rates Y-o-Y;Wholesale & Retail Trade, Restaurants & hotels;2.09;2017-06
2017;Q2;Growth Rates Y-o-Y;Finance, Insurance, Real Estate & Business Services : Finance , Insurance and Business sevices;-1.15;2017-06
2017;Q3;Growth Rates Y-o-Y;Mining & Quarrying;-4.6;2017-09
2017;Q3;Growth Rates Y-o-Y;Mining & Quarrying : Crude Petroleum & Natural Gas;-4.83;2017-09
2017;Q3;Growth Rates Y-o-Y;Finance, Insurance, Real Estate & Business Services;4.88;2017-09
2017;Q3;Growth Rates Y-o-Y;Finance, Insurance, Real Estate & Business Services : Finance , Insurance and Business sevices;4.65;2017-09
2017;Q4;Growth Rates Y-o-Y;Finance, Insurance, Real Estate & Business Services : Real Estate;5.53;2017-12
2017;Q4;Growth Rates Y-o-Y;Gross Value Added;2.98;2017-12
2018;Q1;Growth Rates Y-o-Y;Agriculture, Forestry & Fishing;2.53;2018-03
2018;Q1;Growth Rates Y-o-Y;Mining & Quarrying : Crude Petroleum & Natural Gas;0.59;2018-03
2018;Q1;Growth Rates Y-o-Y;Mining & Quarrying : Other Mining & Quarrying;6.48;2018-03
2018;Q1;Growth Rates Y-o-Y;Manufacturing;0.67;2018-03
2018;Q1;Growth Rates Y-o-Y;Gross Value Added;2.72;2018-03
2018;Q1;Growth Rates Y-o-Y;Net Taxes on Products;2.62;2018-03
2018;Q2;Growth Rates Y-o-Y;Agriculture, Forestry & Fishing;3.06;2018-06
2018;Q2;Growth Rates Y-o-Y;Wholesale & Retail Trade, Restaurants & hotels;3.54;2018-06
2018;Q2;Growth Rates Y-o-Y;Community, Social & Personal Services;9.01;2018-06
2018;Q2;Growth Rates Y-o-Y;Net Taxes on Products;0.27;2018-06
2018;Q3;Growth Rates Y-o-Y;Wholesale & Retail Trade, Restaurants & hotels;3.02;2018-09
2018;Q3;Growth Rates Y-o-Y;Government Activities;1.11;2018-09
2018;Q4;Growth Rates Y-o-Y;Mining & Quarrying : Crude Petroleum & Natural Gas;8.12;2018-12
2018;Q4;Growth Rates Y-o-Y;Manufacturing : Petroleum Refining;-4.4;2018-12
2018;Q4;Growth Rates Y-o-Y;Finance, Insurance, Real Estate & Business Services : Finance , Insurance and Business sevices;7.73;2018-12
2018;Q4;Growth Rates Y-o-Y;Government Activities;1.98;2018-12
2019;Q1;Growth Rates Y-o-Y;Agriculture, Forestry & Fishing;0.42;2019-03
2019;Q1;Growth Rates Y-o-Y;Electricity, Gas and Water;9.3;2019-03
2019;Q1;Growth Rates Y-o-Y;Gross Value Added;2.59;2019-03
2019;Q2;Growth Rates Y-o-Y;Finance, Insurance, Real Estate & Business Services : Real Estate;0.42;2019-06
2019;Q2;Growth Rates Y-o-Y;Finance, Insurance, Real Estate & Business Services : Finance , Insurance and Business sevices;10.64;2019-06
2019;Q2;Growth Rates Y-o-Y;Community, Social & Personal Services;5.1;2019-06
2019;Q3;Growth Rates Y-o-Y;Finance, Insurance, Real Estate & Business Services : Finance , Insurance and Business sevices;9.65;2019-09
2019;Q3;Growth Rates Y-o-Y;Community, Social & Personal Services;7.26;2019-09
2019;Q4;Growth Rates Y-o-Y;Finance, Insurance, Real Estate & Business Services : Real Estate;1.92;2019-12
2019;Q4;Growth Rates Y-o-Y;Government Activities;0.36;2019-12
2020;Q1;Growth Rates Y-o-Y;Mining & Quarrying;-2.66;2020-03
2020;Q1;Growth Rates Y-o-Y;Mining & Quarrying : Other Mining & Quarrying;7.47;2020-03
2020;Q1;Growth Rates Y-o-Y;Finance, Insurance, Real Estate & Business Services;1.04;2020-03
2020;Q2;Growth Rates Y-o-Y;Mining & Quarrying : Crude Petroleum & Natural Gas;-4.48;2020-06
2020;Q2;Growth Rates Y-o-Y;Mining & Quarrying : Other Mining & Quarrying;-0.71;2020-06
2020;Q2;Growth Rates Y-o-Y;Manufacturing;-9.42;2020-06
2020;Q2;Growth Rates Y-o-Y;Finance, Insurance, Real Estate & Business Services : Real Estate;0.57;2020-06
2020;Q2;Growth Rates Y-o-Y;Gross Domestic Product;-7.32;2020-06
2020;Q3;Growth Rates Y-o-Y;Agriculture, Forestry & Fishing;4.98;2020-09
2020;Q3;Growth Rates Y-o-Y;Mining & Quarrying : Crude Petroleum & Natural Gas;-7.27;2020-09
2020;Q3;Growth Rates Y-o-Y;Manufacturing : Petroleum Refining;-18.29;2020-09
2020;Q3;Growth Rates Y-o-Y;Community, Social & Personal Services;6.44;2020-09
2020;Q4;Growth Rates Y-o-Y;Mining & Quarrying;-9.47;2020-12
2020;Q4;Growth Rates Y-o-Y;Wholesale & Retail Trade, Restaurants & hotels;-1.66;2020-12
2020;Q4;Growth Rates Y-o-Y;Finance, Insurance, Real Estate & Business Services : Finance , Insurance and Business sevices;0.15;2020-12
2020;Q4;Growth Rates Y-o-Y;Community, Social & Personal Services;3.5;2020-12
2021;Q1;Growth Rates Y-o-Y;Electricity, Gas and Water;0.7;2021-03
2021;Q2;Growth Rates Y-o-Y;Mining & Quarrying : Other Mining & Quarrying;6.92;2021-06
2021;Q2;Growth Rates Y-o-Y;Manufacturing : Petroleum Refining;10.5;2021-06
2021;Q2;Growth Rates Y-o-Y;Finance, Insurance, Real Estate & Business Services : Real Estate;6.47;2021-06
2021;Q2;Growth Rates Y-o-Y;Net Taxes on Products;12.79;2021-06
2021;Q3;Growth Rates Y-o-Y;Construction;12.5;2021-09
2021;Q3;Growth Rates Y-o-Y;Wholesale & Retail Trade, Restaurants & hotels;10.52;2021-09
2021;Q3;Growth Rates Y-o-Y;Finance, Insurance, Real Estate & Business Services;10.29;2021-09
2021;Q3;Growth Rates Y-o-Y;Finance, Insurance, Real Estate & Business Services : Finance , Insurance and Business sevices;19.47;2021-09
2021;Q3;Growth Rates Y-o-Y;Government Activities;3.49;2021-09
2021;Q4;Growth Rates Y-o-Y;Finance, Insurance, Real Estate & Business Services;5.72;2021-12
2021;Q4;Growth Rates Y-o-Y;Finance, Insurance, Real Estate & Business Services : Finance , Insurance and Business sevices;10.57;2021-12
2021;Q4;Growth Rates Y-o-Y;Gross Value Added;9.13;2021-12
2021;Q4;Growth Rates Y-o-Y;Gross Domestic Product;8.98;2021-12
2022;Q1;Growth Rates Y-o-Y;Manufacturing : Petroleum Refining;17.34;2022-03
2022;Q1;Growth Rates Y-o-Y;Finance, Insurance, Real Estate & Business Services : Finance , Insurance and Business sevices;13.97;2022-03
2022;Q1;Growth Rates Y-o-Y;Community, Social & Personal Services;3.7;2022-03
2022;Q2;Growth Rates Y-o-Y;Manufacturing;13.96;2022-06
2022;Q2;Growth Rates Y-o-Y;Manufacturing : Petroleum Refining;16.57;2022-06
2022;Q2;Growth Rates Y-o-Y;Finance, Insurance, Real Estate & Business Services : Finance , Insurance and Business sevices;11.15;2022-06
2022;Q3;Growth Rates Y-o-Y;Agriculture, Forestry & Fishing;1.06;2022-09
2022;Q3;Growth Rates Y-o-Y;Mining & Quarrying;14.73;2022-09
2022;Q3;Growth Rates Y-o-Y;Manufacturing : Petroleum Refining;7.73;2022-09
2022;Q3;Growth Rates Y-o-Y;Finance, Insurance, Real Estate & Business Services : Finance , Insurance and Business sevices;15.14;2022-09
2022;Q3;Growth Rates Y-o-Y;Community, Social & Personal Services;9.26;2022-09
2022;Q4;Growth Rates Y-o-Y;Mining & Quarrying : Crude Petroleum & Natural Gas;7.24;2022-12
2022;Q4;Growth Rates Y-o-Y;Manufacturing : Manufacturing excluding petroleum refining;9.92;2022-12
2022;Q4;Growth Rates Y-o-Y;Construction;29.16;2022-12
2022;Q4;Growth Rates Y-o-Y;Finance, Insurance, Real Estate & Business Services : Real Estate;2.29;2022-12
2023;Q1;Growth Rates Y-o-Y;Manufacturing;2.67;2023-03
2023;Q1;Growth Rates Y-o-Y;Electricity, Gas and Water;8.29;2023-03
2023;Q1;Growth Rates Y-o-Y;Wholesale & Retail Trade, Restaurants & hotels;13.89;2023-03
2023;Q1;Growth Rates Y-o-Y;Gross Value Added;5.46;2023-03
2023;Q2;Growth Rates Y-o-Y;Mining & Quarrying;-3.85;2023-06
2023;Q2;Growth Rates Y-o-Y;Mining & Quarrying : Other Mining & Quarrying;6.0;2023-06
2023;Q2;Growth Rates Y-o-Y;Finance, Insurance, Real Estate & Business Services : Finance , Insurance and Business sevices;6.71;2023-06
2023;Q2;Growth Rates Y-o-Y;Gross Domestic Product;2.68;2023-06
2023;Q3;Growth Rates Y-o-Y;Mining & Quarrying : Crude Petroleum & Natural Gas;-18.23;2023-09
2023;Q3;Growth Rates Y-o-Y;Mining & Quarrying : Other Mining & Quarrying;1.15;2023-09
2023;Q3;Growth Rates Y-o-Y;Manufacturing : Petroleum Refining;-2.46;2023-09
2023;Q3;Growth Rates Y-o-Y;Wholesale & Retail Trade, Restaurants & hotels;6.72;2023-09
2023;Q3;Growth Rates Y-o-Y;Gross Domestic Product;-2.64;2023-09
2023;Q4;Growth Rates Y-o-Y;Mining & Quarrying;-15.97;2023-12
2023;Q4;Growth Rates Y-o-Y;Net Taxes on Products;6.32;2023-12
2023;Q4;Growth Rates Y-o-Y;Gross Domestic Product;-2.96;2023-12
2024;Q1;Growth Rates Y-o-Y;Agriculture, Forestry & Fishing;5.93;2024-03
2024;Q1;Growth Rates Y-o-Y;Mining & Quarrying;-12.74;2024-03
2024;Q1;Growth Rates Y-o-Y;Mining & Quarrying : Other Mining & Quarrying;9.34;2024-03
2024;Q1;Growth Rates Y-o-Y;Manufacturing : Manufacturing excluding petroleum refining;6.57;2024-03
2024;Q1;Growth Rates Y-o-Y;Net Taxes on Products;3.2;2024-03
2024;Q2;Growth Rates Y-o-Y;Mining & Quarrying : Crude Petroleum & Natural Gas;-11.72;2024-06
2024;Q2;Growth Rates Y-o-Y;Manufacturing : Petroleum Refining;2.87;2024-06
2024;Q2;Growth Rates Y-o-Y;Government Activities;4.54;2024-06
2024;Q2;Growth Rates Y-o-Y;Net Taxes on Products;3.65;2024-06
2024;Q3;Growth Rates Y-o-Y;Mining & Quarrying : Other Mining & Quarrying;6.24;2024-09
2024;Q3;Growth Rates Y-o-Y;Wholesale & Retail Trade, Restaurants & hotels;5.21;2024-09
2024;Q4;Growth Rates Y-o-Y;Mining & Quarrying : Other Mining & Quarrying;10.15;2024-12
2024;Q4;Growth Rates Y-o-Y;Construction;6.32;2024-12
2025;Q1;Growth Rates Y-o-Y;Mining & Quarrying;-1.43;2025-03
2025;Q1;Growth Rates Y-o-Y;Manufacturing : Manufacturing excluding petroleum refining;4.78;2025-03
2025;Q1;Growth Rates Y-o-Y;Construction;4.16;2025-03
2025;Q1;Growth Rates Y-o-Y;Wholesale & Retail Trade, Restaurants & hotels;7.76;2025-03
2025;Q1;Growth Rates Y-o-Y;Government Activities;3.16;2025-03
2025;Q1;Growth Rates Y-o-Y;Net Taxes on Products;4.06;2025-03
2025;Q2;Growth Rates Y-o-Y;Finance, Insurance, Real Estate & Business Services : Finance , Insurance and Business sevices;8.8;2025-06
2025;Q3;Growth Rates Y-o-Y;Mining & Quarrying : Other Mining & Quarrying;3.58;2025-09
2025;Q3;Growth Rates Y-o-Y;Government Activities;1.36;2025-09
2025;Q4;Growth Rates Y-o-Y;Manufacturing;4.83;2025-12
2025;Q4;Growth Rates Y-o-Y;Electricity, Gas and Water;0.89;2025-12
2025;Q4;Growth Rates Y-o-Y;Wholesale & Retail Trade, Restaurants & hotels;5.39;2025-12
2025;Q4;Growth Rates Y-o-Y;Transport, Storage & Communication;3.28;2025-12
2012;Q1;Contribution to Growth rate in GDP Y-o-Y;Mining & Quarrying : Crude Petroleum & Natural Gas;6.08;2012-03
2012;Q1;Contribution to Growth rate in GDP Y-o-Y;Manufacturing : Petroleum Refining;0.18;2012-03
2012;Q1;Contribution to Growth rate in GDP Y-o-Y;Electricity, Gas and Water;0.1;2012-03
2012;Q1;Contribution to Growth rate in GDP Y-o-Y;Construction;0.3;2012-03
2012;Q1;Contribution to Growth rate in GDP Y-o-Y;Wholesale & Retail Trade, Restaurants & hotels;1.21;2012-03
2012;Q1;Contribution to Growth rate in GDP Y-o-Y;Transport, Storage & Communication;0.35;2012-03
2012;Q1;Contribution to Growth rate in GDP Y-o-Y;Finance, Insurance, Real Estate & Business Services : Real Estate;0.28;2012-03
2012;Q2;Contribution to Growth rate in GDP Y-o-Y;Manufacturing;0.09;2012-06
2012;Q2;Contribution to Growth rate in GDP Y-o-Y;Construction;0.28;2012-06
2012;Q3;Contribution to Growth rate in GDP Y-o-Y;Mining & Quarrying;1.14;2012-09
2012;Q3;Contribution to Growth rate in GDP Y-o-Y;Finance, Insurance, Real Estate & Business Services;0.73;2012-09
2012;Q3;Contribution to Growth rate in GDP Y-o-Y;Finance, Insurance, Real Estate & Business Services : Real Estate;0.42;2012-09
2012;Q3;Contribution to Growth rate in GDP Y-o-Y;Finance, Insurance, Real Estate & Business Services : Finance , Insurance and Business sevices;0.31;2012-09
2012;Q3;Contribution to Growth rate in GDP Y-o-Y;Community, Social & Personal Services;0.17;2012-09
2012;Q4;Contribution to Growth rate in GDP Y-o-Y;Agriculture, Forestry & Fishing;0.1;2012-12
2012;Q4;Contribution to Growth rate in GDP Y-o-Y;Electricity, Gas and Water;0.09;2012-12
2012;Q4;Contribution to Growth rate in GDP Y-o-Y;Gross Value Added;1.29;2012-12
2012;Q4;Contribution to Growth rate in GDP Y-o-Y;Net Taxes on Products;0.09;2012-12
2012;Q4;Contribution to Growth rate in GDP Y-o-Y;Gross Domestic Product;1.38;2012-12
2013;Q1;Contribution to Growth rate in GDP Y-o-Y;Mining & Quarrying;-3.71;2013-03
2013;Q1;Contribution to Growth rate in GDP Y-o-Y;Mining & Quarrying : Crude Petroleum & Natural Gas;-3.72;2013-03
2013;Q1;Contribution to Growth rate in GDP Y-o-Y;Construction;0.31;2013-03
2013;Q1;Contribution to Growth rate in GDP Y-o-Y;Transport, Storage & Communication;0.28;2013-03
2013;Q1;Contribution to Growth rate in GDP Y-o-Y;Finance, Insurance, Real Estate & Business Services;0.81;2013-03
2013;Q1;Contribution to Growth rate in GDP Y-o-Y;Government Activities;1.03;2013-03
2013;Q1;Contribution to Growth rate in GDP Y-o-Y;Net Taxes on Products;0.02;2013-03
2013;Q1;Contribution to Growth rate in GDP Y-o-Y;Gross Domestic Product;0.41;2013-03
2013;Q3;Contribution to Growth rate in GDP Y-o-Y;Mining & Quarrying : Other Mining & Quarrying;0.01;2013-09
2013;Q3;Contribution to Growth rate in GDP Y-o-Y;Manufacturing;0.62;2013-09
2013;Q3;Contribution to Growth rate in GDP Y-o-Y;Finance, Insurance, Real Estate & Business Services;0.71;2013-09
2013;Q3;Contribution to Growth rate in GDP Y-o-Y;Net Taxes on Products;0.04;2013-09
2013;Q3;Contribution to Growth rate in GDP Y-o-Y;Gross Domestic Product;4.18;2013-09
2013;Q4;Contribution to Growth rate in GDP Y-o-Y;Mining & Quarrying : Crude Petroleum & Natural Gas;1.66;2013-12
2013;Q4;Contribution to Growth rate in GDP Y-o-Y;Mining & Quarrying : Other Mining & Quarrying;0.02;2013-12
2014;Q1;Contribution to Growth rate in GDP Y-o-Y;Agriculture, Forestry & Fishing;0.08;2014-03
2014;Q1;Contribution to Growth rate in GDP Y-o-Y;Mining & Quarrying : Other Mining & Quarrying;0.02;2014-03
2014;Q1;Contribution to Growth rate in GDP Y-o-Y;Transport, Storage & Communication;0.35;2014-03
2014;Q1;Contribution to Growth rate in GDP Y-o-Y;Finance, Insurance, Real Estate & Business Services : Real Estate;0.27;2014-03
2014;Q2;Contribution to Growth rate in GDP Y-o-Y;Mining & Quarrying;0.89;2014-06
2014;Q2;Contribution to Growth rate in GDP Y-o-Y;Electricity, Gas and Water;0.17;2014-06
2014;Q3;Contribution to Growth rate in GDP Y-o-Y;Mining & Quarrying : Crude Petroleum & Natural Gas;-1.52;2014-09
2014;Q3;Contribution to Growth rate in GDP Y-o-Y;Mining & Quarrying : Other Mining & Quarrying;0.02;2014-09
2014;Q3;Contribution to Growth rate in GDP Y-o-Y;Electricity, Gas and Water;0.07;2014-09
2014;Q3;Contribution to Growth rate in GDP Y-o-Y;Gross Value Added;2.34;2014-09
2014;Q4;Contribution to Growth rate in GDP Y-o-Y;Mining & Quarrying : Crude Petroleum & Natural Gas;-0.55;2014-12
2014;Q4;Contribution to Growth rate in GDP Y-o-Y;Electricity, Gas and Water;-0.05;2014-12
2014;Q4;Contribution to Growth rate in GDP Y-o-Y;Wholesale & Retail Trade, Restaurants & hotels;0.54;2014-12
2014;Q4;Contribution to Growth rate in GDP Y-o-Y;Gross Value Added;2.69;2014-12
2015;Q1;Contribution to Growth rate in GDP Y-o-Y;Mining & Quarrying : Crude Petroleum & Natural Gas;0.19;2015-03
2015;Q1;Contribution to Growth rate in GDP Y-o-Y;Manufacturing : Petroleum Refining;0.07;2015-03
2015;Q1;Contribution to Growth rate in GDP Y-o-Y;Construction;0.29;2015-03
2015;Q1;Contribution to Growth rate in GDP Y-o-Y;Transport, Storage & Communication;0.31;2015-03
2015;Q1;Contribution to Growth rate in GDP Y-o-Y;Finance, Insurance, Real Estate & Business Services : Real Estate;0.2;2015-03
2015;Q1;Contribution to Growth rate in GDP Y-o-Y;Finance, Insurance, Real Estate & Business Services : Finance , Insurance and Business sevices;-0.11;2015-03
2015;Q2;Contribution to Growth rate in GDP Y-o-Y;Manufacturing : Petroleum Refining;0.51;2015-06
2015;Q2;Contribution to Growth rate in GDP Y-o-Y;Transport, Storage & Communication;0.27;2015-06
2015;Q2;Contribution to Growth rate in GDP Y-o-Y;Finance, Insurance, Real Estate & Business Services : Real Estate;0.17;2015-06
2015;Q3;Contribution to Growth rate in GDP Y-o-Y;Agriculture, Forestry & Fishing;0.15;2015-09
2015;Q3;Contribution to Growth rate in GDP Y-o-Y;Government Activities;0.04;2015-09
2015;Q3;Contribution to Growth rate in GDP Y-o-Y;Gross Value Added;4.86;2015-09
2015;Q4;Contribution to Growth rate in GDP Y-o-Y;Manufacturing;0.95;2015-12
2015;Q4;Contribution to Growth rate in GDP Y-o-Y;Manufacturing : Manufacturing excluding petroleum refining;0.76;2015-12
2015;Q4;Contribution to Growth rate in GDP Y-o-Y;Construction;0.16;2015-12
2015;Q4;Contribution to Growth rate in GDP Y-o-Y;Gross Value Added;4.87;2015-12
2015;Q4;Contribution to Growth rate in GDP Y-o-Y;Gross Domestic Product;4.89;2015-12
2016;Q1;Contribution to Growth rate in GDP Y-o-Y;Agriculture, Forestry & Fishing;0.07;2016-03
2016;Q1;Contribution to Growth rate in GDP Y-o-Y;Mining & Quarrying;1.5;2016-03
2016;Q1;Contribution to Growth rate in GDP Y-o-Y;Electricity, Gas and Water;-0.06;2016-03
2016;Q1;Contribution to Growth rate in GDP Y-o-Y;Wholesale & Retail Trade, Restaurants & hotels;-0.11;2016-03
2016;Q1;Contribution to Growth rate in GDP Y-o-Y;Finance, Insurance, Real Estate & Business Services : Real Estate;0.14;2016-03
2016;Q2;Contribution to Growth rate in GDP Y-o-Y;Construction;-0.35;2016-06
2016;Q2;Contribution to Growth rate in GDP Y-o-Y;Finance, Insurance, Real Estate & Business Services : Real Estate;0.3;2016-06
2016;Q2;Contribution to Growth rate in GDP Y-o-Y;Community, Social & Personal Services;0.32;2016-06
2016;Q3;Contribution to Growth rate in GDP Y-o-Y;Mining & Quarrying;0.46;2016-09
2016;Q3;Contribution to Growth rate in GDP Y-o-Y;Government Activities;-1.02;2016-09
2016;Q4;Contribution to Growth rate in GDP Y-o-Y;Mining & Quarrying : Other Mining & Quarrying;-0.02;2016-12
2016;Q4;Contribution to Growth rate in GDP Y-o-Y;Net Taxes on Products;-0.16;2016-12
2016;Q4;Contribution to Growth rate in GDP Y-o-Y;Gross Domestic Product;2.43;2016-12
2017;Q1;Contribution to Growth rate in GDP Y-o-Y;Electricity, Gas and Water;0.05;2017-03
2017;Q1;Contribution to Growth rate in GDP Y-o-Y;Government Activities;-0.45;2017-03
2017;Q2;Contribution to Growth rate in GDP Y-o-Y;Agriculture, Forestry & Fishing;0.12;2017-06
2017;Q2;Contribution to Growth rate in GDP Y-o-Y;Manufacturing : Manufacturing excluding petroleum refining;0.13;2017-06
2017;Q2;Contribution to Growth rate in GDP Y-o-Y;Net Taxes on Products;-0.01;2017-06
2017;Q3;Contribution to Growth rate in GDP Y-o-Y;Manufacturing : Manufacturing excluding petroleum refining;0.34;2017-09
2017;Q4;Contribution to Growth rate in GDP Y-o-Y;Manufacturing;0.23;2017-12
2017;Q4;Contribution to Growth rate in GDP Y-o-Y;Government Activities;0.64;2017-12
2018;Q1;Contribution to Growth rate in GDP Y-o-Y;Mining & Quarrying;0.17;2018-03
2018;Q1;Contribution to Growth rate in GDP Y-o-Y;Mining & Quarrying : Crude Petroleum & Natural Gas;0.14;2018-03
2018;Q1;Contribution to Growth rate in GDP Y-o-Y;Finance, Insurance, Real Estate & Business Services : Finance , Insurance and Business sevices;0.23;2018-03
2018;Q1;Contribution to Growth rate in GDP Y-o-Y;Net Taxes on Products;0.02;2018-03
2018;Q2;Contribution to Growth rate in GDP Y-o-Y;Mining & Quarrying : Other Mining & Quarrying;0.01;2018-06
2018;Q2;Contribution to Growth rate in GDP Y-o-Y;Manufacturing : Manufacturing excluding petroleum refining;0.22;2018-06
2018;Q2;Contribution to Growth rate in GDP Y-o-Y;Wholesale & Retail Trade, Restaurants & hotels;0.43;2018-06
2018;Q2;Contribution to Growth rate in GDP Y-o-Y;Finance, Insurance, Real Estate & Business Services : Real Estate;0.2;2018-06
2018;Q3;Contribution to Growth rate in GDP Y-o-Y;Mining & Quarrying : Other Mining & Quarrying;0.0;2018-09
2018;Q3;Contribution to Growth rate in GDP Y-o-Y;Transport, Storage & Communication;0.23;2018-09
2018;Q3;Contribution to Growth rate in GDP Y-o-Y;Finance, Insurance, Real Estate & Business Services : Real Estate;0.17;2018-09
2018;Q3;Contribution to Growth rate in GDP Y-o-Y;Net Taxes on Products;0.04;2018-09
2018;Q4;Contribution to Growth rate in GDP Y-o-Y;Construction;0.07;2018-12
2018;Q4;Contribution to Growth rate in GDP Y-o-Y;Wholesale & Retail Trade, Restaurants & hotels;0.13;2018-12
2018;Q4;Contribution to Growth rate in GDP Y-o-Y;Gross Domestic Product;3.23;2018-12
2019;Q1;Contribution to Growth rate in GDP Y-o-Y;Manufacturing : Manufacturing excluding petroleum refining;0.39;2019-03
2019;Q1;Contribution to Growth rate in GDP Y-o-Y;Wholesale & Retail Trade, Restaurants & hotels;0.24;2019-03
2019;Q1;Contribution to Growth rate in GDP Y-o-Y;Gross Value Added;2.53;2019-03
2019;Q2;Contribution to Growth rate in GDP Y-o-Y;Manufacturing : Petroleum Refining;-0.11;2019-06
2019;Q2;Contribution to Growth rate in GDP Y-o-Y;Transport, Storage & Communication;0.53;2019-06
2019;Q2;Contribution to Growth rate in GDP Y-o-Y;Gross Domestic Product;1.69;2019-06
2019;Q3;Contribution to Growth rate in GDP Y-o-Y;Mining & Quarrying : Crude Petroleum & Natural Gas;-1.9;2019-09
2019;Q3;Contribution to Growth rate in GDP Y-o-Y;Community, Social & Personal Services;0.22;2019-09
2019;Q3;Contribution to Growth rate in GDP Y-o-Y;Gross Value Added;1.02;2019-09
2019;Q4;Contribution to Growth rate in GDP Y-o-Y;Mining & Quarrying;-1.82;2019-12
2019;Q4;Contribution to Growth rate in GDP Y-o-Y;Mining & Quarrying : Other Mining & Quarrying;0.04;2019-12
2019;Q4;Contribution to Growth rate in GDP Y-o-Y;Manufacturing;0.47;2019-12
2019;Q4;Contribution to Growth rate in GDP Y-o-Y;Electricity, Gas and Water;0.05;2019-12
2019;Q4;Contribution to Growth rate in GDP Y-o-Y;Finance, Insurance, Real Estate & Business Services : Finance , Insurance and Business sevices;0.22;2019-12
2019;Q4;Contribution to Growth rate in GDP Y-o-Y;Net Taxes on Products;0.25;2019-12
2020;Q1;Contribution to Growth rate in GDP Y-o-Y;Manufacturing : Manufacturing excluding petroleum refining;-0.07;2020-03
2020;Q1;Contribution to Growth rate in GDP Y-o-Y;Wholesale & Retail Trade, Restaurants & hotels;0.29;2020-03
2020;Q2;Contribution to Growth rate in GDP Y-o-Y;Manufacturing : Petroleum Refining;-0.44;2020-06
2020;Q2;Contribution to Growth rate in GDP Y-o-Y;Construction;-0.65;2020-06
2020;Q2;Contribution to Growth rate in GDP Y-o-Y;Wholesale & Retail Trade, Restaurants & hotels;-1.89;2020-06
2020;Q2;Contribution to Growth rate in GDP Y-o-Y;Finance, Insurance, Real Estate & Business Services : Finance , Insurance and Business sevices;-0.12;2020-06
2020;Q2;Contribution to Growth rate in GDP Y-o-Y;Net Taxes on Products;-0.46;2020-06
2020;Q3;Contribution to Growth rate in GDP Y-o-Y;Mining & Quarrying : Crude Petroleum & Natural Gas;-1.82;2020-09
2020;Q3;Contribution to Growth rate in GDP Y-o-Y;Community, Social & Personal Services;0.21;2020-09
2020;Q4;Contribution to Growth rate in GDP Y-o-Y;Agriculture, Forestry & Fishing;0.05;2020-12
2020;Q4;Contribution to Growth rate in GDP Y-o-Y;Mining & Quarrying : Other Mining & Quarrying;0.0;2020-12
2020;Q4;Contribution to Growth rate in GDP Y-o-Y;Manufacturing;0.36;2020-12
2020;Q4;Contribution to Growth rate in GDP Y-o-Y;Manufacturing : Manufacturing excluding petroleum refining;0.26;2020-12
2020;Q4;Contribution to Growth rate in GDP Y-o-Y;Finance, Insurance, Real Estate & Business Services : Real Estate;0.2;2020-12
2020;Q4;Contribution to Growth rate in GDP Y-o-Y;Gross Value Added;-2.81;2020-12
2021;Q1;Contribution to Growth rate in GDP Y-o-Y;Mining & Quarrying : Other Mining & Quarrying;0.02;2021-03
2021;Q1;Contribution to Growth rate in GDP Y-o-Y;Manufacturing : Manufacturing excluding petroleum refining;1.35;2021-03
2021;Q1;Contribution to Growth rate in GDP Y-o-Y;Construction;0.09;2021-03
2021;Q1;Contribution to Growth rate in GDP Y-o-Y;Finance, Insurance, Real Estate & Business Services;0.54;2021-03
2021;Q2;Contribution to Growth rate in GDP Y-o-Y;Government Activities;-0.63;2021-06
2021;Q3;Contribution to Growth rate in GDP Y-o-Y;Mining & Quarrying : Crude Petroleum & Natural Gas;1.46;2021-09
2021;Q3;Contribution to Growth rate in GDP Y-o-Y;Manufacturing;1.29;2021-09
2021;Q3;Contribution to Growth rate in GDP Y-o-Y;Transport, Storage & Communication;0.86;2021-09
2021;Q3;Contribution to Growth rate in GDP Y-o-Y;Finance, Insurance, Real Estate & Business Services : Real Estate;0.16;2021-09
2021;Q3;Contribution to Growth rate in GDP Y-o-Y;Finance, Insurance, Real Estate & Business Services : Finance , Insurance and Business sevices;1.17;2021-09
2021;Q3;Contribution to Growth rate in GDP Y-o-Y;Government Activities;0.46;2021-09
2021;Q3;Contribution to Growth rate in GDP Y-o-Y;Gross Value Added;8.28;2021-09
2021;Q3;Contribution to Growth rate in GDP Y-o-Y;Net Taxes on Products;0.25;2021-09
2021;Q3;Contribution to Growth rate in GDP Y-o-Y;Gross Domestic Product;8.53;2021-09
2021;Q4;Contribution to Growth rate in GDP Y-o-Y;Agriculture, Forestry & Fishing;0.03;2021-12
2021;Q4;Contribution to Growth rate in GDP Y-o-Y;Mining & Quarrying : Crude Petroleum & Natural Gas;2.07;2021-12
2021;Q4;Contribution to Growth rate in GDP Y-o-Y;Mining & Quarrying : Other Mining & Quarrying;0.02;2021-12
2021;Q4;Contribution to Growth rate in GDP Y-o-Y;Manufacturing;1.4;2021-12
2021;Q4;Contribution to Growth rate in GDP Y-o-Y;Electricity, Gas and Water;0.03;2021-12
2021;Q4;Contribution to Growth rate in GDP Y-o-Y;Gross Value Added;8.75;2021-12
2022;Q1;Contribution to Growth rate in GDP Y-o-Y;Mining & Quarrying : Other Mining & Quarrying;-0.03;2022-03
2022;Q1;Contribution to Growth rate in GDP Y-o-Y;Manufacturing;1.58;2022-03
2022;Q1;Contribution to Growth rate in GDP Y-o-Y;Wholesale & Retail Trade, Restaurants & hotels;0.69;2022-03
2022;Q1;Contribution to Growth rate in GDP Y-o-Y;Finance, Insurance, Real Estate & Business Services;0.75;2022-03
2022;Q1;Contribution to Growth rate in GDP Y-o-Y;Finance, Insurance, Real Estate & Business Services : Finance , Insurance and Business sevices;0.78;2022-03
2022;Q2;Contribution to Growth rate in GDP Y-o-Y;Mining & Quarrying : Other Mining & Quarrying;0.02;2022-06
2022;Q2;Contribution to Growth rate in GDP Y-o-Y;Manufacturing : Manufacturing excluding petroleum refining;1.45;2022-06
2022;Q2;Contribution to Growth rate in GDP Y-o-Y;Electricity, Gas and Water;0.05;2022-06
2022;Q2;Contribution to Growth rate in GDP Y-o-Y;Finance, Insurance, Real Estate & Business Services : Finance , Insurance and Business sevices;0.6;2022-06
2022;Q2;Contribution to Growth rate in GDP Y-o-Y;Government Activities;0.81;2022-06
2022;Q3;Contribution to Growth rate in GDP Y-o-Y;Construction;2.13;2022-09
2022;Q4;Contribution to Growth rate in GDP Y-o-Y;Mining & Quarrying : Crude Petroleum & Natural Gas;2.02;2022-12
2022;Q4;Contribution to Growth rate in GDP Y-o-Y;Construction;1.74;2022-12
2022;Q4;Contribution to Growth rate in GDP Y-o-Y;Wholesale & Retail Trade, Restaurants & hotels;1.3;2022-12
2022;Q4;Contribution to Growth rate in GDP Y-o-Y;Transport, Storage & Communication;0.6;2022-12
2022;Q4;Contribution to Growth rate in GDP Y-o-Y;Gross Value Added;9.06;2022-12
2023;Q1;Contribution to Growth rate in GDP Y-o-Y;Mining & Quarrying;0.55;2023-03
2023;Q1;Contribution to Growth rate in GDP Y-o-Y;Government Activities;0.15;2023-03
2023;Q2;Contribution to Growth rate in GDP Y-o-Y;Finance, Insurance, Real Estate & Business Services;0.45;2023-06
2023;Q3;Contribution to Growth rate in GDP Y-o-Y;Agriculture, Forestry & Fishing;0.04;2023-09
2023;Q3;Contribution to Growth rate in GDP Y-o-Y;Mining & Quarrying;-5.46;2023-09
2023;Q3;Contribution to Growth rate in GDP Y-o-Y;Mining & Quarrying : Crude Petroleum & Natural Gas;-5.46;2023-09
2023;Q3;Contribution to Growth rate in GDP Y-o-Y;Wholesale & Retail Trade, Restaurants & hotels;0.64;2023-09
2023;Q3;Contribution to Growth rate in GDP Y-o-Y;Community, Social & Personal Services;0.32;2023-09
2023;Q3;Contribution to Growth rate in GDP Y-o-Y;Government Activities;0.3;2023-09
2023;Q4;Contribution to Growth rate in GDP Y-o-Y;Wholesale & Retail Trade, Restaurants & hotels;0.83;2023-12
2023;Q4;Contribution to Growth rate in GDP Y-o-Y;Government Activities;0.07;2023-12
2024;Q1;Contribution to Growth rate in GDP Y-o-Y;Agriculture, Forestry & Fishing;0.13;2024-03
2024;Q1;Contribution to Growth rate in GDP Y-o-Y;Finance, Insurance, Real Estate & Business Services;0.73;2024-03
2024;Q1;Contribution to Growth rate in GDP Y-o-Y;Government Activities;0.39;2024-03
2024;Q2;Contribution to Growth rate in GDP Y-o-Y;Electricity, Gas and Water;0.16;2024-06
2024;Q2;Contribution to Growth rate in GDP Y-o-Y;Transport, Storage & Communication;0.21;2024-06
2024;Q2;Contribution to Growth rate in GDP Y-o-Y;Finance, Insurance, Real Estate & Business Services : Real Estate;0.21;2024-06
2024;Q2;Contribution to Growth rate in GDP Y-o-Y;Government Activities;0.5;2024-06
2024;Q2;Contribution to Growth rate in GDP Y-o-Y;Gross Value Added;0.99;2024-06
2024;Q3;Contribution to Growth rate in GDP Y-o-Y;Mining & Quarrying : Other Mining & Quarrying;0.02;2024-09
2024;Q3;Contribution to Growth rate in GDP Y-o-Y;Manufacturing;0.49;2024-09
2024;Q3;Contribution to Growth rate in GDP Y-o-Y;Construction;0.45;2024-09
2024;Q3;Contribution to Growth rate in GDP Y-o-Y;Wholesale & Retail Trade, Restaurants & hotels;0.57;2024-09
2024;Q3;Contribution to Growth rate in GDP Y-o-Y;Government Activities;0.48;2024-09
2024;Q3;Contribution to Growth rate in GDP Y-o-Y;Gross Domestic Product;3.91;2024-09
2024;Q4;Contribution to Growth rate in GDP Y-o-Y;Agriculture, Forestry & Fishing;0.06;2024-12
2024;Q4;Contribution to Growth rate in GDP Y-o-Y;Manufacturing : Petroleum Refining;0.75;2024-12
2024;Q4;Contribution to Growth rate in GDP Y-o-Y;Electricity, Gas and Water;0.08;2024-12
2025;Q1;Contribution to Growth rate in GDP Y-o-Y;Wholesale & Retail Trade, Restaurants & hotels;0.9;2025-03
2025;Q1;Contribution to Growth rate in GDP Y-o-Y;Finance, Insurance, Real Estate & Business Services : Finance , Insurance and Business sevices;0.45;2025-03
2025;Q1;Contribution to Growth rate in GDP Y-o-Y;Gross Value Added;3.46;2025-03
2025;Q1;Contribution to Growth rate in GDP Y-o-Y;Net Taxes on Products;0.22;2025-03
2025;Q2;Contribution to Growth rate in GDP Y-o-Y;Mining & Quarrying;0.82;2025-06
2025;Q2;Contribution to Growth rate in GDP Y-o-Y;Mining & Quarrying : Other Mining & Quarrying;0.01;2025-06
2025;Q2;Contribution to Growth rate in GDP Y-o-Y;Manufacturing : Petroleum Refining;0.13;2025-06
2025;Q2;Contribution to Growth rate in GDP Y-o-Y;Construction;0.39;2025-06
2025;Q3;Contribution to Growth rate in GDP Y-o-Y;Mining & Quarrying;1.44;2025-09
2025;Q3;Contribution to Growth rate in GDP Y-o-Y;Finance, Insurance, Real Estate & Business Services;0.52;2025-09
2025;Q3;Contribution to Growth rate in GDP Y-o-Y;Finance, Insurance, Real Estate & Business Services : Real Estate;0.22;2025-09
2025;Q3;Contribution to Growth rate in GDP Y-o-Y;Government Activities;0.16;2025-09
2025;Q3;Contribution to Growth rate in GDP Y-o-Y;Net Taxes on Products;0.2;2025-09
2025;Q4;Contribution to Growth rate in GDP Y-o-Y;Manufacturing;0.74;2025-12
2025;Q4;Contribution to Growth rate in GDP Y-o-Y;Wholesale & Retail Trade, Restaurants & hotels;0.63;2025-12
2025;Q4;Contribution to Growth rate in GDP Y-o-Y;Finance, Insurance, Real Estate & Business Services : Real Estate;0.18;2025-12
2010;Q1;Implicit Price Index (Deflators);Manufacturing : Manufacturing excluding petroleum refining;70.2;2010-03
2010;Q1;Implicit Price Index (Deflators);Electricity, Gas and Water;72.4;2010-03
2010;Q1;Implicit Price Index (Deflators);Construction;59.9;2010-03
2010;Q1;Implicit Price Index (Deflators);Government Activities;63.9;2010-03
2010;Q2;Implicit Price Index (Deflators);Manufacturing : Manufacturing excluding petroleum refining;70.2;2010-06
2010;Q2;Implicit Price Index (Deflators);Transport, Storage & Communication;82.9;2010-06
2010;Q3;Implicit Price Index (Deflators);Manufacturing;57.1;2010-09
2010;Q3;Implicit Price Index (Deflators);Finance, Insurance, Real Estate & Business Services;65.3;2010-09
2010;Q4;Implicit Price Index (Deflators);Mining & Quarrying;94.1;2010-12
2010;Q4;Implicit Price Index (Deflators);Manufacturing;57.1;2010-12
2010;Q4;Implicit Price Index (Deflators);Electricity, Gas and Water;72.4;2010-12
2011;Q1;Implicit Price Index (Deflators);Manufacturing : Petroleum Refining;35.5;2011-03
2011;Q1;Implicit Price Index (Deflators);Construction;64.4;2011-03
2011;Q1;Implicit Price Index (Deflators);Community, Social & Personal Services;81.7;2011-03
2011;Q1;Implicit Price Index (Deflators);Government Activities;66.3;2011-03
2011;Q1;Implicit Price Index (Deflators);Gross Value Added;84.1;2011-03
2011;Q1;Implicit Price Index (Deflators);Gross Domestic Product;80.5;2011-03
2011;Q2;Implicit Price Index (Deflators);Electricity, Gas and Water;75.9;2011-06
2011;Q2;Implicit Price Index (Deflators);Transport, Storage & Communication;83.5;2011-06
2011;Q2;Implicit Price Index (Deflators);Gross Domestic Product;84.5;2011-06
2011;Q3;Implicit Price Index (Deflators);Finance, Insurance, Real Estate & Business Services;69.8;2011-09
2011;Q3;Implicit Price Index (Deflators);Finance, Insurance, Real Estate & Business Services : Real Estate;67.5;2011-09
2011;Q3;Implicit Price Index (Deflators);Finance, Insurance, Real Estate & Business Services : Finance , Insurance and Business sevices;72.7;2011-09
2011;Q3;Implicit Price Index (Deflators);Community, Social & Personal Services;82.7;2011-09
2011;Q3;Implicit Price Index (Deflators);Government Activities;67.6;2011-09
2011;Q4;Implicit Price Index (Deflators);Manufacturing;60.7;2011-12
2011;Q4;Implicit Price Index (Deflators);Gross Value Added;85.6;2011-12
2012;Q1;Implicit Price Index (Deflators);Agriculture, Forestry & Fishing;73.6;2012-03
2012;Q1;Implicit Price Index (Deflators);Gross Value Added;91.6;2012-03
2012;Q1;Implicit Price Index (Deflators);Net Taxes on Products;7.4;2012-03
2012;Q2;Implicit Price Index (Deflators);Agriculture, Forestry & Fishing;73.4;2012-06
2012;Q2;Implicit Price Index (Deflators);Mining & Quarrying;125.1;2012-06
2012;Q2;Implicit Price Index (Deflators);Electricity, Gas and Water;78.5;2012-06
2012;Q2;Implicit Price Index (Deflators);Construction;68.1;2012-06
2012;Q2;Implicit Price Index (Deflators);Finance, Insurance, Real Estate & Business Services;77.2;2012-06
2012;Q2;Implicit Price Index (Deflators);Finance, Insurance, Real Estate & Business Services : Real Estate;78.8;2012-06
2012;Q3;Implicit Price Index (Deflators);Mining & Quarrying : Crude Petroleum & Natural Gas;120.5;2012-09
2012;Q3;Implicit Price Index (Deflators);Mining & Quarrying : Other Mining & Quarrying;75.4;2012-09
2012;Q3;Implicit Price Index (Deflators);Finance, Insurance, Real Estate & Business Services : Real Estate;78.1;2012-09
2012;Q3;Implicit Price Index (Deflators);Net Taxes on Products;11.1;2012-09
2012;Q4;Implicit Price Index (Deflators);Mining & Quarrying : Crude Petroleum & Natural Gas;126.2;2012-12
2012;Q4;Implicit Price Index (Deflators);Electricity, Gas and Water;79.1;2012-12
2012;Q4;Implicit Price Index (Deflators);Wholesale & Retail Trade, Restaurants & hotels;79.5;2012-12
2012;Q4;Implicit Price Index (Deflators);Gross Value Added;88.6;2012-12
2013;Q1;Implicit Price Index (Deflators);Manufacturing;63.5;2013-03
2013;Q1;Implicit Price Index (Deflators);Transport, Storage & Communication;87.8;2013-03
2013;Q1;Implicit Price Index (Deflators);Gross Domestic Product;86.9;2013-03
2013;Q2;Implicit Price Index (Deflators);Agriculture, Forestry & Fishing;74.8;2013-06
2013;Q2;Implicit Price Index (Deflators);Mining & Quarrying : Crude Petroleum & Natural Gas;122.0;2013-06
2013;Q2;Implicit Price Index (Deflators);Electricity, Gas and Water;74.9;2013-06
2013;Q2;Implicit Price Index (Deflators);Transport, Storage & Communication;87.5;2013-06
2013;Q2;Implicit Price Index (Deflators);Finance, Insurance, Real Estate & Business Services;82.3;2013-06
2013;Q3;Implicit Price Index (Deflators);Mining & Quarrying : Other Mining & Quarrying;78.9;2013-09
2013;Q3;Implicit Price Index (Deflators);Manufacturing : Manufacturing excluding petroleum refining;78.5;2013-09
2013;Q3;Implicit Price Index (Deflators);Wholesale & Retail Trade, Restaurants & hotels;92.1;2013-09
2013;Q3;Implicit Price Index (Deflators);Finance, Insurance, Real Estate & Business Services : Finance , Insurance and Business sevices;78.8;2013-09
2013;Q4;Implicit Price Index (Deflators);Manufacturing;64.1;2013-12
2013;Q4;Implicit Price Index (Deflators);Net Taxes on Products;11.0;2013-12
2014;Q1;Implicit Price Index (Deflators);Electricity, Gas and Water;83.3;2014-03
2014;Q1;Implicit Price Index (Deflators);Gross Value Added;91.1;2014-03
2014;Q2;Implicit Price Index (Deflators);Mining & Quarrying : Other Mining & Quarrying;80.9;2014-06
2014;Q3;Implicit Price Index (Deflators);Mining & Quarrying;110.3;2014-09
2014;Q3;Implicit Price Index (Deflators);Electricity, Gas and Water;81.2;2014-09
2014;Q3;Implicit Price Index (Deflators);Finance, Insurance, Real Estate & Business Services;87.6;2014-09
2014;Q3;Implicit Price Index (Deflators);Finance, Insurance, Real Estate & Business Services : Real Estate;91.9;2014-09
2014;Q3;Implicit Price Index (Deflators);Community, Social & Personal Services;89.0;2014-09
2014;Q4;Implicit Price Index (Deflators);Agriculture, Forestry & Fishing;80.4;2014-12
2014;Q4;Implicit Price Index (Deflators);Mining & Quarrying;84.9;2014-12
2014;Q4;Implicit Price Index (Deflators);Manufacturing : Manufacturing excluding petroleum refining;81.1;2014-12
2014;Q4;Implicit Price Index (Deflators);Finance, Insurance, Real Estate & Business Services : Real Estate;90.4;2014-12
2014;Q4;Implicit Price Index (Deflators);Community, Social & Personal Services;89.7;2014-12
2015;Q1;Implicit Price Index (Deflators);Government Activities;96.9;2015-03
2015;Q2;Implicit Price Index (Deflators);Mining & Quarrying;64.7;2015-06
2015;Q2;Implicit Price Index (Deflators);Mining & Quarrying : Crude Petroleum & Natural Gas;64.4;2015-06
2015;Q2;Implicit Price Index (Deflators);Manufacturing;64.5;2015-06
2015;Q2;Implicit Price Index (Deflators);Manufacturing : Petroleum Refining;31.5;2015-06
2015;Q2;Implicit Price Index (Deflators);Construction;80.1;2015-06
2015;Q2;Implicit Price Index (Deflators);Finance, Insurance, Real Estate & Business Services : Finance , Insurance and Business sevices;85.7;2015-06
2015;Q2;Implicit Price Index (Deflators);Net Taxes on Products;9.0;2015-06
2015;Q2;Implicit Price Index (Deflators);Gross Domestic Product;75.0;2015-06
2015;Q3;Implicit Price Index (Deflators);Manufacturing : Manufacturing excluding petroleum refining;81.6;2015-09
2015;Q4;Implicit Price Index (Deflators);Construction;78.0;2015-12
2015;Q4;Implicit Price Index (Deflators);Gross Value Added;66.6;2015-12
2015;Q4;Implicit Price Index (Deflators);Net Taxes on Products;17.6;2015-12
2016;Q1;Implicit Price Index (Deflators);Agriculture, Forestry & Fishing;78.1;2016-03
2016;Q1;Implicit Price Index (Deflators);Mining & Quarrying;35.6;2016-03
2016;Q1;Implicit Price Index (Deflators);Electricity, Gas and Water;90.7;2016-03
2016;Q1;Implicit Price Index (Deflators);Construction;80.8;2016-03
2016;Q1;Implicit Price Index (Deflators);Transport, Storage & Communication;90.2;2016-03
2016;Q1;Implicit Price Index (Deflators);Government Activities;86.7;2016-03
2016;Q1;Implicit Price Index (Deflators);Net Taxes on Products;7.3;2016-03
2016;Q1;Implicit Price Index (Deflators);Gross Domestic Product;65.0;2016-03
2016;Q2;Implicit Price Index (Deflators);Agriculture, Forestry & Fishing;76.9;2016-06
2016;Q2;Implicit Price Index (Deflators);Mining & Quarrying;49.8;2016-06
2016;Q2;Implicit Price Index (Deflators);Mining & Quarrying : Crude Petroleum & Natural Gas;49.3;2016-06
2016;Q2;Implicit Price Index (Deflators);Mining & Quarrying : Other Mining & Quarrying;84.6;2016-06
2016;Q2;Implicit Price Index (Deflators);Finance, Insurance, Real Estate & Business Services : Real Estate;97.0;2016-06
2016;Q3;Implicit Price Index (Deflators);Construction;81.4;2016-09
2016;Q3;Implicit Price Index (Deflators);Wholesale & Retail Trade, Restaurants & hotels;90.9;2016-09
2016;Q3;Implicit Price Index (Deflators);Community, Social & Personal Services;92.0;2016-09
2016;Q3;Implicit Price Index (Deflators);Gross Value Added;73.6;2016-09
2016;Q4;Implicit Price Index (Deflators);Mining & Quarrying;55.8;2016-12
2016;Q4;Implicit Price Index (Deflators);Mining & Quarrying : Crude Petroleum & Natural Gas;55.4;2016-12
2016;Q4;Implicit Price Index (Deflators);Manufacturing : Petroleum Refining;25.4;2016-12
2016;Q4;Implicit Price Index (Deflators);Finance, Insurance, Real Estate & Business Services : Real Estate;96.6;2016-12
2016;Q4;Implicit Price Index (Deflators);Community, Social & Personal Services;92.5;2016-12
2016;Q4;Implicit Price Index (Deflators);Government Activities;81.1;2016-12
2017;Q1;Implicit Price Index (Deflators);Mining & Quarrying : Other Mining & Quarrying;86.9;2017-03
2017;Q1;Implicit Price Index (Deflators);Gross Value Added;74.9;2017-03
2017;Q2;Implicit Price Index (Deflators);Mining & Quarrying : Other Mining & Quarrying;87.0;2017-06
2017;Q2;Implicit Price Index (Deflators);Construction;82.8;2017-06
2017;Q2;Implicit Price Index (Deflators);Net Taxes on Products;14.0;2017-06
2017;Q3;Implicit Price Index (Deflators);Electricity, Gas and Water;84.6;2017-09
2017;Q3;Implicit Price Index (Deflators);Wholesale & Retail Trade, Restaurants & hotels;91.9;2017-09
2017;Q3;Implicit Price Index (Deflators);Net Taxes on Products;17.7;2017-09
2017;Q4;Implicit Price Index (Deflators);Mining & Quarrying;69.0;2017-12
2017;Q4;Implicit Price Index (Deflators);Mining & Quarrying : Crude Petroleum & Natural Gas;68.7;2017-12
2017;Q4;Implicit Price Index (Deflators);Mining & Quarrying : Other Mining & Quarrying;81.4;2017-12
2017;Q4;Implicit Price Index (Deflators);Finance, Insurance, Real Estate & Business Services : Finance , Insurance and Business sevices;82.9;2017-12
2017;Q4;Implicit Price Index (Deflators);Community, Social & Personal Services;92.6;2017-12
2017;Q4;Implicit Price Index (Deflators);Government Activities;84.0;2017-12
2018;Q1;Implicit Price Index (Deflators);Manufacturing : Petroleum Refining;47.3;2018-03
2018;Q1;Implicit Price Index (Deflators);Finance, Insurance, Real Estate & Business Services : Real Estate;97.6;2018-03
2018;Q1;Implicit Price Index (Deflators);Finance, Insurance, Real Estate & Business Services : Finance , Insurance and Business sevices;86.0;2018-03
2018;Q1;Implicit Price Index (Deflators);Community, Social & Personal Services;93.0;2018-03
2018;Q2;Implicit Price Index (Deflators);Transport, Storage & Communication;91.2;2018-06
2018;Q3;Implicit Price Index (Deflators);Mining & Quarrying : Crude Petroleum & Natural Gas;92.3;2018-09
2018;Q3;Implicit Price Index (Deflators);Construction;79.2;2018-09
2018;Q3;Implicit Price Index (Deflators);Transport, Storage & Communication;92.6;2018-09
2018;Q3;Implicit Price Index (Deflators);Government Activities;103.9;2018-09
2018;Q3;Implicit Price Index (Deflators);Net Taxes on Products;55.9;2018-09
2018;Q3;Implicit Price Index (Deflators);Gross Domestic Product;87.6;2018-09
2018;Q4;Implicit Price Index (Deflators);Mining & Quarrying : Other Mining & Quarrying;85.5;2018-12
2018;Q4;Implicit Price Index (Deflators);Manufacturing : Petroleum Refining;48.2;2018-12
2018;Q4;Implicit Price Index (Deflators);Wholesale & Retail Trade, Restaurants & hotels;88.5;2018-12
2018;Q4;Implicit Price Index (Deflators);Finance, Insurance, Real Estate & Business Services : Finance , Insurance and Business sevices;85.7;2018-12
2018;Q4;Implicit Price Index (Deflators);Gross Value Added;86.5;2018-12
2019;Q1;Implicit Price Index (Deflators);Agriculture, Forestry & Fishing;78.2;2019-03
2019;Q1;Implicit Price Index (Deflators);Manufacturing : Manufacturing excluding petroleum refining;87.5;2019-03
2019;Q1;Implicit Price Index (Deflators);Finance, Insurance, Real Estate & Business Services;92.1;2019-03
2019;Q2;Implicit Price Index (Deflators);Electricity, Gas and Water;97.1;2019-06
2019;Q2;Implicit Price Index (Deflators);Finance, Insurance, Real Estate & Business Services;92.9;2019-06
2019;Q3;Implicit Price Index (Deflators);Mining & Quarrying : Crude Petroleum & Natural Gas;80.8;2019-09
2019;Q3;Implicit Price Index (Deflators);Mining & Quarrying : Other Mining & Quarrying;92.5;2019-09
2019;Q3;Implicit Price Index (Deflators);Wholesale & Retail Trade, Restaurants & hotels;96.4;2019-09
2019;Q4;Implicit Price Index (Deflators);Manufacturing : Petroleum Refining;44.4;2019-12
2019;Q4;Implicit Price Index (Deflators);Wholesale & Retail Trade, Restaurants & hotels;90.3;2019-12
2019;Q4;Implicit Price Index (Deflators);Community, Social & Personal Services;99.6;2019-12
2019;Q4;Implicit Price Index (Deflators);Government Activities;92.3;2019-12
2019;Q4;Implicit Price Index (Deflators);Gross Domestic Product;83.7;2019-12
2020;Q1;Implicit Price Index (Deflators);Manufacturing : Manufacturing excluding petroleum refining;85.8;2020-03
2020;Q1;Implicit Price Index (Deflators);Transport, Storage & Communication;93.0;2020-03
2020;Q1;Implicit Price Index (Deflators);Finance, Insurance, Real Estate & Business Services : Real Estate;95.3;2020-03
2020;Q2;Implicit Price Index (Deflators);Gross Value Added;72.1;2020-06
2020;Q3;Implicit Price Index (Deflators);Manufacturing : Manufacturing excluding petroleum refining;85.6;2020-09
2020;Q4;Implicit Price Index (Deflators);Mining & Quarrying : Other Mining & Quarrying;92.1;2020-12
2021;Q1;Implicit Price Index (Deflators);Agriculture, Forestry & Fishing;83.1;2021-03
2021;Q2;Implicit Price Index (Deflators);Electricity, Gas and Water;91.6;2021-06
2021;Q2;Implicit Price Index (Deflators);Finance, Insurance, Real Estate & Business Services;90.8;2021-06
2021;Q3;Implicit Price Index (Deflators);Mining & Quarrying;94.0;2021-09
2021;Q3;Implicit Price Index (Deflators);Manufacturing;83.5;2021-09
2021;Q3;Implicit Price Index (Deflators);Manufacturing : Petroleum Refining;62.3;2021-09
2021;Q3;Implicit Price Index (Deflators);Finance, Insurance, Real Estate & Business Services : Real Estate;91.1;2021-09
2021;Q3;Implicit Price Index (Deflators);Government Activities;105.6;2021-09
2021;Q4;Implicit Price Index (Deflators);Transport, Storage & Communication;95.1;2021-12
2021;Q4;Implicit Price Index (Deflators);Finance, Insurance, Real Estate & Business Services : Real Estate;91.4;2021-12
2021;Q4;Implicit Price Index (Deflators);Finance, Insurance, Real Estate & Business Services : Finance , Insurance and Business sevices;90.6;2021-12
2021;Q4;Implicit Price Index (Deflators);Net Taxes on Products;108.5;2021-12
2022;Q1;Implicit Price Index (Deflators);Mining & Quarrying;116.5;2022-03
2022;Q1;Implicit Price Index (Deflators);Finance, Insurance, Real Estate & Business Services;93.4;2022-03
2022;Q1;Implicit Price Index (Deflators);Community, Social & Personal Services;98.6;2022-03
2022;Q2;Implicit Price Index (Deflators);Manufacturing;96.4;2022-06
2022;Q2;Implicit Price Index (Deflators);Manufacturing : Petroleum Refining;96.5;2022-06
2022;Q2;Implicit Price Index (Deflators);Construction;93.5;2022-06
2022;Q3;Implicit Price Index (Deflators);Transport, Storage & Communication;97.1;2022-09
2022;Q3;Implicit Price Index (Deflators);Government Activities;105.4;2022-09
2022;Q4;Implicit Price Index (Deflators);Wholesale & Retail Trade, Restaurants & hotels;98.3;2022-12
2023;Q1;Implicit Price Index (Deflators);Manufacturing : Manufacturing excluding petroleum refining;97.8;2023-03
2023;Q1;Implicit Price Index (Deflators);Wholesale & Retail Trade, Restaurants & hotels;100.0;2023-03
2023;Q1;Implicit Price Index (Deflators);Net Taxes on Products;102.6;2023-03
2023;Q2;Implicit Price Index (Deflators);Mining & Quarrying : Crude Petroleum & Natural Gas;91.1;2023-06
2023;Q2;Implicit Price Index (Deflators);Gross Domestic Product;99.3;2023-06
2023;Q3;Implicit Price Index (Deflators);Mining & Quarrying;107.9;2023-09
2023;Q3;Implicit Price Index (Deflators);Manufacturing : Petroleum Refining;94.1;2023-09
2023;Q3;Implicit Price Index (Deflators);Transport, Storage & Communication;100.0;2023-09
2023;Q3;Implicit Price Index (Deflators);Gross Value Added;101.6;2023-09
2023;Q3;Implicit Price Index (Deflators);Net Taxes on Products;105.5;2023-09
2023;Q4;Implicit Price Index (Deflators);Mining & Quarrying : Crude Petroleum & Natural Gas;102.8;2023-12
2023;Q4;Implicit Price Index (Deflators);Wholesale & Retail Trade, Restaurants & hotels;96.5;2023-12
2023;Q4;Implicit Price Index (Deflators);Transport, Storage & Communication;100.4;2023-12
2024;Q1;Implicit Price Index (Deflators);Mining & Quarrying;98.8;2024-03
2024;Q1;Implicit Price Index (Deflators);Mining & Quarrying : Other Mining & Quarrying;96.2;2024-03
2024;Q1;Implicit Price Index (Deflators);Construction;101.8;2024-03
2024;Q1;Implicit Price Index (Deflators);Transport, Storage & Communication;101.3;2024-03
2024;Q1;Implicit Price Index (Deflators);Community, Social & Personal Services;99.7;2024-03
2024;Q2;Implicit Price Index (Deflators);Mining & Quarrying;101.5;2024-06
2024;Q2;Implicit Price Index (Deflators);Construction;101.9;2024-06
2024;Q2;Implicit Price Index (Deflators);Transport, Storage & Communication;100.4;2024-06
2024;Q2;Implicit Price Index (Deflators);Finance, Insurance, Real Estate & Business Services;104.6;2024-06
2024;Q2;Implicit Price Index (Deflators);Finance, Insurance, Real Estate & Business Services : Finance , Insurance and Business sevices;104.4;2024-06
2024;Q2;Implicit Price Index (Deflators);Government Activities;112.1;2024-06
2024;Q2;Implicit Price Index (Deflators);Net Taxes on Products;104.3;2024-06
2024;Q3;Implicit Price Index (Deflators);Manufacturing : Petroleum Refining;96.3;2024-09
2024;Q3;Implicit Price Index (Deflators);Manufacturing : Manufacturing excluding petroleum refining;97.0;2024-09
2024;Q3;Implicit Price Index (Deflators);Finance, Insurance, Real Estate & Business Services : Real Estate;111.3;2024-09
2024;Q4;Implicit Price Index (Deflators);Gross Value Added;97.2;2024-12
2024;Q4;Implicit Price Index (Deflators);Net Taxes on Products;110.9;2024-12
2025;Q1;Implicit Price Index (Deflators);Manufacturing;93.1;2025-03
2025;Q1;Implicit Price Index (Deflators);Manufacturing : Petroleum Refining;84.0;2025-03
2025;Q1;Implicit Price Index (Deflators);Transport, Storage & Communication;101.0;2025-03
2025;Q1;Implicit Price Index (Deflators);Gross Value Added;99.6;2025-03
2025;Q1;Implicit Price Index (Deflators);Net Taxes on Products;99.6;2025-03
2025;Q2;Implicit Price Index (Deflators);Mining & Quarrying : Other Mining & Quarrying;100.9;2025-06
2025;Q3;Implicit Price Index (Deflators);Mining & Quarrying;81.3;2025-09
2025;Q3;Implicit Price Index (Deflators);Government Activities;110.8;2025-09
2025;Q4;Implicit Price Index (Deflators);Mining & Quarrying : Other Mining & Quarrying;100.0;2025-12
2025;Q4;Implicit Price Index (Deflators);Community, Social & Personal Services;100.8;2025-12
2025;Q4;Implicit Price Index (Deflators);Net Taxes on Products;107.0;2025-12
2010;Q1;Index;Wholesale & Retail Trade, Restaurants & hotels;44.4;2010-03
2010;Q1;Index;Finance, Insurance, Real Estate & Business Services;56.8;2010-03
2010;Q2;Index;Wholesale & Retail Trade, Restaurants & hotels;42.7;2010-06
2010;Q2;Index;Net Taxes on Products;65.7;2010-06
2010;Q3;Index;Agriculture, Forestry & Fishing;69.5;2010-09
2010;Q3;Index;Wholesale & Retail Trade, Restaurants & hotels;47.4;2010-09
2010;Q3;Index;Finance, Insurance, Real Estate & Business Services : Real Estate;57.3;2010-09
2010;Q3;Index;Gross Value Added;59.3;2010-09
2010;Q3;Index;Net Taxes on Products;64.2;2010-09
2010;Q4;Index;Agriculture, Forestry & Fishing;56.5;2010-12
2010;Q4;Index;Manufacturing;51.4;2010-12
2010;Q4;Index;Manufacturing : Petroleum Refining;78.1;2010-12
2010;Q4;Index;Electricity, Gas and Water;40.2;2010-12
2010;Q4;Index;Transport, Storage & Communication;48.9;2010-12
2010;Q4;Index;Finance, Insurance, Real Estate & Business Services;54.2;2010-12
2010;Q4;Index;Finance, Insurance, Real Estate & Business Services : Real Estate;57.5;2010-12
2011;Q1;Index;Transport, Storage & Communication;57.7;2011-03
2011;Q1;Index;Finance, Insurance, Real Estate & Business Services;56.8;2011-03
2011;Q1;Index;Finance, Insurance, Real Estate & Business Services : Real Estate;63.0;2011-03
2011;Q1;Index;Net Taxes on Products;64.5;2011-03
2011;Q1;Index;Gross Domestic Product;65.0;2011-03
2011;Q2;Index;Agriculture, Forestry & Fishing;70.3;2011-06
2011;Q2;Index;Construction;51.6;2011-06
2011;Q2;Index;Finance, Insurance, Real Estate & Business Services : Finance , Insurance and Business sevices;49.4;2011-06
2011;Q2;Index;Net Taxes on Products;77.8;2011-06
2011;Q3;Index;Manufacturing : Manufacturing excluding petroleum refining;54.5;2011-09
2011;Q3;Index;Community, Social & Personal Services;32.7;2011-09
2011;Q4;Index;Manufacturing;57.3;2011-12
2011;Q4;Index;Manufacturing : Manufacturing excluding petroleum refining;51.2;2011-12
2011;Q4;Index;Finance, Insurance, Real Estate & Business Services;54.5;2011-12
2011;Q4;Index;Gross Value Added;71.4;2011-12
2012;Q1;Index;Mining & Quarrying : Crude Petroleum & Natural Gas;100.5;2012-03
2012;Q1;Index;Government Activities;75.4;2012-03
2012;Q2;Index;Wholesale & Retail Trade, Restaurants & hotels;53.3;2012-06
2012;Q2;Index;Net Taxes on Products;93.0;2012-06
2012;Q3;Index;Agriculture, Forestry & Fishing;75.6;2012-09
2012;Q3;Index;Mining & Quarrying : Other Mining & Quarrying;71.0;2012-09
2012;Q3;Index;Manufacturing;59.6;2012-09
2012;Q3;Index;Manufacturing : Petroleum Refining;72.5;2012-09
2012;Q3;Index;Manufacturing : Manufacturing excluding petroleum refining;54.0;2012-09
2012;Q3;Index;Government Activities;75.6;2012-09
2012;Q4;Index;Agriculture, Forestry & Fishing;61.6;2012-12
2012;Q4;Index;Mining & Quarrying : Other Mining & Quarrying;60.7;2012-12
2012;Q4;Index;Net Taxes on Products;87.5;2012-12
2013;Q1;Index;Mining & Quarrying : Crude Petroleum & Natural Gas;92.5;2013-03
2013;Q1;Index;Manufacturing;63.7;2013-03
2013;Q1;Index;Wholesale & Retail Trade, Restaurants & hotels;65.5;2013-03
2013;Q1;Index;Finance, Insurance, Real Estate & Business Services : Real Estate;76.7;2013-03
2013;Q2;Index;Mining & Quarrying : Crude Petroleum & Natural Gas;96.8;2013-06
2013;Q2;Index;Finance, Insurance, Real Estate & Business Services : Real Estate;74.7;2013-06
2013;Q3;Index;Manufacturing;63.4;2013-09
2013;Q3;Index;Electricity, Gas and Water;114.1;2013-09
2013;Q3;Index;Construction;60.1;2013-09
2013;Q3;Index;Gross Value Added;74.6;2013-09
2013;Q3;Index;Net Taxes on Products;91.6;2013-09
2013;Q4;Index;Agriculture, Forestry & Fishing;58.3;2013-12
2013;Q4;Index;Mining & Quarrying : Other Mining & Quarrying;64.3;2013-12
2013;Q4;Index;Government Activities;99.8;2013-12
2014;Q1;Index;Mining & Quarrying;98.4;2014-03
2014;Q1;Index;Construction;63.1;2014-03
2014;Q1;Index;Transport, Storage & Communication;70.6;2014-03
2014;Q1;Index;Finance, Insurance, Real Estate & Business Services;69.1;2014-03
2014;Q1;Index;Gross Domestic Product;76.7;2014-03
2014;Q2;Index;Transport, Storage & Communication;66.8;2014-06
2014;Q2;Index;Community, Social & Personal Services;46.6;2014-06
2014;Q3;Index;Mining & Quarrying;99.9;2014-09
2014;Q3;Index;Electricity, Gas and Water;117.1;2014-09
2014;Q3;Index;Gross Value Added;76.4;2014-09
2014;Q4;Index;Mining & Quarrying : Other Mining & Quarrying;66.4;2014-12
2014;Q4;Index;Manufacturing;70.3;2014-12
2014;Q4;Index;Wholesale & Retail Trade, Restaurants & hotels;69.1;2014-12
2014;Q4;Index;Government Activities;100.0;2014-12
2015;Q1;Index;Community, Social & Personal Services;54.0;2015-03
2015;Q2;Index;Mining & Quarrying;105.2;2015-06
2015;Q2;Index;Manufacturing : Manufacturing excluding petroleum refining;69.5;2015-06
2015;Q2;Index;Finance, Insurance, Real Estate & Business Services : Finance , Insurance and Business sevices;60.9;2015-06
2015;Q2;Index;Net Taxes on Products;98.1;2015-06
2015;Q3;Index;Manufacturing : Manufacturing excluding petroleum refining;69.9;2015-09
2015;Q3;Index;Transport, Storage & Communication;66.5;2015-09
2015;Q3;Index;Gross Domestic Product;80.0;2015-09
2015;Q4;Index;Agriculture, Forestry & Fishing;69.7;2015-12
2015;Q4;Index;Manufacturing : Petroleum Refining;95.3;2015-12
2015;Q4;Index;Finance, Insurance, Real Estate & Business Services;70.9;2015-12
2015;Q4;Index;Government Activities;100.2;2015-12
2016;Q1;Index;Mining & Quarrying : Other Mining & Quarrying;81.2;2016-03
2016;Q1;Index;Manufacturing : Manufacturing excluding petroleum refining;73.0;2016-03
2016;Q1;Index;Transport, Storage & Communication;75.6;2016-03
2016;Q1;Index;Finance, Insurance, Real Estate & Business Services : Real Estate;83.8;2016-03
2016;Q1;Index;Government Activities;93.6;2016-03
2016;Q2;Index;Wholesale & Retail Trade, Restaurants & hotels;64.0;2016-06
2016;Q2;Index;Transport, Storage & Communication;73.2;2016-06
2016;Q2;Index;Government Activities;83.9;2016-06
2016;Q2;Index;Net Taxes on Products;80.7;2016-06
2016;Q3;Index;Mining & Quarrying;108.7;2016-09
2016;Q3;Index;Wholesale & Retail Trade, Restaurants & hotels;67.8;2016-09
2016;Q3;Index;Finance, Insurance, Real Estate & Business Services;68.9;2016-09
2016;Q3;Index;Finance, Insurance, Real Estate & Business Services : Finance , Insurance and Business sevices;58.3;2016-09
2016;Q3;Index;Community, Social & Personal Services;55.5;2016-09
2016;Q3;Index;Gross Domestic Product;80.3;2016-09
2016;Q4;Index;Agriculture, Forestry & Fishing;74.5;2016-12
2016;Q4;Index;Manufacturing : Manufacturing excluding petroleum refining;68.7;2016-12
2016;Q4;Index;Transport, Storage & Communication;77.7;2016-12
2016;Q4;Index;Gross Value Added;84.2;2016-12
2017;Q1;Index;Wholesale & Retail Trade, Restaurants & hotels;69.2;2017-03
2017;Q3;Index;Construction;63.8;2017-09
2017;Q4;Index;Manufacturing;79.0;2017-12
2017;Q4;Index;Manufacturing : Petroleum Refining;107.0;2017-12
2017;Q4;Index;Electricity, Gas and Water;63.7;2017-12
2018;Q1;Index;Mining & Quarrying : Other Mining & Quarrying;90.6;2018-03
2018;Q1;Index;Finance, Insurance, Real Estate & Business Services : Finance , Insurance and Business sevices;62.5;2018-03
2018;Q1;Index;Community, Social & Personal Services;65.6;2018-03
2018;Q1;Index;Gross Value Added;84.3;2018-03
2018;Q1;Index;Net Taxes on Products;72.3;2018-03
2018;Q2;Index;Agriculture, Forestry & Fishing;96.2;2018-06
2018;Q2;Index;Community, Social & Personal Services;66.1;2018-06
2018;Q2;Index;Gross Domestic Product;83.9;2018-06
2018;Q3;Index;Agriculture, Forestry & Fishing;97.9;2018-09
2018;Q3;Index;Manufacturing : Petroleum Refining;105.0;2018-09
2018;Q3;Index;Electricity, Gas and Water;149.1;2018-09
2018;Q3;Index;Finance, Insurance, Real Estate & Business Services : Finance , Insurance and Business sevices;65.0;2018-09
2018;Q3;Index;Government Activities;79.6;2018-09
2018;Q4;Index;Manufacturing;79.5;2018-12
2018;Q4;Index;Electricity, Gas and Water;58.9;2018-12
2018;Q4;Index;Wholesale & Retail Trade, Restaurants & hotels;76.0;2018-12
2018;Q4;Index;Gross Value Added;89.5;2018-12
2018;Q4;Index;Net Taxes on Products;78.1;2018-12
2019;Q1;Index;Manufacturing;84.2;2019-03
2019;Q1;Index;Manufacturing : Petroleum Refining;99.5;2019-03
2019;Q1;Index;Transport, Storage & Communication;87.8;2019-03
2019;Q2;Index;Mining & Quarrying;100.7;2019-06
2019;Q2;Index;Wholesale & Retail Trade, Restaurants & hotels;70.6;2019-06
2019;Q2;Index;Transport, Storage & Communication;83.9;2019-06
2019;Q2;Index;Finance, Insurance, Real Estate & Business Services;80.7;2019-06
2019;Q2;Index;Finance, Insurance, Real Estate & Business Services : Finance , Insurance and Business sevices;72.9;2019-06
2019;Q3;Index;Wholesale & Retail Trade, Restaurants & hotels;78.5;2019-09
2019;Q3;Index;Finance, Insurance, Real Estate & Business Services : Finance , Insurance and Business sevices;71.2;2019-09
2019;Q3;Index;Government Activities;83.3;2019-09
2019;Q3;Index;Gross Domestic Product;85.5;2019-09
2019;Q4;Index;Mining & Quarrying : Crude Petroleum & Natural Gas;104.4;2019-12
2019;Q4;Index;Transport, Storage & Communication;87.1;2019-12
2020;Q1;Index;Manufacturing;78.7;2020-03
2020;Q1;Index;Finance, Insurance, Real Estate & Business Services : Real Estate;93.7;2020-03
2020;Q1;Index;Government Activities;97.3;2020-03
2020;Q1;Index;Net Taxes on Products;82.9;2020-03
2020;Q2;Index;Mining & Quarrying : Crude Petroleum & Natural Gas;96.5;2020-06
2020;Q2;Index;Manufacturing;76.5;2020-06
2020;Q2;Index;Electricity, Gas and Water;90.7;2020-06
2020;Q2;Index;Transport, Storage & Communication;64.5;2020-06
2020;Q3;Index;Agriculture, Forestry & Fishing;103.7;2020-09
2020;Q3;Index;Wholesale & Retail Trade, Restaurants & hotels;74.9;2020-09
2020;Q3;Index;Community, Social & Personal Services;72.5;2020-09
2020;Q4;Index;Government Activities;103.9;2020-12
2020;Q4;Index;Gross Domestic Product;87.0;2020-12
2021;Q1;Index;Mining & Quarrying : Other Mining & Quarrying;106.9;2021-03
2021;Q1;Index;Finance, Insurance, Real Estate & Business Services;84.6;2021-03
2021;Q1;Index;Government Activities;99.1;2021-03
2021;Q2;Index;Electricity, Gas and Water;97.7;2021-06
2021;Q2;Index;Finance, Insurance, Real Estate & Business Services : Finance , Insurance and Business sevices;77.3;2021-06
2021;Q3;Index;Manufacturing;85.7;2021-09
2021;Q3;Index;Government Activities;86.8;2021-09
2021;Q3;Index;Gross Domestic Product;89.3;2021-09
2021;Q4;Index;Manufacturing : Manufacturing excluding petroleum refining;85.8;2021-12
2021;Q4;Index;Net Taxes on Products;85.8;2021-12
2022;Q1;Index;Agriculture, Forestry & Fishing;93.7;2022-03
2022;Q1;Index;Mining & Quarrying : Crude Petroleum & Natural Gas;103.9;2022-03
2022;Q1;Index;Manufacturing : Manufacturing excluding petroleum refining;95.9;2022-03
2022;Q1;Index;Finance, Insurance, Real Estate & Business Services : Real Estate;99.4;2022-03
2022;Q1;Index;Gross Domestic Product;96.2;2022-03
2022;Q2;Index;Manufacturing;102.3;2022-06
2022;Q2;Index;Manufacturing : Petroleum Refining;107.7;2022-06
2022;Q2;Index;Manufacturing : Manufacturing excluding petroleum refining;99.0;2022-06
2022;Q2;Index;Finance, Insurance, Real Estate & Business Services : Finance , Insurance and Business sevices;85.9;2022-06
2022;Q2;Index;Government Activities;89.8;2022-06
2022;Q3;Index;Mining & Quarrying;116.4;2022-09
2022;Q3;Index;Finance, Insurance, Real Estate & Business Services : Real Estate;94.8;2022-09
2022;Q3;Index;Gross Domestic Product;100.9;2022-09
2022;Q4;Index;Agriculture, Forestry & Fishing;87.8;2022-12
2022;Q4;Index;Manufacturing : Manufacturing excluding petroleum refining;94.3;2022-12
2022;Q4;Index;Wholesale & Retail Trade, Restaurants & hotels;96.7;2022-12
2022;Q4;Index;Finance, Insurance, Real Estate & Business Services : Real Estate;98.3;2022-12
2023;Q1;Index;Manufacturing;102.6;2023-03
2023;Q1;Index;Finance, Insurance, Real Estate & Business Services : Finance , Insurance and Business sevices;89.2;2023-03
2023;Q2;Index;Agriculture, Forestry & Fishing;98.9;2023-06
2023;Q2;Index;Mining & Quarrying;104.7;2023-06
2023;Q2;Index;Construction;94.0;2023-06
2023;Q2;Index;Wholesale & Retail Trade, Restaurants & hotels;97.6;2023-06
2023;Q2;Index;Community, Social & Personal Services;98.6;2023-06
2023;Q3;Index;Mining & Quarrying : Crude Petroleum & Natural Gas;95.4;2023-09
2023;Q3;Index;Transport, Storage & Communication;94.7;2023-09
2023;Q3;Index;Net Taxes on Products;101.4;2023-09
2023;Q3;Index;Gross Domestic Product;98.3;2023-09
2023;Q4;Index;Manufacturing : Petroleum Refining;93.6;2023-12
2023;Q4;Index;Community, Social & Personal Services;101.1;2023-12
2024;Q1;Index;Mining & Quarrying;92.8;2024-03
2024;Q1;Index;Mining & Quarrying : Other Mining & Quarrying;120.2;2024-03
2024;Q1;Index;Manufacturing;106.7;2024-03
2024;Q1;Index;Manufacturing : Petroleum Refining;98.5;2024-03
2024;Q1;Index;Electricity, Gas and Water;48.5;2024-03
2024;Q1;Index;Wholesale & Retail Trade, Restaurants & hotels;106.2;2024-03
2024;Q1;Index;Net Taxes on Products;102.8;2024-03
2024;Q2;Index;Finance, Insurance, Real Estate & Business Services;104.0;2024-06
2024;Q2;Index;Net Taxes on Products;102.1;2024-06
2024;Q3;Index;Mining & Quarrying : Other Mining & Quarrying;103.6;2024-09
2024;Q4;Index;Agriculture, Forestry & Fishing;99.5;2024-12
2024;Q4;Index;Mining & Quarrying;94.3;2024-12
2024;Q4;Index;Manufacturing;102.9;2024-12
2024;Q4;Index;Manufacturing : Petroleum Refining;107.9;2024-12
2024;Q4;Index;Wholesale & Retail Trade, Restaurants & hotels;112.0;2024-12
2024;Q4;Index;Transport, Storage & Communication;115.4;2024-12
2024;Q4;Index;Finance, Insurance, Real Estate & Business Services;112.7;2024-12
2025;Q1;Index;Agriculture, Forestry & Fishing;106.9;2025-03
2025;Q1;Index;Net Taxes on Products;107.0;2025-03
2025;Q2;Index;Agriculture, Forestry & Fishing;109.4;2025-06
2025;Q2;Index;Mining & Quarrying;96.6;2025-06
2025;Q3;Index;Mining & Quarrying : Crude Petroleum & Natural Gas;102.4;2025-09
2025;Q3;Index;Finance, Insurance, Real Estate & Business Services;113.8;2025-09
2025;Q3;Index;Community, Social & Personal Services;106.5;2025-09
2025;Q4;Index;Manufacturing;107.8;2025-12
2025;Q4;Index;Manufacturing : Petroleum Refining;113.3;2025-12
2025;Q4;Index;Manufacturing : Manufacturing excluding petroleum refining;105.2;2025-12
2025;Q4;Index;Finance, Insurance, Real Estate & Business Services;117.2;2025-12
2025;Q4;Index;Finance, Insurance, Real Estate & Business Services : Real Estate;106.6;2025-12
2025;Q4;Index;Finance, Insurance, Real Estate & Business Services : Finance , Insurance and Business sevices;126.7;2025-12
2010;Q1;Million of Saudi Riyals;Electricity, Gas and Water;4027.0;2010-03
2010;Q1;Million of Saudi Riyals;Transport, Storage & Communication;31173.0;2010-03
2010;Q1;Million of Saudi Riyals;Finance, Insurance, Real Estate & Business Services : Real Estate;35551.0;2010-03
2010;Q1;Million of Saudi Riyals;Finance, Insurance, Real Estate & Business Services : Finance , Insurance and Business sevices;36322.0;2010-03
2010;Q2;Million of Saudi Riyals;Agriculture, Forestry & Fishing;18751.0;2010-06
2010;Q2;Million of Saudi Riyals;Transport, Storage & Communication;29717.0;2010-06
2010;Q3;Million of Saudi Riyals;Agriculture, Forestry & Fishing;19504.0;2010-09
2010;Q3;Million of Saudi Riyals;Mining & Quarrying;210315.0;2010-09
2010;Q3;Million of Saudi Riyals;Wholesale & Retail Trade, Restaurants & hotels;59441.0;2010-09
2010;Q3;Million of Saudi Riyals;Finance, Insurance, Real Estate & Business Services : Real Estate;33768.0;2010-09
2010;Q3;Million of Saudi Riyals;Net Taxes on Products;37978.0;2010-09
2010;Q4;Million of Saudi Riyals;Mining & Quarrying : Crude Petroleum & Natural Gas;246791.0;2010-12
2010;Q4;Million of Saudi Riyals;Transport, Storage & Communication;30603.0;2010-12
2010;Q4;Million of Saudi Riyals;Finance, Insurance, Real Estate & Business Services;68921.0;2010-12
2010;Q4;Million of Saudi Riyals;Government Activities;140728.0;2010-12
2010;Q4;Million of Saudi Riyals;Gross Value Added;722222.0;2010-12
2010;Q4;Million of Saudi Riyals;Net Taxes on Products;40421.0;2010-12
2011;Q1;Million of Saudi Riyals;Wholesale & Retail Trade, Restaurants & hotels;64819.0;2011-03
2011;Q1;Million of Saudi Riyals;Transport, Storage & Communication;36094.0;2011-03
2011;Q1;Million of Saudi Riyals;Finance, Insurance, Real Estate & Business Services : Real Estate;37128.0;2011-03
2011;Q1;Million of Saudi Riyals;Net Taxes on Products;38207.0;2011-03
2011;Q2;Million of Saudi Riyals;Mining & Quarrying;242121.0;2011-06
2011;Q2;Million of Saudi Riyals;Manufacturing : Petroleum Refining;39785.0;2011-06
2011;Q2;Million of Saudi Riyals;Electricity, Gas and Water;11417.0;2011-06
2011;Q2;Million of Saudi Riyals;Transport, Storage & Communication;34441.0;2011-06
2011;Q2;Million of Saudi Riyals;Finance, Insurance, Real Estate & Business Services : Real Estate;35419.0;2011-06
2011;Q2;Million of Saudi Riyals;Government Activities;111196.0;2011-06
2011;Q2;Million of Saudi Riyals;Net Taxes on Products;46069.0;2011-06
2011;Q2;Million of Saudi Riyals;Gross Domestic Product;761531.0;2011-06
2011;Q3;Million of Saudi Riyals;Manufacturing : Manufacturing excluding petroleum refining;64829.0;2011-09
2011;Q3;Million of Saudi Riyals;Construction;44092.0;2011-09
2011;Q3;Million of Saudi Riyals;Community, Social & Personal Services;13339.0;2011-09
2011;Q4;Million of Saudi Riyals;Mining & Quarrying : Other Mining & Quarrying;2644.0;2011-12
2011;Q4;Million of Saudi Riyals;Gross Value Added;773657.0;2011-12
2011;Q4;Million of Saudi Riyals;Net Taxes on Products;45719.0;2011-12
2012;Q1;Million of Saudi Riyals;Electricity, Gas and Water;5033.0;2012-03
2012;Q1;Million of Saudi Riyals;Gross Domestic Product;816113.0;2012-03
2012;Q2;Million of Saudi Riyals;Manufacturing;111647.0;2012-06
2012;Q2;Million of Saudi Riyals;Construction;46511.0;2012-06
2012;Q2;Million of Saudi Riyals;Wholesale & Retail Trade, Restaurants & hotels;66848.0;2012-06
2012;Q2;Million of Saudi Riyals;Finance, Insurance, Real Estate & Business Services;74535.0;2012-06
2012;Q2;Million of Saudi Riyals;Government Activities;114225.0;2012-06
2012;Q2;Million of Saudi Riyals;Net Taxes on Products;55043.0;2012-06
2012;Q3;Million of Saudi Riyals;Agriculture, Forestry & Fishing;21226.0;2012-09
2012;Q3;Million of Saudi Riyals;Government Activities;117477.0;2012-09
2012;Q4;Million of Saudi Riyals;Mining & Quarrying;251600.0;2012-12
2012;Q4;Million of Saudi Riyals;Mining & Quarrying : Crude Petroleum & Natural Gas;248735.0;2012-12
2012;Q4;Million of Saudi Riyals;Mining & Quarrying : Other Mining & Quarrying;2808.0;2012-12
2012;Q4;Million of Saudi Riyals;Construction;45483.0;2012-12
2012;Q4;Million of Saudi Riyals;Transport, Storage & Communication;37801.0;2012-12
2012;Q4;Million of Saudi Riyals;Finance, Insurance, Real Estate & Business Services;75965.0;2012-12
2012;Q4;Million of Saudi Riyals;Gross Value Added;783671.0;2012-12
2013;Q1;Million of Saudi Riyals;Wholesale & Retail Trade, Restaurants & hotels;82149.0;2013-03
2013;Q1;Million of Saudi Riyals;Transport, Storage & Communication;41369.0;2013-03
2013;Q1;Million of Saudi Riyals;Finance, Insurance, Real Estate & Business Services : Real Estate;45201.0;2013-03
2013;Q1;Million of Saudi Riyals;Community, Social & Personal Services;15837.0;2013-03
2013;Q2;Million of Saudi Riyals;Mining & Quarrying;252086.0;2013-06
2013;Q2;Million of Saudi Riyals;Construction;49936.0;2013-06
2013;Q2;Million of Saudi Riyals;Finance, Insurance, Real Estate & Business Services;82183.0;2013-06
2013;Q2;Million of Saudi Riyals;Net Taxes on Products;56944.0;2013-06
2013;Q2;Million of Saudi Riyals;Gross Domestic Product;831118.0;2013-06
2013;Q3;Million of Saudi Riyals;Mining & Quarrying;270163.0;2013-09
2013;Q3;Million of Saudi Riyals;Wholesale & Retail Trade, Restaurants & hotels;74005.0;2013-09
2013;Q3;Million of Saudi Riyals;Transport, Storage & Communication;37933.0;2013-09
2013;Q4;Million of Saudi Riyals;Finance, Insurance, Real Estate & Business Services : Finance , Insurance and Business sevices;39049.0;2013-12
2014;Q1;Million of Saudi Riyals;Mining & Quarrying : Crude Petroleum & Natural Gas;254227.0;2014-03
2014;Q1;Million of Saudi Riyals;Manufacturing : Petroleum Refining;50513.0;2014-03
2014;Q1;Million of Saudi Riyals;Manufacturing : Manufacturing excluding petroleum refining;78547.0;2014-03
2014;Q1;Million of Saudi Riyals;Wholesale & Retail Trade, Restaurants & hotels;85902.0;2014-03
2014;Q1;Million of Saudi Riyals;Transport, Storage & Communication;44139.0;2014-03
2014;Q1;Million of Saudi Riyals;Finance, Insurance, Real Estate & Business Services : Real Estate;47301.0;2014-03
2014;Q1;Million of Saudi Riyals;Government Activities;134399.0;2014-03
2014;Q1;Million of Saudi Riyals;Gross Domestic Product;876230.0;2014-03
2014;Q2;Million of Saudi Riyals;Finance, Insurance, Real Estate & Business Services;84264.0;2014-06
2014;Q2;Million of Saudi Riyals;Government Activities;129492.0;2014-06
2014;Q2;Million of Saudi Riyals;Net Taxes on Products;51085.0;2014-06
2014;Q3;Million of Saudi Riyals;Mining & Quarrying : Other Mining & Quarrying;3599.0;2014-09
2014;Q3;Million of Saudi Riyals;Manufacturing;124625.0;2014-09
2014;Q3;Million of Saudi Riyals;Manufacturing : Petroleum Refining;49347.0;2014-09
2014;Q3;Million of Saudi Riyals;Manufacturing : Manufacturing excluding petroleum refining;75671.0;2014-09
2014;Q3;Million of Saudi Riyals;Construction;54192.0;2014-09
2014;Q3;Million of Saudi Riyals;Finance, Insurance, Real Estate & Business Services : Real Estate;45580.0;2014-09
2014;Q3;Million of Saudi Riyals;Government Activities;122174.0;2014-09
2014;Q3;Million of Saudi Riyals;Net Taxes on Products;58237.0;2014-09
2014;Q3;Million of Saudi Riyals;Gross Domestic Product;871065.0;2014-09
2014;Q4;Million of Saudi Riyals;Mining & Quarrying;257397.0;2014-12
2014;Q4;Million of Saudi Riyals;Mining & Quarrying : Crude Petroleum & Natural Gas;254365.0;2014-12
2014;Q4;Million of Saudi Riyals;Manufacturing;127562.0;2014-12
2014;Q4;Million of Saudi Riyals;Government Activities;155385.0;2014-12
2015;Q1;Million of Saudi Riyals;Mining & Quarrying : Other Mining & Quarrying;3941.0;2015-03
2015;Q1;Million of Saudi Riyals;Manufacturing;138198.0;2015-03
2015;Q1;Million of Saudi Riyals;Manufacturing : Petroleum Refining;51953.0;2015-03
2015;Q1;Million of Saudi Riyals;Finance, Insurance, Real Estate & Business Services;88546.0;2015-03
2015;Q1;Million of Saudi Riyals;Gross Value Added;862507.0;2015-03
2015;Q2;Million of Saudi Riyals;Construction;54660.0;2015-06
2015;Q2;Million of Saudi Riyals;Transport, Storage & Communication;43993.0;2015-06
2015;Q2;Million of Saudi Riyals;Finance, Insurance, Real Estate & Business Services : Real Estate;46227.0;2015-06
2015;Q2;Million of Saudi Riyals;Community, Social & Personal Services;21116.0;2015-06
2015;Q3;Million of Saudi Riyals;Mining & Quarrying;275418.0;2015-09
2015;Q3;Million of Saudi Riyals;Mining & Quarrying : Crude Petroleum & Natural Gas;271834.0;2015-09
2015;Q3;Million of Saudi Riyals;Transport, Storage & Communication;41592.0;2015-09
2015;Q4;Million of Saudi Riyals;Mining & Quarrying;272788.0;2015-12
2015;Q4;Million of Saudi Riyals;Construction;55424.0;2015-12
2015;Q4;Million of Saudi Riyals;Government Activities;155760.0;2015-12
2016;Q1;Million of Saudi Riyals;Agriculture, Forestry & Fishing;23464.0;2016-03
2016;Q1;Million of Saudi Riyals;Manufacturing : Manufacturing excluding petroleum refining;86794.0;2016-03
2016;Q1;Million of Saudi Riyals;Transport, Storage & Communication;47320.0;2016-03
2016;Q2;Million of Saudi Riyals;Agriculture, Forestry & Fishing;25279.0;2016-06
2016;Q2;Million of Saudi Riyals;Mining & Quarrying;273837.0;2016-06
2016;Q2;Million of Saudi Riyals;Manufacturing : Petroleum Refining;61381.0;2016-06
2016;Q2;Million of Saudi Riyals;Electricity, Gas and Water;15907.0;2016-06
2016;Q2;Million of Saudi Riyals;Finance, Insurance, Real Estate & Business Services;90405.0;2016-06
2016;Q2;Million of Saudi Riyals;Gross Domestic Product;918584.0;2016-06
2016;Q3;Million of Saudi Riyals;Transport, Storage & Communication;42774.0;2016-09
2016;Q4;Million of Saudi Riyals;Electricity, Gas and Water;9733.0;2016-12
2016;Q4;Million of Saudi Riyals;Government Activities;155986.0;2016-12
2017;Q1;Million of Saudi Riyals;Agriculture, Forestry & Fishing;24373.0;2017-03
2017;Q1;Million of Saudi Riyals;Mining & Quarrying;266363.0;2017-03
2017;Q1;Million of Saudi Riyals;Wholesale & Retail Trade, Restaurants & hotels;86822.0;2017-03
2017;Q1;Million of Saudi Riyals;Gross Value Added;889235.0;2017-03
2017;Q2;Million of Saudi Riyals;Mining & Quarrying;267970.0;2017-06
2017;Q2;Million of Saudi Riyals;Mining & Quarrying : Crude Petroleum & Natural Gas;264429.0;2017-06
2017;Q2;Million of Saudi Riyals;Manufacturing : Manufacturing excluding petroleum refining;88413.0;2017-06
2017;Q2;Million of Saudi Riyals;Construction;49324.0;2017-06
2017;Q2;Million of Saudi Riyals;Finance, Insurance, Real Estate & Business Services;92784.0;2017-06
2017;Q3;Million of Saudi Riyals;Mining & Quarrying : Crude Petroleum & Natural Gas;267701.0;2017-09
2017;Q3;Million of Saudi Riyals;Government Activities;122371.0;2017-09
2017;Q3;Million of Saudi Riyals;Net Taxes on Products;39464.0;2017-09
2017;Q4;Million of Saudi Riyals;Government Activities;160031.0;2017-12
2017;Q4;Million of Saudi Riyals;Gross Domestic Product;985165.0;2017-12
2018;Q1;Million of Saudi Riyals;Mining & Quarrying;268144.0;2018-03
2018;Q1;Million of Saudi Riyals;Mining & Quarrying : Other Mining & Quarrying;4191.0;2018-03
2018;Q1;Million of Saudi Riyals;Gross Domestic Product;958113.0;2018-03
2018;Q2;Million of Saudi Riyals;Wholesale & Retail Trade, Restaurants & hotels;84824.0;2018-06
2018;Q2;Million of Saudi Riyals;Finance, Insurance, Real Estate & Business Services : Real Estate;52575.0;2018-06
2018;Q2;Million of Saudi Riyals;Finance, Insurance, Real Estate & Business Services : Finance , Insurance and Business sevices;44952.0;2018-06
2018;Q2;Million of Saudi Riyals;Government Activities;139218.0;2018-06
2018;Q3;Million of Saudi Riyals;Agriculture, Forestry & Fishing;27499.0;2018-09
2018;Q3;Million of Saudi Riyals;Mining & Quarrying : Other Mining & Quarrying;3827.0;2018-09
2018;Q3;Million of Saudi Riyals;Finance, Insurance, Real Estate & Business Services : Real Estate;51161.0;2018-09
2018;Q3;Million of Saudi Riyals;Government Activities;123729.0;2018-09
2018;Q3;Million of Saudi Riyals;Gross Value Added;918207.0;2018-09
2018;Q4;Million of Saudi Riyals;Mining & Quarrying : Crude Petroleum & Natural Gas;286801.0;2018-12
2018;Q4;Million of Saudi Riyals;Mining & Quarrying : Other Mining & Quarrying;3355.0;2018-12
2018;Q4;Million of Saudi Riyals;Construction;56723.0;2018-12
2019;Q1;Million of Saudi Riyals;Manufacturing;152930.0;2019-03
2019;Q1;Million of Saudi Riyals;Manufacturing : Petroleum Refining;62353.0;2019-03
2019;Q1;Million of Saudi Riyals;Construction;57313.0;2019-03
2019;Q1;Million of Saudi Riyals;Transport, Storage & Communication;54908.0;2019-03
2019;Q1;Million of Saudi Riyals;Community, Social & Personal Services;27917.0;2019-03
2019;Q1;Million of Saudi Riyals;Net Taxes on Products;48676.0;2019-03
2019;Q2;Million of Saudi Riyals;Manufacturing : Manufacturing excluding petroleum refining;94162.0;2019-06
2019;Q2;Million of Saudi Riyals;Net Taxes on Products;49877.0;2019-06
2019;Q2;Million of Saudi Riyals;Gross Domestic Product;974442.0;2019-06
2019;Q3;Million of Saudi Riyals;Wholesale & Retail Trade, Restaurants & hotels;98425.0;2019-09
2019;Q3;Million of Saudi Riyals;Transport, Storage & Communication;50358.0;2019-09
2019;Q3;Million of Saudi Riyals;Finance, Insurance, Real Estate & Business Services : Finance , Insurance and Business sevices;48605.0;2019-09
2019;Q3;Million of Saudi Riyals;Community, Social & Personal Services;27738.0;2019-09
2019;Q3;Million of Saudi Riyals;Gross Value Added;927830.0;2019-09
2019;Q4;Million of Saudi Riyals;Manufacturing : Petroleum Refining;61823.0;2019-12
2019;Q4;Million of Saudi Riyals;Construction;56891.0;2019-12
2019;Q4;Million of Saudi Riyals;Finance, Insurance, Real Estate & Business Services : Finance , Insurance and Business sevices;55175.0;2019-12
2020;Q1;Million of Saudi Riyals;Electricity, Gas and Water;6422.0;2020-03
2020;Q2;Million of Saudi Riyals;Mining & Quarrying : Other Mining & Quarrying;3955.0;2020-06
2020;Q2;Million of Saudi Riyals;Transport, Storage & Communication;40372.0;2020-06
2020;Q2;Million of Saudi Riyals;Government Activities;137925.0;2020-06
2020;Q2;Million of Saudi Riyals;Gross Value Added;860487.0;2020-06
2020;Q2;Million of Saudi Riyals;Gross Domestic Product;903140.0;2020-06
2020;Q3;Million of Saudi Riyals;Mining & Quarrying : Other Mining & Quarrying;4387.0;2020-09
2020;Q3;Million of Saudi Riyals;Finance, Insurance, Real Estate & Business Services : Real Estate;53414.0;2020-09
2020;Q4;Million of Saudi Riyals;Transport, Storage & Communication;48294.0;2020-12
2020;Q4;Million of Saudi Riyals;Finance, Insurance, Real Estate & Business Services : Real Estate;56058.0;2020-12
2020;Q4;Million of Saudi Riyals;Community, Social & Personal Services;29649.0;2020-12
2020;Q4;Million of Saudi Riyals;Gross Value Added;945723.0;2020-12
2020;Q4;Million of Saudi Riyals;Net Taxes on Products;48245.0;2020-12
2021;Q1;Million of Saudi Riyals;Agriculture, Forestry & Fishing;25797.0;2021-03
2021;Q1;Million of Saudi Riyals;Manufacturing;163695.0;2021-03
2021;Q1;Million of Saudi Riyals;Manufacturing : Petroleum Refining;57617.0;2021-03
2021;Q1;Million of Saudi Riyals;Gross Domestic Product;988793.0;2021-03
2021;Q2;Million of Saudi Riyals;Construction;51825.0;2021-06
2021;Q2;Million of Saudi Riyals;Gross Value Added;918391.0;2021-06
2021;Q3;Million of Saudi Riyals;Mining & Quarrying;265611.0;2021-09
2021;Q3;Million of Saudi Riyals;Manufacturing : Petroleum Refining;60496.0;2021-09
2021;Q3;Million of Saudi Riyals;Finance, Insurance, Real Estate & Business Services : Real Estate;54678.0;2021-09
2021;Q3;Million of Saudi Riyals;Gross Domestic Product;1020704.0;2021-09
2021;Q4;Million of Saudi Riyals;Mining & Quarrying;271201.0;2021-12
2021;Q4;Million of Saudi Riyals;Mining & Quarrying : Crude Petroleum & Natural Gas;267749.0;2021-12
2021;Q4;Million of Saudi Riyals;Gross Value Added;1032113.0;2021-12
2022;Q1;Million of Saudi Riyals;Agriculture, Forestry & Fishing;26322.0;2022-03
2022;Q1;Million of Saudi Riyals;Wholesale & Retail Trade, Restaurants & hotels;108808.0;2022-03
2022;Q1;Million of Saudi Riyals;Transport, Storage & Communication;57830.0;2022-03
2022;Q1;Million of Saudi Riyals;Net Taxes on Products;54779.0;2022-03
2022;Q2;Million of Saudi Riyals;Manufacturing : Manufacturing excluding petroleum refining;117709.0;2022-06
2022;Q2;Million of Saudi Riyals;Transport, Storage & Communication;53613.0;2022-06
2022;Q2;Million of Saudi Riyals;Finance, Insurance, Real Estate & Business Services : Finance , Insurance and Business sevices;58595.0;2022-06
2022;Q3;Million of Saudi Riyals;Agriculture, Forestry & Fishing;29479.0;2022-09
2022;Q3;Million of Saudi Riyals;Mining & Quarrying : Other Mining & Quarrying;4459.0;2022-09
2022;Q3;Million of Saudi Riyals;Finance, Insurance, Real Estate & Business Services;121846.0;2022-09
2022;Q4;Million of Saudi Riyals;Mining & Quarrying : Crude Petroleum & Natural Gas;287134.0;2022-12
2022;Q4;Million of Saudi Riyals;Mining & Quarrying : Other Mining & Quarrying;4124.0;2022-12
2022;Q4;Million of Saudi Riyals;Construction;85489.0;2022-12
2022;Q4;Million of Saudi Riyals;Wholesale & Retail Trade, Restaurants & hotels;121323.0;2022-12
2022;Q4;Million of Saudi Riyals;Net Taxes on Products;55966.0;2022-12
2023;Q1;Million of Saudi Riyals;Manufacturing : Manufacturing excluding petroleum refining;123790.0;2023-03
2023;Q1;Million of Saudi Riyals;Transport, Storage & Communication;63424.0;2023-03
2023;Q1;Million of Saudi Riyals;Finance, Insurance, Real Estate & Business Services;121137.0;2023-03
2023;Q1;Million of Saudi Riyals;Finance, Insurance, Real Estate & Business Services : Real Estate;60420.0;2023-03
2023;Q2;Million of Saudi Riyals;Manufacturing : Manufacturing excluding petroleum refining;127323.0;2023-06
2023;Q2;Million of Saudi Riyals;Electricity, Gas and Water;16955.0;2023-06
2023;Q2;Million of Saudi Riyals;Construction;79495.0;2023-06
2023;Q2;Million of Saudi Riyals;Community, Social & Personal Services;40168.0;2023-06
2023;Q2;Million of Saudi Riyals;Gross Value Added;1076593.0;2023-06
2023;Q3;Million of Saudi Riyals;Manufacturing : Manufacturing excluding petroleum refining;111909.0;2023-09
2023;Q4;Million of Saudi Riyals;Finance, Insurance, Real Estate & Business Services;135638.0;2023-12
2024;Q1;Million of Saudi Riyals;Agriculture, Forestry & Fishing;29044.0;2024-03
2024;Q1;Million of Saudi Riyals;Mining & Quarrying;242861.0;2024-03
2024;Q1;Million of Saudi Riyals;Mining & Quarrying : Crude Petroleum & Natural Gas;237303.0;2024-03
2024;Q1;Million of Saudi Riyals;Mining & Quarrying : Other Mining & Quarrying;5557.0;2024-03
2024;Q2;Million of Saudi Riyals;Agriculture, Forestry & Fishing;29410.0;2024-06
2024;Q2;Million of Saudi Riyals;Net Taxes on Products;60437.0;2024-06
2024;Q3;Million of Saudi Riyals;Manufacturing;181005.0;2024-09
2024;Q3;Million of Saudi Riyals;Construction;91189.0;2024-09
2024;Q3;Million of Saudi Riyals;Finance, Insurance, Real Estate & Business Services : Real Estate;58642.0;2024-09
2024;Q4;Million of Saudi Riyals;Manufacturing;186741.0;2024-12
2024;Q4;Million of Saudi Riyals;Manufacturing : Manufacturing excluding petroleum refining;119127.0;2024-12
2024;Q4;Million of Saudi Riyals;Transport, Storage & Communication;72207.0;2024-12
2024;Q4;Million of Saudi Riyals;Gross Value Added;1148225.0;2024-12
2025;Q1;Million of Saudi Riyals;Mining & Quarrying : Crude Petroleum & Natural Gas;233689.0;2025-03
2025;Q1;Million of Saudi Riyals;Mining & Quarrying : Other Mining & Quarrying;5664.0;2025-03
2025;Q1;Million of Saudi Riyals;Manufacturing;202640.0;2025-03
2025;Q1;Million of Saudi Riyals;Manufacturing : Manufacturing excluding petroleum refining;138225.0;2025-03
2025;Q1;Million of Saudi Riyals;Finance, Insurance, Real Estate & Business Services : Finance , Insurance and Business sevices;73230.0;2025-03
2025;Q1;Million of Saudi Riyals;Community, Social & Personal Services;48332.0;2025-03
2025;Q2;Million of Saudi Riyals;Wholesale & Retail Trade, Restaurants & hotels;140881.0;2025-06
2025;Q2;Million of Saudi Riyals;Gross Value Added;1135894.0;2025-06
2025;Q3;Million of Saudi Riyals;Mining & Quarrying;268336.0;2025-09
2025;Q3;Million of Saudi Riyals;Mining & Quarrying : Other Mining & Quarrying;4963.0;2025-09
2025;Q3;Million of Saudi Riyals;Manufacturing : Manufacturing excluding petroleum refining;123438.0;2025-09
2025;Q4;Million of Saudi Riyals;Mining & Quarrying : Crude Petroleum & Natural Gas;272237.0;2025-12
2025;Q4;Million of Saudi Riyals;Finance, Insurance, Real Estate & Business Services : Real Estate;62800.0;2025-12
2025;Q4;Million of Saudi Riyals;Gross Domestic Product;1272528.0;2025-12
2011;Q1;Growth Rates Y-o-Y;Mining & Quarrying;14.71;2011-03
2011;Q1;Growth Rates Y-o-Y;Mining & Quarrying : Crude Petroleum & Natural Gas;14.78;2011-03
2011;Q1;Growth Rates Y-o-Y;Manufacturing : Petroleum Refining;2.78;2011-03
2011;Q1;Growth Rates Y-o-Y;Transport, Storage & Communication;15.78;2011-03
2011;Q1;Growth Rates Y-o-Y;Finance, Insurance, Real Estate & Business Services;0.12;2011-03
2011;Q1;Growth Rates Y-o-Y;Government Activities;8.84;2011-03
2011;Q2;Growth Rates Y-o-Y;Manufacturing : Manufacturing excluding petroleum refining;22.78;2011-06
2011;Q2;Growth Rates Y-o-Y;Transport, Storage & Communication;15.9;2011-06
2011;Q2;Growth Rates Y-o-Y;Government Activities;13.3;2011-06
2011;Q2;Growth Rates Y-o-Y;Gross Value Added;13.34;2011-06
2011;Q3;Growth Rates Y-o-Y;Manufacturing;16.08;2011-09
2011;Q3;Growth Rates Y-o-Y;Electricity, Gas and Water;10.19;2011-09
2011;Q3;Growth Rates Y-o-Y;Gross Domestic Product;15.04;2011-09
2011;Q4;Growth Rates Y-o-Y;Construction;18.17;2011-12
2011;Q4;Growth Rates Y-o-Y;Government Activities;3.91;2011-12
2012;Q1;Growth Rates Y-o-Y;Agriculture, Forestry & Fishing;4.0;2012-03
2012;Q1;Growth Rates Y-o-Y;Mining & Quarrying : Other Mining & Quarrying;4.27;2012-03
2012;Q1;Growth Rates Y-o-Y;Transport, Storage & Communication;8.22;2012-03
2012;Q2;Growth Rates Y-o-Y;Manufacturing : Petroleum Refining;8.16;2012-06
2012;Q2;Growth Rates Y-o-Y;Construction;6.53;2012-06
2012;Q2;Growth Rates Y-o-Y;Wholesale & Retail Trade, Restaurants & hotels;7.24;2012-06
2012;Q2;Growth Rates Y-o-Y;Gross Value Added;6.97;2012-06
2012;Q3;Growth Rates Y-o-Y;Wholesale & Retail Trade, Restaurants & hotels;6.98;2012-09
2012;Q3;Growth Rates Y-o-Y;Finance, Insurance, Real Estate & Business Services;9.65;2012-09
2012;Q3;Growth Rates Y-o-Y;Finance, Insurance, Real Estate & Business Services : Real Estate;11.19;2012-09
2012;Q3;Growth Rates Y-o-Y;Community, Social & Personal Services;9.64;2012-09
2012;Q3;Growth Rates Y-o-Y;Net Taxes on Products;5.21;2012-09
2012;Q4;Growth Rates Y-o-Y;Agriculture, Forestry & Fishing;2.75;2012-12
2012;Q4;Growth Rates Y-o-Y;Mining & Quarrying;-2.97;2012-12
2012;Q4;Growth Rates Y-o-Y;Mining & Quarrying : Crude Petroleum & Natural Gas;-3.06;2012-12
2012;Q4;Growth Rates Y-o-Y;Manufacturing : Manufacturing excluding petroleum refining;4.12;2012-12
2012;Q4;Growth Rates Y-o-Y;Finance, Insurance, Real Estate & Business Services;9.7;2012-12
2012;Q4;Growth Rates Y-o-Y;Finance, Insurance, Real Estate & Business Services : Real Estate;11.35;2012-12
2012;Q4;Growth Rates Y-o-Y;Finance, Insurance, Real Estate & Business Services : Finance , Insurance and Business sevices;8.07;2012-12
2012;Q4;Growth Rates Y-o-Y;Community, Social & Personal Services;6.49;2012-12
2013;Q1;Growth Rates Y-o-Y;Agriculture, Forestry & Fishing;6.56;2013-03
2013;Q1;Growth Rates Y-o-Y;Mining & Quarrying;-7.87;2013-03
2013;Q1;Growth Rates Y-o-Y;Wholesale & Retail Trade, Restaurants & hotels;10.13;2013-03
2013;Q1;Growth Rates Y-o-Y;Community, Social & Personal Services;7.79;2013-03
2013;Q2;Growth Rates Y-o-Y;Mining & Quarrying : Other Mining & Quarrying;2.17;2013-06
2013;Q2;Growth Rates Y-o-Y;Electricity, Gas and Water;3.77;2013-06
2013;Q2;Growth Rates Y-o-Y;Community, Social & Personal Services;7.29;2013-06
2013;Q2;Growth Rates Y-o-Y;Government Activities;11.71;2013-06
2013;Q3;Growth Rates Y-o-Y;Agriculture, Forestry & Fishing;6.41;2013-09
2013;Q3;Growth Rates Y-o-Y;Wholesale & Retail Trade, Restaurants & hotels;5.89;2013-09
2013;Q3;Growth Rates Y-o-Y;Government Activities;-3.24;2013-09
2013;Q4;Growth Rates Y-o-Y;Agriculture, Forestry & Fishing;-5.37;2013-12
2013;Q4;Growth Rates Y-o-Y;Manufacturing : Petroleum Refining;0.62;2013-12
2013;Q4;Growth Rates Y-o-Y;Electricity, Gas and Water;6.03;2013-12
2013;Q4;Growth Rates Y-o-Y;Finance, Insurance, Real Estate & Business Services;11.62;2013-12
2013;Q4;Growth Rates Y-o-Y;Gross Value Added;5.23;2013-12
2013;Q4;Growth Rates Y-o-Y;Gross Domestic Product;5.23;2013-12
2014;Q1;Growth Rates Y-o-Y;Manufacturing;11.48;2014-03
2014;Q1;Growth Rates Y-o-Y;Electricity, Gas and Water;2.89;2014-03
2014;Q1;Growth Rates Y-o-Y;Construction;7.92;2014-03
2014;Q1;Growth Rates Y-o-Y;Net Taxes on Products;2.07;2014-03
2014;Q2;Growth Rates Y-o-Y;Mining & Quarrying;2.07;2014-06
2014;Q2;Growth Rates Y-o-Y;Mining & Quarrying : Crude Petroleum & Natural Gas;2.04;2014-06
2014;Q2;Growth Rates Y-o-Y;Net Taxes on Products;-10.29;2014-06
2014;Q3;Growth Rates Y-o-Y;Mining & Quarrying : Crude Petroleum & Natural Gas;-3.26;2014-09
2014;Q3;Growth Rates Y-o-Y;Wholesale & Retail Trade, Restaurants & hotels;12.06;2014-09
2014;Q3;Growth Rates Y-o-Y;Gross Domestic Product;2.39;2014-09
2014;Q4;Growth Rates Y-o-Y;Manufacturing : Manufacturing excluding petroleum refining;11.67;2014-12
2014;Q4;Growth Rates Y-o-Y;Finance, Insurance, Real Estate & Business Services;2.76;2014-12
2014;Q4;Growth Rates Y-o-Y;Finance, Insurance, Real Estate & Business Services : Real Estate;2.48;2014-12
2014;Q4;Growth Rates Y-o-Y;Finance, Insurance, Real Estate & Business Services : Finance , Insurance and Business sevices;3.14;2014-12
2014;Q4;Growth Rates Y-o-Y;Community, Social & Personal Services;9.92;2014-12
2015;Q1;Growth Rates Y-o-Y;Manufacturing;7.17;2015-03
2015;Q1;Growth Rates Y-o-Y;Transport, Storage & Communication;5.65;2015-03
2015;Q1;Growth Rates Y-o-Y;Finance, Insurance, Real Estate & Business Services;0.71;2015-03
2015;Q1;Growth Rates Y-o-Y;Finance, Insurance, Real Estate & Business Services : Real Estate;3.2;2015-03
2015;Q1;Growth Rates Y-o-Y;Finance, Insurance, Real Estate & Business Services : Finance , Insurance and Business sevices;-2.51;2015-03
2015;Q1;Growth Rates Y-o-Y;Community, Social & Personal Services;17.67;2015-03
2015;Q1;Growth Rates Y-o-Y;Government Activities;7.12;2015-03
2015;Q2;Growth Rates Y-o-Y;Agriculture, Forestry & Fishing;4.71;2015-06
2015;Q2;Growth Rates Y-o-Y;Manufacturing : Petroleum Refining;22.57;2015-06
2015;Q2;Growth Rates Y-o-Y;Manufacturing : Manufacturing excluding petroleum refining;3.84;2015-06
2015;Q2;Growth Rates Y-o-Y;Electricity, Gas and Water;4.13;2015-06
2015;Q2;Growth Rates Y-o-Y;Construction;3.14;2015-06
2015;Q3;Growth Rates Y-o-Y;Mining & Quarrying;5.29;2015-09
2015;Q3;Growth Rates Y-o-Y;Construction;3.13;2015-09
2015;Q3;Growth Rates Y-o-Y;Transport, Storage & Communication;5.4;2015-09
2015;Q3;Growth Rates Y-o-Y;Government Activities;0.83;2015-09
2015;Q3;Growth Rates Y-o-Y;Net Taxes on Products;0.55;2015-09
2015;Q3;Growth Rates Y-o-Y;Gross Domestic Product;4.87;2015-09
2015;Q4;Growth Rates Y-o-Y;Manufacturing : Petroleum Refining;7.37;2015-12
2015;Q4;Growth Rates Y-o-Y;Finance, Insurance, Real Estate & Business Services : Finance , Insurance and Business sevices;3.72;2015-12
2016;Q1;Growth Rates Y-o-Y;Gross Value Added;3.38;2016-03
2016;Q1;Growth Rates Y-o-Y;Gross Domestic Product;3.29;2016-03
2016;Q2;Growth Rates Y-o-Y;Mining & Quarrying : Other Mining & Quarrying;-5.26;2016-06
2016;Q2;Growth Rates Y-o-Y;Manufacturing : Petroleum Refining;8.39;2016-06
2016;Q2;Growth Rates Y-o-Y;Manufacturing : Manufacturing excluding petroleum refining;5.96;2016-06
2016;Q2;Growth Rates Y-o-Y;Construction;-4.95;2016-06
2016;Q2;Growth Rates Y-o-Y;Gross Value Added;0.8;2016-06
2016;Q2;Growth Rates Y-o-Y;Net Taxes on Products;-17.78;2016-06
2016;Q3;Growth Rates Y-o-Y;Finance, Insurance, Real Estate & Business Services;1.91;2016-09
2016;Q3;Growth Rates Y-o-Y;Finance, Insurance, Real Estate & Business Services : Finance , Insurance and Business sevices;3.24;2016-09
2016;Q3;Growth Rates Y-o-Y;Community, Social & Personal Services;13.41;2016-09
2016;Q4;Growth Rates Y-o-Y;Electricity, Gas and Water;12.88;2016-12
2016;Q4;Growth Rates Y-o-Y;Transport, Storage & Communication;5.9;2016-12
2017;Q1;Growth Rates Y-o-Y;Mining & Quarrying : Crude Petroleum & Natural Gas;-1.8;2017-03
2017;Q1;Growth Rates Y-o-Y;Transport, Storage & Communication;3.94;2017-03
2017;Q1;Growth Rates Y-o-Y;Finance, Insurance, Real Estate & Business Services;1.9;2017-03
2017;Q1;Growth Rates Y-o-Y;Community, Social & Personal Services;4.7;2017-03
2017;Q2;Growth Rates Y-o-Y;Manufacturing;2.11;2017-06
2017;Q2;Growth Rates Y-o-Y;Transport, Storage & Communication;3.73;2017-06
2017;Q2;Growth Rates Y-o-Y;Finance, Insurance, Real Estate & Business Services : Real Estate;5.48;2017-06
2017;Q2;Growth Rates Y-o-Y;Gross Value Added;0.46;2017-06
2017;Q2;Growth Rates Y-o-Y;Gross Domestic Product;0.44;2017-06
2017;Q3;Growth Rates Y-o-Y;Manufacturing;3.22;2017-09
2017;Q3;Growth Rates Y-o-Y;Manufacturing : Petroleum Refining;3.87;2017-09
2017;Q3;Growth Rates Y-o-Y;Construction;1.45;2017-09
2017;Q3;Growth Rates Y-o-Y;Community, Social & Personal Services;6.95;2017-09
2017;Q3;Growth Rates Y-o-Y;Government Activities;2.19;2017-09
2017;Q4;Growth Rates Y-o-Y;Manufacturing : Manufacturing excluding petroleum refining;2.26;2017-12
2017;Q4;Growth Rates Y-o-Y;Community, Social & Personal Services;9.27;2017-12
2018;Q1;Growth Rates Y-o-Y;Manufacturing : Petroleum Refining;-1.13;2018-03
2018;Q1;Growth Rates Y-o-Y;Finance, Insurance, Real Estate & Business Services : Real Estate;3.38;2018-03
2018;Q1;Growth Rates Y-o-Y;Gross Domestic Product;2.72;2018-03
2018;Q2;Growth Rates Y-o-Y;Mining & Quarrying : Crude Petroleum & Natural Gas;1.64;2018-06
2018;Q2;Growth Rates Y-o-Y;Mining & Quarrying : Other Mining & Quarrying;2.95;2018-06
2018;Q2;Growth Rates Y-o-Y;Government Activities;7.88;2018-06
2018;Q2;Growth Rates Y-o-Y;Gross Domestic Product;3.86;2018-06
2018;Q3;Growth Rates Y-o-Y;Agriculture, Forestry & Fishing;1.59;2018-09
2018;Q3;Growth Rates Y-o-Y;Manufacturing : Petroleum Refining;-3.14;2018-09
2018;Q3;Growth Rates Y-o-Y;Gross Value Added;3.09;2018-09
2018;Q4;Growth Rates Y-o-Y;Wholesale & Retail Trade, Restaurants & hotels;1.27;2018-12
2018;Q4;Growth Rates Y-o-Y;Transport, Storage & Communication;2.94;2018-12
2018;Q4;Growth Rates Y-o-Y;Gross Value Added;3.25;2018-12
2018;Q4;Growth Rates Y-o-Y;Net Taxes on Products;0.97;2018-12
2019;Q1;Growth Rates Y-o-Y;Mining & Quarrying;0.63;2019-03
2019;Q1;Growth Rates Y-o-Y;Manufacturing;3.55;2019-03
2019;Q1;Growth Rates Y-o-Y;Manufacturing : Manufacturing excluding petroleum refining;4.64;2019-03
2019;Q1;Growth Rates Y-o-Y;Construction;6.07;2019-03
2019;Q1;Growth Rates Y-o-Y;Finance, Insurance, Real Estate & Business Services : Real Estate;3.47;2019-03
2019;Q1;Growth Rates Y-o-Y;Net Taxes on Products;13.67;2019-03
2019;Q2;Growth Rates Y-o-Y;Mining & Quarrying : Crude Petroleum & Natural Gas;-3.36;2019-06
2019;Q2;Growth Rates Y-o-Y;Manufacturing : Petroleum Refining;-3.32;2019-06
2019;Q2;Growth Rates Y-o-Y;Electricity, Gas and Water;-0.07;2019-06
2019;Q2;Growth Rates Y-o-Y;Net Taxes on Products;6.3;2019-06
2019;Q3;Growth Rates Y-o-Y;Agriculture, Forestry & Fishing;0.84;2019-09
2019;Q3;Growth Rates Y-o-Y;Mining & Quarrying : Crude Petroleum & Natural Gas;-6.88;2019-09
2019;Q3;Growth Rates Y-o-Y;Manufacturing;2.2;2019-09
2019;Q3;Growth Rates Y-o-Y;Wholesale & Retail Trade, Restaurants & hotels;6.55;2019-09
2019;Q3;Growth Rates Y-o-Y;Net Taxes on Products;22.01;2019-09
2019;Q4;Growth Rates Y-o-Y;Mining & Quarrying;-6.13;2019-12
2019;Q4;Growth Rates Y-o-Y;Mining & Quarrying : Crude Petroleum & Natural Gas;-6.4;2019-12
2019;Q4;Growth Rates Y-o-Y;Mining & Quarrying : Other Mining & Quarrying;10.24;2019-12
2019;Q4;Growth Rates Y-o-Y;Manufacturing : Manufacturing excluding petroleum refining;6.28;2019-12
2019;Q4;Growth Rates Y-o-Y;Transport, Storage & Communication;1.83;2019-12
2019;Q4;Growth Rates Y-o-Y;Finance, Insurance, Real Estate & Business Services;3.66;2019-12
2019;Q4;Growth Rates Y-o-Y;Gross Domestic Product;0.7;2019-12
2020;Q1;Growth Rates Y-o-Y;Electricity, Gas and Water;-0.72;2020-03
2020;Q1;Growth Rates Y-o-Y;Construction;-3.99;2020-03
2020;Q2;Growth Rates Y-o-Y;Construction;-11.52;2020-06
2020;Q3;Growth Rates Y-o-Y;Mining & Quarrying : Other Mining & Quarrying;3.06;2020-09
2020;Q3;Growth Rates Y-o-Y;Manufacturing;-5.39;2020-09
2020;Q3;Growth Rates Y-o-Y;Electricity, Gas and Water;1.9;2020-09
2020;Q3;Growth Rates Y-o-Y;Construction;-6.32;2020-09
2020;Q3;Growth Rates Y-o-Y;Transport, Storage & Communication;-12.16;2020-09
2020;Q4;Growth Rates Y-o-Y;Mining & Quarrying : Other Mining & Quarrying;1.17;2020-12
2020;Q4;Growth Rates Y-o-Y;Electricity, Gas and Water;3.08;2020-12
2020;Q4;Growth Rates Y-o-Y;Construction;-3.58;2020-12
2020;Q4;Growth Rates Y-o-Y;Transport, Storage & Communication;-11.38;2020-12
2020;Q4;Growth Rates Y-o-Y;Finance, Insurance, Real Estate & Business Services;1.89;2020-12
2021;Q1;Growth Rates Y-o-Y;Mining & Quarrying : Crude Petroleum & Natural Gas;-14.09;2021-03
2021;Q1;Growth Rates Y-o-Y;Mining & Quarrying : Other Mining & Quarrying;1.78;2021-03
2021;Q1;Growth Rates Y-o-Y;Wholesale & Retail Trade, Restaurants & hotels;7.98;2021-03
2021;Q1;Growth Rates Y-o-Y;Finance, Insurance, Real Estate & Business Services;4.53;2021-03
2021;Q1;Growth Rates Y-o-Y;Community, Social & Personal Services;14.19;2021-03
2021;Q2;Growth Rates Y-o-Y;Finance, Insurance, Real Estate & Business Services;7.43;2021-06
2021;Q2;Growth Rates Y-o-Y;Government Activities;-3.14;2021-06
2021;Q2;Growth Rates Y-o-Y;Gross Value Added;6.73;2021-06
2021;Q3;Growth Rates Y-o-Y;Manufacturing;9.74;2021-09
2021;Q3;Growth Rates Y-o-Y;Manufacturing : Manufacturing excluding petroleum refining;7.42;2021-09
2021;Q3;Growth Rates Y-o-Y;Finance, Insurance, Real Estate & Business Services : Real Estate;2.37;2021-09
2021;Q3;Growth Rates Y-o-Y;Gross Domestic Product;8.53;2021-09
2021;Q4;Growth Rates Y-o-Y;Manufacturing : Petroleum Refining;15.82;2021-12
2021;Q4;Growth Rates Y-o-Y;Transport, Storage & Communication;22.41;2021-12
2021;Q4;Growth Rates Y-o-Y;Community, Social & Personal Services;12.72;2021-12
2021;Q4;Growth Rates Y-o-Y;Net Taxes on Products;5.32;2021-12
2022;Q1;Growth Rates Y-o-Y;Government Activities;4.51;2022-03
2022;Q1;Growth Rates Y-o-Y;Gross Value Added;10.93;2022-03
2022;Q1;Growth Rates Y-o-Y;Net Taxes on Products;14.71;2022-03
2022;Q2;Growth Rates Y-o-Y;Mining & Quarrying : Crude Petroleum & Natural Gas;23.5;2022-06
2022;Q2;Growth Rates Y-o-Y;Mining & Quarrying : Other Mining & Quarrying;5.02;2022-06
2022;Q2;Growth Rates Y-o-Y;Electricity, Gas and Water;4.81;2022-06
2022;Q2;Growth Rates Y-o-Y;Wholesale & Retail Trade, Restaurants & hotels;9.57;2022-06
2022;Q2;Growth Rates Y-o-Y;Community, Social & Personal Services;11.5;2022-06
2022;Q2;Growth Rates Y-o-Y;Government Activities;4.44;2022-06
2022;Q2;Growth Rates Y-o-Y;Gross Domestic Product;14.49;2022-06
2022;Q3;Growth Rates Y-o-Y;Mining & Quarrying : Crude Petroleum & Natural Gas;14.81;2022-09
2022;Q3;Growth Rates Y-o-Y;Mining & Quarrying : Other Mining & Quarrying;2.27;2022-09
2022;Q3;Growth Rates Y-o-Y;Government Activities;4.59;2022-09
2022;Q3;Growth Rates Y-o-Y;Net Taxes on Products;14.33;2022-09
2022;Q4;Growth Rates Y-o-Y;Mining & Quarrying : Other Mining & Quarrying;2.77;2022-12
2022;Q4;Growth Rates Y-o-Y;Manufacturing : Petroleum Refining;-4.68;2022-12
2022;Q4;Growth Rates Y-o-Y;Wholesale & Retail Trade, Restaurants & hotels;12.22;2022-12
2022;Q4;Growth Rates Y-o-Y;Finance, Insurance, Real Estate & Business Services;9.77;2022-12
2022;Q4;Growth Rates Y-o-Y;Net Taxes on Products;10.14;2022-12
2022;Q4;Growth Rates Y-o-Y;Gross Domestic Product;9.61;2022-12
2023;Q1;Growth Rates Y-o-Y;Agriculture, Forestry & Fishing;4.16;2023-03
2023;Q1;Growth Rates Y-o-Y;Mining & Quarrying : Crude Petroleum & Natural Gas;2.27;2023-03
2023;Q1;Growth Rates Y-o-Y;Mining & Quarrying : Other Mining & Quarrying;6.15;2023-03
2023;Q1;Growth Rates Y-o-Y;Manufacturing : Manufacturing excluding petroleum refining;8.6;2023-03
2023;Q1;Growth Rates Y-o-Y;Construction;15.48;2023-03
2023;Q1;Growth Rates Y-o-Y;Transport, Storage & Communication;9.67;2023-03
2023;Q1;Growth Rates Y-o-Y;Finance, Insurance, Real Estate & Business Services : Finance , Insurance and Business sevices;8.39;2023-03
2023;Q1;Growth Rates Y-o-Y;Net Taxes on Products;7.68;2023-03
2023;Q2;Growth Rates Y-o-Y;Manufacturing;4.14;2023-06
2023;Q3;Growth Rates Y-o-Y;Finance, Insurance, Real Estate & Business Services;6.78;2023-09
2023;Q3;Growth Rates Y-o-Y;Finance, Insurance, Real Estate & Business Services : Finance , Insurance and Business sevices;10.41;2023-09
2023;Q4;Growth Rates Y-o-Y;Mining & Quarrying : Other Mining & Quarrying;1.86;2023-12
2023;Q4;Growth Rates Y-o-Y;Manufacturing : Manufacturing excluding petroleum refining;0.35;2023-12
2023;Q4;Growth Rates Y-o-Y;Electricity, Gas and Water;3.12;2023-12
2023;Q4;Growth Rates Y-o-Y;Construction;4.33;2023-12
2024;Q1;Growth Rates Y-o-Y;Mining & Quarrying : Crude Petroleum & Natural Gas;-13.17;2024-03
2024;Q1;Growth Rates Y-o-Y;Manufacturing;3.93;2024-03
2024;Q1;Growth Rates Y-o-Y;Construction;2.84;2024-03
2024;Q1;Growth Rates Y-o-Y;Community, Social & Personal Services;9.43;2024-03
2024;Q1;Growth Rates Y-o-Y;Gross Value Added;0.22;2024-03
2024;Q1;Growth Rates Y-o-Y;Gross Domestic Product;0.37;2024-03
2024;Q2;Growth Rates Y-o-Y;Manufacturing : Manufacturing excluding petroleum refining;4.57;2024-06
2024;Q2;Growth Rates Y-o-Y;Wholesale & Retail Trade, Restaurants & hotels;8.14;2024-06
2024;Q2;Growth Rates Y-o-Y;Finance, Insurance, Real Estate & Business Services;8.61;2024-06
2024;Q2;Growth Rates Y-o-Y;Community, Social & Personal Services;3.98;2024-06
2024;Q2;Growth Rates Y-o-Y;Gross Domestic Product;1.18;2024-06
2024;Q3;Growth Rates Y-o-Y;Mining & Quarrying : Crude Petroleum & Natural Gas;0.01;2024-09
2024;Q3;Growth Rates Y-o-Y;Electricity, Gas and Water;3.7;2024-09
2024;Q3;Growth Rates Y-o-Y;Finance, Insurance, Real Estate & Business Services : Real Estate;2.74;2024-09
2024;Q3;Growth Rates Y-o-Y;Finance, Insurance, Real Estate & Business Services : Finance , Insurance and Business sevices;10.28;2024-09
2024;Q3;Growth Rates Y-o-Y;Government Activities;4.07;2024-09
2024;Q3;Growth Rates Y-o-Y;Gross Value Added;3.84;2024-09
2024;Q4;Growth Rates Y-o-Y;Transport, Storage & Communication;4.21;2024-12
2024;Q4;Growth Rates Y-o-Y;Community, Social & Personal Services;5.21;2024-12
2024;Q4;Growth Rates Y-o-Y;Government Activities;2.47;2024-12
2024;Q4;Growth Rates Y-o-Y;Net Taxes on Products;6.47;2024-12
2025;Q1;Growth Rates Y-o-Y;Mining & Quarrying : Other Mining & Quarrying;1.93;2025-03
2025;Q1;Growth Rates Y-o-Y;Manufacturing : Petroleum Refining;3.76;2025-03
2025;Q1;Growth Rates Y-o-Y;Finance, Insurance, Real Estate & Business Services;6.19;2025-03
2025;Q1;Growth Rates Y-o-Y;Finance, Insurance, Real Estate & Business Services : Real Estate;4.06;2025-03
2025;Q1;Growth Rates Y-o-Y;Gross Value Added;3.66;2025-03
2025;Q2;Growth Rates Y-o-Y;Mining & Quarrying : Other Mining & Quarrying;2.12;2025-06
2025;Q2;Growth Rates Y-o-Y;Manufacturing;4.09;2025-06
2025;Q2;Growth Rates Y-o-Y;Finance, Insurance, Real Estate & Business Services : Real Estate;3.7;2025-06
2025;Q2;Growth Rates Y-o-Y;Community, Social & Personal Services;4.77;2025-06
2025;Q3;Growth Rates Y-o-Y;Agriculture, Forestry & Fishing;0.8;2025-09
2025;Q3;Growth Rates Y-o-Y;Manufacturing : Manufacturing excluding petroleum refining;4.68;2025-09
2025;Q3;Growth Rates Y-o-Y;Wholesale & Retail Trade, Restaurants & hotels;5.17;2025-09
2025;Q3;Growth Rates Y-o-Y;Net Taxes on Products;3.54;2025-09
2025;Q3;Growth Rates Y-o-Y;Gross Domestic Product;4.82;2025-09
2025;Q4;Growth Rates Y-o-Y;Mining & Quarrying;12.23;2025-12
2025;Q4;Growth Rates Y-o-Y;Manufacturing : Petroleum Refining;5.01;2025-12
2025;Q4;Growth Rates Y-o-Y;Construction;3.97;2025-12
2025;Q4;Growth Rates Y-o-Y;Gross Value Added;5.12;2025-12
2012;Q1;Contribution to Growth rate in GDP Y-o-Y;Agriculture, Forestry & Fishing;0.08;2012-03
2012;Q1;Contribution to Growth rate in GDP Y-o-Y;Mining & Quarrying;6.09;2012-03
2012;Q1;Contribution to Growth rate in GDP Y-o-Y;Net Taxes on Products;0.22;2012-03
2012;Q1;Contribution to Growth rate in GDP Y-o-Y;Gross Domestic Product;9.89;2012-03
2012;Q2;Contribution to Growth rate in GDP Y-o-Y;Agriculture, Forestry & Fishing;0.08;2012-06
2012;Q2;Contribution to Growth rate in GDP Y-o-Y;Mining & Quarrying;4.39;2012-06
2012;Q2;Contribution to Growth rate in GDP Y-o-Y;Transport, Storage & Communication;0.3;2012-06
2012;Q2;Contribution to Growth rate in GDP Y-o-Y;Finance, Insurance, Real Estate & Business Services : Real Estate;0.36;2012-06
2012;Q2;Contribution to Growth rate in GDP Y-o-Y;Finance, Insurance, Real Estate & Business Services : Finance , Insurance and Business sevices;0.21;2012-06
2012;Q2;Contribution to Growth rate in GDP Y-o-Y;Community, Social & Personal Services;0.18;2012-06
2012;Q3;Contribution to Growth rate in GDP Y-o-Y;Agriculture, Forestry & Fishing;0.05;2012-09
2012;Q3;Contribution to Growth rate in GDP Y-o-Y;Mining & Quarrying : Other Mining & Quarrying;0.01;2012-09
2012;Q3;Contribution to Growth rate in GDP Y-o-Y;Transport, Storage & Communication;0.29;2012-09
2012;Q3;Contribution to Growth rate in GDP Y-o-Y;Gross Value Added;5.11;2012-09
2012;Q4;Contribution to Growth rate in GDP Y-o-Y;Mining & Quarrying;-1.42;2012-12
2012;Q4;Contribution to Growth rate in GDP Y-o-Y;Manufacturing : Manufacturing excluding petroleum refining;0.35;2012-12
2012;Q4;Contribution to Growth rate in GDP Y-o-Y;Construction;0.3;2012-12
2012;Q4;Contribution to Growth rate in GDP Y-o-Y;Government Activities;0.21;2012-12
2013;Q1;Contribution to Growth rate in GDP Y-o-Y;Agriculture, Forestry & Fishing;0.14;2013-03
2013;Q1;Contribution to Growth rate in GDP Y-o-Y;Wholesale & Retail Trade, Restaurants & hotels;0.87;2013-03
2013;Q1;Contribution to Growth rate in GDP Y-o-Y;Finance, Insurance, Real Estate & Business Services : Real Estate;0.6;2013-03
2013;Q1;Contribution to Growth rate in GDP Y-o-Y;Finance, Insurance, Real Estate & Business Services : Finance , Insurance and Business sevices;0.22;2013-03
2013;Q2;Contribution to Growth rate in GDP Y-o-Y;Mining & Quarrying : Crude Petroleum & Natural Gas;-2.28;2013-06
2013;Q2;Contribution to Growth rate in GDP Y-o-Y;Construction;0.33;2013-06
2013;Q2;Contribution to Growth rate in GDP Y-o-Y;Government Activities;1.31;2013-06
2013;Q3;Contribution to Growth rate in GDP Y-o-Y;Electricity, Gas and Water;0.08;2013-09
2013;Q3;Contribution to Growth rate in GDP Y-o-Y;Wholesale & Retail Trade, Restaurants & hotels;0.47;2013-09
2013;Q3;Contribution to Growth rate in GDP Y-o-Y;Transport, Storage & Communication;0.37;2013-09
2013;Q3;Contribution to Growth rate in GDP Y-o-Y;Gross Value Added;4.14;2013-09
2013;Q4;Contribution to Growth rate in GDP Y-o-Y;Manufacturing : Manufacturing excluding petroleum refining;0.42;2013-12
2013;Q4;Contribution to Growth rate in GDP Y-o-Y;Transport, Storage & Communication;0.41;2013-12
2013;Q4;Contribution to Growth rate in GDP Y-o-Y;Community, Social & Personal Services;0.3;2013-12
2013;Q4;Contribution to Growth rate in GDP Y-o-Y;Gross Value Added;5.19;2013-12
2013;Q4;Contribution to Growth rate in GDP Y-o-Y;Gross Domestic Product;5.23;2013-12
2014;Q1;Contribution to Growth rate in GDP Y-o-Y;Mining & Quarrying;2.92;2014-03
2014;Q1;Contribution to Growth rate in GDP Y-o-Y;Electricity, Gas and Water;0.0;2014-03
2014;Q1;Contribution to Growth rate in GDP Y-o-Y;Finance, Insurance, Real Estate & Business Services;0.44;2014-03
2014;Q2;Contribution to Growth rate in GDP Y-o-Y;Mining & Quarrying : Crude Petroleum & Natural Gas;0.87;2014-06
2014;Q2;Contribution to Growth rate in GDP Y-o-Y;Finance, Insurance, Real Estate & Business Services : Real Estate;0.09;2014-06
2014;Q3;Contribution to Growth rate in GDP Y-o-Y;Agriculture, Forestry & Fishing;0.09;2014-09
2014;Q3;Contribution to Growth rate in GDP Y-o-Y;Manufacturing : Manufacturing excluding petroleum refining;0.5;2014-09
2014;Q3;Contribution to Growth rate in GDP Y-o-Y;Finance, Insurance, Real Estate & Business Services : Real Estate;0.13;2014-09
2014;Q3;Contribution to Growth rate in GDP Y-o-Y;Finance, Insurance, Real Estate & Business Services : Finance , Insurance and Business sevices;0.11;2014-09
2014;Q3;Contribution to Growth rate in GDP Y-o-Y;Community, Social & Personal Services;0.3;2014-09
2014;Q3;Contribution to Growth rate in GDP Y-o-Y;Gross Domestic Product;2.39;2014-09
2014;Q4;Contribution to Growth rate in GDP Y-o-Y;Mining & Quarrying;-0.54;2014-12
2014;Q4;Contribution to Growth rate in GDP Y-o-Y;Finance, Insurance, Real Estate & Business Services;0.25;2014-12
2014;Q4;Contribution to Growth rate in GDP Y-o-Y;Finance, Insurance, Real Estate & Business Services : Real Estate;0.12;2014-12
2014;Q4;Contribution to Growth rate in GDP Y-o-Y;Community, Social & Personal Services;0.2;2014-12
2015;Q1;Contribution to Growth rate in GDP Y-o-Y;Agriculture, Forestry & Fishing;0.13;2015-03
2015;Q1;Contribution to Growth rate in GDP Y-o-Y;Manufacturing : Manufacturing excluding petroleum refining;0.73;2015-03
2015;Q1;Contribution to Growth rate in GDP Y-o-Y;Gross Value Added;3.53;2015-03
2015;Q2;Contribution to Growth rate in GDP Y-o-Y;Mining & Quarrying;2.7;2015-06
2015;Q2;Contribution to Growth rate in GDP Y-o-Y;Construction;0.18;2015-06
2015;Q2;Contribution to Growth rate in GDP Y-o-Y;Gross Value Added;5.29;2015-06
2015;Q3;Contribution to Growth rate in GDP Y-o-Y;Manufacturing : Manufacturing excluding petroleum refining;0.83;2015-09
2015;Q3;Contribution to Growth rate in GDP Y-o-Y;Finance, Insurance, Real Estate & Business Services : Real Estate;0.19;2015-09
2015;Q3;Contribution to Growth rate in GDP Y-o-Y;Finance, Insurance, Real Estate & Business Services : Finance , Insurance and Business sevices;0.12;2015-09
2015;Q3;Contribution to Growth rate in GDP Y-o-Y;Community, Social & Personal Services;0.16;2015-09
2015;Q3;Contribution to Growth rate in GDP Y-o-Y;Gross Domestic Product;4.87;2015-09
2015;Q4;Contribution to Growth rate in GDP Y-o-Y;Mining & Quarrying : Crude Petroleum & Natural Gas;2.3;2015-12
2015;Q4;Contribution to Growth rate in GDP Y-o-Y;Mining & Quarrying : Other Mining & Quarrying;0.01;2015-12
2015;Q4;Contribution to Growth rate in GDP Y-o-Y;Electricity, Gas and Water;0.07;2015-12
2015;Q4;Contribution to Growth rate in GDP Y-o-Y;Transport, Storage & Communication;0.28;2015-12
2015;Q4;Contribution to Growth rate in GDP Y-o-Y;Finance, Insurance, Real Estate & Business Services;0.36;2015-12
2015;Q4;Contribution to Growth rate in GDP Y-o-Y;Finance, Insurance, Real Estate & Business Services : Real Estate;0.19;2015-12
2016;Q1;Contribution to Growth rate in GDP Y-o-Y;Mining & Quarrying : Other Mining & Quarrying;-0.02;2016-03
2016;Q1;Contribution to Growth rate in GDP Y-o-Y;Transport, Storage & Communication;0.16;2016-03
2016;Q1;Contribution to Growth rate in GDP Y-o-Y;Finance, Insurance, Real Estate & Business Services;0.44;2016-03
2016;Q1;Contribution to Growth rate in GDP Y-o-Y;Finance, Insurance, Real Estate & Business Services : Finance , Insurance and Business sevices;0.31;2016-03
2016;Q1;Contribution to Growth rate in GDP Y-o-Y;Community, Social & Personal Services;0.31;2016-03
2016;Q2;Contribution to Growth rate in GDP Y-o-Y;Mining & Quarrying : Crude Petroleum & Natural Gas;-0.45;2016-06
2016;Q2;Contribution to Growth rate in GDP Y-o-Y;Manufacturing : Manufacturing excluding petroleum refining;0.63;2016-06
2016;Q2;Contribution to Growth rate in GDP Y-o-Y;Finance, Insurance, Real Estate & Business Services;0.35;2016-06
2016;Q3;Contribution to Growth rate in GDP Y-o-Y;Manufacturing;0.23;2016-09
2016;Q3;Contribution to Growth rate in GDP Y-o-Y;Electricity, Gas and Water;0.75;2016-09
2016;Q3;Contribution to Growth rate in GDP Y-o-Y;Finance, Insurance, Real Estate & Business Services;0.18;2016-09
2016;Q3;Contribution to Growth rate in GDP Y-o-Y;Finance, Insurance, Real Estate & Business Services : Real Estate;0.06;2016-09
2016;Q4;Contribution to Growth rate in GDP Y-o-Y;Electricity, Gas and Water;0.05;2016-12
2016;Q4;Contribution to Growth rate in GDP Y-o-Y;Wholesale & Retail Trade, Restaurants & hotels;-0.15;2016-12
2016;Q4;Contribution to Growth rate in GDP Y-o-Y;Finance, Insurance, Real Estate & Business Services : Real Estate;0.14;2016-12
2016;Q4;Contribution to Growth rate in GDP Y-o-Y;Community, Social & Personal Services;0.38;2016-12
2017;Q1;Contribution to Growth rate in GDP Y-o-Y;Construction;-0.3;2017-03
2017;Q1;Contribution to Growth rate in GDP Y-o-Y;Finance, Insurance, Real Estate & Business Services : Real Estate;0.37;2017-03
2017;Q1;Contribution to Growth rate in GDP Y-o-Y;Net Taxes on Products;-0.14;2017-03
2017;Q1;Contribution to Growth rate in GDP Y-o-Y;Gross Domestic Product;-0.41;2017-03
2017;Q2;Contribution to Growth rate in GDP Y-o-Y;Mining & Quarrying : Other Mining & Quarrying;0.02;2017-06
2017;Q2;Contribution to Growth rate in GDP Y-o-Y;Manufacturing : Petroleum Refining;0.17;2017-06
2017;Q2;Contribution to Growth rate in GDP Y-o-Y;Construction;-0.34;2017-06
2017;Q2;Contribution to Growth rate in GDP Y-o-Y;Finance, Insurance, Real Estate & Business Services;0.35;2017-06
2017;Q2;Contribution to Growth rate in GDP Y-o-Y;Finance, Insurance, Real Estate & Business Services : Finance , Insurance and Business sevices;-0.06;2017-06
2017;Q2;Contribution to Growth rate in GDP Y-o-Y;Government Activities;-0.23;2017-06
2017;Q2;Contribution to Growth rate in GDP Y-o-Y;Gross Value Added;0.45;2017-06
2017;Q3;Contribution to Growth rate in GDP Y-o-Y;Agriculture, Forestry & Fishing;0.14;2017-09
2017;Q3;Contribution to Growth rate in GDP Y-o-Y;Transport, Storage & Communication;0.42;2017-09
2017;Q3;Contribution to Growth rate in GDP Y-o-Y;Finance, Insurance, Real Estate & Business Services : Finance , Insurance and Business sevices;0.24;2017-09
2017;Q4;Contribution to Growth rate in GDP Y-o-Y;Construction;0.28;2017-12
2017;Q4;Contribution to Growth rate in GDP Y-o-Y;Wholesale & Retail Trade, Restaurants & hotels;0.78;2017-12
2018;Q1;Contribution to Growth rate in GDP Y-o-Y;Electricity, Gas and Water;0.0;2018-03
2018;Q1;Contribution to Growth rate in GDP Y-o-Y;Construction;0.31;2018-03
2018;Q1;Contribution to Growth rate in GDP Y-o-Y;Finance, Insurance, Real Estate & Business Services;0.47;2018-03
2018;Q1;Contribution to Growth rate in GDP Y-o-Y;Gross Value Added;2.7;2018-03
2018;Q1;Contribution to Growth rate in GDP Y-o-Y;Gross Domestic Product;2.72;2018-03
2018;Q2;Contribution to Growth rate in GDP Y-o-Y;Mining & Quarrying : Crude Petroleum & Natural Gas;0.47;2018-06
2018;Q2;Contribution to Growth rate in GDP Y-o-Y;Manufacturing : Petroleum Refining;-0.12;2018-06
2018;Q2;Contribution to Growth rate in GDP Y-o-Y;Transport, Storage & Communication;0.06;2018-06
2018;Q2;Contribution to Growth rate in GDP Y-o-Y;Finance, Insurance, Real Estate & Business Services;0.68;2018-06
2018;Q2;Contribution to Growth rate in GDP Y-o-Y;Government Activities;1.38;2018-06
2018;Q3;Contribution to Growth rate in GDP Y-o-Y;Agriculture, Forestry & Fishing;0.03;2018-09
2018;Q3;Contribution to Growth rate in GDP Y-o-Y;Mining & Quarrying;1.09;2018-09
2018;Q3;Contribution to Growth rate in GDP Y-o-Y;Electricity, Gas and Water;-0.05;2018-09
2018;Q3;Contribution to Growth rate in GDP Y-o-Y;Finance, Insurance, Real Estate & Business Services;0.52;2018-09
2018;Q4;Contribution to Growth rate in GDP Y-o-Y;Electricity, Gas and Water;-0.08;2018-12
2018;Q4;Contribution to Growth rate in GDP Y-o-Y;Transport, Storage & Communication;0.18;2018-12
2018;Q4;Contribution to Growth rate in GDP Y-o-Y;Finance, Insurance, Real Estate & Business Services : Real Estate;0.18;2018-12
2018;Q4;Contribution to Growth rate in GDP Y-o-Y;Finance, Insurance, Real Estate & Business Services : Finance , Insurance and Business sevices;0.42;2018-12
2018;Q4;Contribution to Growth rate in GDP Y-o-Y;Community, Social & Personal Services;0.21;2018-12
2018;Q4;Contribution to Growth rate in GDP Y-o-Y;Government Activities;0.28;2018-12
2019;Q1;Contribution to Growth rate in GDP Y-o-Y;Transport, Storage & Communication;0.47;2019-03
2019;Q1;Contribution to Growth rate in GDP Y-o-Y;Finance, Insurance, Real Estate & Business Services : Finance , Insurance and Business sevices;0.41;2019-03
2019;Q2;Contribution to Growth rate in GDP Y-o-Y;Manufacturing;0.22;2019-06
2019;Q2;Contribution to Growth rate in GDP Y-o-Y;Construction;0.29;2019-06
2019;Q2;Contribution to Growth rate in GDP Y-o-Y;Wholesale & Retail Trade, Restaurants & hotels;0.49;2019-06
2019;Q2;Contribution to Growth rate in GDP Y-o-Y;Finance, Insurance, Real Estate & Business Services : Real Estate;0.01;2019-06
2019;Q2;Contribution to Growth rate in GDP Y-o-Y;Community, Social & Personal Services;0.14;2019-06
2019;Q2;Contribution to Growth rate in GDP Y-o-Y;Government Activities;0.2;2019-06
2019;Q3;Contribution to Growth rate in GDP Y-o-Y;Mining & Quarrying;-1.85;2019-09
2019;Q3;Contribution to Growth rate in GDP Y-o-Y;Manufacturing : Manufacturing excluding petroleum refining;0.45;2019-09
2019;Q3;Contribution to Growth rate in GDP Y-o-Y;Construction;0.0;2019-09
2019;Q3;Contribution to Growth rate in GDP Y-o-Y;Transport, Storage & Communication;0.36;2019-09
2019;Q3;Contribution to Growth rate in GDP Y-o-Y;Finance, Insurance, Real Estate & Business Services;0.56;2019-09
2019;Q3;Contribution to Growth rate in GDP Y-o-Y;Net Taxes on Products;0.41;2019-09
2019;Q4;Contribution to Growth rate in GDP Y-o-Y;Agriculture, Forestry & Fishing;0.09;2019-12
2019;Q4;Contribution to Growth rate in GDP Y-o-Y;Gross Domestic Product;0.7;2019-12
2020;Q1;Contribution to Growth rate in GDP Y-o-Y;Agriculture, Forestry & Fishing;0.01;2020-03
2020;Q1;Contribution to Growth rate in GDP Y-o-Y;Mining & Quarrying : Crude Petroleum & Natural Gas;-0.76;2020-03
2020;Q1;Contribution to Growth rate in GDP Y-o-Y;Electricity, Gas and Water;-0.04;2020-03
2020;Q1;Contribution to Growth rate in GDP Y-o-Y;Gross Value Added;-1.37;2020-03
2020;Q2;Contribution to Growth rate in GDP Y-o-Y;Manufacturing;-1.24;2020-06
2020;Q2;Contribution to Growth rate in GDP Y-o-Y;Manufacturing : Manufacturing excluding petroleum refining;-0.8;2020-06
2020;Q3;Contribution to Growth rate in GDP Y-o-Y;Agriculture, Forestry & Fishing;0.14;2020-09
2020;Q3;Contribution to Growth rate in GDP Y-o-Y;Manufacturing : Manufacturing excluding petroleum refining;-0.09;2020-09
2020;Q3;Contribution to Growth rate in GDP Y-o-Y;Electricity, Gas and Water;0.1;2020-09
2020;Q3;Contribution to Growth rate in GDP Y-o-Y;Government Activities;0.04;2020-09
2020;Q4;Contribution to Growth rate in GDP Y-o-Y;Mining & Quarrying : Crude Petroleum & Natural Gas;-2.34;2020-12
2020;Q4;Contribution to Growth rate in GDP Y-o-Y;Government Activities;-0.2;2020-12
2020;Q4;Contribution to Growth rate in GDP Y-o-Y;Net Taxes on Products;-0.13;2020-12
2020;Q4;Contribution to Growth rate in GDP Y-o-Y;Gross Domestic Product;-2.94;2020-12
2021;Q1;Contribution to Growth rate in GDP Y-o-Y;Mining & Quarrying;-2.47;2021-03
2021;Q1;Contribution to Growth rate in GDP Y-o-Y;Finance, Insurance, Real Estate & Business Services : Finance , Insurance and Business sevices;0.17;2021-03
2021;Q1;Contribution to Growth rate in GDP Y-o-Y;Net Taxes on Products;-0.05;2021-03
2021;Q2;Contribution to Growth rate in GDP Y-o-Y;Agriculture, Forestry & Fishing;0.04;2021-06
2021;Q2;Contribution to Growth rate in GDP Y-o-Y;Mining & Quarrying : Crude Petroleum & Natural Gas;-1.93;2021-06
2021;Q2;Contribution to Growth rate in GDP Y-o-Y;Transport, Storage & Communication;0.89;2021-06
2021;Q2;Contribution to Growth rate in GDP Y-o-Y;Finance, Insurance, Real Estate & Business Services;1.05;2021-06
2021;Q3;Contribution to Growth rate in GDP Y-o-Y;Agriculture, Forestry & Fishing;0.06;2021-09
2021;Q3;Contribution to Growth rate in GDP Y-o-Y;Manufacturing : Petroleum Refining;0.48;2021-09
2021;Q3;Contribution to Growth rate in GDP Y-o-Y;Manufacturing : Manufacturing excluding petroleum refining;0.81;2021-09
2021;Q3;Contribution to Growth rate in GDP Y-o-Y;Finance, Insurance, Real Estate & Business Services;1.33;2021-09
2021;Q3;Contribution to Growth rate in GDP Y-o-Y;Community, Social & Personal Services;0.41;2021-09
2021;Q4;Contribution to Growth rate in GDP Y-o-Y;Manufacturing : Manufacturing excluding petroleum refining;0.99;2021-12
2021;Q4;Contribution to Growth rate in GDP Y-o-Y;Transport, Storage & Communication;1.33;2021-12
2021;Q4;Contribution to Growth rate in GDP Y-o-Y;Finance, Insurance, Real Estate & Business Services;0.8;2021-12
2022;Q1;Contribution to Growth rate in GDP Y-o-Y;Manufacturing : Manufacturing excluding petroleum refining;0.99;2022-03
2022;Q1;Contribution to Growth rate in GDP Y-o-Y;Construction;1.69;2022-03
2022;Q1;Contribution to Growth rate in GDP Y-o-Y;Finance, Insurance, Real Estate & Business Services : Real Estate;-0.03;2022-03
2022;Q1;Contribution to Growth rate in GDP Y-o-Y;Gross Value Added;10.29;2022-03
2022;Q2;Contribution to Growth rate in GDP Y-o-Y;Wholesale & Retail Trade, Restaurants & hotels;0.99;2022-06
2022;Q3;Contribution to Growth rate in GDP Y-o-Y;Mining & Quarrying;4.37;2022-09
2022;Q3;Contribution to Growth rate in GDP Y-o-Y;Mining & Quarrying : Other Mining & Quarrying;0.01;2022-09
2022;Q3;Contribution to Growth rate in GDP Y-o-Y;Wholesale & Retail Trade, Restaurants & hotels;1.22;2022-09
2022;Q3;Contribution to Growth rate in GDP Y-o-Y;Transport, Storage & Communication;0.47;2022-09
2022;Q3;Contribution to Growth rate in GDP Y-o-Y;Finance, Insurance, Real Estate & Business Services : Real Estate;0.17;2022-09
2022;Q4;Contribution to Growth rate in GDP Y-o-Y;Manufacturing : Petroleum Refining;-0.07;2022-12
2022;Q4;Contribution to Growth rate in GDP Y-o-Y;Finance, Insurance, Real Estate & Business Services;1.09;2022-12
2022;Q4;Contribution to Growth rate in GDP Y-o-Y;Finance, Insurance, Real Estate & Business Services : Real Estate;0.2;2022-12
2023;Q1;Contribution to Growth rate in GDP Y-o-Y;Agriculture, Forestry & Fishing;0.09;2023-03
2023;Q1;Contribution to Growth rate in GDP Y-o-Y;Manufacturing : Petroleum Refining;-0.38;2023-03
2023;Q1;Contribution to Growth rate in GDP Y-o-Y;Electricity, Gas and Water;0.14;2023-03
2023;Q1;Contribution to Growth rate in GDP Y-o-Y;Finance, Insurance, Real Estate & Business Services;0.55;2023-03
2023;Q1;Contribution to Growth rate in GDP Y-o-Y;Gross Value Added;5.2;2023-03
2023;Q2;Contribution to Growth rate in GDP Y-o-Y;Agriculture, Forestry & Fishing;0.07;2023-06
2023;Q2;Contribution to Growth rate in GDP Y-o-Y;Manufacturing : Manufacturing excluding petroleum refining;0.8;2023-06
2023;Q2;Contribution to Growth rate in GDP Y-o-Y;Construction;0.42;2023-06
2023;Q2;Contribution to Growth rate in GDP Y-o-Y;Wholesale & Retail Trade, Restaurants & hotels;0.96;2023-06
2023;Q3;Contribution to Growth rate in GDP Y-o-Y;Manufacturing;-0.11;2023-09
2023;Q3;Contribution to Growth rate in GDP Y-o-Y;Gross Value Added;-3.04;2023-09
2023;Q4;Contribution to Growth rate in GDP Y-o-Y;Mining & Quarrying : Crude Petroleum & Natural Gas;-4.84;2023-12
2023;Q4;Contribution to Growth rate in GDP Y-o-Y;Manufacturing : Manufacturing excluding petroleum refining;0.06;2023-12
2023;Q4;Contribution to Growth rate in GDP Y-o-Y;Finance, Insurance, Real Estate & Business Services : Finance , Insurance and Business sevices;0.38;2023-12
2023;Q4;Contribution to Growth rate in GDP Y-o-Y;Community, Social & Personal Services;0.27;2023-12
2023;Q4;Contribution to Growth rate in GDP Y-o-Y;Net Taxes on Products;0.32;2023-12
2024;Q1;Contribution to Growth rate in GDP Y-o-Y;Manufacturing;0.64;2024-03
2024;Q1;Contribution to Growth rate in GDP Y-o-Y;Construction;0.19;2024-03
2024;Q1;Contribution to Growth rate in GDP Y-o-Y;Gross Value Added;0.21;2024-03
2024;Q2;Contribution to Growth rate in GDP Y-o-Y;Agriculture, Forestry & Fishing;0.14;2024-06
2024;Q2;Contribution to Growth rate in GDP Y-o-Y;Mining & Quarrying : Crude Petroleum & Natural Gas;-3.02;2024-06
2024;Q2;Contribution to Growth rate in GDP Y-o-Y;Mining & Quarrying : Other Mining & Quarrying;0.03;2024-06
2024;Q2;Contribution to Growth rate in GDP Y-o-Y;Net Taxes on Products;0.18;2024-06
2024;Q3;Contribution to Growth rate in GDP Y-o-Y;Agriculture, Forestry & Fishing;0.16;2024-09
2024;Q3;Contribution to Growth rate in GDP Y-o-Y;Mining & Quarrying;0.15;2024-09
2024;Q3;Contribution to Growth rate in GDP Y-o-Y;Manufacturing : Petroleum Refining;-0.03;2024-09
2024;Q3;Contribution to Growth rate in GDP Y-o-Y;Finance, Insurance, Real Estate & Business Services : Finance , Insurance and Business sevices;0.71;2024-09
2024;Q4;Contribution to Growth rate in GDP Y-o-Y;Wholesale & Retail Trade, Restaurants & hotels;0.77;2024-12
2024;Q4;Contribution to Growth rate in GDP Y-o-Y;Finance, Insurance, Real Estate & Business Services : Finance , Insurance and Business sevices;0.58;2024-12
2024;Q4;Contribution to Growth rate in GDP Y-o-Y;Government Activities;0.45;2024-12
2024;Q4;Contribution to Growth rate in GDP Y-o-Y;Gross Value Added;4.84;2024-12
2024;Q4;Contribution to Growth rate in GDP Y-o-Y;Gross Domestic Product;5.17;2024-12
2025;Q1;Contribution to Growth rate in GDP Y-o-Y;Mining & Quarrying;-0.28;2025-03
2025;Q1;Contribution to Growth rate in GDP Y-o-Y;Mining & Quarrying : Crude Petroleum & Natural Gas;-0.29;2025-03
2025;Q1;Contribution to Growth rate in GDP Y-o-Y;Transport, Storage & Communication;0.35;2025-03
2025;Q1;Contribution to Growth rate in GDP Y-o-Y;Finance, Insurance, Real Estate & Business Services : Real Estate;0.25;2025-03
2025;Q1;Contribution to Growth rate in GDP Y-o-Y;Government Activities;0.48;2025-03
2025;Q2;Contribution to Growth rate in GDP Y-o-Y;Agriculture, Forestry & Fishing;0.11;2025-06
2025;Q2;Contribution to Growth rate in GDP Y-o-Y;Mining & Quarrying : Crude Petroleum & Natural Gas;0.81;2025-06
2025;Q2;Contribution to Growth rate in GDP Y-o-Y;Finance, Insurance, Real Estate & Business Services;0.78;2025-06
2025;Q2;Contribution to Growth rate in GDP Y-o-Y;Community, Social & Personal Services;0.17;2025-06
2025;Q2;Contribution to Growth rate in GDP Y-o-Y;Government Activities;0.04;2025-06
2025;Q3;Contribution to Growth rate in GDP Y-o-Y;Agriculture, Forestry & Fishing;0.02;2025-09
2025;Q3;Contribution to Growth rate in GDP Y-o-Y;Mining & Quarrying : Crude Petroleum & Natural Gas;1.43;2025-09
2025;Q3;Contribution to Growth rate in GDP Y-o-Y;Manufacturing : Petroleum Refining;0.62;2025-09
2025;Q3;Contribution to Growth rate in GDP Y-o-Y;Manufacturing : Manufacturing excluding petroleum refining;0.47;2025-09
2025;Q3;Contribution to Growth rate in GDP Y-o-Y;Electricity, Gas and Water;0.24;2025-09
2025;Q3;Contribution to Growth rate in GDP Y-o-Y;Construction;0.23;2025-09
2025;Q3;Contribution to Growth rate in GDP Y-o-Y;Wholesale & Retail Trade, Restaurants & hotels;0.58;2025-09
2025;Q4;Contribution to Growth rate in GDP Y-o-Y;Agriculture, Forestry & Fishing;0.09;2025-12
2025;Q4;Contribution to Growth rate in GDP Y-o-Y;Mining & Quarrying;2.39;2025-12
2025;Q4;Contribution to Growth rate in GDP Y-o-Y;Mining & Quarrying : Crude Petroleum & Natural Gas;2.38;2025-12
2025;Q4;Contribution to Growth rate in GDP Y-o-Y;Mining & Quarrying : Other Mining & Quarrying;0.01;2025-12
2025;Q4;Contribution to Growth rate in GDP Y-o-Y;Electricity, Gas and Water;-0.02;2025-12
2025;Q4;Contribution to Growth rate in GDP Y-o-Y;Transport, Storage & Communication;0.2;2025-12
2025;Q4;Contribution to Growth rate in GDP Y-o-Y;Finance, Insurance, Real Estate & Business Services : Finance , Insurance and Business sevices;0.32;2025-12
2025;Q4;Contribution to Growth rate in GDP Y-o-Y;Government Activities;-0.16;2025-12
2010;Q1;Implicit Price Index (Deflators);Mining & Quarrying : Other Mining & Quarrying;70.7;2010-03
2010;Q1;Implicit Price Index (Deflators);Manufacturing : Petroleum Refining;36.8;2010-03
2010;Q2;Implicit Price Index (Deflators);Mining & Quarrying;94.1;2010-06
2010;Q2;Implicit Price Index (Deflators);Finance, Insurance, Real Estate & Business Services;65.3;2010-06
2010;Q2;Implicit Price Index (Deflators);Finance, Insurance, Real Estate & Business Services : Real Estate;64.0;2010-06
2010;Q2;Implicit Price Index (Deflators);Net Taxes on Products;9.6;2010-06
2010;Q2;Implicit Price Index (Deflators);Gross Domestic Product;71.5;2010-06
2010;Q3;Implicit Price Index (Deflators);Agriculture, Forestry & Fishing;71.9;2010-09
2010;Q3;Implicit Price Index (Deflators);Finance, Insurance, Real Estate & Business Services : Finance , Insurance and Business sevices;67.1;2010-09
2010;Q3;Implicit Price Index (Deflators);Community, Social & Personal Services;79.7;2010-09
2010;Q4;Implicit Price Index (Deflators);Construction;59.9;2010-12
2010;Q4;Implicit Price Index (Deflators);Transport, Storage & Communication;82.9;2010-12
2010;Q4;Implicit Price Index (Deflators);Government Activities;63.9;2010-12
2010;Q4;Implicit Price Index (Deflators);Net Taxes on Products;9.6;2010-12
2010;Q4;Implicit Price Index (Deflators);Gross Domestic Product;71.5;2010-12
2011;Q1;Implicit Price Index (Deflators);Wholesale & Retail Trade, Restaurants & hotels;74.8;2011-03
2011;Q1;Implicit Price Index (Deflators);Finance, Insurance, Real Estate & Business Services;69.9;2011-03
2011;Q1;Implicit Price Index (Deflators);Finance, Insurance, Real Estate & Business Services : Real Estate;67.7;2011-03
2011;Q2;Implicit Price Index (Deflators);Net Taxes on Products;10.9;2011-06
2011;Q3;Implicit Price Index (Deflators);Mining & Quarrying : Other Mining & Quarrying;73.1;2011-09
2011;Q3;Implicit Price Index (Deflators);Gross Value Added;86.8;2011-09
2011;Q3;Implicit Price Index (Deflators);Net Taxes on Products;10.1;2011-09
2011;Q4;Implicit Price Index (Deflators);Mining & Quarrying : Other Mining & Quarrying;73.7;2011-12
2011;Q4;Implicit Price Index (Deflators);Electricity, Gas and Water;77.2;2011-12
2011;Q4;Implicit Price Index (Deflators);Community, Social & Personal Services;83.5;2011-12
2011;Q4;Implicit Price Index (Deflators);Gross Domestic Product;81.9;2011-12
2012;Q1;Implicit Price Index (Deflators);Manufacturing;63.9;2012-03
2012;Q1;Implicit Price Index (Deflators);Manufacturing : Petroleum Refining;42.6;2012-03
2012;Q1;Implicit Price Index (Deflators);Manufacturing : Manufacturing excluding petroleum refining;77.6;2012-03
2012;Q1;Implicit Price Index (Deflators);Electricity, Gas and Water;77.3;2012-03
2012;Q1;Implicit Price Index (Deflators);Construction;69.4;2012-03
2012;Q2;Implicit Price Index (Deflators);Manufacturing;63.2;2012-06
2012;Q2;Implicit Price Index (Deflators);Manufacturing : Manufacturing excluding petroleum refining;77.9;2012-06
2012;Q3;Implicit Price Index (Deflators);Mining & Quarrying;120.0;2012-09
2012;Q3;Implicit Price Index (Deflators);Manufacturing;62.0;2012-09
2012;Q3;Implicit Price Index (Deflators);Manufacturing : Petroleum Refining;36.1;2012-09
2012;Q3;Implicit Price Index (Deflators);Manufacturing : Manufacturing excluding petroleum refining;78.9;2012-09
2012;Q4;Implicit Price Index (Deflators);Mining & Quarrying;125.6;2012-12
2012;Q4;Implicit Price Index (Deflators);Manufacturing : Petroleum Refining;36.4;2012-12
2012;Q4;Implicit Price Index (Deflators);Construction;67.7;2012-12
2012;Q4;Implicit Price Index (Deflators);Transport, Storage & Communication;87.3;2012-12
2013;Q1;Implicit Price Index (Deflators);Mining & Quarrying : Crude Petroleum & Natural Gas;127.8;2013-03
2013;Q1;Implicit Price Index (Deflators);Manufacturing : Petroleum Refining;36.5;2013-03
2013;Q1;Implicit Price Index (Deflators);Electricity, Gas and Water;82.7;2013-03
2013;Q2;Implicit Price Index (Deflators);Mining & Quarrying;121.5;2013-06
2013;Q3;Implicit Price Index (Deflators);Manufacturing;62.1;2013-09
2013;Q3;Implicit Price Index (Deflators);Electricity, Gas and Water;80.1;2013-09
2013;Q3;Implicit Price Index (Deflators);Finance, Insurance, Real Estate & Business Services;82.2;2013-09
2013;Q3;Implicit Price Index (Deflators);Finance, Insurance, Real Estate & Business Services : Real Estate;85.3;2013-09
2013;Q4;Implicit Price Index (Deflators);Gross Value Added;86.9;2013-12
2013;Q4;Implicit Price Index (Deflators);Gross Domestic Product;83.3;2013-12
2014;Q1;Implicit Price Index (Deflators);Mining & Quarrying;121.6;2014-03
2014;Q1;Implicit Price Index (Deflators);Wholesale & Retail Trade, Restaurants & hotels;81.3;2014-03
2014;Q2;Implicit Price Index (Deflators);Agriculture, Forestry & Fishing;76.5;2014-06
2014;Q2;Implicit Price Index (Deflators);Mining & Quarrying;120.7;2014-06
2014;Q2;Implicit Price Index (Deflators);Manufacturing : Petroleum Refining;36.8;2014-06
2014;Q2;Implicit Price Index (Deflators);Electricity, Gas and Water;76.6;2014-06
2014;Q2;Implicit Price Index (Deflators);Transport, Storage & Communication;89.3;2014-06
2014;Q2;Implicit Price Index (Deflators);Finance, Insurance, Real Estate & Business Services : Real Estate;89.5;2014-06
2014;Q2;Implicit Price Index (Deflators);Gross Value Added;92.0;2014-06
2014;Q2;Implicit Price Index (Deflators);Net Taxes on Products;12.0;2014-06
2014;Q2;Implicit Price Index (Deflators);Gross Domestic Product;88.2;2014-06
2014;Q3;Implicit Price Index (Deflators);Mining & Quarrying : Crude Petroleum & Natural Gas;110.5;2014-09
2014;Q3;Implicit Price Index (Deflators);Manufacturing : Manufacturing excluding petroleum refining;82.2;2014-09
2014;Q3;Implicit Price Index (Deflators);Net Taxes on Products;9.5;2014-09
2014;Q4;Implicit Price Index (Deflators);Mining & Quarrying : Crude Petroleum & Natural Gas;85.0;2014-12
2014;Q4;Implicit Price Index (Deflators);Manufacturing : Petroleum Refining;33.8;2014-12
2015;Q1;Implicit Price Index (Deflators);Agriculture, Forestry & Fishing;77.9;2015-03
2015;Q1;Implicit Price Index (Deflators);Mining & Quarrying : Other Mining & Quarrying;83.4;2015-03
2015;Q1;Implicit Price Index (Deflators);Manufacturing : Petroleum Refining;28.5;2015-03
2015;Q1;Implicit Price Index (Deflators);Community, Social & Personal Services;91.0;2015-03
2015;Q1;Implicit Price Index (Deflators);Gross Value Added;77.1;2015-03
2015;Q2;Implicit Price Index (Deflators);Mining & Quarrying : Other Mining & Quarrying;83.8;2015-06
2015;Q2;Implicit Price Index (Deflators);Finance, Insurance, Real Estate & Business Services;89.6;2015-06
2015;Q2;Implicit Price Index (Deflators);Community, Social & Personal Services;90.9;2015-06
2015;Q3;Implicit Price Index (Deflators);Mining & Quarrying : Crude Petroleum & Natural Gas;52.6;2015-09
2015;Q3;Implicit Price Index (Deflators);Manufacturing : Petroleum Refining;27.3;2015-09
2015;Q3;Implicit Price Index (Deflators);Electricity, Gas and Water;84.1;2015-09
2015;Q3;Implicit Price Index (Deflators);Wholesale & Retail Trade, Restaurants & hotels;91.6;2015-09
2015;Q3;Implicit Price Index (Deflators);Transport, Storage & Communication;91.1;2015-09
2015;Q3;Implicit Price Index (Deflators);Finance, Insurance, Real Estate & Business Services;90.0;2015-09
2015;Q3;Implicit Price Index (Deflators);Finance, Insurance, Real Estate & Business Services : Real Estate;95.5;2015-09
2015;Q3;Implicit Price Index (Deflators);Government Activities;93.5;2015-09
2015;Q3;Implicit Price Index (Deflators);Gross Value Added;73.5;2015-09
2015;Q3;Implicit Price Index (Deflators);Net Taxes on Products;11.4;2015-09
2015;Q4;Implicit Price Index (Deflators);Mining & Quarrying : Crude Petroleum & Natural Gas;45.3;2015-12
2015;Q4;Implicit Price Index (Deflators);Transport, Storage & Communication;90.1;2015-12
2015;Q4;Implicit Price Index (Deflators);Finance, Insurance, Real Estate & Business Services : Finance , Insurance and Business sevices;83.3;2015-12
2015;Q4;Implicit Price Index (Deflators);Community, Social & Personal Services;92.0;2015-12
2016;Q1;Implicit Price Index (Deflators);Mining & Quarrying : Other Mining & Quarrying;84.9;2016-03
2016;Q2;Implicit Price Index (Deflators);Construction;81.2;2016-06
2016;Q2;Implicit Price Index (Deflators);Wholesale & Retail Trade, Restaurants & hotels;100.4;2016-06
2016;Q2;Implicit Price Index (Deflators);Net Taxes on Products;19.1;2016-06
2016;Q3;Implicit Price Index (Deflators);Manufacturing;61.1;2016-09
2016;Q3;Implicit Price Index (Deflators);Electricity, Gas and Water;78.2;2016-09
2016;Q3;Implicit Price Index (Deflators);Finance, Insurance, Real Estate & Business Services;90.9;2016-09
2016;Q3;Implicit Price Index (Deflators);Government Activities;95.6;2016-09
2016;Q4;Implicit Price Index (Deflators);Agriculture, Forestry & Fishing;82.1;2016-12
2016;Q4;Implicit Price Index (Deflators);Manufacturing;60.7;2016-12
2016;Q4;Implicit Price Index (Deflators);Wholesale & Retail Trade, Restaurants & hotels;87.4;2016-12
2017;Q1;Implicit Price Index (Deflators);Agriculture, Forestry & Fishing;78.7;2017-03
2017;Q1;Implicit Price Index (Deflators);Manufacturing;64.0;2017-03
2017;Q1;Implicit Price Index (Deflators);Construction;82.6;2017-03
2017;Q1;Implicit Price Index (Deflators);Finance, Insurance, Real Estate & Business Services : Finance , Insurance and Business sevices;87.8;2017-03
2017;Q1;Implicit Price Index (Deflators);Government Activities;78.8;2017-03
2017;Q1;Implicit Price Index (Deflators);Net Taxes on Products;10.9;2017-03
2017;Q1;Implicit Price Index (Deflators);Gross Domestic Product;71.9;2017-03
2017;Q2;Implicit Price Index (Deflators);Mining & Quarrying;57.1;2017-06
2017;Q2;Implicit Price Index (Deflators);Electricity, Gas and Water;77.5;2017-06
2017;Q2;Implicit Price Index (Deflators);Wholesale & Retail Trade, Restaurants & hotels;99.9;2017-06
2017;Q2;Implicit Price Index (Deflators);Finance, Insurance, Real Estate & Business Services;92.9;2017-06
2017;Q2;Implicit Price Index (Deflators);Finance, Insurance, Real Estate & Business Services : Finance , Insurance and Business sevices;88.5;2017-06
2017;Q2;Implicit Price Index (Deflators);Gross Value Added;77.0;2017-06
2017;Q3;Implicit Price Index (Deflators);Agriculture, Forestry & Fishing;79.2;2017-09
2017;Q3;Implicit Price Index (Deflators);Construction;82.1;2017-09
2017;Q3;Implicit Price Index (Deflators);Finance, Insurance, Real Estate & Business Services : Finance , Insurance and Business sevices;85.8;2017-09
2017;Q3;Implicit Price Index (Deflators);Community, Social & Personal Services;92.4;2017-09
2017;Q3;Implicit Price Index (Deflators);Gross Value Added;77.6;2017-09
2017;Q4;Implicit Price Index (Deflators);Manufacturing : Petroleum Refining;31.1;2017-12
2017;Q4;Implicit Price Index (Deflators);Electricity, Gas and Water;86.3;2017-12
2018;Q1;Implicit Price Index (Deflators);Agriculture, Forestry & Fishing;78.3;2018-03
2018;Q1;Implicit Price Index (Deflators);Mining & Quarrying;79.4;2018-03
2018;Q1;Implicit Price Index (Deflators);Mining & Quarrying : Crude Petroleum & Natural Gas;79.3;2018-03
2018;Q1;Implicit Price Index (Deflators);Transport, Storage & Communication;91.1;2018-03
2018;Q1;Implicit Price Index (Deflators);Finance, Insurance, Real Estate & Business Services;92.0;2018-03
2018;Q2;Implicit Price Index (Deflators);Mining & Quarrying : Crude Petroleum & Natural Gas;91.4;2018-06
2018;Q3;Implicit Price Index (Deflators);Manufacturing;70.3;2018-09
2018;Q3;Implicit Price Index (Deflators);Finance, Insurance, Real Estate & Business Services : Real Estate;93.7;2018-09
2018;Q4;Implicit Price Index (Deflators);Transport, Storage & Communication;91.6;2018-12
2018;Q4;Implicit Price Index (Deflators);Finance, Insurance, Real Estate & Business Services : Real Estate;94.1;2018-12
2019;Q1;Implicit Price Index (Deflators);Gross Value Added;82.4;2019-03
2019;Q1;Implicit Price Index (Deflators);Net Taxes on Products;39.2;2019-03
2019;Q2;Implicit Price Index (Deflators);Mining & Quarrying : Crude Petroleum & Natural Gas;81.9;2019-06
2019;Q2;Implicit Price Index (Deflators);Transport, Storage & Communication;93.1;2019-06
2019;Q2;Implicit Price Index (Deflators);Finance, Insurance, Real Estate & Business Services : Real Estate;95.3;2019-06
2019;Q3;Implicit Price Index (Deflators);Manufacturing : Petroleum Refining;40.0;2019-09
2019;Q3;Implicit Price Index (Deflators);Manufacturing : Manufacturing excluding petroleum refining;88.0;2019-09
2019;Q3;Implicit Price Index (Deflators);Electricity, Gas and Water;92.4;2019-09
2019;Q3;Implicit Price Index (Deflators);Finance, Insurance, Real Estate & Business Services : Finance , Insurance and Business sevices;89.2;2019-09
2019;Q4;Implicit Price Index (Deflators);Mining & Quarrying : Crude Petroleum & Natural Gas;81.2;2019-12
2019;Q4;Implicit Price Index (Deflators);Finance, Insurance, Real Estate & Business Services : Finance , Insurance and Business sevices;89.7;2019-12
2020;Q1;Implicit Price Index (Deflators);Mining & Quarrying : Other Mining & Quarrying;87.9;2020-03
2020;Q1;Implicit Price Index (Deflators);Wholesale & Retail Trade, Restaurants & hotels;87.0;2020-03
2020;Q1;Implicit Price Index (Deflators);Government Activities;95.0;2020-03
2020;Q2;Implicit Price Index (Deflators);Agriculture, Forestry & Fishing;81.9;2020-06
2020;Q2;Implicit Price Index (Deflators);Mining & Quarrying;30.4;2020-06
2020;Q2;Implicit Price Index (Deflators);Mining & Quarrying : Crude Petroleum & Natural Gas;29.5;2020-06
2020;Q2;Implicit Price Index (Deflators);Mining & Quarrying : Other Mining & Quarrying;88.8;2020-06
2020;Q2;Implicit Price Index (Deflators);Wholesale & Retail Trade, Restaurants & hotels;103.9;2020-06
2020;Q2;Implicit Price Index (Deflators);Finance, Insurance, Real Estate & Business Services : Finance , Insurance and Business sevices;91.6;2020-06
2020;Q2;Implicit Price Index (Deflators);Community, Social & Personal Services;92.7;2020-06
2020;Q2;Implicit Price Index (Deflators);Government Activities;104.3;2020-06
2020;Q3;Implicit Price Index (Deflators);Mining & Quarrying : Crude Petroleum & Natural Gas;52.6;2020-09
2020;Q3;Implicit Price Index (Deflators);Mining & Quarrying : Other Mining & Quarrying;91.4;2020-09
2020;Q3;Implicit Price Index (Deflators);Manufacturing : Petroleum Refining;32.1;2020-09
2020;Q3;Implicit Price Index (Deflators);Wholesale & Retail Trade, Restaurants & hotels;90.4;2020-09
2020;Q3;Implicit Price Index (Deflators);Community, Social & Personal Services;92.2;2020-09
2020;Q3;Implicit Price Index (Deflators);Government Activities;106.9;2020-09
2020;Q4;Implicit Price Index (Deflators);Mining & Quarrying;51.8;2020-12
2020;Q4;Implicit Price Index (Deflators);Manufacturing : Manufacturing excluding petroleum refining;85.0;2020-12
2020;Q4;Implicit Price Index (Deflators);Gross Value Added;76.5;2020-12
2020;Q4;Implicit Price Index (Deflators);Gross Domestic Product;76.6;2020-12
2021;Q1;Implicit Price Index (Deflators);Mining & Quarrying : Other Mining & Quarrying;90.9;2021-03
2021;Q1;Implicit Price Index (Deflators);Manufacturing : Petroleum Refining;58.2;2021-03
2021;Q1;Implicit Price Index (Deflators);Manufacturing : Manufacturing excluding petroleum refining;85.2;2021-03
2021;Q1;Implicit Price Index (Deflators);Finance, Insurance, Real Estate & Business Services : Real Estate;92.8;2021-03
2021;Q1;Implicit Price Index (Deflators);Finance, Insurance, Real Estate & Business Services : Finance , Insurance and Business sevices;89.7;2021-03
2021;Q1;Implicit Price Index (Deflators);Community, Social & Personal Services;91.2;2021-03
2021;Q1;Implicit Price Index (Deflators);Government Activities;92.1;2021-03
2021;Q2;Implicit Price Index (Deflators);Agriculture, Forestry & Fishing;85.4;2021-06
2021;Q2;Implicit Price Index (Deflators);Mining & Quarrying : Crude Petroleum & Natural Gas;89.3;2021-06
2021;Q2;Implicit Price Index (Deflators);Manufacturing;75.4;2021-06
2021;Q2;Implicit Price Index (Deflators);Manufacturing : Petroleum Refining;55.4;2021-06
2021;Q2;Implicit Price Index (Deflators);Gross Value Added;89.8;2021-06
2021;Q2;Implicit Price Index (Deflators);Gross Domestic Product;91.7;2021-06
2021;Q3;Implicit Price Index (Deflators);Mining & Quarrying : Crude Petroleum & Natural Gas;93.8;2021-09
2021;Q3;Implicit Price Index (Deflators);Electricity, Gas and Water;92.9;2021-09
2021;Q3;Implicit Price Index (Deflators);Wholesale & Retail Trade, Restaurants & hotels;97.0;2021-09
2021;Q3;Implicit Price Index (Deflators);Transport, Storage & Communication;95.5;2021-09
2021;Q3;Implicit Price Index (Deflators);Gross Value Added;93.5;2021-09
2021;Q4;Implicit Price Index (Deflators);Mining & Quarrying : Other Mining & Quarrying;80.9;2021-12
2021;Q4;Implicit Price Index (Deflators);Manufacturing;86.2;2021-12
2021;Q4;Implicit Price Index (Deflators);Electricity, Gas and Water;113.2;2021-12
2021;Q4;Implicit Price Index (Deflators);Construction;92.7;2021-12
2021;Q4;Implicit Price Index (Deflators);Wholesale & Retail Trade, Restaurants & hotels;92.7;2021-12
2021;Q4;Implicit Price Index (Deflators);Community, Social & Personal Services;94.7;2021-12
2021;Q4;Implicit Price Index (Deflators);Government Activities;91.4;2021-12
2021;Q4;Implicit Price Index (Deflators);Gross Value Added;93.1;2021-12
2022;Q1;Implicit Price Index (Deflators);Mining & Quarrying : Other Mining & Quarrying;91.8;2022-03
2022;Q1;Implicit Price Index (Deflators);Manufacturing;91.2;2022-03
2022;Q1;Implicit Price Index (Deflators);Construction;89.5;2022-03
2022;Q2;Implicit Price Index (Deflators);Mining & Quarrying;147.0;2022-06
2022;Q2;Implicit Price Index (Deflators);Mining & Quarrying : Crude Petroleum & Natural Gas;147.9;2022-06
2022;Q2;Implicit Price Index (Deflators);Manufacturing : Manufacturing excluding petroleum refining;96.7;2022-06
2022;Q2;Implicit Price Index (Deflators);Finance, Insurance, Real Estate & Business Services : Real Estate;92.3;2022-06
2022;Q2;Implicit Price Index (Deflators);Finance, Insurance, Real Estate & Business Services : Finance , Insurance and Business sevices;96.4;2022-06
2022;Q2;Implicit Price Index (Deflators);Community, Social & Personal Services;97.7;2022-06
2022;Q2;Implicit Price Index (Deflators);Government Activities;106.0;2022-06
2022;Q3;Implicit Price Index (Deflators);Mining & Quarrying;123.8;2022-09
2022;Q3;Implicit Price Index (Deflators);Manufacturing : Petroleum Refining;89.8;2022-09
2022;Q3;Implicit Price Index (Deflators);Finance, Insurance, Real Estate & Business Services;92.8;2022-09
2022;Q3;Implicit Price Index (Deflators);Community, Social & Personal Services;97.1;2022-09
2022;Q3;Implicit Price Index (Deflators);Gross Value Added;104.7;2022-09
2022;Q4;Implicit Price Index (Deflators);Mining & Quarrying;99.9;2022-12
2022;Q4;Implicit Price Index (Deflators);Mining & Quarrying : Crude Petroleum & Natural Gas;100.0;2022-12
2022;Q4;Implicit Price Index (Deflators);Manufacturing : Manufacturing excluding petroleum refining;101.2;2022-12
2022;Q4;Implicit Price Index (Deflators);Transport, Storage & Communication;99.5;2022-12
2022;Q4;Implicit Price Index (Deflators);Community, Social & Personal Services;98.3;2022-12
2022;Q4;Implicit Price Index (Deflators);Gross Value Added;97.7;2022-12
2022;Q4;Implicit Price Index (Deflators);Net Taxes on Products;92.7;2022-12
2023;Q1;Implicit Price Index (Deflators);Mining & Quarrying : Other Mining & Quarrying;97.0;2023-03
2023;Q1;Implicit Price Index (Deflators);Manufacturing;98.6;2023-03
2023;Q1;Implicit Price Index (Deflators);Electricity, Gas and Water;115.5;2023-03
2023;Q1;Implicit Price Index (Deflators);Transport, Storage & Communication;99.9;2023-03
2023;Q1;Implicit Price Index (Deflators);Community, Social & Personal Services;102.4;2023-03
2023;Q1;Implicit Price Index (Deflators);Gross Domestic Product;98.8;2023-03
2023;Q2;Implicit Price Index (Deflators);Manufacturing;99.6;2023-06
2023;Q2;Implicit Price Index (Deflators);Manufacturing : Petroleum Refining;101.7;2023-06
2023;Q2;Implicit Price Index (Deflators);Electricity, Gas and Water;93.6;2023-06
2023;Q2;Implicit Price Index (Deflators);Construction;100.0;2023-06
2023;Q2;Implicit Price Index (Deflators);Net Taxes on Products;102.6;2023-06
2023;Q3;Implicit Price Index (Deflators);Electricity, Gas and Water;93.6;2023-09
2023;Q3;Implicit Price Index (Deflators);Wholesale & Retail Trade, Restaurants & hotels;100.6;2023-09
2023;Q4;Implicit Price Index (Deflators);Mining & Quarrying;102.7;2023-12
2023;Q4;Implicit Price Index (Deflators);Manufacturing : Petroleum Refining;104.4;2023-12
2023;Q4;Implicit Price Index (Deflators);Finance, Insurance, Real Estate & Business Services;100.3;2023-12
2023;Q4;Implicit Price Index (Deflators);Finance, Insurance, Real Estate & Business Services : Real Estate;102.2;2023-12
2023;Q4;Implicit Price Index (Deflators);Finance, Insurance, Real Estate & Business Services : Finance , Insurance and Business sevices;98.9;2023-12
2024;Q1;Implicit Price Index (Deflators);Manufacturing : Manufacturing excluding petroleum refining;98.4;2024-03
2024;Q1;Implicit Price Index (Deflators);Government Activities;95.2;2024-03
2024;Q2;Implicit Price Index (Deflators);Agriculture, Forestry & Fishing;98.6;2024-06
2024;Q2;Implicit Price Index (Deflators);Wholesale & Retail Trade, Restaurants & hotels;104.1;2024-06
2024;Q2;Implicit Price Index (Deflators);Community, Social & Personal Services;100.3;2024-06
2024;Q2;Implicit Price Index (Deflators);Gross Value Added;103.3;2024-06
2024;Q3;Implicit Price Index (Deflators);Transport, Storage & Communication;100.4;2024-09
2024;Q3;Implicit Price Index (Deflators);Finance, Insurance, Real Estate & Business Services : Finance , Insurance and Business sevices;99.0;2024-09
2024;Q4;Implicit Price Index (Deflators);Manufacturing;102.0;2024-12
2024;Q4;Implicit Price Index (Deflators);Manufacturing : Petroleum Refining;89.8;2024-12
2024;Q4;Implicit Price Index (Deflators);Government Activities;93.9;2024-12
2025;Q1;Implicit Price Index (Deflators);Mining & Quarrying;93.3;2025-03
2025;Q1;Implicit Price Index (Deflators);Community, Social & Personal Services;100.5;2025-03
2025;Q2;Implicit Price Index (Deflators);Manufacturing;93.1;2025-06
2025;Q2;Implicit Price Index (Deflators);Manufacturing : Petroleum Refining;74.6;2025-06
2025;Q2;Implicit Price Index (Deflators);Manufacturing : Manufacturing excluding petroleum refining;102.4;2025-06
2025;Q2;Implicit Price Index (Deflators);Wholesale & Retail Trade, Restaurants & hotels;105.5;2025-06
2025;Q2;Implicit Price Index (Deflators);Finance, Insurance, Real Estate & Business Services;109.6;2025-06
2025;Q2;Implicit Price Index (Deflators);Finance, Insurance, Real Estate & Business Services : Finance , Insurance and Business sevices;106.7;2025-06
2025;Q2;Implicit Price Index (Deflators);Community, Social & Personal Services;101.0;2025-06
2025;Q2;Implicit Price Index (Deflators);Government Activities;112.2;2025-06
2025;Q3;Implicit Price Index (Deflators);Manufacturing;92.7;2025-09
2025;Q3;Implicit Price Index (Deflators);Finance, Insurance, Real Estate & Business Services;110.0;2025-09
2025;Q4;Implicit Price Index (Deflators);Agriculture, Forestry & Fishing;103.1;2025-12
2025;Q4;Implicit Price Index (Deflators);Mining & Quarrying : Crude Petroleum & Natural Gas;69.9;2025-12
2025;Q4;Implicit Price Index (Deflators);Manufacturing : Manufacturing excluding petroleum refining;108.2;2025-12
2025;Q4;Implicit Price Index (Deflators);Wholesale & Retail Trade, Restaurants & hotels;99.5;2025-12
2025;Q4;Implicit Price Index (Deflators);Finance, Insurance, Real Estate & Business Services;108.6;2025-12
2025;Q4;Implicit Price Index (Deflators);Finance, Insurance, Real Estate & Business Services : Real Estate;117.6;2025-12
2025;Q4;Implicit Price Index (Deflators);Gross Domestic Product;95.1;2025-12
2010;Q1;Index;Mining & Quarrying : Crude Petroleum & Natural Gas;77.0;2010-03
2010;Q1;Index;Manufacturing : Petroleum Refining;62.5;2010-03
2010;Q1;Index;Construction;44.3;2010-03
2010;Q2;Index;Mining & Quarrying;80.8;2010-06
2010;Q2;Index;Mining & Quarrying : Crude Petroleum & Natural Gas;81.2;2010-06
2010;Q2;Index;Manufacturing;52.6;2010-06
2010;Q2;Index;Transport, Storage & Communication;47.5;2010-06
2010;Q2;Index;Finance, Insurance, Real Estate & Business Services;54.0;2010-06
2010;Q2;Index;Finance, Insurance, Real Estate & Business Services : Real Estate;56.8;2010-06
2010;Q3;Index;Mining & Quarrying;80.3;2010-09
2010;Q3;Index;Mining & Quarrying : Crude Petroleum & Natural Gas;80.7;2010-09
2010;Q3;Index;Mining & Quarrying : Other Mining & Quarrying;62.8;2010-09
2010;Q3;Index;Manufacturing : Petroleum Refining;65.5;2010-09
2010;Q3;Index;Finance, Insurance, Real Estate & Business Services : Finance , Insurance and Business sevices;49.0;2010-09
2010;Q3;Index;Community, Social & Personal Services;28.0;2010-09
2010;Q4;Index;Mining & Quarrying : Crude Petroleum & Natural Gas;96.0;2010-12
2010;Q4;Index;Finance, Insurance, Real Estate & Business Services : Finance , Insurance and Business sevices;50.9;2010-12
2010;Q4;Index;Gross Domestic Product;66.4;2010-12
2011;Q1;Index;Agriculture, Forestry & Fishing;67.6;2011-03
2011;Q1;Index;Government Activities;74.0;2011-03
2011;Q2;Index;Wholesale & Retail Trade, Restaurants & hotels;49.7;2011-06
2011;Q2;Index;Community, Social & Personal Services;32.7;2011-06
2011;Q3;Index;Agriculture, Forestry & Fishing;73.3;2011-09
2011;Q3;Index;Mining & Quarrying : Other Mining & Quarrying;68.2;2011-09
2011;Q3;Index;Manufacturing;59.8;2011-09
2011;Q3;Index;Construction;52.1;2011-09
2011;Q3;Index;Government Activities;65.5;2011-09
2011;Q4;Index;Construction;50.4;2011-12
2011;Q4;Index;Wholesale & Retail Trade, Restaurants & hotels;57.0;2011-12
2011;Q4;Index;Finance, Insurance, Real Estate & Business Services : Real Estate;60.6;2011-12
2011;Q4;Index;Finance, Insurance, Real Estate & Business Services : Finance , Insurance and Business sevices;48.8;2011-12
2011;Q4;Index;Community, Social & Personal Services;33.1;2011-12
2012;Q1;Index;Agriculture, Forestry & Fishing;70.3;2012-03
2012;Q1;Index;Mining & Quarrying;99.9;2012-03
2012;Q1;Index;Manufacturing : Manufacturing excluding petroleum refining;56.5;2012-03
2012;Q1;Index;Finance, Insurance, Real Estate & Business Services : Finance , Insurance and Business sevices;54.2;2012-03
2012;Q1;Index;Gross Value Added;71.6;2012-03
2012;Q2;Index;Agriculture, Forestry & Fishing;73.4;2012-06
2012;Q2;Index;Mining & Quarrying : Other Mining & Quarrying;71.1;2012-06
2012;Q2;Index;Manufacturing : Petroleum Refining;68.7;2012-06
2012;Q2;Index;Electricity, Gas and Water;75.5;2012-06
2012;Q2;Index;Finance, Insurance, Real Estate & Business Services : Real Estate;65.8;2012-06
2012;Q2;Index;Government Activities;73.5;2012-06
2012;Q2;Index;Gross Value Added;71.5;2012-06
2012;Q4;Index;Manufacturing : Petroleum Refining;72.5;2012-12
2012;Q4;Index;Construction;53.8;2012-12
2012;Q4;Index;Finance, Insurance, Real Estate & Business Services : Real Estate;67.5;2012-12
2013;Q1;Index;Mining & Quarrying;92.1;2013-03
2013;Q1;Index;Construction;58.5;2013-03
2013;Q1;Index;Net Taxes on Products;89.8;2013-03
2013;Q1;Index;Gross Domestic Product;71.7;2013-03
2013;Q2;Index;Construction;59.0;2013-06
2013;Q2;Index;Net Taxes on Products;96.2;2013-06
2013;Q3;Index;Mining & Quarrying;103.2;2013-09
2013;Q3;Index;Community, Social & Personal Services;39.6;2013-09
2013;Q3;Index;Government Activities;73.1;2013-09
2013;Q4;Index;Manufacturing;61.7;2013-12
2013;Q4;Index;Manufacturing : Petroleum Refining;72.9;2013-12
2013;Q4;Index;Wholesale & Retail Trade, Restaurants & hotels;65.4;2013-12
2013;Q4;Index;Transport, Storage & Communication;65.8;2013-12
2013;Q4;Index;Community, Social & Personal Services;41.3;2013-12
2013;Q4;Index;Gross Value Added;76.1;2013-12
2014;Q1;Index;Mining & Quarrying : Crude Petroleum & Natural Gas;98.9;2014-03
2014;Q1;Index;Electricity, Gas and Water;33.9;2014-03
2014;Q1;Index;Community, Social & Personal Services;45.8;2014-03
2014;Q2;Index;Mining & Quarrying;98.3;2014-06
2014;Q2;Index;Wholesale & Retail Trade, Restaurants & hotels;62.6;2014-06
2014;Q2;Index;Finance, Insurance, Real Estate & Business Services : Real Estate;76.0;2014-06
2014;Q2;Index;Finance, Insurance, Real Estate & Business Services : Finance , Insurance and Business sevices;57.6;2014-06
2014;Q2;Index;Government Activities;83.3;2014-06
2014;Q2;Index;Gross Value Added;76.0;2014-06
2014;Q3;Index;Agriculture, Forestry & Fishing;83.2;2014-09
2014;Q3;Index;Mining & Quarrying : Other Mining & Quarrying;77.8;2014-09
2014;Q3;Index;Transport, Storage & Communication;63.1;2014-09
2014;Q3;Index;Finance, Insurance, Real Estate & Business Services : Finance , Insurance and Business sevices;54.7;2014-09
2014;Q4;Index;Agriculture, Forestry & Fishing;65.8;2014-12
2014;Q4;Index;Manufacturing : Petroleum Refining;88.8;2014-12
2014;Q4;Index;Manufacturing : Manufacturing excluding petroleum refining;63.2;2014-12
2014;Q4;Index;Transport, Storage & Communication;69.6;2014-12
2014;Q4;Index;Finance, Insurance, Real Estate & Business Services : Real Estate;79.1;2014-12
2014;Q4;Index;Gross Value Added;78.2;2014-12
2015;Q1;Index;Manufacturing;76.1;2015-03
2015;Q1;Index;Construction;66.3;2015-03
2015;Q1;Index;Finance, Insurance, Real Estate & Business Services;69.6;2015-03
2015;Q2;Index;Mining & Quarrying : Crude Petroleum & Natural Gas;105.7;2015-06
2015;Q2;Index;Finance, Insurance, Real Estate & Business Services : Real Estate;78.4;2015-06
2015;Q2;Index;Community, Social & Personal Services;51.8;2015-06
2015;Q2;Index;Gross Domestic Product;79.9;2015-06
2015;Q3;Index;Agriculture, Forestry & Fishing;87.8;2015-09
2015;Q3;Index;Mining & Quarrying : Other Mining & Quarrying;82.0;2015-09
2015;Q3;Index;Manufacturing;76.8;2015-09
2015;Q3;Index;Wholesale & Retail Trade, Restaurants & hotels;68.5;2015-09
2015;Q3;Index;Finance, Insurance, Real Estate & Business Services : Finance , Insurance and Business sevices;56.4;2015-09
2015;Q3;Index;Community, Social & Personal Services;48.9;2015-09
2015;Q4;Index;Mining & Quarrying : Crude Petroleum & Natural Gas;104.9;2015-12
2015;Q4;Index;Manufacturing;76.5;2015-12
2015;Q4;Index;Manufacturing : Manufacturing excluding petroleum refining;69.2;2015-12
2016;Q1;Index;Manufacturing;80.7;2016-03
2016;Q1;Index;Electricity, Gas and Water;37.7;2016-03
2016;Q2;Index;Mining & Quarrying : Crude Petroleum & Natural Gas;105.2;2016-06
2016;Q2;Index;Construction;61.4;2016-06
2016;Q3;Index;Gross Value Added;80.8;2016-09
2016;Q4;Index;Mining & Quarrying : Crude Petroleum & Natural Gas;108.9;2016-12
2016;Q4;Index;Community, Social & Personal Services;55.8;2016-12
2016;Q4;Index;Gross Domestic Product;83.8;2016-12
2017;Q1;Index;Mining & Quarrying;101.7;2017-03
2017;Q1;Index;Manufacturing : Manufacturing excluding petroleum refining;73.6;2017-03
2017;Q1;Index;Construction;60.8;2017-03
2017;Q1;Index;Finance, Insurance, Real Estate & Business Services;73.3;2017-03
2017;Q1;Index;Government Activities;91.3;2017-03
2017;Q1;Index;Gross Domestic Product;81.6;2017-03
2017;Q2;Index;Manufacturing : Petroleum Refining;104.7;2017-06
2017;Q3;Index;Electricity, Gas and Water;150.5;2017-09
2017;Q3;Index;Finance, Insurance, Real Estate & Business Services;72.3;2017-09
2017;Q3;Index;Finance, Insurance, Real Estate & Business Services : Finance , Insurance and Business sevices;61.0;2017-09
2017;Q3;Index;Government Activities;78.7;2017-09
2017;Q4;Index;Gross Value Added;86.7;2017-12
2017;Q4;Index;Net Taxes on Products;77.4;2017-12
2018;Q1;Index;Mining & Quarrying;102.4;2018-03
2018;Q1;Index;Manufacturing;81.3;2018-03
2018;Q1;Index;Manufacturing : Petroleum Refining;97.6;2018-03
2018;Q1;Index;Manufacturing : Manufacturing excluding petroleum refining;74.7;2018-03
2018;Q1;Index;Transport, Storage & Communication;80.6;2018-03
2018;Q1;Index;Finance, Insurance, Real Estate & Business Services;76.0;2018-03
2018;Q2;Index;Mining & Quarrying : Other Mining & Quarrying;81.1;2018-06
2018;Q2;Index;Manufacturing : Manufacturing excluding petroleum refining;76.1;2018-06
2018;Q2;Index;Construction;62.4;2018-06
2018;Q2;Index;Wholesale & Retail Trade, Restaurants & hotels;67.6;2018-06
2018;Q2;Index;Gross Value Added;84.3;2018-06
2018;Q3;Index;Transport, Storage & Communication;75.7;2018-09
2018;Q3;Index;Finance, Insurance, Real Estate & Business Services;75.3;2018-09
2018;Q3;Index;Net Taxes on Products;69.0;2018-09
2018;Q3;Index;Gross Domestic Product;84.3;2018-09
2018;Q4;Index;Agriculture, Forestry & Fishing;79.4;2018-12
2018;Q4;Index;Mining & Quarrying;110.7;2018-12
2018;Q4;Index;Finance, Insurance, Real Estate & Business Services;82.9;2018-12
2019;Q1;Index;Electricity, Gas and Water;40.5;2019-03
2019;Q1;Index;Construction;67.8;2019-03
2019;Q1;Index;Wholesale & Retail Trade, Restaurants & hotels;73.2;2019-03
2019;Q1;Index;Community, Social & Personal Services;68.5;2019-03
2019;Q1;Index;Gross Value Added;86.5;2019-03
2019;Q2;Index;Manufacturing;84.5;2019-06
2019;Q2;Index;Manufacturing : Petroleum Refining;97.0;2019-06
2019;Q2;Index;Electricity, Gas and Water;97.9;2019-06
2019;Q2;Index;Community, Social & Personal Services;69.5;2019-06
2019;Q2;Index;Gross Domestic Product;85.3;2019-06
2019;Q3;Index;Mining & Quarrying : Crude Petroleum & Natural Gas;101.0;2019-09
2019;Q3;Index;Manufacturing;82.6;2019-09
2019;Q3;Index;Electricity, Gas and Water;151.0;2019-09
2019;Q3;Index;Community, Social & Personal Services;68.1;2019-09
2019;Q3;Index;Net Taxes on Products;84.2;2019-09
2019;Q4;Index;Construction;67.3;2019-12
2019;Q4;Index;Finance, Insurance, Real Estate & Business Services;85.9;2019-12
2019;Q4;Index;Finance, Insurance, Real Estate & Business Services : Real Estate;92.0;2019-12
2019;Q4;Index;Community, Social & Personal Services;70.3;2019-12
2019;Q4;Index;Net Taxes on Products;85.5;2019-12
2019;Q4;Index;Gross Domestic Product;89.6;2019-12
2020;Q1;Index;Agriculture, Forestry & Fishing;89.7;2020-03
2020;Q1;Index;Mining & Quarrying;100.3;2020-03
2020;Q1;Index;Electricity, Gas and Water;40.3;2020-03
2020;Q2;Index;Manufacturing : Petroleum Refining;83.6;2020-06
2020;Q2;Index;Wholesale & Retail Trade, Restaurants & hotels;57.8;2020-06
2020;Q2;Index;Finance, Insurance, Real Estate & Business Services : Real Estate;90.1;2020-06
2020;Q3;Index;Mining & Quarrying : Crude Petroleum & Natural Gas;93.7;2020-09
2020;Q3;Index;Manufacturing : Manufacturing excluding petroleum refining;75.5;2020-09
2020;Q3;Index;Transport, Storage & Communication;70.7;2020-09
2020;Q3;Index;Government Activities;83.9;2020-09
2020;Q3;Index;Gross Domestic Product;82.3;2020-09
2020;Q4;Index;Mining & Quarrying : Crude Petroleum & Natural Gas;94.4;2020-12
2020;Q4;Index;Manufacturing;84.9;2020-12
2020;Q4;Index;Electricity, Gas and Water;64.1;2020-12
2020;Q4;Index;Finance, Insurance, Real Estate & Business Services : Real Estate;95.1;2020-12
2020;Q4;Index;Finance, Insurance, Real Estate & Business Services : Finance , Insurance and Business sevices;81.0;2020-12
2021;Q1;Index;Agriculture, Forestry & Fishing;91.9;2021-03
2021;Q1;Index;Mining & Quarrying : Crude Petroleum & Natural Gas;86.1;2021-03
2021;Q1;Index;Electricity, Gas and Water;40.5;2021-03
2021;Q1;Index;Finance, Insurance, Real Estate & Business Services : Real Estate;98.7;2021-03
2021;Q1;Index;Finance, Insurance, Real Estate & Business Services : Finance , Insurance and Business sevices;72.2;2021-03
2021;Q1;Index;Gross Value Added;86.9;2021-03
2021;Q1;Index;Gross Domestic Product;86.6;2021-03
2021;Q2;Index;Mining & Quarrying : Crude Petroleum & Natural Gas;88.3;2021-06
2021;Q2;Index;Manufacturing : Petroleum Refining;92.4;2021-06
2021;Q2;Index;Manufacturing : Manufacturing excluding petroleum refining;86.6;2021-06
2021;Q2;Index;Wholesale & Retail Trade, Restaurants & hotels;80.9;2021-06
2021;Q2;Index;Finance, Insurance, Real Estate & Business Services : Real Estate;95.9;2021-06
2021;Q2;Index;Net Taxes on Products;79.5;2021-06
2021;Q2;Index;Gross Domestic Product;84.5;2021-06
2021;Q3;Index;Agriculture, Forestry & Fishing;103.9;2021-09
2021;Q3;Index;Mining & Quarrying;101.5;2021-09
2021;Q3;Index;Mining & Quarrying : Other Mining & Quarrying;94.3;2021-09
2021;Q3;Index;Wholesale & Retail Trade, Restaurants & hotels;82.7;2021-09
2021;Q3;Index;Transport, Storage & Communication;81.5;2021-09
2021;Q3;Index;Finance, Insurance, Real Estate & Business Services : Finance , Insurance and Business sevices;84.1;2021-09
2021;Q4;Index;Manufacturing : Petroleum Refining;117.7;2021-12
2021;Q4;Index;Electricity, Gas and Water;68.1;2021-12
2021;Q4;Index;Finance, Insurance, Real Estate & Business Services;92.5;2021-12
2021;Q4;Index;Finance, Insurance, Real Estate & Business Services : Finance , Insurance and Business sevices;89.6;2021-12
2021;Q4;Index;Government Activities;106.2;2021-12
2022;Q1;Index;Manufacturing : Petroleum Refining;107.9;2022-03
2022;Q1;Index;Electricity, Gas and Water;42.2;2022-03
2022;Q1;Index;Community, Social & Personal Services;89.1;2022-03
2022;Q1;Index;Net Taxes on Products;92.5;2022-03
2022;Q2;Index;Mining & Quarrying : Other Mining & Quarrying;96.0;2022-06
2022;Q2;Index;Electricity, Gas and Water;102.4;2022-06
2022;Q2;Index;Finance, Insurance, Real Estate & Business Services;91.6;2022-06
2022;Q3;Index;Transport, Storage & Communication;88.6;2022-09
2022;Q3;Index;Government Activities;90.8;2022-09
2022;Q4;Index;Mining & Quarrying : Crude Petroleum & Natural Gas;111.7;2022-12
2022;Q4;Index;Manufacturing;99.9;2022-12
2022;Q4;Index;Construction;101.1;2022-12
2023;Q1;Index;Manufacturing : Manufacturing excluding petroleum refining;104.1;2023-03
2023;Q1;Index;Transport, Storage & Communication;101.4;2023-03
2023;Q1;Index;Finance, Insurance, Real Estate & Business Services : Real Estate;102.5;2023-03
2023;Q1;Index;Government Activities;105.7;2023-03
2023;Q1;Index;Net Taxes on Products;99.6;2023-03
2023;Q2;Index;Finance, Insurance, Real Estate & Business Services : Finance , Insurance and Business sevices;91.7;2023-06
2023;Q3;Index;Agriculture, Forestry & Fishing;106.8;2023-09
2023;Q3;Index;Manufacturing : Manufacturing excluding petroleum refining;94.1;2023-09
2023;Q3;Index;Electricity, Gas and Water;176.0;2023-09
2023;Q4;Index;Electricity, Gas and Water;72.0;2023-12
2023;Q4;Index;Finance, Insurance, Real Estate & Business Services : Finance , Insurance and Business sevices;112.2;2023-12
2023;Q4;Index;Government Activities;113.1;2023-12
2023;Q4;Index;Gross Value Added;100.9;2023-12
2023;Q4;Index;Gross Domestic Product;100.8;2023-12
2024;Q1;Index;Agriculture, Forestry & Fishing;103.4;2024-03
2024;Q1;Index;Manufacturing : Manufacturing excluding petroleum refining;111.0;2024-03
2024;Q1;Index;Construction;101.3;2024-03
2024;Q1;Index;Finance, Insurance, Real Estate & Business Services : Finance , Insurance and Business sevices;99.5;2024-03
2024;Q2;Index;Agriculture, Forestry & Fishing;104.7;2024-06
2024;Q2;Index;Mining & Quarrying : Crude Petroleum & Natural Gas;92.4;2024-06
2024;Q2;Index;Electricity, Gas and Water;117.3;2024-06
2024;Q2;Index;Transport, Storage & Communication;97.3;2024-06
2024;Q2;Index;Finance, Insurance, Real Estate & Business Services : Real Estate;104.5;2024-06
2024;Q3;Index;Agriculture, Forestry & Fishing;112.5;2024-09
2024;Q3;Index;Mining & Quarrying : Crude Petroleum & Natural Gas;95.4;2024-09
2024;Q3;Index;Manufacturing : Manufacturing excluding petroleum refining;99.2;2024-09
2024;Q3;Index;Wholesale & Retail Trade, Restaurants & hotels;103.6;2024-09
2024;Q3;Index;Government Activities;95.6;2024-09
2024;Q4;Index;Mining & Quarrying : Other Mining & Quarrying;100.0;2024-12
2024;Q4;Index;Construction;112.1;2024-12
2025;Q1;Index;Mining & Quarrying : Crude Petroleum & Natural Gas;90.9;2025-03
2025;Q1;Index;Electricity, Gas and Water;49.5;2025-03
2025;Q1;Index;Wholesale & Retail Trade, Restaurants & hotels;114.5;2025-03
2025;Q1;Index;Transport, Storage & Communication;112.5;2025-03
2025;Q1;Index;Finance, Insurance, Real Estate & Business Services : Finance , Insurance and Business sevices;107.3;2025-03
2025;Q2;Index;Manufacturing : Manufacturing excluding petroleum refining;117.3;2025-06
2025;Q2;Index;Construction;104.2;2025-06
2025;Q2;Index;Finance, Insurance, Real Estate & Business Services;110.7;2025-06
2025;Q2;Index;Finance, Insurance, Real Estate & Business Services : Real Estate;108.3;2025-06
2025;Q3;Index;Mining & Quarrying : Other Mining & Quarrying;107.3;2025-09
2025;Q3;Index;Manufacturing;106.7;2025-09
2025;Q3;Index;Electricity, Gas and Water;194.2;2025-09
2025;Q3;Index;Construction;110.9;2025-09
2025;Q3;Index;Transport, Storage & Communication;101.8;2025-09
2025;Q3;Index;Net Taxes on Products;109.9;2025-09
2025;Q4;Index;Mining & Quarrying : Crude Petroleum & Natural Gas;105.9;2025-12
2025;Q4;Index;Community, Social & Personal Services;110.9;2025-12
2025;Q4;Index;Government Activities;114.6;2025-12
2010;Q1;Million of Saudi Riyals;Agriculture, Forestry & Fishing;18018.0;2010-03
2010;Q1;Million of Saudi Riyals;Mining & Quarrying;200976.0;2010-03
2010;Q1;Million of Saudi Riyals;Wholesale & Retail Trade, Restaurants & hotels;55691.0;2010-03
2010;Q1;Million of Saudi Riyals;Community, Social & Personal Services;11252.0;2010-03
2010;Q1;Million of Saudi Riyals;Net Taxes on Products;34746.0;2010-03
2010;Q2;Million of Saudi Riyals;Mining & Quarrying;211627.0;2010-06
2010;Q2;Million of Saudi Riyals;Mining & Quarrying : Other Mining & Quarrying;2905.0;2010-06
2010;Q2;Million of Saudi Riyals;Finance, Insurance, Real Estate & Business Services;68662.0;2010-06
2010;Q2;Million of Saudi Riyals;Finance, Insurance, Real Estate & Business Services : Real Estate;33475.0;2010-06
2010;Q2;Million of Saudi Riyals;Net Taxes on Products;38887.0;2010-06
2010;Q3;Million of Saudi Riyals;Manufacturing;93475.0;2010-09
2010;Q3;Million of Saudi Riyals;Finance, Insurance, Real Estate & Business Services;67432.0;2010-09
2010;Q3;Million of Saudi Riyals;Community, Social & Personal Services;11407.0;2010-09
2010;Q3;Million of Saudi Riyals;Government Activities;95139.0;2010-09
2010;Q4;Million of Saudi Riyals;Mining & Quarrying : Other Mining & Quarrying;2534.0;2010-12
2010;Q4;Million of Saudi Riyals;Manufacturing : Petroleum Refining;48946.0;2010-12
2010;Q4;Million of Saudi Riyals;Electricity, Gas and Water;6419.0;2010-12
2010;Q4;Million of Saudi Riyals;Finance, Insurance, Real Estate & Business Services : Finance , Insurance and Business sevices;34751.0;2010-12
2011;Q1;Million of Saudi Riyals;Mining & Quarrying;230534.0;2011-03
2011;Q1;Million of Saudi Riyals;Mining & Quarrying : Other Mining & Quarrying;3333.0;2011-03
2011;Q1;Million of Saudi Riyals;Manufacturing : Manufacturing excluding petroleum refining;63275.0;2011-03
2011;Q1;Million of Saudi Riyals;Electricity, Gas and Water;4730.0;2011-03
2011;Q1;Million of Saudi Riyals;Construction;43235.0;2011-03
2011;Q1;Million of Saudi Riyals;Government Activities;115030.0;2011-03
2011;Q1;Million of Saudi Riyals;Gross Domestic Product;742684.0;2011-03
2011;Q2;Million of Saudi Riyals;Mining & Quarrying : Other Mining & Quarrying;3111.0;2011-06
2011;Q2;Million of Saudi Riyals;Manufacturing;110147.0;2011-06
2011;Q2;Million of Saudi Riyals;Gross Value Added;723972.0;2011-06
2011;Q3;Million of Saudi Riyals;Mining & Quarrying;256106.0;2011-09
2011;Q3;Million of Saudi Riyals;Finance, Insurance, Real Estate & Business Services : Finance , Insurance and Business sevices;32273.0;2011-09
2011;Q3;Million of Saudi Riyals;Government Activities;101811.0;2011-09
2011;Q3;Million of Saudi Riyals;Net Taxes on Products;49228.0;2011-09
2011;Q4;Million of Saudi Riyals;Agriculture, Forestry & Fishing;16829.0;2011-12
2011;Q4;Million of Saudi Riyals;Transport, Storage & Communication;35693.0;2011-12
2012;Q1;Million of Saudi Riyals;Agriculture, Forestry & Fishing;19726.0;2012-03
2012;Q1;Million of Saudi Riyals;Finance, Insurance, Real Estate & Business Services : Real Estate;39934.0;2012-03
2012;Q2;Million of Saudi Riyals;Mining & Quarrying;264641.0;2012-06
2012;Q2;Million of Saudi Riyals;Mining & Quarrying : Crude Petroleum & Natural Gas;261428.0;2012-06
2012;Q2;Million of Saudi Riyals;Electricity, Gas and Water;12052.0;2012-06
2012;Q2;Million of Saudi Riyals;Finance, Insurance, Real Estate & Business Services : Real Estate;38788.0;2012-06
2012;Q3;Million of Saudi Riyals;Finance, Insurance, Real Estate & Business Services;74342.0;2012-09
2012;Q3;Million of Saudi Riyals;Net Taxes on Products;51793.0;2012-09
2012;Q4;Million of Saudi Riyals;Manufacturing : Manufacturing excluding petroleum refining;63424.0;2012-12
2013;Q1;Million of Saudi Riyals;Agriculture, Forestry & Fishing;21019.0;2013-03
2013;Q1;Million of Saudi Riyals;Manufacturing : Petroleum Refining;40691.0;2013-03
2013;Q1;Million of Saudi Riyals;Construction;49444.0;2013-03
2013;Q1;Million of Saudi Riyals;Finance, Insurance, Real Estate & Business Services;84388.0;2013-03
2013;Q1;Million of Saudi Riyals;Finance, Insurance, Real Estate & Business Services : Finance , Insurance and Business sevices;38953.0;2013-03
2013;Q1;Million of Saudi Riyals;Net Taxes on Products;53171.0;2013-03
2013;Q2;Million of Saudi Riyals;Mining & Quarrying : Other Mining & Quarrying;3361.0;2013-06
2013;Q2;Million of Saudi Riyals;Transport, Storage & Communication;39536.0;2013-06
2013;Q3;Million of Saudi Riyals;Manufacturing : Manufacturing excluding petroleum refining;71055.0;2013-09
2013;Q3;Million of Saudi Riyals;Gross Value Added;808491.0;2013-09
2013;Q3;Million of Saudi Riyals;Gross Domestic Product;850723.0;2013-09
2013;Q4;Million of Saudi Riyals;Manufacturing : Petroleum Refining;45696.0;2013-12
2013;Q4;Million of Saudi Riyals;Manufacturing : Manufacturing excluding petroleum refining;67270.0;2013-12
2013;Q4;Million of Saudi Riyals;Community, Social & Personal Services;16825.0;2013-12
2013;Q4;Million of Saudi Riyals;Gross Value Added;824625.0;2013-12
2013;Q4;Million of Saudi Riyals;Net Taxes on Products;54642.0;2013-12
2013;Q4;Million of Saudi Riyals;Gross Domestic Product;867617.0;2013-12
2014;Q1;Million of Saudi Riyals;Manufacturing;128950.0;2014-03
2014;Q1;Million of Saudi Riyals;Electricity, Gas and Water;5413.0;2014-03
2014;Q1;Million of Saudi Riyals;Community, Social & Personal Services;18676.0;2014-03
2014;Q2;Million of Saudi Riyals;Manufacturing;127780.0;2014-06
2014;Q2;Million of Saudi Riyals;Electricity, Gas and Water;13981.0;2014-06
2014;Q3;Million of Saudi Riyals;Mining & Quarrying;261580.0;2014-09
2014;Q3;Million of Saudi Riyals;Mining & Quarrying : Crude Petroleum & Natural Gas;258185.0;2014-09
2014;Q3;Million of Saudi Riyals;Gross Value Added;827528.0;2014-09
2014;Q4;Million of Saudi Riyals;Finance, Insurance, Real Estate & Business Services : Finance , Insurance and Business sevices;40273.0;2014-12
2014;Q4;Million of Saudi Riyals;Net Taxes on Products;54390.0;2014-12
2015;Q1;Million of Saudi Riyals;Manufacturing : Manufacturing excluding petroleum refining;85100.0;2015-03
2015;Q1;Million of Saudi Riyals;Transport, Storage & Communication;46635.0;2015-03
2015;Q1;Million of Saudi Riyals;Net Taxes on Products;51001.0;2015-03
2015;Q2;Million of Saudi Riyals;Agriculture, Forestry & Fishing;23960.0;2015-06
2015;Q2;Million of Saudi Riyals;Manufacturing;137626.0;2015-06
2015;Q2;Million of Saudi Riyals;Wholesale & Retail Trade, Restaurants & hotels;81147.0;2015-06
2015;Q2;Million of Saudi Riyals;Government Activities;130797.0;2015-06
2015;Q3;Million of Saudi Riyals;Manufacturing : Petroleum Refining;58862.0;2015-09
2015;Q3;Million of Saudi Riyals;Construction;55889.0;2015-09
2015;Q3;Million of Saudi Riyals;Gross Value Added;868062.0;2015-09
2015;Q4;Million of Saudi Riyals;Agriculture, Forestry & Fishing;19560.0;2015-12
2015;Q4;Million of Saudi Riyals;Finance, Insurance, Real Estate & Business Services;90210.0;2015-12
2015;Q4;Million of Saudi Riyals;Finance, Insurance, Real Estate & Business Services : Real Estate;48220.0;2015-12
2015;Q4;Million of Saudi Riyals;Net Taxes on Products;55699.0;2015-12
2016;Q1;Million of Saudi Riyals;Electricity, Gas and Water;6022.0;2016-03
2016;Q1;Million of Saudi Riyals;Wholesale & Retail Trade, Restaurants & hotels;87833.0;2016-03
2016;Q1;Million of Saudi Riyals;Gross Domestic Product;936516.0;2016-03
2016;Q2;Million of Saudi Riyals;Construction;51957.0;2016-06
2016;Q2;Million of Saudi Riyals;Finance, Insurance, Real Estate & Business Services : Finance , Insurance and Business sevices;41698.0;2016-06
2016;Q3;Million of Saudi Riyals;Agriculture, Forestry & Fishing;25964.0;2016-09
2016;Q3;Million of Saudi Riyals;Manufacturing;141747.0;2016-09
2016;Q3;Million of Saudi Riyals;Manufacturing : Manufacturing excluding petroleum refining;82779.0;2016-09
2016;Q3;Million of Saudi Riyals;Gross Value Added;875080.0;2016-09
2016;Q4;Million of Saudi Riyals;Agriculture, Forestry & Fishing;20930.0;2016-12
2016;Q4;Million of Saudi Riyals;Finance, Insurance, Real Estate & Business Services;92528.0;2016-12
2016;Q4;Million of Saudi Riyals;Finance, Insurance, Real Estate & Business Services : Finance , Insurance and Business sevices;43119.0;2016-12
2017;Q1;Million of Saudi Riyals;Manufacturing;146699.0;2017-03
2017;Q1;Million of Saudi Riyals;Transport, Storage & Communication;49184.0;2017-03
2017;Q1;Million of Saudi Riyals;Finance, Insurance, Real Estate & Business Services;93203.0;2017-03
2017;Q1;Million of Saudi Riyals;Finance, Insurance, Real Estate & Business Services : Real Estate;51858.0;2017-03
2017;Q1;Million of Saudi Riyals;Community, Social & Personal Services;24997.0;2017-03
2017;Q2;Million of Saudi Riyals;Manufacturing : Petroleum Refining;65603.0;2017-06
2017;Q2;Million of Saudi Riyals;Wholesale & Retail Trade, Restaurants & hotels;81924.0;2017-06
2017;Q2;Million of Saudi Riyals;Transport, Storage & Communication;47480.0;2017-06
2017;Q2;Million of Saudi Riyals;Finance, Insurance, Real Estate & Business Services : Finance , Insurance and Business sevices;41218.0;2017-06
2017;Q2;Million of Saudi Riyals;Net Taxes on Products;46796.0;2017-06
2017;Q3;Million of Saudi Riyals;Gross Value Added;890649.0;2017-09
2017;Q3;Million of Saudi Riyals;Gross Domestic Product;933711.0;2017-09
2017;Q4;Million of Saudi Riyals;Agriculture, Forestry & Fishing;21843.0;2017-12
2017;Q4;Million of Saudi Riyals;Mining & Quarrying : Other Mining & Quarrying;3314.0;2017-12
2017;Q4;Million of Saudi Riyals;Manufacturing : Petroleum Refining;67040.0;2017-12
2017;Q4;Million of Saudi Riyals;Construction;56069.0;2017-12
2017;Q4;Million of Saudi Riyals;Finance, Insurance, Real Estate & Business Services;100527.0;2017-12
2017;Q4;Million of Saudi Riyals;Net Taxes on Products;45812.0;2017-12
2018;Q1;Million of Saudi Riyals;Mining & Quarrying : Crude Petroleum & Natural Gas;263823.0;2018-03
2018;Q1;Million of Saudi Riyals;Wholesale & Retail Trade, Restaurants & hotels;89507.0;2018-03
2018;Q1;Million of Saudi Riyals;Finance, Insurance, Real Estate & Business Services : Real Estate;53612.0;2018-03
2018;Q1;Million of Saudi Riyals;Finance, Insurance, Real Estate & Business Services : Finance , Insurance and Business sevices;42608.0;2018-03
2018;Q2;Million of Saudi Riyals;Manufacturing : Manufacturing excluding petroleum refining;90425.0;2018-06
2018;Q3;Million of Saudi Riyals;Mining & Quarrying : Crude Petroleum & Natural Gas;279007.0;2018-09
2018;Q3;Million of Saudi Riyals;Manufacturing : Manufacturing excluding petroleum refining;86293.0;2018-09
2018;Q3;Million of Saudi Riyals;Wholesale & Retail Trade, Restaurants & hotels;92377.0;2018-09
2018;Q4;Million of Saudi Riyals;Agriculture, Forestry & Fishing;22295.0;2018-12
2018;Q4;Million of Saudi Riyals;Electricity, Gas and Water;9405.0;2018-12
2018;Q4;Million of Saudi Riyals;Finance, Insurance, Real Estate & Business Services;105380.0;2018-12
2018;Q4;Million of Saudi Riyals;Finance, Insurance, Real Estate & Business Services : Finance , Insurance and Business sevices;52366.0;2018-12
2018;Q4;Million of Saudi Riyals;Gross Value Added;969385.0;2018-12
2019;Q1;Million of Saudi Riyals;Finance, Insurance, Real Estate & Business Services;101889.0;2019-03
2019;Q1;Million of Saudi Riyals;Finance, Insurance, Real Estate & Business Services : Finance , Insurance and Business sevices;46096.0;2019-03
2019;Q2;Million of Saudi Riyals;Mining & Quarrying : Crude Petroleum & Natural Gas;259742.0;2019-06
2019;Q2;Million of Saudi Riyals;Construction;55464.0;2019-06
2019;Q2;Million of Saudi Riyals;Wholesale & Retail Trade, Restaurants & hotels;88592.0;2019-06
2019;Q2;Million of Saudi Riyals;Finance, Insurance, Real Estate & Business Services : Finance , Insurance and Business sevices;49736.0;2019-06
2019;Q2;Million of Saudi Riyals;Gross Value Added;925793.0;2019-06
2019;Q3;Million of Saudi Riyals;Mining & Quarrying;263963.0;2019-09
2019;Q3;Million of Saudi Riyals;Manufacturing : Petroleum Refining;62121.0;2019-09
2019;Q3;Million of Saudi Riyals;Finance, Insurance, Real Estate & Business Services;100409.0;2019-09
2019;Q3;Million of Saudi Riyals;Government Activities;129495.0;2019-09
2019;Q4;Million of Saudi Riyals;Manufacturing : Manufacturing excluding petroleum refining;90543.0;2019-12
2019;Q4;Million of Saudi Riyals;Electricity, Gas and Water;9924.0;2019-12
2019;Q4;Million of Saudi Riyals;Government Activities;163790.0;2019-12
2019;Q4;Million of Saudi Riyals;Gross Value Added;973887.0;2019-12
2019;Q4;Million of Saudi Riyals;Net Taxes on Products;50645.0;2019-12
2020;Q1;Million of Saudi Riyals;Manufacturing;142871.0;2020-03
2020;Q1;Million of Saudi Riyals;Construction;55026.0;2020-03
2020;Q1;Million of Saudi Riyals;Finance, Insurance, Real Estate & Business Services : Finance , Insurance and Business sevices;47517.0;2020-03
2020;Q2;Million of Saudi Riyals;Mining & Quarrying;251990.0;2020-06
2020;Q2;Million of Saudi Riyals;Mining & Quarrying : Crude Petroleum & Natural Gas;248118.0;2020-06
2020;Q2;Million of Saudi Riyals;Manufacturing;138925.0;2020-06
2020;Q2;Million of Saudi Riyals;Construction;49076.0;2020-06
2020;Q2;Million of Saudi Riyals;Wholesale & Retail Trade, Restaurants & hotels;72503.0;2020-06
2020;Q3;Million of Saudi Riyals;Agriculture, Forestry & Fishing;29109.0;2020-09
2020;Q3;Million of Saudi Riyals;Mining & Quarrying : Crude Petroleum & Natural Gas;240924.0;2020-09
2020;Q3;Million of Saudi Riyals;Manufacturing : Manufacturing excluding petroleum refining;89692.0;2020-09
2020;Q3;Million of Saudi Riyals;Wholesale & Retail Trade, Restaurants & hotels;93871.0;2020-09
2020;Q3;Million of Saudi Riyals;Transport, Storage & Communication;44233.0;2020-09
2020;Q3;Million of Saudi Riyals;Gross Domestic Product;940499.0;2020-09
2020;Q4;Million of Saudi Riyals;Construction;54852.0;2020-12
2021;Q1;Million of Saudi Riyals;Mining & Quarrying : Crude Petroleum & Natural Gas;221467.0;2021-03
2021;Q1;Million of Saudi Riyals;Construction;55678.0;2021-03
2021;Q2;Million of Saudi Riyals;Mining & Quarrying;231540.0;2021-06
2021;Q2;Million of Saudi Riyals;Mining & Quarrying : Other Mining & Quarrying;4228.0;2021-06
2021;Q2;Million of Saudi Riyals;Net Taxes on Products;47040.0;2021-06
2021;Q3;Million of Saudi Riyals;Agriculture, Forestry & Fishing;29172.0;2021-09
2021;Q3;Million of Saudi Riyals;Mining & Quarrying : Other Mining & Quarrying;4360.0;2021-09
2021;Q3;Million of Saudi Riyals;Manufacturing;155648.0;2021-09
2021;Q3;Million of Saudi Riyals;Electricity, Gas and Water;25400.0;2021-09
2021;Q3;Million of Saudi Riyals;Transport, Storage & Communication;50971.0;2021-09
2021;Q3;Million of Saudi Riyals;Community, Social & Personal Services;32645.0;2021-09
2021;Q4;Million of Saudi Riyals;Finance, Insurance, Real Estate & Business Services : Real Estate;56631.0;2021-12
2022;Q1;Million of Saudi Riyals;Mining & Quarrying : Crude Petroleum & Natural Gas;267209.0;2022-03
2022;Q1;Million of Saudi Riyals;Manufacturing : Petroleum Refining;67608.0;2022-03
2022;Q1;Million of Saudi Riyals;Manufacturing : Manufacturing excluding petroleum refining;113983.0;2022-03
2022;Q1;Million of Saudi Riyals;Gross Value Added;1043890.0;2022-03
2022;Q2;Million of Saudi Riyals;Mining & Quarrying;284996.0;2022-06
2022;Q2;Million of Saudi Riyals;Mining & Quarrying : Crude Petroleum & Natural Gas;280413.0;2022-06
2022;Q2;Million of Saudi Riyals;Manufacturing;185672.0;2022-06
2022;Q2;Million of Saudi Riyals;Construction;74637.0;2022-06
2022;Q3;Million of Saudi Riyals;Manufacturing : Petroleum Refining;65173.0;2022-09
2022;Q3;Million of Saudi Riyals;Wholesale & Retail Trade, Restaurants & hotels;115746.0;2022-09
2022;Q3;Million of Saudi Riyals;Transport, Storage & Communication;55415.0;2022-09
2022;Q3;Million of Saudi Riyals;Finance, Insurance, Real Estate & Business Services : Finance , Insurance and Business sevices;66073.0;2022-09
2022;Q3;Million of Saudi Riyals;Government Activities;141144.0;2022-09
2022;Q4;Million of Saudi Riyals;Transport, Storage & Communication;66232.0;2022-12
2022;Q4;Million of Saudi Riyals;Finance, Insurance, Real Estate & Business Services;129150.0;2022-12
2022;Q4;Million of Saudi Riyals;Gross Value Added;1131314.0;2022-12
2023;Q1;Million of Saudi Riyals;Mining & Quarrying : Other Mining & Quarrying;5082.0;2023-03
2023;Q1;Million of Saudi Riyals;Manufacturing : Petroleum Refining;62483.0;2023-03
2023;Q1;Million of Saudi Riyals;Finance, Insurance, Real Estate & Business Services : Finance , Insurance and Business sevices;60822.0;2023-03
2023;Q1;Million of Saudi Riyals;Community, Social & Personal Services;42150.0;2023-03
2023;Q1;Million of Saudi Riyals;Government Activities;164264.0;2023-03
2023;Q1;Million of Saudi Riyals;Gross Value Added;1100849.0;2023-03
2023;Q2;Million of Saudi Riyals;Manufacturing;193360.0;2023-06
2023;Q2;Million of Saudi Riyals;Net Taxes on Products;58306.0;2023-06
2023;Q2;Million of Saudi Riyals;Gross Domestic Product;1134944.0;2023-06
2023;Q3;Million of Saudi Riyals;Finance, Insurance, Real Estate & Business Services : Real Estate;57076.0;2023-09
2023;Q3;Million of Saudi Riyals;Finance, Insurance, Real Estate & Business Services : Finance , Insurance and Business sevices;72954.0;2023-09
2023;Q3;Million of Saudi Riyals;Community, Social & Personal Services;39440.0;2023-09
2023;Q3;Million of Saudi Riyals;Gross Domestic Product;1122801.0;2023-09
2023;Q4;Million of Saudi Riyals;Agriculture, Forestry & Fishing;27130.0;2023-12
2023;Q4;Million of Saudi Riyals;Mining & Quarrying;244863.0;2023-12
2023;Q4;Million of Saudi Riyals;Manufacturing;171123.0;2023-12
2023;Q4;Million of Saudi Riyals;Finance, Insurance, Real Estate & Business Services : Finance , Insurance and Business sevices;76575.0;2023-12
2023;Q4;Million of Saudi Riyals;Community, Social & Personal Services;41177.0;2023-12
2023;Q4;Million of Saudi Riyals;Government Activities;175848.0;2023-12
2023;Q4;Million of Saudi Riyals;Net Taxes on Products;59505.0;2023-12
2023;Q4;Million of Saudi Riyals;Gross Domestic Product;1152014.0;2023-12
2024;Q1;Million of Saudi Riyals;Manufacturing;193656.0;2024-03
2024;Q1;Million of Saudi Riyals;Manufacturing : Manufacturing excluding petroleum refining;131922.0;2024-03
2024;Q1;Million of Saudi Riyals;Electricity, Gas and Water;7741.0;2024-03
2024;Q1;Million of Saudi Riyals;Wholesale & Retail Trade, Restaurants & hotels;133198.0;2024-03
2024;Q1;Million of Saudi Riyals;Finance, Insurance, Real Estate & Business Services;130233.0;2024-03
2024;Q1;Million of Saudi Riyals;Community, Social & Personal Services;46123.0;2024-03
2024;Q1;Million of Saudi Riyals;Gross Value Added;1103316.0;2024-03
2024;Q1;Million of Saudi Riyals;Gross Domestic Product;1164190.0;2024-03
2024;Q2;Million of Saudi Riyals;Manufacturing;201056.0;2024-06
2024;Q2;Million of Saudi Riyals;Manufacturing : Manufacturing excluding petroleum refining;133144.0;2024-06
2024;Q2;Million of Saudi Riyals;Finance, Insurance, Real Estate & Business Services;132206.0;2024-06
2024;Q2;Million of Saudi Riyals;Community, Social & Personal Services;41764.0;2024-06
2024;Q3;Million of Saudi Riyals;Mining & Quarrying : Crude Petroleum & Natural Gas;245430.0;2024-09
2024;Q3;Million of Saudi Riyals;Wholesale & Retail Trade, Restaurants & hotels;129962.0;2024-09
2024;Q3;Million of Saudi Riyals;Finance, Insurance, Real Estate & Business Services : Finance , Insurance and Business sevices;80451.0;2024-09
2024;Q3;Million of Saudi Riyals;Community, Social & Personal Services;41350.0;2024-09
2024;Q3;Million of Saudi Riyals;Government Activities;148589.0;2024-09
2024;Q3;Million of Saudi Riyals;Net Taxes on Products;62843.0;2024-09
2024;Q4;Million of Saudi Riyals;Finance, Insurance, Real Estate & Business Services : Finance , Insurance and Business sevices;82692.0;2024-12
2024;Q4;Million of Saudi Riyals;Community, Social & Personal Services;43322.0;2024-12
2024;Q4;Million of Saudi Riyals;Gross Domestic Product;1211577.0;2024-12
2025;Q1;Million of Saudi Riyals;Agriculture, Forestry & Fishing;30014.0;2025-03
2025;Q1;Million of Saudi Riyals;Finance, Insurance, Real Estate & Business Services;138297.0;2025-03
2025;Q1;Million of Saudi Riyals;Gross Value Added;1143676.0;2025-03
2025;Q1;Million of Saudi Riyals;Net Taxes on Products;63346.0;2025-03
2025;Q2;Million of Saudi Riyals;Manufacturing : Manufacturing excluding petroleum refining;139435.0;2025-06
2025;Q2;Million of Saudi Riyals;Finance, Insurance, Real Estate & Business Services;140772.0;2025-06
2025;Q2;Million of Saudi Riyals;Net Taxes on Products;63624.0;2025-06
2025;Q3;Million of Saudi Riyals;Agriculture, Forestry & Fishing;31851.0;2025-09
2025;Q3;Million of Saudi Riyals;Mining & Quarrying : Crude Petroleum & Natural Gas;263401.0;2025-09
2025;Q3;Million of Saudi Riyals;Manufacturing;193740.0;2025-09
2025;Q3;Million of Saudi Riyals;Transport, Storage & Communication;63680.0;2025-09
2025;Q3;Million of Saudi Riyals;Finance, Insurance, Real Estate & Business Services : Real Estate;61186.0;2025-09
2025;Q3;Million of Saudi Riyals;Finance, Insurance, Real Estate & Business Services : Finance , Insurance and Business sevices;83727.0;2025-09
2025;Q3;Million of Saudi Riyals;Government Activities;150604.0;2025-09
2025;Q4;Million of Saudi Riyals;Mining & Quarrying;276952.0;2025-12
2025;Q4;Million of Saudi Riyals;Manufacturing : Manufacturing excluding petroleum refining;125042.0;2025-12
2025;Q4;Million of Saudi Riyals;Electricity, Gas and Water;12607.0;2025-12
2025;Q4;Million of Saudi Riyals;Transport, Storage & Communication;74572.0;2025-12
2025;Q4;Million of Saudi Riyals;Community, Social & Personal Services;45166.0;2025-12
2025;Q4;Million of Saudi Riyals;Gross Value Added;1206974.0;2025-12
2011;Q1;Growth Rates Y-o-Y;Finance, Insurance, Real Estate & Business Services : Real Estate;4.44;2011-03
2011;Q1;Growth Rates Y-o-Y;Finance, Insurance, Real Estate & Business Services : Finance , Insurance and Business sevices;-3.9;2011-03
2011;Q1;Growth Rates Y-o-Y;Community, Social & Personal Services;18.09;2011-03
2011;Q2;Growth Rates Y-o-Y;Finance, Insurance, Real Estate & Business Services : Real Estate;5.81;2011-06
2011;Q3;Growth Rates Y-o-Y;Agriculture, Forestry & Fishing;5.55;2011-09
2011;Q3;Growth Rates Y-o-Y;Mining & Quarrying;21.77;2011-09
2011;Q3;Growth Rates Y-o-Y;Mining & Quarrying : Other Mining & Quarrying;8.69;2011-09
2011;Q3;Growth Rates Y-o-Y;Construction;17.59;2011-09
2011;Q3;Growth Rates Y-o-Y;Transport, Storage & Communication;15.84;2011-09
2011;Q3;Growth Rates Y-o-Y;Finance, Insurance, Real Estate & Business Services : Finance , Insurance and Business sevices;-3.44;2011-09
2011;Q3;Growth Rates Y-o-Y;Community, Social & Personal Services;16.94;2011-09
2011;Q3;Growth Rates Y-o-Y;Government Activities;7.01;2011-09
2011;Q3;Growth Rates Y-o-Y;Gross Value Added;14.93;2011-09
2011;Q3;Growth Rates Y-o-Y;Net Taxes on Products;29.62;2011-09
2011;Q4;Growth Rates Y-o-Y;Mining & Quarrying : Other Mining & Quarrying;4.34;2011-12
2011;Q4;Growth Rates Y-o-Y;Finance, Insurance, Real Estate & Business Services : Real Estate;5.42;2011-12
2011;Q4;Growth Rates Y-o-Y;Community, Social & Personal Services;15.85;2011-12
2012;Q1;Growth Rates Y-o-Y;Mining & Quarrying;13.49;2012-03
2012;Q1;Growth Rates Y-o-Y;Manufacturing : Petroleum Refining;7.07;2012-03
2012;Q1;Growth Rates Y-o-Y;Wholesale & Retail Trade, Restaurants & hotels;15.08;2012-03
2012;Q1;Growth Rates Y-o-Y;Finance, Insurance, Real Estate & Business Services;6.71;2012-03
2012;Q1;Growth Rates Y-o-Y;Gross Value Added;9.72;2012-03
2012;Q2;Growth Rates Y-o-Y;Agriculture, Forestry & Fishing;4.46;2012-06
2012;Q2;Growth Rates Y-o-Y;Mining & Quarrying;9.3;2012-06
2012;Q2;Growth Rates Y-o-Y;Mining & Quarrying : Crude Petroleum & Natural Gas;9.34;2012-06
2012;Q2;Growth Rates Y-o-Y;Manufacturing : Manufacturing excluding petroleum refining;-0.72;2012-06
2012;Q2;Growth Rates Y-o-Y;Finance, Insurance, Real Estate & Business Services : Finance , Insurance and Business sevices;5.59;2012-06
2012;Q2;Growth Rates Y-o-Y;Net Taxes on Products;19.48;2012-06
2012;Q3;Growth Rates Y-o-Y;Manufacturing;-0.35;2012-09
2012;Q3;Growth Rates Y-o-Y;Gross Value Added;5.15;2012-09
2012;Q4;Growth Rates Y-o-Y;Manufacturing : Petroleum Refining;0.42;2012-12
2012;Q4;Growth Rates Y-o-Y;Net Taxes on Products;13.35;2012-12
2013;Q1;Growth Rates Y-o-Y;Manufacturing : Manufacturing excluding petroleum refining;8.09;2013-03
2013;Q1;Growth Rates Y-o-Y;Electricity, Gas and Water;4.52;2013-03
2013;Q1;Growth Rates Y-o-Y;Transport, Storage & Communication;5.91;2013-03
2013;Q1;Growth Rates Y-o-Y;Net Taxes on Products;3.16;2013-03
2013;Q2;Growth Rates Y-o-Y;Manufacturing : Petroleum Refining;-8.57;2013-06
2013;Q2;Growth Rates Y-o-Y;Manufacturing : Manufacturing excluding petroleum refining;8.77;2013-06
2013;Q2;Growth Rates Y-o-Y;Finance, Insurance, Real Estate & Business Services;10.26;2013-06
2013;Q2;Growth Rates Y-o-Y;Finance, Insurance, Real Estate & Business Services : Real Estate;13.48;2013-06
2013;Q2;Growth Rates Y-o-Y;Gross Domestic Product;1.94;2013-06
2013;Q3;Growth Rates Y-o-Y;Finance, Insurance, Real Estate & Business Services : Real Estate;13.09;2013-09
2013;Q3;Growth Rates Y-o-Y;Net Taxes on Products;4.76;2013-09
2013;Q3;Growth Rates Y-o-Y;Gross Domestic Product;4.18;2013-09
2013;Q4;Growth Rates Y-o-Y;Mining & Quarrying;3.67;2013-12
2013;Q4;Growth Rates Y-o-Y;Manufacturing;4.59;2013-12
2013;Q4;Growth Rates Y-o-Y;Net Taxes on Products;5.44;2013-12
2014;Q1;Growth Rates Y-o-Y;Wholesale & Retail Trade, Restaurants & hotels;4.57;2014-03
2014;Q1;Growth Rates Y-o-Y;Gross Value Added;6.97;2014-03
2014;Q1;Growth Rates Y-o-Y;Gross Domestic Product;6.93;2014-03
2014;Q2;Growth Rates Y-o-Y;Wholesale & Retail Trade, Restaurants & hotels;9.39;2014-06
2014;Q2;Growth Rates Y-o-Y;Finance, Insurance, Real Estate & Business Services : Finance , Insurance and Business sevices;3.5;2014-06
2014;Q2;Growth Rates Y-o-Y;Gross Value Added;4.34;2014-06
2014;Q2;Growth Rates Y-o-Y;Gross Domestic Product;4.23;2014-06
2014;Q3;Growth Rates Y-o-Y;Manufacturing;8.29;2014-09
2014;Q3;Growth Rates Y-o-Y;Manufacturing : Petroleum Refining;14.93;2014-09
2014;Q3;Growth Rates Y-o-Y;Manufacturing : Manufacturing excluding petroleum refining;6.5;2014-09
2014;Q3;Growth Rates Y-o-Y;Transport, Storage & Communication;4.03;2014-09
2014;Q3;Growth Rates Y-o-Y;Finance, Insurance, Real Estate & Business Services : Real Estate;2.55;2014-09
2014;Q3;Growth Rates Y-o-Y;Finance, Insurance, Real Estate & Business Services : Finance , Insurance and Business sevices;3.14;2014-09
2014;Q4;Growth Rates Y-o-Y;Mining & Quarrying : Other Mining & Quarrying;3.34;2014-12
2014;Q4;Growth Rates Y-o-Y;Electricity, Gas and Water;-4.49;2014-12
2014;Q4;Growth Rates Y-o-Y;Wholesale & Retail Trade, Restaurants & hotels;5.66;2014-12
2014;Q4;Growth Rates Y-o-Y;Government Activities;0.16;2014-12
2014;Q4;Growth Rates Y-o-Y;Gross Value Added;2.71;2014-12
2015;Q1;Growth Rates Y-o-Y;Mining & Quarrying : Crude Petroleum & Natural Gas;0.46;2015-03
2015;Q2;Growth Rates Y-o-Y;Mining & Quarrying;7.05;2015-06
2015;Q2;Growth Rates Y-o-Y;Finance, Insurance, Real Estate & Business Services : Real Estate;3.18;2015-06
2015;Q2;Growth Rates Y-o-Y;Finance, Insurance, Real Estate & Business Services : Finance , Insurance and Business sevices;5.76;2015-06
2015;Q2;Growth Rates Y-o-Y;Gross Domestic Product;5.39;2015-06
2015;Q3;Growth Rates Y-o-Y;Manufacturing : Petroleum Refining;19.28;2015-09
2015;Q3;Growth Rates Y-o-Y;Wholesale & Retail Trade, Restaurants & hotels;3.62;2015-09
2015;Q4;Growth Rates Y-o-Y;Agriculture, Forestry & Fishing;5.84;2015-12
2015;Q4;Growth Rates Y-o-Y;Manufacturing : Manufacturing excluding petroleum refining;9.5;2015-12
2015;Q4;Growth Rates Y-o-Y;Construction;3.0;2015-12
2015;Q4;Growth Rates Y-o-Y;Wholesale & Retail Trade, Restaurants & hotels;3.62;2015-12
2015;Q4;Growth Rates Y-o-Y;Finance, Insurance, Real Estate & Business Services;3.53;2015-12
2015;Q4;Growth Rates Y-o-Y;Government Activities;0.24;2015-12
2015;Q4;Growth Rates Y-o-Y;Gross Value Added;4.91;2015-12
2016;Q1;Growth Rates Y-o-Y;Manufacturing : Petroleum Refining;22.69;2016-03
2016;Q1;Growth Rates Y-o-Y;Construction;-4.0;2016-03
2016;Q1;Growth Rates Y-o-Y;Finance, Insurance, Real Estate & Business Services;3.29;2016-03
2016;Q1;Growth Rates Y-o-Y;Community, Social & Personal Services;8.64;2016-03
2016;Q2;Growth Rates Y-o-Y;Mining & Quarrying : Crude Petroleum & Natural Gas;-0.48;2016-06
2016;Q2;Growth Rates Y-o-Y;Manufacturing;6.39;2016-06
2016;Q2;Growth Rates Y-o-Y;Transport, Storage & Communication;4.05;2016-06
2016;Q2;Growth Rates Y-o-Y;Community, Social & Personal Services;10.24;2016-06
2016;Q3;Growth Rates Y-o-Y;Mining & Quarrying;3.31;2016-09
2016;Q3;Growth Rates Y-o-Y;Manufacturing : Manufacturing excluding petroleum refining;-0.42;2016-09
2016;Q3;Growth Rates Y-o-Y;Wholesale & Retail Trade, Restaurants & hotels;-1.06;2016-09
2016;Q3;Growth Rates Y-o-Y;Transport, Storage & Communication;2.84;2016-09
2016;Q3;Growth Rates Y-o-Y;Finance, Insurance, Real Estate & Business Services : Real Estate;0.92;2016-09
2016;Q3;Growth Rates Y-o-Y;Net Taxes on Products;-32.24;2016-09
2016;Q3;Growth Rates Y-o-Y;Gross Domestic Product;0.47;2016-09
2016;Q4;Growth Rates Y-o-Y;Mining & Quarrying;3.58;2016-12
2016;Q4;Growth Rates Y-o-Y;Mining & Quarrying : Other Mining & Quarrying;-2.27;2016-12
2016;Q4;Growth Rates Y-o-Y;Manufacturing : Petroleum Refining;11.64;2016-12
2016;Q4;Growth Rates Y-o-Y;Construction;-3.01;2016-12
2016;Q4;Growth Rates Y-o-Y;Gross Value Added;2.61;2016-12
2016;Q4;Growth Rates Y-o-Y;Gross Domestic Product;2.43;2016-12
2017;Q1;Growth Rates Y-o-Y;Mining & Quarrying;-1.61;2017-03
2017;Q1;Growth Rates Y-o-Y;Mining & Quarrying : Other Mining & Quarrying;4.75;2017-03
2017;Q1;Growth Rates Y-o-Y;Manufacturing;0.19;2017-03
2017;Q1;Growth Rates Y-o-Y;Manufacturing : Manufacturing excluding petroleum refining;0.83;2017-03
2017;Q1;Growth Rates Y-o-Y;Electricity, Gas and Water;-0.56;2017-03
2017;Q2;Growth Rates Y-o-Y;Agriculture, Forestry & Fishing;3.63;2017-06
2017;Q2;Growth Rates Y-o-Y;Manufacturing : Petroleum Refining;6.88;2017-06
2017;Q2;Growth Rates Y-o-Y;Electricity, Gas and Water;1.34;2017-06
2017;Q2;Growth Rates Y-o-Y;Community, Social & Personal Services;6.18;2017-06
2017;Q3;Growth Rates Y-o-Y;Manufacturing : Manufacturing excluding petroleum refining;3.14;2017-09
2017;Q3;Growth Rates Y-o-Y;Wholesale & Retail Trade, Restaurants & hotels;5.47;2017-09
2017;Q3;Growth Rates Y-o-Y;Gross Value Added;1.78;2017-09
2017;Q4;Growth Rates Y-o-Y;Mining & Quarrying;-5.08;2017-12
2017;Q4;Growth Rates Y-o-Y;Mining & Quarrying : Crude Petroleum & Natural Gas;-5.26;2017-12
2017;Q4;Growth Rates Y-o-Y;Manufacturing : Petroleum Refining;0.54;2017-12
2017;Q4;Growth Rates Y-o-Y;Finance, Insurance, Real Estate & Business Services : Finance , Insurance and Business sevices;12.73;2017-12
2017;Q4;Growth Rates Y-o-Y;Government Activities;2.59;2017-12
2017;Q4;Growth Rates Y-o-Y;Gross Domestic Product;2.92;2017-12
2018;Q1;Growth Rates Y-o-Y;Construction;5.1;2018-03
2018;Q1;Growth Rates Y-o-Y;Wholesale & Retail Trade, Restaurants & hotels;3.09;2018-03
2018;Q2;Growth Rates Y-o-Y;Mining & Quarrying;1.67;2018-06
2018;Q2;Growth Rates Y-o-Y;Transport, Storage & Communication;0.99;2018-06
2018;Q2;Growth Rates Y-o-Y;Finance, Insurance, Real Estate & Business Services : Finance , Insurance and Business sevices;9.06;2018-06
2018;Q3;Growth Rates Y-o-Y;Manufacturing : Manufacturing excluding petroleum refining;1.07;2018-09
2018;Q3;Growth Rates Y-o-Y;Construction;5.75;2018-09
2018;Q3;Growth Rates Y-o-Y;Finance, Insurance, Real Estate & Business Services;4.16;2018-09
2018;Q3;Growth Rates Y-o-Y;Finance, Insurance, Real Estate & Business Services : Real Estate;2.37;2018-09
2018;Q4;Growth Rates Y-o-Y;Mining & Quarrying : Other Mining & Quarrying;1.25;2018-12
2018;Q4;Growth Rates Y-o-Y;Manufacturing : Manufacturing excluding petroleum refining;1.94;2018-12
2018;Q4;Growth Rates Y-o-Y;Construction;1.17;2018-12
2019;Q1;Growth Rates Y-o-Y;Wholesale & Retail Trade, Restaurants & hotels;2.51;2019-03
2019;Q1;Growth Rates Y-o-Y;Transport, Storage & Communication;8.83;2019-03
2019;Q1;Growth Rates Y-o-Y;Community, Social & Personal Services;4.47;2019-03
2019;Q1;Growth Rates Y-o-Y;Government Activities;1.38;2019-03
2019;Q2;Growth Rates Y-o-Y;Agriculture, Forestry & Fishing;0.23;2019-06
2019;Q2;Growth Rates Y-o-Y;Wholesale & Retail Trade, Restaurants & hotels;4.44;2019-06
2019;Q3;Growth Rates Y-o-Y;Mining & Quarrying;-6.64;2019-09
2019;Q3;Growth Rates Y-o-Y;Finance, Insurance, Real Estate & Business Services;4.9;2019-09
2019;Q4;Growth Rates Y-o-Y;Manufacturing : Petroleum Refining;-3.53;2019-12
2019;Q4;Growth Rates Y-o-Y;Gross Value Added;0.46;2019-12
2020;Q1;Growth Rates Y-o-Y;Mining & Quarrying : Crude Petroleum & Natural Gas;-2.87;2020-03
2020;Q1;Growth Rates Y-o-Y;Transport, Storage & Communication;-5.86;2020-03
2020;Q1;Growth Rates Y-o-Y;Finance, Insurance, Real Estate & Business Services : Finance , Insurance and Business sevices;3.08;2020-03
2020;Q1;Growth Rates Y-o-Y;Government Activities;0.42;2020-03
2020;Q1;Growth Rates Y-o-Y;Net Taxes on Products;0.78;2020-03
2020;Q2;Growth Rates Y-o-Y;Mining & Quarrying;-4.41;2020-06
2020;Q2;Growth Rates Y-o-Y;Manufacturing : Petroleum Refining;-13.83;2020-06
2020;Q2;Growth Rates Y-o-Y;Wholesale & Retail Trade, Restaurants & hotels;-18.16;2020-06
2020;Q2;Growth Rates Y-o-Y;Community, Social & Personal Services;2.15;2020-06
2020;Q3;Growth Rates Y-o-Y;Gross Value Added;-3.55;2020-09
2020;Q3;Growth Rates Y-o-Y;Gross Domestic Product;-3.69;2020-09
2020;Q4;Growth Rates Y-o-Y;Mining & Quarrying : Crude Petroleum & Natural Gas;-9.61;2020-12
2020;Q4;Growth Rates Y-o-Y;Manufacturing;2.95;2020-12
2020;Q4;Growth Rates Y-o-Y;Manufacturing : Manufacturing excluding petroleum refining;2.97;2020-12
2020;Q4;Growth Rates Y-o-Y;Finance, Insurance, Real Estate & Business Services : Real Estate;3.43;2020-12
2020;Q4;Growth Rates Y-o-Y;Government Activities;-1.35;2020-12
2021;Q1;Growth Rates Y-o-Y;Agriculture, Forestry & Fishing;2.44;2021-03
2021;Q1;Growth Rates Y-o-Y;Manufacturing;14.58;2021-03
2021;Q1;Growth Rates Y-o-Y;Manufacturing : Petroleum Refining;21.67;2021-03
2021;Q1;Growth Rates Y-o-Y;Net Taxes on Products;-2.65;2021-03
2021;Q2;Growth Rates Y-o-Y;Agriculture, Forestry & Fishing;0.45;2021-06
2021;Q2;Growth Rates Y-o-Y;Mining & Quarrying;-8.12;2021-06
2021;Q2;Growth Rates Y-o-Y;Mining & Quarrying : Crude Petroleum & Natural Gas;-8.49;2021-06
2021;Q2;Growth Rates Y-o-Y;Construction;5.6;2021-06
2021;Q2;Growth Rates Y-o-Y;Wholesale & Retail Trade, Restaurants & hotels;39.91;2021-06
2021;Q2;Growth Rates Y-o-Y;Transport, Storage & Communication;17.06;2021-06
2021;Q2;Growth Rates Y-o-Y;Gross Domestic Product;6.89;2021-06
2021;Q3;Growth Rates Y-o-Y;Manufacturing : Petroleum Refining;19.18;2021-09
2021;Q3;Growth Rates Y-o-Y;Gross Value Added;8.64;2021-09
2021;Q4;Growth Rates Y-o-Y;Mining & Quarrying : Crude Petroleum & Natural Gas;10.35;2021-12
2021;Q4;Growth Rates Y-o-Y;Electricity, Gas and Water;6.28;2021-12
2022;Q1;Growth Rates Y-o-Y;Electricity, Gas and Water;4.19;2022-03
2022;Q1;Growth Rates Y-o-Y;Construction;29.53;2022-03
2022;Q1;Growth Rates Y-o-Y;Transport, Storage & Communication;15.26;2022-03
2022;Q1;Growth Rates Y-o-Y;Finance, Insurance, Real Estate & Business Services : Real Estate;0.69;2022-03
2022;Q2;Growth Rates Y-o-Y;Agriculture, Forestry & Fishing;1.41;2022-06
2022;Q2;Growth Rates Y-o-Y;Mining & Quarrying;23.09;2022-06
2022;Q2;Growth Rates Y-o-Y;Construction;44.02;2022-06
2022;Q2;Growth Rates Y-o-Y;Finance, Insurance, Real Estate & Business Services : Real Estate;2.29;2022-06
2022;Q2;Growth Rates Y-o-Y;Gross Value Added;14.29;2022-06
2022;Q3;Growth Rates Y-o-Y;Manufacturing;13.22;2022-09
2022;Q3;Growth Rates Y-o-Y;Finance, Insurance, Real Estate & Business Services : Real Estate;2.18;2022-09
2022;Q4;Growth Rates Y-o-Y;Agriculture, Forestry & Fishing;2.7;2022-12
2022;Q4;Growth Rates Y-o-Y;Mining & Quarrying;7.45;2022-12
2022;Q4;Growth Rates Y-o-Y;Manufacturing;6.87;2022-12
2022;Q4;Growth Rates Y-o-Y;Electricity, Gas and Water;2.45;2022-12
2022;Q4;Growth Rates Y-o-Y;Transport, Storage & Communication;12.04;2022-12
2022;Q4;Growth Rates Y-o-Y;Finance, Insurance, Real Estate & Business Services : Finance , Insurance and Business sevices;16.79;2022-12
2023;Q1;Growth Rates Y-o-Y;Mining & Quarrying;2.27;2023-03
2023;Q1;Growth Rates Y-o-Y;Government Activities;2.03;2023-03
2023;Q1;Growth Rates Y-o-Y;Gross Domestic Product;5.52;2023-03
2023;Q2;Growth Rates Y-o-Y;Manufacturing : Petroleum Refining;-2.18;2023-06
2023;Q2;Growth Rates Y-o-Y;Manufacturing : Manufacturing excluding petroleum refining;8.17;2023-06
2023;Q2;Growth Rates Y-o-Y;Electricity, Gas and Water;3.74;2023-06
2023;Q2;Growth Rates Y-o-Y;Construction;6.51;2023-06
2023;Q2;Growth Rates Y-o-Y;Transport, Storage & Communication;8.68;2023-06
2023;Q2;Growth Rates Y-o-Y;Community, Social & Personal Services;13.63;2023-06
2023;Q2;Growth Rates Y-o-Y;Gross Value Added;2.57;2023-06
2023;Q2;Growth Rates Y-o-Y;Net Taxes on Products;5.84;2023-06
2023;Q3;Growth Rates Y-o-Y;Electricity, Gas and Water;2.43;2023-09
2023;Q3;Growth Rates Y-o-Y;Government Activities;1.16;2023-09
2023;Q4;Growth Rates Y-o-Y;Agriculture, Forestry & Fishing;10.0;2023-12
2023;Q4;Growth Rates Y-o-Y;Mining & Quarrying : Crude Petroleum & Natural Gas;-16.19;2023-12
2023;Q4;Growth Rates Y-o-Y;Manufacturing : Petroleum Refining;-16.63;2023-12
2023;Q4;Growth Rates Y-o-Y;Wholesale & Retail Trade, Restaurants & hotels;8.66;2023-12
2023;Q4;Growth Rates Y-o-Y;Finance, Insurance, Real Estate & Business Services : Real Estate;1.79;2023-12
2023;Q4;Growth Rates Y-o-Y;Finance, Insurance, Real Estate & Business Services : Finance , Insurance and Business sevices;7.32;2023-12
2023;Q4;Growth Rates Y-o-Y;Gross Value Added;-3.43;2023-12
2024;Q1;Growth Rates Y-o-Y;Wholesale & Retail Trade, Restaurants & hotels;7.48;2024-03
2024;Q1;Growth Rates Y-o-Y;Government Activities;2.6;2024-03
2024;Q2;Growth Rates Y-o-Y;Agriculture, Forestry & Fishing;5.9;2024-06
2024;Q2;Growth Rates Y-o-Y;Mining & Quarrying;-11.4;2024-06
2024;Q2;Growth Rates Y-o-Y;Transport, Storage & Communication;4.49;2024-06
2024;Q3;Growth Rates Y-o-Y;Manufacturing;3.2;2024-09
2024;Q3;Growth Rates Y-o-Y;Manufacturing : Petroleum Refining;-0.77;2024-09
2024;Q3;Growth Rates Y-o-Y;Construction;5.66;2024-09
2024;Q3;Growth Rates Y-o-Y;Gross Domestic Product;3.91;2024-09
2024;Q4;Growth Rates Y-o-Y;Mining & Quarrying;0.78;2024-12
2024;Q4;Growth Rates Y-o-Y;Manufacturing : Petroleum Refining;15.31;2024-12
2024;Q4;Growth Rates Y-o-Y;Manufacturing : Manufacturing excluding petroleum refining;5.92;2024-12
2024;Q4;Growth Rates Y-o-Y;Finance, Insurance, Real Estate & Business Services;5.67;2024-12
2024;Q4;Growth Rates Y-o-Y;Finance, Insurance, Real Estate & Business Services : Finance , Insurance and Business sevices;7.99;2024-12
2024;Q4;Growth Rates Y-o-Y;Gross Value Added;5.1;2024-12
2025;Q1;Growth Rates Y-o-Y;Agriculture, Forestry & Fishing;3.34;2025-03
2025;Q1;Growth Rates Y-o-Y;Manufacturing;4.64;2025-03
2025;Q1;Growth Rates Y-o-Y;Electricity, Gas and Water;1.96;2025-03
2025;Q2;Growth Rates Y-o-Y;Agriculture, Forestry & Fishing;4.48;2025-06
2025;Q2;Growth Rates Y-o-Y;Mining & Quarrying;4.16;2025-06
2025;Q2;Growth Rates Y-o-Y;Government Activities;0.47;2025-06
2025;Q2;Growth Rates Y-o-Y;Net Taxes on Products;5.27;2025-06
2025;Q2;Growth Rates Y-o-Y;Gross Domestic Product;4.46;2025-06
2025;Q3;Growth Rates Y-o-Y;Mining & Quarrying;7.24;2025-09
2025;Q3;Growth Rates Y-o-Y;Manufacturing;7.04;2025-09
2025;Q3;Growth Rates Y-o-Y;Electricity, Gas and Water;6.41;2025-09
2025;Q3;Growth Rates Y-o-Y;Finance, Insurance, Real Estate & Business Services : Real Estate;4.34;2025-09
2025;Q3;Growth Rates Y-o-Y;Gross Value Added;4.89;2025-09
2025;Q4;Growth Rates Y-o-Y;Agriculture, Forestry & Fishing;3.68;2025-12
2025;Q4;Growth Rates Y-o-Y;Community, Social & Personal Services;4.26;2025-12
2025;Q4;Growth Rates Y-o-Y;Net Taxes on Products;3.56;2025-12
2025;Q4;Growth Rates Y-o-Y;Gross Domestic Product;5.03;2025-12
2012;Q1;Contribution to Growth rate in GDP Y-o-Y;Manufacturing : Manufacturing excluding petroleum refining;0.45;2012-03
2012;Q1;Contribution to Growth rate in GDP Y-o-Y;Community, Social & Personal Services;0.18;2012-03
2012;Q2;Contribution to Growth rate in GDP Y-o-Y;Mining & Quarrying : Other Mining & Quarrying;0.02;2012-06
2012;Q2;Contribution to Growth rate in GDP Y-o-Y;Manufacturing : Petroleum Refining;0.21;2012-06
2012;Q2;Contribution to Growth rate in GDP Y-o-Y;Manufacturing : Manufacturing excluding petroleum refining;-0.12;2012-06
2012;Q2;Contribution to Growth rate in GDP Y-o-Y;Wholesale & Retail Trade, Restaurants & hotels;0.58;2012-06
2012;Q2;Contribution to Growth rate in GDP Y-o-Y;Gross Value Added;6.92;2012-06
2012;Q2;Contribution to Growth rate in GDP Y-o-Y;Gross Domestic Product;7.06;2012-06
2012;Q3;Contribution to Growth rate in GDP Y-o-Y;Manufacturing : Manufacturing excluding petroleum refining;-0.07;2012-09
2012;Q3;Contribution to Growth rate in GDP Y-o-Y;Electricity, Gas and Water;0.08;2012-09
2012;Q3;Contribution to Growth rate in GDP Y-o-Y;Wholesale & Retail Trade, Restaurants & hotels;0.56;2012-09
2012;Q4;Contribution to Growth rate in GDP Y-o-Y;Transport, Storage & Communication;0.28;2012-12
2012;Q4;Contribution to Growth rate in GDP Y-o-Y;Finance, Insurance, Real Estate & Business Services : Real Estate;0.43;2012-12
2012;Q4;Contribution to Growth rate in GDP Y-o-Y;Finance, Insurance, Real Estate & Business Services : Finance , Insurance and Business sevices;0.31;2012-12
2013;Q1;Contribution to Growth rate in GDP Y-o-Y;Manufacturing : Petroleum Refining;-0.13;2013-03
2013;Q1;Contribution to Growth rate in GDP Y-o-Y;Manufacturing : Manufacturing excluding petroleum refining;0.61;2013-03
2013;Q2;Contribution to Growth rate in GDP Y-o-Y;Mining & Quarrying;-2.28;2013-06
2013;Q2;Contribution to Growth rate in GDP Y-o-Y;Manufacturing;0.47;2013-06
2013;Q2;Contribution to Growth rate in GDP Y-o-Y;Manufacturing : Petroleum Refining;-0.2;2013-06
2013;Q2;Contribution to Growth rate in GDP Y-o-Y;Finance, Insurance, Real Estate & Business Services;0.84;2013-06
2013;Q2;Contribution to Growth rate in GDP Y-o-Y;Community, Social & Personal Services;0.13;2013-06
2013;Q2;Contribution to Growth rate in GDP Y-o-Y;Gross Value Added;1.91;2013-06
2013;Q3;Contribution to Growth rate in GDP Y-o-Y;Construction;0.34;2013-09
2013;Q3;Contribution to Growth rate in GDP Y-o-Y;Finance, Insurance, Real Estate & Business Services : Real Estate;0.58;2013-09
2013;Q3;Contribution to Growth rate in GDP Y-o-Y;Finance, Insurance, Real Estate & Business Services : Finance , Insurance and Business sevices;0.14;2013-09
2013;Q4;Contribution to Growth rate in GDP Y-o-Y;Manufacturing;0.43;2013-12
2013;Q4;Contribution to Growth rate in GDP Y-o-Y;Manufacturing : Petroleum Refining;0.01;2013-12
2013;Q4;Contribution to Growth rate in GDP Y-o-Y;Construction;0.34;2013-12
2013;Q4;Contribution to Growth rate in GDP Y-o-Y;Finance, Insurance, Real Estate & Business Services;0.96;2013-12
2013;Q4;Contribution to Growth rate in GDP Y-o-Y;Finance, Insurance, Real Estate & Business Services : Real Estate;0.63;2013-12
2013;Q4;Contribution to Growth rate in GDP Y-o-Y;Finance, Insurance, Real Estate & Business Services : Finance , Insurance and Business sevices;0.33;2013-12
2013;Q4;Contribution to Growth rate in GDP Y-o-Y;Government Activities;0.46;2013-12
2013;Q4;Contribution to Growth rate in GDP Y-o-Y;Net Taxes on Products;0.04;2013-12
2014;Q1;Contribution to Growth rate in GDP Y-o-Y;Government Activities;0.67;2014-03
2014;Q1;Contribution to Growth rate in GDP Y-o-Y;Gross Value Added;6.92;2014-03
2014;Q1;Contribution to Growth rate in GDP Y-o-Y;Gross Domestic Product;6.93;2014-03
2014;Q2;Contribution to Growth rate in GDP Y-o-Y;Mining & Quarrying : Other Mining & Quarrying;0.02;2014-06
2014;Q2;Contribution to Growth rate in GDP Y-o-Y;Manufacturing;0.96;2014-06
2014;Q2;Contribution to Growth rate in GDP Y-o-Y;Manufacturing : Petroleum Refining;0.36;2014-06
2014;Q2;Contribution to Growth rate in GDP Y-o-Y;Construction;0.32;2014-06
2014;Q2;Contribution to Growth rate in GDP Y-o-Y;Wholesale & Retail Trade, Restaurants & hotels;0.77;2014-06
2014;Q2;Contribution to Growth rate in GDP Y-o-Y;Transport, Storage & Communication;0.28;2014-06
2014;Q2;Contribution to Growth rate in GDP Y-o-Y;Government Activities;0.19;2014-06
2014;Q2;Contribution to Growth rate in GDP Y-o-Y;Gross Domestic Product;4.23;2014-06
2014;Q3;Contribution to Growth rate in GDP Y-o-Y;Manufacturing;0.82;2014-09
2014;Q3;Contribution to Growth rate in GDP Y-o-Y;Construction;0.34;2014-09
2014;Q3;Contribution to Growth rate in GDP Y-o-Y;Wholesale & Retail Trade, Restaurants & hotels;1.01;2014-09
2014;Q3;Contribution to Growth rate in GDP Y-o-Y;Transport, Storage & Communication;0.18;2014-09
2014;Q4;Contribution to Growth rate in GDP Y-o-Y;Government Activities;0.04;2014-12
2014;Q4;Contribution to Growth rate in GDP Y-o-Y;Gross Domestic Product;2.69;2014-12
2015;Q1;Contribution to Growth rate in GDP Y-o-Y;Mining & Quarrying : Other Mining & Quarrying;0.03;2015-03
2015;Q1;Contribution to Growth rate in GDP Y-o-Y;Manufacturing;0.8;2015-03
2015;Q1;Contribution to Growth rate in GDP Y-o-Y;Wholesale & Retail Trade, Restaurants & hotels;0.42;2015-03
2015;Q1;Contribution to Growth rate in GDP Y-o-Y;Finance, Insurance, Real Estate & Business Services;0.09;2015-03
2015;Q1;Contribution to Growth rate in GDP Y-o-Y;Government Activities;0.93;2015-03
2015;Q2;Contribution to Growth rate in GDP Y-o-Y;Finance, Insurance, Real Estate & Business Services;0.43;2015-06
2015;Q2;Contribution to Growth rate in GDP Y-o-Y;Community, Social & Personal Services;0.26;2015-06
2015;Q2;Contribution to Growth rate in GDP Y-o-Y;Gross Domestic Product;5.39;2015-06
2015;Q3;Contribution to Growth rate in GDP Y-o-Y;Mining & Quarrying : Other Mining & Quarrying;0.02;2015-09
2015;Q3;Contribution to Growth rate in GDP Y-o-Y;Manufacturing;1.29;2015-09
2015;Q3;Contribution to Growth rate in GDP Y-o-Y;Construction;0.19;2015-09
2015;Q3;Contribution to Growth rate in GDP Y-o-Y;Wholesale & Retail Trade, Restaurants & hotels;0.36;2015-09
2015;Q3;Contribution to Growth rate in GDP Y-o-Y;Transport, Storage & Communication;0.25;2015-09
2015;Q3;Contribution to Growth rate in GDP Y-o-Y;Finance, Insurance, Real Estate & Business Services;0.32;2015-09
2015;Q4;Contribution to Growth rate in GDP Y-o-Y;Government Activities;0.11;2015-12
2015;Q4;Contribution to Growth rate in GDP Y-o-Y;Net Taxes on Products;0.02;2015-12
2016;Q1;Contribution to Growth rate in GDP Y-o-Y;Mining & Quarrying : Crude Petroleum & Natural Gas;1.51;2016-03
2016;Q1;Contribution to Growth rate in GDP Y-o-Y;Manufacturing;0.8;2016-03
2016;Q1;Contribution to Growth rate in GDP Y-o-Y;Gross Value Added;3.34;2016-03
2016;Q2;Contribution to Growth rate in GDP Y-o-Y;Mining & Quarrying : Other Mining & Quarrying;-0.02;2016-06
2016;Q2;Contribution to Growth rate in GDP Y-o-Y;Manufacturing;0.83;2016-06
2016;Q2;Contribution to Growth rate in GDP Y-o-Y;Manufacturing : Petroleum Refining;0.2;2016-06
2016;Q2;Contribution to Growth rate in GDP Y-o-Y;Transport, Storage & Communication;0.24;2016-06
2016;Q3;Contribution to Growth rate in GDP Y-o-Y;Manufacturing : Petroleum Refining;0.27;2016-09
2016;Q3;Contribution to Growth rate in GDP Y-o-Y;Wholesale & Retail Trade, Restaurants & hotels;-0.14;2016-09
2016;Q3;Contribution to Growth rate in GDP Y-o-Y;Gross Value Added;0.8;2016-09
2016;Q4;Contribution to Growth rate in GDP Y-o-Y;Agriculture, Forestry & Fishing;0.09;2016-12
2016;Q4;Contribution to Growth rate in GDP Y-o-Y;Mining & Quarrying;0.99;2016-12
2016;Q4;Contribution to Growth rate in GDP Y-o-Y;Mining & Quarrying : Crude Petroleum & Natural Gas;1.01;2016-12
2016;Q4;Contribution to Growth rate in GDP Y-o-Y;Manufacturing : Manufacturing excluding petroleum refining;-0.12;2016-12
2016;Q4;Contribution to Growth rate in GDP Y-o-Y;Construction;-0.23;2016-12
2017;Q1;Contribution to Growth rate in GDP Y-o-Y;Mining & Quarrying;-0.24;2017-03
2017;Q1;Contribution to Growth rate in GDP Y-o-Y;Mining & Quarrying : Crude Petroleum & Natural Gas;-0.27;2017-03
2017;Q1;Contribution to Growth rate in GDP Y-o-Y;Manufacturing : Petroleum Refining;-0.07;2017-03
2017;Q1;Contribution to Growth rate in GDP Y-o-Y;Finance, Insurance, Real Estate & Business Services : Finance , Insurance and Business sevices;-0.12;2017-03
2017;Q1;Contribution to Growth rate in GDP Y-o-Y;Community, Social & Personal Services;0.16;2017-03
2017;Q1;Contribution to Growth rate in GDP Y-o-Y;Gross Value Added;-0.26;2017-03
2017;Q2;Contribution to Growth rate in GDP Y-o-Y;Wholesale & Retail Trade, Restaurants & hotels;0.22;2017-06
2017;Q2;Contribution to Growth rate in GDP Y-o-Y;Transport, Storage & Communication;0.25;2017-06
2017;Q2;Contribution to Growth rate in GDP Y-o-Y;Community, Social & Personal Services;0.21;2017-06
2017;Q3;Contribution to Growth rate in GDP Y-o-Y;Manufacturing;0.44;2017-09
2017;Q3;Contribution to Growth rate in GDP Y-o-Y;Manufacturing : Petroleum Refining;0.1;2017-09
2017;Q3;Contribution to Growth rate in GDP Y-o-Y;Electricity, Gas and Water;0.0;2017-09
2017;Q3;Contribution to Growth rate in GDP Y-o-Y;Finance, Insurance, Real Estate & Business Services;0.61;2017-09
2017;Q3;Contribution to Growth rate in GDP Y-o-Y;Gross Value Added;1.76;2017-09
2017;Q4;Contribution to Growth rate in GDP Y-o-Y;Agriculture, Forestry & Fishing;0.1;2017-12
2017;Q4;Contribution to Growth rate in GDP Y-o-Y;Mining & Quarrying : Other Mining & Quarrying;0.02;2017-12
2017;Q4;Contribution to Growth rate in GDP Y-o-Y;Community, Social & Personal Services;0.29;2017-12
2017;Q4;Contribution to Growth rate in GDP Y-o-Y;Gross Domestic Product;2.92;2017-12
2018;Q1;Contribution to Growth rate in GDP Y-o-Y;Agriculture, Forestry & Fishing;0.07;2018-03
2018;Q1;Contribution to Growth rate in GDP Y-o-Y;Mining & Quarrying : Other Mining & Quarrying;0.03;2018-03
2018;Q1;Contribution to Growth rate in GDP Y-o-Y;Government Activities;0.83;2018-03
2018;Q2;Contribution to Growth rate in GDP Y-o-Y;Agriculture, Forestry & Fishing;0.08;2018-06
2018;Q2;Contribution to Growth rate in GDP Y-o-Y;Mining & Quarrying;0.48;2018-06
2018;Q2;Contribution to Growth rate in GDP Y-o-Y;Manufacturing;0.1;2018-06
2018;Q2;Contribution to Growth rate in GDP Y-o-Y;Finance, Insurance, Real Estate & Business Services : Finance , Insurance and Business sevices;0.48;2018-06
2018;Q2;Contribution to Growth rate in GDP Y-o-Y;Net Taxes on Products;-0.01;2018-06
2018;Q3;Contribution to Growth rate in GDP Y-o-Y;Wholesale & Retail Trade, Restaurants & hotels;0.34;2018-09
2018;Q3;Contribution to Growth rate in GDP Y-o-Y;Gross Value Added;3.07;2018-09
2018;Q4;Contribution to Growth rate in GDP Y-o-Y;Gross Value Added;3.22;2018-12
2018;Q4;Contribution to Growth rate in GDP Y-o-Y;Net Taxes on Products;0.01;2018-12
2019;Q1;Contribution to Growth rate in GDP Y-o-Y;Mining & Quarrying : Crude Petroleum & Natural Gas;0.03;2019-03
2019;Q1;Contribution to Growth rate in GDP Y-o-Y;Mining & Quarrying : Other Mining & Quarrying;0.03;2019-03
2019;Q1;Contribution to Growth rate in GDP Y-o-Y;Manufacturing : Petroleum Refining;0.05;2019-03
2019;Q1;Contribution to Growth rate in GDP Y-o-Y;Finance, Insurance, Real Estate & Business Services;0.59;2019-03
2019;Q1;Contribution to Growth rate in GDP Y-o-Y;Net Taxes on Products;0.32;2019-03
2019;Q1;Contribution to Growth rate in GDP Y-o-Y;Gross Domestic Product;2.84;2019-03
2019;Q2;Contribution to Growth rate in GDP Y-o-Y;Mining & Quarrying : Crude Petroleum & Natural Gas;-1.0;2019-06
2019;Q2;Contribution to Growth rate in GDP Y-o-Y;Mining & Quarrying : Other Mining & Quarrying;0.02;2019-06
2019;Q3;Contribution to Growth rate in GDP Y-o-Y;Electricity, Gas and Water;0.05;2019-09
2019;Q3;Contribution to Growth rate in GDP Y-o-Y;Finance, Insurance, Real Estate & Business Services : Real Estate;0.09;2019-09
2019;Q3;Contribution to Growth rate in GDP Y-o-Y;Finance, Insurance, Real Estate & Business Services : Finance , Insurance and Business sevices;0.47;2019-09
2019;Q3;Contribution to Growth rate in GDP Y-o-Y;Government Activities;0.81;2019-09
2019;Q3;Contribution to Growth rate in GDP Y-o-Y;Gross Domestic Product;1.43;2019-09
2019;Q4;Contribution to Growth rate in GDP Y-o-Y;Finance, Insurance, Real Estate & Business Services;0.37;2019-12
2019;Q4;Contribution to Growth rate in GDP Y-o-Y;Community, Social & Personal Services;0.26;2019-12
2020;Q1;Contribution to Growth rate in GDP Y-o-Y;Mining & Quarrying;-0.72;2020-03
2020;Q1;Contribution to Growth rate in GDP Y-o-Y;Construction;-0.23;2020-03
2020;Q1;Contribution to Growth rate in GDP Y-o-Y;Gross Domestic Product;-1.34;2020-03
2020;Q2;Contribution to Growth rate in GDP Y-o-Y;Transport, Storage & Communication;-1.38;2020-06
2020;Q2;Contribution to Growth rate in GDP Y-o-Y;Finance, Insurance, Real Estate & Business Services;-0.09;2020-06
2020;Q2;Contribution to Growth rate in GDP Y-o-Y;Finance, Insurance, Real Estate & Business Services : Real Estate;0.04;2020-06
2020;Q2;Contribution to Growth rate in GDP Y-o-Y;Government Activities;-0.36;2020-06
2020;Q2;Contribution to Growth rate in GDP Y-o-Y;Gross Value Added;-6.86;2020-06
2020;Q3;Contribution to Growth rate in GDP Y-o-Y;Mining & Quarrying : Other Mining & Quarrying;0.02;2020-09
2020;Q3;Contribution to Growth rate in GDP Y-o-Y;Wholesale & Retail Trade, Restaurants & hotels;-0.5;2020-09
2020;Q3;Contribution to Growth rate in GDP Y-o-Y;Finance, Insurance, Real Estate & Business Services;0.13;2020-09
2020;Q3;Contribution to Growth rate in GDP Y-o-Y;Finance, Insurance, Real Estate & Business Services : Finance , Insurance and Business sevices;-0.06;2020-09
2020;Q3;Contribution to Growth rate in GDP Y-o-Y;Gross Value Added;-3.45;2020-09
2020;Q3;Contribution to Growth rate in GDP Y-o-Y;Gross Domestic Product;-3.69;2020-09
2020;Q4;Contribution to Growth rate in GDP Y-o-Y;Mining & Quarrying;-2.33;2020-12
2020;Q4;Contribution to Growth rate in GDP Y-o-Y;Electricity, Gas and Water;0.02;2020-12
2020;Q4;Contribution to Growth rate in GDP Y-o-Y;Wholesale & Retail Trade, Restaurants & hotels;-0.16;2020-12
2020;Q4;Contribution to Growth rate in GDP Y-o-Y;Community, Social & Personal Services;0.11;2020-12
2021;Q1;Contribution to Growth rate in GDP Y-o-Y;Agriculture, Forestry & Fishing;0.05;2021-03
2021;Q1;Contribution to Growth rate in GDP Y-o-Y;Mining & Quarrying : Crude Petroleum & Natural Gas;-2.48;2021-03
2021;Q1;Contribution to Growth rate in GDP Y-o-Y;Manufacturing;1.87;2021-03
2021;Q1;Contribution to Growth rate in GDP Y-o-Y;Manufacturing : Petroleum Refining;0.52;2021-03
2021;Q1;Contribution to Growth rate in GDP Y-o-Y;Gross Value Added;1.77;2021-03
2021;Q2;Contribution to Growth rate in GDP Y-o-Y;Manufacturing;2.35;2021-06
2021;Q2;Contribution to Growth rate in GDP Y-o-Y;Community, Social & Personal Services;0.39;2021-06
2021;Q2;Contribution to Growth rate in GDP Y-o-Y;Net Taxes on Products;0.44;2021-06
2021;Q2;Contribution to Growth rate in GDP Y-o-Y;Gross Domestic Product;6.89;2021-06
2021;Q4;Contribution to Growth rate in GDP Y-o-Y;Mining & Quarrying;2.09;2021-12
2021;Q4;Contribution to Growth rate in GDP Y-o-Y;Finance, Insurance, Real Estate & Business Services : Real Estate;0.06;2021-12
2021;Q4;Contribution to Growth rate in GDP Y-o-Y;Gross Domestic Product;8.98;2021-12
2022;Q1;Contribution to Growth rate in GDP Y-o-Y;Mining & Quarrying;3.94;2022-03
2022;Q1;Contribution to Growth rate in GDP Y-o-Y;Government Activities;0.51;2022-03
2022;Q2;Contribution to Growth rate in GDP Y-o-Y;Mining & Quarrying;5.31;2022-06
2022;Q2;Contribution to Growth rate in GDP Y-o-Y;Manufacturing;2.07;2022-06
2022;Q2;Contribution to Growth rate in GDP Y-o-Y;Finance, Insurance, Real Estate & Business Services : Real Estate;0.07;2022-06
2022;Q3;Contribution to Growth rate in GDP Y-o-Y;Mining & Quarrying : Crude Petroleum & Natural Gas;4.35;2022-09
2022;Q3;Contribution to Growth rate in GDP Y-o-Y;Gross Domestic Product;12.98;2022-09
2022;Q4;Contribution to Growth rate in GDP Y-o-Y;Mining & Quarrying : Other Mining & Quarrying;0.02;2022-12
2022;Q4;Contribution to Growth rate in GDP Y-o-Y;Manufacturing : Manufacturing excluding petroleum refining;1.02;2022-12
2022;Q4;Contribution to Growth rate in GDP Y-o-Y;Electricity, Gas and Water;0.12;2022-12
2022;Q4;Contribution to Growth rate in GDP Y-o-Y;Finance, Insurance, Real Estate & Business Services : Finance , Insurance and Business sevices;0.89;2022-12
2023;Q1;Contribution to Growth rate in GDP Y-o-Y;Mining & Quarrying : Crude Petroleum & Natural Gas;0.53;2023-03
2023;Q1;Contribution to Growth rate in GDP Y-o-Y;Gross Domestic Product;5.52;2023-03
2023;Q2;Contribution to Growth rate in GDP Y-o-Y;Mining & Quarrying : Other Mining & Quarrying;0.02;2023-06
2023;Q2;Contribution to Growth rate in GDP Y-o-Y;Manufacturing : Petroleum Refining;-0.08;2023-06
2023;Q3;Contribution to Growth rate in GDP Y-o-Y;Manufacturing : Petroleum Refining;-0.21;2023-09
2023;Q3;Contribution to Growth rate in GDP Y-o-Y;Transport, Storage & Communication;0.34;2023-09
2023;Q3;Contribution to Growth rate in GDP Y-o-Y;Finance, Insurance, Real Estate & Business Services : Finance , Insurance and Business sevices;0.54;2023-09
2023;Q3;Contribution to Growth rate in GDP Y-o-Y;Net Taxes on Products;0.4;2023-09
2023;Q3;Contribution to Growth rate in GDP Y-o-Y;Gross Domestic Product;-2.64;2023-09
2023;Q4;Contribution to Growth rate in GDP Y-o-Y;Mining & Quarrying : Other Mining & Quarrying;0.01;2023-12
2023;Q4;Contribution to Growth rate in GDP Y-o-Y;Finance, Insurance, Real Estate & Business Services : Real Estate;0.1;2023-12
2024;Q1;Contribution to Growth rate in GDP Y-o-Y;Mining & Quarrying;-3.26;2024-03
2024;Q1;Contribution to Growth rate in GDP Y-o-Y;Mining & Quarrying : Crude Petroleum & Natural Gas;-3.31;2024-03
2024;Q1;Contribution to Growth rate in GDP Y-o-Y;Manufacturing : Petroleum Refining;-0.07;2024-03
2024;Q1;Contribution to Growth rate in GDP Y-o-Y;Manufacturing : Manufacturing excluding petroleum refining;0.71;2024-03
2024;Q1;Contribution to Growth rate in GDP Y-o-Y;Net Taxes on Products;0.15;2024-03
2024;Q1;Contribution to Growth rate in GDP Y-o-Y;Gross Domestic Product;0.37;2024-03
2024;Q2;Contribution to Growth rate in GDP Y-o-Y;Construction;0.34;2024-06
2024;Q2;Contribution to Growth rate in GDP Y-o-Y;Community, Social & Personal Services;0.14;2024-06
2024;Q3;Contribution to Growth rate in GDP Y-o-Y;Mining & Quarrying : Crude Petroleum & Natural Gas;0.13;2024-09
2024;Q3;Contribution to Growth rate in GDP Y-o-Y;Electricity, Gas and Water;0.12;2024-09
2024;Q3;Contribution to Growth rate in GDP Y-o-Y;Transport, Storage & Communication;0.21;2024-09
2024;Q3;Contribution to Growth rate in GDP Y-o-Y;Gross Value Added;3.64;2024-09
2024;Q4;Contribution to Growth rate in GDP Y-o-Y;Mining & Quarrying;0.48;2024-12
2024;Q4;Contribution to Growth rate in GDP Y-o-Y;Manufacturing;1.3;2024-12
2024;Q4;Contribution to Growth rate in GDP Y-o-Y;Finance, Insurance, Real Estate & Business Services;0.72;2024-12
2025;Q1;Contribution to Growth rate in GDP Y-o-Y;Manufacturing : Petroleum Refining;0.2;2025-03
2025;Q1;Contribution to Growth rate in GDP Y-o-Y;Manufacturing : Manufacturing excluding petroleum refining;0.56;2025-03
2025;Q1;Contribution to Growth rate in GDP Y-o-Y;Electricity, Gas and Water;-0.04;2025-03
2025;Q2;Contribution to Growth rate in GDP Y-o-Y;Finance, Insurance, Real Estate & Business Services : Finance , Insurance and Business sevices;0.55;2025-06
2025;Q3;Contribution to Growth rate in GDP Y-o-Y;Mining & Quarrying : Other Mining & Quarrying;0.01;2025-09
2025;Q4;Contribution to Growth rate in GDP Y-o-Y;Construction;0.32;2025-12
2025;Q4;Contribution to Growth rate in GDP Y-o-Y;Gross Value Added;4.84;2025-12
2010;Q1;Implicit Price Index (Deflators);Manufacturing;57.1;2010-03
2010;Q1;Implicit Price Index (Deflators);Finance, Insurance, Real Estate & Business Services : Finance , Insurance and Business sevices;67.1;2010-03
2010;Q1;Implicit Price Index (Deflators);Gross Value Added;74.6;2010-03
2010;Q1;Implicit Price Index (Deflators);Gross Domestic Product;71.5;2010-03
2010;Q2;Implicit Price Index (Deflators);Agriculture, Forestry & Fishing;71.9;2010-06
2010;Q2;Implicit Price Index (Deflators);Mining & Quarrying : Crude Petroleum & Natural Gas;94.4;2010-06
2010;Q2;Implicit Price Index (Deflators);Mining & Quarrying : Other Mining & Quarrying;70.7;2010-06
2010;Q2;Implicit Price Index (Deflators);Manufacturing;57.1;2010-06
2010;Q2;Implicit Price Index (Deflators);Electricity, Gas and Water;72.4;2010-06
2010;Q2;Implicit Price Index (Deflators);Community, Social & Personal Services;79.7;2010-06
2010;Q3;Implicit Price Index (Deflators);Mining & Quarrying;94.1;2010-09
2010;Q3;Implicit Price Index (Deflators);Gross Value Added;74.6;2010-09
2010;Q4;Implicit Price Index (Deflators);Wholesale & Retail Trade, Restaurants & hotels;73.1;2010-12
2010;Q4;Implicit Price Index (Deflators);Finance, Insurance, Real Estate & Business Services : Real Estate;64.0;2010-12
2010;Q4;Implicit Price Index (Deflators);Community, Social & Personal Services;79.7;2010-12
2011;Q1;Implicit Price Index (Deflators);Transport, Storage & Communication;83.4;2011-03
2011;Q1;Implicit Price Index (Deflators);Finance, Insurance, Real Estate & Business Services : Finance , Insurance and Business sevices;72.6;2011-03
2011;Q2;Implicit Price Index (Deflators);Mining & Quarrying : Crude Petroleum & Natural Gas;126.8;2011-06
2011;Q2;Implicit Price Index (Deflators);Manufacturing : Petroleum Refining;40.6;2011-06
2011;Q2;Implicit Price Index (Deflators);Construction;63.2;2011-06
2011;Q2;Implicit Price Index (Deflators);Wholesale & Retail Trade, Restaurants & hotels;76.2;2011-06
2011;Q2;Implicit Price Index (Deflators);Finance, Insurance, Real Estate & Business Services : Finance , Insurance and Business sevices;72.5;2011-06
2011;Q2;Implicit Price Index (Deflators);Government Activities;73.8;2011-06
2011;Q3;Implicit Price Index (Deflators);Mining & Quarrying : Crude Petroleum & Natural Gas;123.0;2011-09
2011;Q3;Implicit Price Index (Deflators);Gross Domestic Product;83.1;2011-09
2011;Q4;Implicit Price Index (Deflators);Agriculture, Forestry & Fishing;72.1;2011-12
2011;Q4;Implicit Price Index (Deflators);Mining & Quarrying;125.5;2011-12
2011;Q4;Implicit Price Index (Deflators);Construction;64.0;2011-12
2011;Q4;Implicit Price Index (Deflators);Wholesale & Retail Trade, Restaurants & hotels;74.9;2011-12
2011;Q4;Implicit Price Index (Deflators);Transport, Storage & Communication;83.9;2011-12
2011;Q4;Implicit Price Index (Deflators);Finance, Insurance, Real Estate & Business Services : Real Estate;67.2;2011-12
2011;Q4;Implicit Price Index (Deflators);Finance, Insurance, Real Estate & Business Services : Finance , Insurance and Business sevices;73.5;2011-12
2012;Q1;Implicit Price Index (Deflators);Mining & Quarrying : Other Mining & Quarrying;75.3;2012-03
2012;Q1;Implicit Price Index (Deflators);Community, Social & Personal Services;85.7;2012-03
2012;Q2;Implicit Price Index (Deflators);Wholesale & Retail Trade, Restaurants & hotels;81.3;2012-06
2012;Q2;Implicit Price Index (Deflators);Transport, Storage & Communication;86.6;2012-06
2012;Q2;Implicit Price Index (Deflators);Finance, Insurance, Real Estate & Business Services : Finance , Insurance and Business sevices;75.8;2012-06
2012;Q2;Implicit Price Index (Deflators);Net Taxes on Products;9.6;2012-06
2012;Q3;Implicit Price Index (Deflators);Community, Social & Personal Services;85.2;2012-09
2012;Q3;Implicit Price Index (Deflators);Government Activities;81.1;2012-09
2012;Q3;Implicit Price Index (Deflators);Gross Domestic Product;86.2;2012-09
2012;Q4;Implicit Price Index (Deflators);Mining & Quarrying : Other Mining & Quarrying;77.0;2012-12
2012;Q4;Implicit Price Index (Deflators);Manufacturing : Manufacturing excluding petroleum refining;79.5;2012-12
2012;Q4;Implicit Price Index (Deflators);Community, Social & Personal Services;86.5;2012-12
2012;Q4;Implicit Price Index (Deflators);Government Activities;64.6;2012-12
2012;Q4;Implicit Price Index (Deflators);Net Taxes on Products;12.9;2012-12
2012;Q4;Implicit Price Index (Deflators);Gross Domestic Product;85.1;2012-12
2013;Q1;Implicit Price Index (Deflators);Finance, Insurance, Real Estate & Business Services : Real Estate;87.5;2013-03
2013;Q1;Implicit Price Index (Deflators);Gross Value Added;91.1;2013-03
2013;Q2;Implicit Price Index (Deflators);Construction;72.0;2013-06
2013;Q2;Implicit Price Index (Deflators);Government Activities;74.9;2013-06
2013;Q2;Implicit Price Index (Deflators);Gross Value Added;90.6;2013-06
2013;Q2;Implicit Price Index (Deflators);Gross Domestic Product;86.8;2013-06
2013;Q3;Implicit Price Index (Deflators);Agriculture, Forestry & Fishing;75.9;2013-09
2013;Q3;Implicit Price Index (Deflators);Mining & Quarrying : Crude Petroleum & Natural Gas;115.7;2013-09
2013;Q3;Implicit Price Index (Deflators);Manufacturing : Petroleum Refining;36.5;2013-09
2013;Q3;Implicit Price Index (Deflators);Transport, Storage & Communication;87.3;2013-09
2013;Q3;Implicit Price Index (Deflators);Government Activities;80.0;2013-09
2013;Q4;Implicit Price Index (Deflators);Mining & Quarrying : Other Mining & Quarrying;80.2;2013-12
2013;Q4;Implicit Price Index (Deflators);Manufacturing : Manufacturing excluding petroleum refining;82.1;2013-12
2013;Q4;Implicit Price Index (Deflators);Electricity, Gas and Water;83.2;2013-12
2013;Q4;Implicit Price Index (Deflators);Construction;71.8;2013-12
2013;Q4;Implicit Price Index (Deflators);Transport, Storage & Communication;86.7;2013-12
2013;Q4;Implicit Price Index (Deflators);Community, Social & Personal Services;89.0;2013-12
2014;Q1;Implicit Price Index (Deflators);Mining & Quarrying : Other Mining & Quarrying;81.9;2014-03
2014;Q1;Implicit Price Index (Deflators);Manufacturing;63.5;2014-03
2014;Q1;Implicit Price Index (Deflators);Manufacturing : Manufacturing excluding petroleum refining;82.9;2014-03
2014;Q1;Implicit Price Index (Deflators);Transport, Storage & Communication;88.8;2014-03
2014;Q1;Implicit Price Index (Deflators);Finance, Insurance, Real Estate & Business Services : Finance , Insurance and Business sevices;83.2;2014-03
2014;Q1;Implicit Price Index (Deflators);Government Activities;71.6;2014-03
2014;Q2;Implicit Price Index (Deflators);Manufacturing;64.3;2014-06
2014;Q2;Implicit Price Index (Deflators);Wholesale & Retail Trade, Restaurants & hotels;90.5;2014-06
2014;Q2;Implicit Price Index (Deflators);Finance, Insurance, Real Estate & Business Services;86.1;2014-06
2014;Q3;Implicit Price Index (Deflators);Manufacturing : Petroleum Refining;37.3;2014-09
2014;Q3;Implicit Price Index (Deflators);Construction;77.4;2014-09
2014;Q3;Implicit Price Index (Deflators);Government Activities;86.0;2014-09
2014;Q3;Implicit Price Index (Deflators);Gross Value Added;91.1;2014-09
2014;Q4;Implicit Price Index (Deflators);Manufacturing;62.5;2014-12
2014;Q4;Implicit Price Index (Deflators);Transport, Storage & Communication;88.9;2014-12
2014;Q4;Implicit Price Index (Deflators);Government Activities;59.5;2014-12
2014;Q4;Implicit Price Index (Deflators);Gross Value Added;77.8;2014-12
2014;Q4;Implicit Price Index (Deflators);Gross Domestic Product;74.8;2014-12
2015;Q1;Implicit Price Index (Deflators);Manufacturing;62.4;2015-03
2015;Q1;Implicit Price Index (Deflators);Manufacturing : Manufacturing excluding petroleum refining;84.0;2015-03
2015;Q1;Implicit Price Index (Deflators);Construction;80.1;2015-03
2015;Q1;Implicit Price Index (Deflators);Net Taxes on Products;8.3;2015-03
2015;Q2;Implicit Price Index (Deflators);Electricity, Gas and Water;83.4;2015-06
2015;Q2;Implicit Price Index (Deflators);Transport, Storage & Communication;90.5;2015-06
2015;Q2;Implicit Price Index (Deflators);Gross Value Added;78.3;2015-06
2015;Q3;Implicit Price Index (Deflators);Mining & Quarrying;53.1;2015-09
2015;Q3;Implicit Price Index (Deflators);Finance, Insurance, Real Estate & Business Services : Finance , Insurance and Business sevices;84.1;2015-09
2015;Q3;Implicit Price Index (Deflators);Gross Domestic Product;70.6;2015-09
2015;Q4;Implicit Price Index (Deflators);Mining & Quarrying : Other Mining & Quarrying;80.7;2015-12
2015;Q4;Implicit Price Index (Deflators);Manufacturing : Petroleum Refining;23.7;2015-12
2015;Q4;Implicit Price Index (Deflators);Electricity, Gas and Water;89.8;2015-12
2015;Q4;Implicit Price Index (Deflators);Finance, Insurance, Real Estate & Business Services;88.7;2015-12
2015;Q4;Implicit Price Index (Deflators);Government Activities;64.7;2015-12
2015;Q4;Implicit Price Index (Deflators);Gross Domestic Product;64.4;2015-12
2016;Q1;Implicit Price Index (Deflators);Manufacturing : Manufacturing excluding petroleum refining;83.7;2016-03
2016;Q1;Implicit Price Index (Deflators);Wholesale & Retail Trade, Restaurants & hotels;87.7;2016-03
2016;Q1;Implicit Price Index (Deflators);Finance, Insurance, Real Estate & Business Services;92.5;2016-03
2016;Q1;Implicit Price Index (Deflators);Finance, Insurance, Real Estate & Business Services : Finance , Insurance and Business sevices;85.0;2016-03
2016;Q2;Implicit Price Index (Deflators);Electricity, Gas and Water;75.4;2016-06
2016;Q2;Implicit Price Index (Deflators);Transport, Storage & Communication;90.7;2016-06
2016;Q2;Implicit Price Index (Deflators);Gross Value Added;73.8;2016-06
2016;Q3;Implicit Price Index (Deflators);Agriculture, Forestry & Fishing;78.9;2016-09
2016;Q3;Implicit Price Index (Deflators);Mining & Quarrying : Other Mining & Quarrying;87.0;2016-09
2016;Q3;Implicit Price Index (Deflators);Net Taxes on Products;11.7;2016-09
2016;Q4;Implicit Price Index (Deflators);Construction;78.9;2016-12
2016;Q4;Implicit Price Index (Deflators);Transport, Storage & Communication;91.4;2016-12
2016;Q4;Implicit Price Index (Deflators);Finance, Insurance, Real Estate & Business Services : Finance , Insurance and Business sevices;84.9;2016-12
2017;Q1;Implicit Price Index (Deflators);Mining & Quarrying;60.9;2017-03
2017;Q1;Implicit Price Index (Deflators);Mining & Quarrying : Crude Petroleum & Natural Gas;60.6;2017-03
2017;Q1;Implicit Price Index (Deflators);Manufacturing : Petroleum Refining;32.0;2017-03
2017;Q1;Implicit Price Index (Deflators);Manufacturing : Manufacturing excluding petroleum refining;84.7;2017-03
2017;Q1;Implicit Price Index (Deflators);Wholesale & Retail Trade, Restaurants & hotels;86.4;2017-03
2017;Q1;Implicit Price Index (Deflators);Transport, Storage & Communication;91.5;2017-03
2017;Q1;Implicit Price Index (Deflators);Finance, Insurance, Real Estate & Business Services;94.2;2017-03
2017;Q2;Implicit Price Index (Deflators);Mining & Quarrying : Crude Petroleum & Natural Gas;56.7;2017-06
2017;Q2;Implicit Price Index (Deflators);Manufacturing;63.5;2017-06
2017;Q2;Implicit Price Index (Deflators);Gross Domestic Product;74.0;2017-06
2017;Q3;Implicit Price Index (Deflators);Mining & Quarrying : Other Mining & Quarrying;88.1;2017-09
2017;Q3;Implicit Price Index (Deflators);Manufacturing : Petroleum Refining;32.0;2017-09
2017;Q3;Implicit Price Index (Deflators);Finance, Insurance, Real Estate & Business Services;91.2;2017-09
2017;Q3;Implicit Price Index (Deflators);Gross Domestic Product;74.7;2017-09
2017;Q4;Implicit Price Index (Deflators);Agriculture, Forestry & Fishing;82.1;2017-12
2017;Q4;Implicit Price Index (Deflators);Construction;77.9;2017-12
2018;Q1;Implicit Price Index (Deflators);Mining & Quarrying : Other Mining & Quarrying;87.4;2018-03
2018;Q1;Implicit Price Index (Deflators);Gross Domestic Product;80.8;2018-03
2018;Q2;Implicit Price Index (Deflators);Mining & Quarrying : Other Mining & Quarrying;87.5;2018-06
2018;Q2;Implicit Price Index (Deflators);Manufacturing;71.4;2018-06
2018;Q2;Implicit Price Index (Deflators);Manufacturing : Petroleum Refining;48.5;2018-06
2018;Q2;Implicit Price Index (Deflators);Construction;79.7;2018-06
2018;Q2;Implicit Price Index (Deflators);Community, Social & Personal Services;92.9;2018-06
2018;Q2;Implicit Price Index (Deflators);Gross Domestic Product;88.2;2018-06
2018;Q3;Implicit Price Index (Deflators);Agriculture, Forestry & Fishing;79.1;2018-09
2018;Q3;Implicit Price Index (Deflators);Mining & Quarrying : Other Mining & Quarrying;89.8;2018-09
2018;Q3;Implicit Price Index (Deflators);Manufacturing : Petroleum Refining;44.1;2018-09
2018;Q3;Implicit Price Index (Deflators);Finance, Insurance, Real Estate & Business Services;90.6;2018-09
2018;Q4;Implicit Price Index (Deflators);Agriculture, Forestry & Fishing;82.0;2018-12
2018;Q4;Implicit Price Index (Deflators);Mining & Quarrying : Crude Petroleum & Natural Gas;89.2;2018-12
2018;Q4;Implicit Price Index (Deflators);Manufacturing;72.0;2018-12
2018;Q4;Implicit Price Index (Deflators);Electricity, Gas and Water;109.4;2018-12
2018;Q4;Implicit Price Index (Deflators);Community, Social & Personal Services;94.1;2018-12
2019;Q1;Implicit Price Index (Deflators);Mining & Quarrying;73.2;2019-03
2019;Q1;Implicit Price Index (Deflators);Mining & Quarrying : Crude Petroleum & Natural Gas;73.0;2019-03
2019;Q1;Implicit Price Index (Deflators);Mining & Quarrying : Other Mining & Quarrying;88.5;2019-03
2019;Q1;Implicit Price Index (Deflators);Electricity, Gas and Water;111.0;2019-03
2019;Q1;Implicit Price Index (Deflators);Construction;81.9;2019-03
2019;Q1;Implicit Price Index (Deflators);Transport, Storage & Communication;91.6;2019-03
2019;Q1;Implicit Price Index (Deflators);Finance, Insurance, Real Estate & Business Services : Finance , Insurance and Business sevices;88.4;2019-03
2019;Q1;Implicit Price Index (Deflators);Community, Social & Personal Services;93.7;2019-03
2019;Q1;Implicit Price Index (Deflators);Gross Domestic Product;80.3;2019-03
2019;Q2;Implicit Price Index (Deflators);Mining & Quarrying;82.1;2019-06
2019;Q2;Implicit Price Index (Deflators);Mining & Quarrying : Other Mining & Quarrying;89.9;2019-06
2019;Q2;Implicit Price Index (Deflators);Manufacturing : Manufacturing excluding petroleum refining;87.6;2019-06
2019;Q2;Implicit Price Index (Deflators);Construction;84.6;2019-06
2019;Q2;Implicit Price Index (Deflators);Gross Value Added;88.9;2019-06
2019;Q2;Implicit Price Index (Deflators);Gross Domestic Product;86.9;2019-06
2019;Q3;Implicit Price Index (Deflators);Mining & Quarrying;81.0;2019-09
2019;Q3;Implicit Price Index (Deflators);Construction;85.3;2019-09
2019;Q3;Implicit Price Index (Deflators);Transport, Storage & Communication;94.7;2019-09
2019;Q3;Implicit Price Index (Deflators);Gross Value Added;87.8;2019-09
2019;Q4;Implicit Price Index (Deflators);Mining & Quarrying;81.4;2019-12
2019;Q4;Implicit Price Index (Deflators);Finance, Insurance, Real Estate & Business Services;92.3;2019-12
2020;Q1;Implicit Price Index (Deflators);Mining & Quarrying : Crude Petroleum & Natural Gas;53.5;2020-03
2020;Q1;Implicit Price Index (Deflators);Construction;85.1;2020-03
2020;Q1;Implicit Price Index (Deflators);Finance, Insurance, Real Estate & Business Services;92.8;2020-03
2020;Q2;Implicit Price Index (Deflators);Manufacturing;65.0;2020-06
2020;Q2;Implicit Price Index (Deflators);Transport, Storage & Communication;90.4;2020-06
2020;Q3;Implicit Price Index (Deflators);Mining & Quarrying;53.3;2020-09
2020;Q3;Implicit Price Index (Deflators);Electricity, Gas and Water;91.1;2020-09
2020;Q3;Implicit Price Index (Deflators);Gross Value Added;78.4;2020-09
2020;Q3;Implicit Price Index (Deflators);Gross Domestic Product;77.9;2020-09
2020;Q4;Implicit Price Index (Deflators);Mining & Quarrying : Crude Petroleum & Natural Gas;51.2;2020-12
2020;Q4;Implicit Price Index (Deflators);Electricity, Gas and Water;109.6;2020-12
2020;Q4;Implicit Price Index (Deflators);Finance, Insurance, Real Estate & Business Services : Finance , Insurance and Business sevices;89.9;2020-12
2021;Q1;Implicit Price Index (Deflators);Mining & Quarrying;75.1;2021-03
2021;Q1;Implicit Price Index (Deflators);Construction;87.9;2021-03
2021;Q1;Implicit Price Index (Deflators);Finance, Insurance, Real Estate & Business Services;91.2;2021-03
2021;Q1;Implicit Price Index (Deflators);Gross Value Added;82.6;2021-03
2021;Q2;Implicit Price Index (Deflators);Mining & Quarrying;89.3;2021-06
2021;Q2;Implicit Price Index (Deflators);Manufacturing : Manufacturing excluding petroleum refining;88.2;2021-06
2021;Q2;Implicit Price Index (Deflators);Construction;89.3;2021-06
2021;Q2;Implicit Price Index (Deflators);Transport, Storage & Communication;90.5;2021-06
2021;Q2;Implicit Price Index (Deflators);Finance, Insurance, Real Estate & Business Services : Finance , Insurance and Business sevices;89.8;2021-06
2021;Q2;Implicit Price Index (Deflators);Net Taxes on Products;127.5;2021-06
2021;Q3;Implicit Price Index (Deflators);Agriculture, Forestry & Fishing;85.1;2021-09
2021;Q3;Implicit Price Index (Deflators);Mining & Quarrying : Other Mining & Quarrying;100.5;2021-09
2021;Q3;Implicit Price Index (Deflators);Finance, Insurance, Real Estate & Business Services : Finance , Insurance and Business sevices;88.6;2021-09
2021;Q3;Implicit Price Index (Deflators);Community, Social & Personal Services;94.1;2021-09
2021;Q3;Implicit Price Index (Deflators);Net Taxes on Products;109.1;2021-09
2021;Q3;Implicit Price Index (Deflators);Gross Domestic Product;94.2;2021-09
2021;Q4;Implicit Price Index (Deflators);Agriculture, Forestry & Fishing;88.5;2021-12
2022;Q1;Implicit Price Index (Deflators);Agriculture, Forestry & Fishing;87.2;2022-03
2022;Q1;Implicit Price Index (Deflators);Electricity, Gas and Water;102.8;2022-03
2022;Q1;Implicit Price Index (Deflators);Finance, Insurance, Real Estate & Business Services : Finance , Insurance and Business sevices;94.4;2022-03
2022;Q1;Implicit Price Index (Deflators);Gross Value Added;97.7;2022-03
2022;Q2;Implicit Price Index (Deflators);Transport, Storage & Communication;96.6;2022-06
2022;Q3;Implicit Price Index (Deflators);Agriculture, Forestry & Fishing;99.7;2022-09
2022;Q3;Implicit Price Index (Deflators);Mining & Quarrying : Crude Petroleum & Natural Gas;124.2;2022-09
2022;Q3;Implicit Price Index (Deflators);Mining & Quarrying : Other Mining & Quarrying;95.6;2022-09
2022;Q3;Implicit Price Index (Deflators);Electricity, Gas and Water;95.4;2022-09
2022;Q3;Implicit Price Index (Deflators);Finance, Insurance, Real Estate & Business Services : Real Estate;92.0;2022-09
2022;Q4;Implicit Price Index (Deflators);Agriculture, Forestry & Fishing;100.4;2022-12
2022;Q4;Implicit Price Index (Deflators);Construction;100.8;2022-12
2023;Q1;Implicit Price Index (Deflators);Finance, Insurance, Real Estate & Business Services : Finance , Insurance and Business sevices;101.5;2023-03
2023;Q1;Implicit Price Index (Deflators);Gross Value Added;98.6;2023-03
2023;Q2;Implicit Price Index (Deflators);Agriculture, Forestry & Fishing;99.8;2023-06
2023;Q2;Implicit Price Index (Deflators);Manufacturing : Manufacturing excluding petroleum refining;98.6;2023-06
2023;Q3;Implicit Price Index (Deflators);Construction;98.8;2023-09
2023;Q3;Implicit Price Index (Deflators);Finance, Insurance, Real Estate & Business Services;97.9;2023-09
2023;Q3;Implicit Price Index (Deflators);Finance, Insurance, Real Estate & Business Services : Real Estate;100.3;2023-09
2023;Q3;Implicit Price Index (Deflators);Community, Social & Personal Services;98.8;2023-09
2023;Q3;Implicit Price Index (Deflators);Government Activities;106.3;2023-09
2023;Q3;Implicit Price Index (Deflators);Gross Domestic Product;101.8;2023-09
2023;Q4;Implicit Price Index (Deflators);Agriculture, Forestry & Fishing;98.3;2023-12
2023;Q4;Implicit Price Index (Deflators);Gross Domestic Product;100.1;2023-12
2024;Q1;Implicit Price Index (Deflators);Manufacturing;97.0;2024-03
2024;Q1;Implicit Price Index (Deflators);Finance, Insurance, Real Estate & Business Services : Real Estate;107.0;2024-03
2024;Q1;Implicit Price Index (Deflators);Net Taxes on Products;102.0;2024-03
2024;Q1;Implicit Price Index (Deflators);Gross Domestic Product;100.0;2024-03
2024;Q2;Implicit Price Index (Deflators);Mining & Quarrying : Other Mining & Quarrying;100.0;2024-06
2024;Q2;Implicit Price Index (Deflators);Manufacturing : Manufacturing excluding petroleum refining;103.0;2024-06
2024;Q3;Implicit Price Index (Deflators);Mining & Quarrying;93.7;2024-09
2024;Q3;Implicit Price Index (Deflators);Mining & Quarrying : Crude Petroleum & Natural Gas;93.5;2024-09
2024;Q3;Implicit Price Index (Deflators);Manufacturing;96.8;2024-09
2024;Q3;Implicit Price Index (Deflators);Electricity, Gas and Water;93.9;2024-09
2024;Q3;Implicit Price Index (Deflators);Construction;101.1;2024-09
2024;Q3;Implicit Price Index (Deflators);Finance, Insurance, Real Estate & Business Services;104.1;2024-09
2024;Q3;Implicit Price Index (Deflators);Community, Social & Personal Services;100.1;2024-09
2024;Q3;Implicit Price Index (Deflators);Government Activities;108.7;2024-09
2024;Q3;Implicit Price Index (Deflators);Net Taxes on Products;97.5;2024-09
2024;Q4;Implicit Price Index (Deflators);Mining & Quarrying : Crude Petroleum & Natural Gas;85.1;2024-12
2024;Q4;Implicit Price Index (Deflators);Mining & Quarrying : Other Mining & Quarrying;101.5;2024-12
2024;Q4;Implicit Price Index (Deflators);Electricity, Gas and Water;134.8;2024-12
2024;Q4;Implicit Price Index (Deflators);Construction;103.3;2024-12
2024;Q4;Implicit Price Index (Deflators);Finance, Insurance, Real Estate & Business Services : Real Estate;111.5;2024-12
2024;Q4;Implicit Price Index (Deflators);Gross Domestic Product;98.0;2024-12
2025;Q1;Implicit Price Index (Deflators);Mining & Quarrying : Other Mining & Quarrying;96.5;2025-03
2025;Q1;Implicit Price Index (Deflators);Manufacturing : Manufacturing excluding petroleum refining;97.6;2025-03
2025;Q1;Implicit Price Index (Deflators);Government Activities;97.5;2025-03
2025;Q1;Implicit Price Index (Deflators);Gross Domestic Product;99.6;2025-03
2025;Q2;Implicit Price Index (Deflators);Mining & Quarrying;79.9;2025-06
2025;Q2;Implicit Price Index (Deflators);Mining & Quarrying : Crude Petroleum & Natural Gas;79.4;2025-06
2025;Q2;Implicit Price Index (Deflators);Transport, Storage & Communication;101.1;2025-06
2025;Q2;Implicit Price Index (Deflators);Finance, Insurance, Real Estate & Business Services : Real Estate;113.3;2025-06
2025;Q2;Implicit Price Index (Deflators);Net Taxes on Products;108.5;2025-06
2025;Q3;Implicit Price Index (Deflators);Agriculture, Forestry & Fishing;105.3;2025-09
2025;Q3;Implicit Price Index (Deflators);Manufacturing : Manufacturing excluding petroleum refining;96.3;2025-09
2025;Q3;Implicit Price Index (Deflators);Community, Social & Personal Services;101.0;2025-09
2025;Q3;Implicit Price Index (Deflators);Net Taxes on Products;94.7;2025-09
2025;Q3;Implicit Price Index (Deflators);Gross Domestic Product;97.7;2025-09
2025;Q4;Implicit Price Index (Deflators);Mining & Quarrying;70.5;2025-12
2025;Q4;Implicit Price Index (Deflators);Manufacturing;99.3;2025-12
2025;Q4;Implicit Price Index (Deflators);Transport, Storage & Communication;103.5;2025-12
